<?xml version="1.0" encoding="utf-8"?><gpx creator="Garmin Desktop App" version="1.1" xsi:schemaLocation="http://www.topografix.com/GPX/1/1 http://www.topografix.com/GPX/1/1/gpx.xsd http://www.garmin.com/xmlschemas/WaypointExtension/v1 http://www8.garmin.com/xmlschemas/WaypointExtensionv1.xsd http://www.garmin.com/xmlschemas/TrackPointExtension/v1 http://www.garmin.com/xmlschemas/TrackPointExtensionv1.xsd http://www.garmin.com/xmlschemas/GpxExtensions/v3 http://www8.garmin.com/xmlschemas/GpxExtensionsv3.xsd http://www.garmin.com/xmlschemas/ActivityExtension/v1 http://www8.garmin.com/xmlschemas/ActivityExtensionv1.xsd http://www.garmin.com/xmlschemas/AdventuresExtensions/v1 http://www8.garmin.com/xmlschemas/AdventuresExtensionv1.xsd http://www.garmin.com/xmlschemas/PressureExtension/v1 http://www.garmin.com/xmlschemas/PressureExtensionv1.xsd http://www.garmin.com/xmlschemas/TripExtensions/v1 http://www.garmin.com/xmlschemas/TripExtensionsv1.xsd http://www.garmin.com/xmlschemas/TripMetaDataExtensions/v1 http://www.garmin.com/xmlschemas/TripMetaDataExtensionsv1.xsd http://www.garmin.com/xmlschemas/ViaPointTransportationModeExtensions/v1 http://www.garmin.com/xmlschemas/ViaPointTransportationModeExtensionsv1.xsd http://www.garmin.com/xmlschemas/CreationTimeExtension/v1 http://www.garmin.com/xmlschemas/CreationTimeExtensionsv1.xsd http://www.garmin.com/xmlschemas/AccelerationExtension/v1 http://www.garmin.com/xmlschemas/AccelerationExtensionv1.xsd http://www.garmin.com/xmlschemas/PowerExtension/v1 http://www.garmin.com/xmlschemas/PowerExtensionv1.xsd http://www.garmin.com/xmlschemas/VideoExtension/v1 http://www.garmin.com/xmlschemas/VideoExtensionv1.xsd" xmlns="http://www.topografix.com/GPX/1/1" xmlns:xsi="http://www.w3.org/2001/XMLSchema-instance" xmlns:wptx1="http://www.garmin.com/xmlschemas/WaypointExtension/v1" xmlns:gpxtrx="http://www.garmin.com/xmlschemas/GpxExtensions/v3" xmlns:gpxtpx="http://www.garmin.com/xmlschemas/TrackPointExtension/v1" xmlns:gpxx="http://www.garmin.com/xmlschemas/GpxExtensions/v3" xmlns:trp="http://www.garmin.com/xmlschemas/TripExtensions/v1" xmlns:adv="http://www.garmin.com/xmlschemas/AdventuresExtensions/v1" xmlns:prs="http://www.garmin.com/xmlschemas/PressureExtension/v1" xmlns:tmd="http://www.garmin.com/xmlschemas/TripMetaDataExtensions/v1" xmlns:vptm="http://www.garmin.com/xmlschemas/ViaPointTransportationModeExtensions/v1" xmlns:ctx="http://www.garmin.com/xmlschemas/CreationTimeExtension/v1" xmlns:gpxacc="http://www.garmin.com/xmlschemas/AccelerationExtension/v1" xmlns:gpxpx="http://www.garmin.com/xmlschemas/PowerExtension/v1" xmlns:vidx1="http://www.garmin.com/xmlschemas/VideoExtension/v1">

  <metadata>
    <link href="http://www.garmin.com">
      <text>Garmin International</text>
    </link>
    <time>2026-05-06T22:30:11Z</time>
    <bounds maxlat="43.393197963014245" maxlon="-1.682364977896214" minlat="43.264034008607268" minlon="-1.801812965422869" />
  </metadata>

  <trk>
    <name>GR11_01_Higuer-Bera</name>
    <extensions>
      <gpxx:TrackExtension>
        <gpxx:DisplayColor>DarkMagenta</gpxx:DisplayColor>
      </gpxx:TrackExtension>
    </extensions>
    <trkseg>
      <trkpt lat="43.393184971064329" lon="-1.792406961321831">
        <ele>30</ele>
      </trkpt>
      <trkpt lat="43.393196035176516" lon="-1.792406039312482">
        <ele>28</ele>
      </trkpt>
      <trkpt lat="43.393197963014245" lon="-1.792406039312482">
        <ele>28</ele>
      </trkpt>
      <trkpt lat="43.393197963014245" lon="-1.792406039312482">
        <ele>28</ele>
      </trkpt>
      <trkpt lat="43.39318698272109" lon="-1.792401010170579">
        <ele>28</ele>
      </trkpt>
      <trkpt lat="43.3931640163064" lon="-1.792375026270747">
        <ele>28</ele>
      </trkpt>
      <trkpt lat="43.393139960244298" lon="-1.792378965765238">
        <ele>30</ele>
      </trkpt>
      <trkpt lat="43.393091009929776" lon="-1.792390029877424">
        <ele>30</ele>
      </trkpt>
      <trkpt lat="43.393040969967842" lon="-1.792340995743871">
        <ele>31</ele>
      </trkpt>
      <trkpt lat="43.393006017431617" lon="-1.792334038764238">
        <ele>32</ele>
      </trkpt>
      <trkpt lat="43.392985984683037" lon="-1.792311994358897">
        <ele>33</ele>
      </trkpt>
      <trkpt lat="43.392872996628284" lon="-1.792109990492463">
        <ele>34</ele>
      </trkpt>
      <trkpt lat="43.392794961109757" lon="-1.791896000504494">
        <ele>34</ele>
      </trkpt>
      <trkpt lat="43.392736036330462" lon="-1.791673041880131">
        <ele>34</ele>
      </trkpt>
      <trkpt lat="43.392808036878705" lon="-1.791584026068449">
        <ele>34</ele>
      </trkpt>
      <trkpt lat="43.392808036878705" lon="-1.791584026068449">
        <ele>33</ele>
      </trkpt>
      <trkpt lat="43.392808036878705" lon="-1.791584026068449">
        <ele>33</ele>
      </trkpt>
      <trkpt lat="43.392792027443647" lon="-1.791601963341236">
        <ele>33</ele>
      </trkpt>
      <trkpt lat="43.392743999138474" lon="-1.791673041880131">
        <ele>33</ele>
      </trkpt>
      <trkpt lat="43.392616007477045" lon="-1.791547983884811">
        <ele>33</ele>
      </trkpt>
      <trkpt lat="43.392587006092072" lon="-1.791548989713192">
        <ele>35</ele>
      </trkpt>
      <trkpt lat="43.392393970862031" lon="-1.791514959186316">
        <ele>36</ele>
      </trkpt>
      <trkpt lat="43.392323981970549" lon="-1.791476989164949">
        <ele>40</ele>
      </trkpt>
      <trkpt lat="43.392281988635659" lon="-1.791469026356936">
        <ele>43</ele>
      </trkpt>
      <trkpt lat="43.392106974497437" lon="-1.791420998051763">
        <ele>42</ele>
      </trkpt>
      <trkpt lat="43.392011001706123" lon="-1.791433990001679">
        <ele>42</ele>
      </trkpt>
      <trkpt lat="43.391952998936176" lon="-1.791471038013697">
        <ele>42</ele>
      </trkpt>
      <trkpt lat="43.391878986731172" lon="-1.791525017470121">
        <ele>42</ele>
      </trkpt>
      <trkpt lat="43.39170103892684" lon="-1.791663989424706">
        <ele>42</ele>
      </trkpt>
      <trkpt lat="43.39165803976357" lon="-1.791684022173286">
        <ele>42</ele>
      </trkpt>
      <trkpt lat="43.391616968438029" lon="-1.791759040206671">
        <ele>42</ele>
      </trkpt>
      <trkpt lat="43.39157497510314" lon="-1.791778989136219">
        <ele>42</ele>
      </trkpt>
      <trkpt lat="43.39157497510314" lon="-1.791778989136219">
        <ele>42</ele>
      </trkpt>
      <trkpt lat="43.391571035608649" lon="-1.791783012449741">
        <ele>42</ele>
      </trkpt>
      <trkpt lat="43.391571035608649" lon="-1.791783012449741">
        <ele>42</ele>
      </trkpt>
      <trkpt lat="43.391453018411994" lon="-1.791802039369941">
        <ele>40</ele>
      </trkpt>
      <trkpt lat="43.391307005658746" lon="-1.79173800162971">
        <ele>37</ele>
      </trkpt>
      <trkpt lat="43.391298037022352" lon="-1.791552007198334">
        <ele>35</ele>
      </trkpt>
      <trkpt lat="43.391118999570608" lon="-1.791577991098166">
        <ele>35</ele>
      </trkpt>
      <trkpt lat="43.391044987365603" lon="-1.791555024683476">
        <ele>34</ele>
      </trkpt>
      <trkpt lat="43.390866033732891" lon="-1.791379004716873">
        <ele>33</ele>
      </trkpt>
      <trkpt lat="43.390839966014028" lon="-1.79135100916028">
        <ele>33</ele>
      </trkpt>
      <trkpt lat="43.390706023201346" lon="-1.791384033858776">
        <ele>31</ele>
      </trkpt>
      <trkpt lat="43.390623964369297" lon="-1.791399959474802">
        <ele>31</ele>
      </trkpt>
      <trkpt lat="43.39054299518466" lon="-1.791356960311532">
        <ele>32</ele>
      </trkpt>
      <trkpt lat="43.390467977151275" lon="-1.791255036368966">
        <ele>36</ele>
      </trkpt>
      <trkpt lat="43.390411986038089" lon="-1.791166020557284">
        <ele>35</ele>
      </trkpt>
      <trkpt lat="43.390340991318226" lon="-1.7910719756037">
        <ele>31</ele>
      </trkpt>
      <trkpt lat="43.390312995761633" lon="-1.790983965620399">
        <ele>27</ele>
      </trkpt>
      <trkpt lat="43.390304027125239" lon="-1.790933003649116">
        <ele>25</ele>
      </trkpt>
      <trkpt lat="43.390306038782001" lon="-1.790882041677833">
        <ele>26</ele>
      </trkpt>
      <trkpt lat="43.390333028510213" lon="-1.790781961753964">
        <ele>28</ele>
      </trkpt>
      <trkpt lat="43.390422966331244" lon="-1.790631003677845">
        <ele>24</ele>
      </trkpt>
      <trkpt lat="43.390452973544598" lon="-1.790550034493208">
        <ele>20</ele>
      </trkpt>
      <trkpt lat="43.390502007678151" lon="-1.79034199565649">
        <ele>21</ele>
      </trkpt>
      <trkpt lat="43.390505025163293" lon="-1.790314000099897">
        <ele>22</ele>
      </trkpt>
      <trkpt lat="43.390598986297846" lon="-1.790023986250162">
        <ele>22</ele>
      </trkpt>
      <trkpt lat="43.390589011833072" lon="-1.78991099819541">
        <ele>21</ele>
      </trkpt>
      <trkpt lat="43.390433024615049" lon="-1.789743024855852">
        <ele>21</ele>
      </trkpt>
      <trkpt lat="43.390302015468478" lon="-1.789532974362373">
        <ele>21</ele>
      </trkpt>
      <trkpt lat="43.390149967744946" lon="-1.789406994357705">
        <ele>22</ele>
      </trkpt>
      <trkpt lat="43.390036979690194" lon="-1.789616039022803">
        <ele>22</ele>
      </trkpt>
      <trkpt lat="43.390003032982349" lon="-1.789705976843834">
        <ele>22</ele>
      </trkpt>
      <trkpt lat="43.389892978593707" lon="-1.789893982931972">
        <ele>26</ele>
      </trkpt>
      <trkpt lat="43.389878980815411" lon="-1.78993203677237">
        <ele>29</ele>
      </trkpt>
      <trkpt lat="43.389765992760658" lon="-1.790099004283547">
        <ele>29</ele>
      </trkpt>
      <trkpt lat="43.389642024412751" lon="-1.790067991241813">
        <ele>28</ele>
      </trkpt>
      <trkpt lat="43.389612017199397" lon="-1.789961960166693">
        <ele>27</ele>
      </trkpt>
      <trkpt lat="43.389553008601069" lon="-1.789886020123959">
        <ele>26</ele>
      </trkpt>
      <trkpt lat="43.389375982806087" lon="-1.790010994300246">
        <ele>24</ele>
      </trkpt>
      <trkpt lat="43.389265006408095" lon="-1.790076959878206">
        <ele>22</ele>
      </trkpt>
      <trkpt lat="43.38912402279675" lon="-1.79023202508688">
        <ele>20</ele>
      </trkpt>
      <trkpt lat="43.388953031972051" lon="-1.790416007861495">
        <ele>18</ele>
      </trkpt>
      <trkpt lat="43.388852030038834" lon="-1.790525978431106">
        <ele>17</ele>
      </trkpt>
      <trkpt lat="43.38865295983851" lon="-1.790752038359642">
        <ele>14</ele>
      </trkpt>
      <trkpt lat="43.388469982892275" lon="-1.790872989222407">
        <ele>12</ele>
      </trkpt>
      <trkpt lat="43.388252975419164" lon="-1.790956975892186">
        <ele>10</ele>
      </trkpt>
      <trkpt lat="43.388218022882938" lon="-1.790967034175992">
        <ele>10</ele>
      </trkpt>
      <trkpt lat="43.388146022334695" lon="-1.790988994762301">
        <ele>9</ele>
      </trkpt>
      <trkpt lat="43.3879229798913" lon="-1.791125033050776">
        <ele>8</ele>
      </trkpt>
      <trkpt lat="43.387737991288304" lon="-1.791290994733572">
        <ele>7</ele>
      </trkpt>
      <trkpt lat="43.387545961886644" lon="-1.791511019691825">
        <ele>7</ele>
      </trkpt>
      <trkpt lat="43.387372959405184" lon="-1.791729032993317">
        <ele>7</ele>
      </trkpt>
      <trkpt lat="43.387196017429233" lon="-1.791923996061087">
        <ele>7</ele>
      </trkpt>
      <trkpt lat="43.387033995240927" lon="-1.792128011584282">
        <ele>7</ele>
      </trkpt>
      <trkpt lat="43.386839032173157" lon="-1.79236002266407">
        <ele>7</ele>
      </trkpt>
      <trkpt lat="43.386823022738099" lon="-1.792392963543534">
        <ele>7</ele>
      </trkpt>
      <trkpt lat="43.386627975851297" lon="-1.79261801764369">
        <ele>7</ele>
      </trkpt>
      <trkpt lat="43.386493027210236" lon="-1.792772999033332">
        <ele>7</ele>
      </trkpt>
      <trkpt lat="43.386343996971846" lon="-1.792970979586244">
        <ele>7</ele>
      </trkpt>
      <trkpt lat="43.386161020025611" lon="-1.793186981230974">
        <ele>7</ele>
      </trkpt>
      <trkpt lat="43.386112991720438" lon="-1.793251018971205">
        <ele>7</ele>
      </trkpt>
      <trkpt lat="43.385935965925455" lon="-1.793488981202245">
        <ele>7</ele>
      </trkpt>
      <trkpt lat="43.385920040309429" lon="-1.793513037264347">
        <ele>7</ele>
      </trkpt>
      <trkpt lat="43.385760029777884" lon="-1.793695008382201">
        <ele>8</ele>
      </trkpt>
      <trkpt lat="43.385551990941167" lon="-1.793947974219918">
        <ele>8</ele>
      </trkpt>
      <trkpt lat="43.385401032865047" lon="-1.794117959216237">
        <ele>8</ele>
      </trkpt>
      <trkpt lat="43.385273963212967" lon="-1.794307976961136">
        <ele>8</ele>
      </trkpt>
      <trkpt lat="43.385081011801958" lon="-1.794499000534415">
        <ele>8</ele>
      </trkpt>
      <trkpt lat="43.38487003929913" lon="-1.794678959995508">
        <ele>8</ele>
      </trkpt>
      <trkpt lat="43.384687984362245" lon="-1.794866966083646">
        <ele>8</ele>
      </trkpt>
      <trkpt lat="43.384512970224023" lon="-1.795061007142067">
        <ele>8</ele>
      </trkpt>
      <trkpt lat="43.38433301076293" lon="-1.795207019895315">
        <ele>8</ele>
      </trkpt>
      <trkpt lat="43.384165959432721" lon="-1.795371975749731">
        <ele>8</ele>
      </trkpt>
      <trkpt lat="43.383987005800009" lon="-1.795588983222842">
        <ele>8</ele>
      </trkpt>
      <trkpt lat="43.383793970569968" lon="-1.795766009017825">
        <ele>8</ele>
      </trkpt>
      <trkpt lat="43.383633038029075" lon="-1.795935994014144">
        <ele>8</ele>
      </trkpt>
      <trkpt lat="43.383480990305543" lon="-1.79609801620245">
        <ele>8</ele>
      </trkpt>
      <trkpt lat="43.383305976167321" lon="-1.796276969835162">
        <ele>8</ele>
      </trkpt>
      <trkpt lat="43.383113024756312" lon="-1.796444021165371">
        <ele>7</ele>
      </trkpt>
      <trkpt lat="43.382947985082865" lon="-1.79661501199007">
        <ele>7</ele>
      </trkpt>
      <trkpt lat="43.382871961221099" lon="-1.79670000448823">
        <ele>7</ele>
      </trkpt>
      <trkpt lat="43.382673980668187" lon="-1.79689597338438">
        <ele>7</ele>
      </trkpt>
      <trkpt lat="43.382476000115275" lon="-1.797094959765673">
        <ele>7</ele>
      </trkpt>
      <trkpt lat="43.382283970713615" lon="-1.797285983338952">
        <ele>7</ele>
      </trkpt>
      <trkpt lat="43.382208030670881" lon="-1.797381034120917">
        <ele>7</ele>
      </trkpt>
      <trkpt lat="43.382097976282239" lon="-1.797493016347289">
        <ele>7</ele>
      </trkpt>
      <trkpt lat="43.381922040134668" lon="-1.79764699190855">
        <ele>7</ele>
      </trkpt>
      <trkpt lat="43.381782984361053" lon="-1.797813959419727">
        <ele>7</ele>
      </trkpt>
      <trkpt lat="43.381559019908309" lon="-1.797954021021724">
        <ele>7</ele>
      </trkpt>
      <trkpt lat="43.381257019937038" lon="-1.798028033226728">
        <ele>7</ele>
      </trkpt>
      <trkpt lat="43.381049986928701" lon="-1.798100033774972">
        <ele>7</ele>
      </trkpt>
      <trkpt lat="43.380823004990816" lon="-1.798158958554268">
        <ele>7</ele>
      </trkpt>
      <trkpt lat="43.380584036931396" lon="-1.798190977424383">
        <ele>7</ele>
      </trkpt>
      <trkpt lat="43.380392007529736" lon="-1.798198018223047">
        <ele>7</ele>
      </trkpt>
      <trkpt lat="43.380166031420231" lon="-1.798200029879808">
        <ele>7</ele>
      </trkpt>
      <trkpt lat="43.37990602478385" lon="-1.79807698354125">
        <ele>7</ele>
      </trkpt>
      <trkpt lat="43.379630008712411" lon="-1.797744976356626">
        <ele>7</ele>
      </trkpt>
      <trkpt lat="43.379465974867344" lon="-1.79749502800405">
        <ele>7</ele>
      </trkpt>
      <trkpt lat="43.379315016791224" lon="-1.797182969748974">
        <ele>7</ele>
      </trkpt>
      <trkpt lat="43.379169004037976" lon="-1.79693503305316">
        <ele>7</ele>
      </trkpt>
      <trkpt lat="43.379003964364529" lon="-1.7967239767313">
        <ele>6</ele>
      </trkpt>
      <trkpt lat="43.378878990188241" lon="-1.796463970094919">
        <ele>6</ele>
      </trkpt>
      <trkpt lat="43.378754016011953" lon="-1.79627101868391">
        <ele>6</ele>
      </trkpt>
      <trkpt lat="43.378652008250356" lon="-1.796096004545689">
        <ele>6</ele>
      </trkpt>
      <trkpt lat="43.378491997718811" lon="-1.795842032879591">
        <ele>6</ele>
      </trkpt>
      <trkpt lat="43.378481017425656" lon="-1.795853013172746">
        <ele>6</ele>
      </trkpt>
      <trkpt lat="43.378421002998948" lon="-1.795936999842525">
        <ele>6</ele>
      </trkpt>
      <trkpt lat="43.378239031881094" lon="-1.796155013144016">
        <ele>6</ele>
      </trkpt>
      <trkpt lat="43.378135012462735" lon="-1.79627101868391">
        <ele>6</ele>
      </trkpt>
      <trkpt lat="43.377919010818005" lon="-1.796436980366707">
        <ele>6</ele>
      </trkpt>
      <trkpt lat="43.377685993909836" lon="-1.796602020040155">
        <ele>6</ele>
      </trkpt>
      <trkpt lat="43.377621034160256" lon="-1.796652982011437">
        <ele>6</ele>
      </trkpt>
      <trkpt lat="43.377597983926535" lon="-1.796661028638482">
        <ele>6</ele>
      </trkpt>
      <trkpt lat="43.377509973943233" lon="-1.796733029186726">
        <ele>6</ele>
      </trkpt>
      <trkpt lat="43.377297995612025" lon="-1.796792959794402">
        <ele>6</ele>
      </trkpt>
      <trkpt lat="43.377145025879145" lon="-1.796710984781385">
        <ele>5</ele>
      </trkpt>
      <trkpt lat="43.377045029774308" lon="-1.796692041680217">
        <ele>5</ele>
      </trkpt>
      <trkpt lat="43.376946961507201" lon="-1.796634960919619">
        <ele>4</ele>
      </trkpt>
      <trkpt lat="43.376711010932922" lon="-1.796515015885234">
        <ele>4</ele>
      </trkpt>
      <trkpt lat="43.376509007066488" lon="-1.796436980366707">
        <ele>4</ele>
      </trkpt>
      <trkpt lat="43.376318989321589" lon="-1.79637897759676">
        <ele>4</ele>
      </trkpt>
      <trkpt lat="43.376266015693545" lon="-1.796334972605109">
        <ele>4</ele>
      </trkpt>
      <trkpt lat="43.376100976020098" lon="-1.796161970123649">
        <ele>4</ele>
      </trkpt>
      <trkpt lat="43.375962004065514" lon="-1.795873967930675">
        <ele>4</ele>
      </trkpt>
      <trkpt lat="43.375859996303916" lon="-1.795624019578099">
        <ele>4</ele>
      </trkpt>
      <trkpt lat="43.37580299936235" lon="-1.795440958812833">
        <ele>4</ele>
      </trkpt>
      <trkpt lat="43.375770980492234" lon="-1.795368958264589">
        <ele>4</ele>
      </trkpt>
      <trkpt lat="43.375703003257513" lon="-1.795230992138386">
        <ele>4</ele>
      </trkpt>
      <trkpt lat="43.375628991052508" lon="-1.795173995196819">
        <ele>4</ele>
      </trkpt>
      <trkpt lat="43.375571994110942" lon="-1.795141976326704">
        <ele>4</ele>
      </trkpt>
      <trkpt lat="43.375522959977388" lon="-1.795125966891646">
        <ele>4</ele>
      </trkpt>
      <trkpt lat="43.375293966382742" lon="-1.79519796743989">
        <ele>5</ele>
      </trkpt>
      <trkpt lat="43.375176033005118" lon="-1.794968973845244">
        <ele>5</ele>
      </trkpt>
      <trkpt lat="43.375071007758379" lon="-1.794693963602185">
        <ele>5</ele>
      </trkpt>
      <trkpt lat="43.375041000545025" lon="-1.794620035216212">
        <ele>5</ele>
      </trkpt>
      <trkpt lat="43.374992972239852" lon="-1.794452983886004">
        <ele>5</ele>
      </trkpt>
      <trkpt lat="43.374861041083932" lon="-1.794109996408224">
        <ele>5</ele>
      </trkpt>
      <trkpt lat="43.374759033322334" lon="-1.793834986165166">
        <ele>5</ele>
      </trkpt>
      <trkpt lat="43.374646967276931" lon="-1.79354396648705">
        <ele>6</ele>
      </trkpt>
      <trkpt lat="43.374541020020843" lon="-1.79328496567905">
        <ele>6</ele>
      </trkpt>
      <trkpt lat="43.374439012259245" lon="-1.793149011209607">
        <ele>6</ele>
      </trkpt>
      <trkpt lat="43.374395007267594" lon="-1.793168038129807">
        <ele>6</ele>
      </trkpt>
      <trkpt lat="43.374345973134041" lon="-1.793206008151174">
        <ele>6</ele>
      </trkpt>
      <trkpt lat="43.374332981184125" lon="-1.793201984837651">
        <ele>6</ele>
      </trkpt>
      <trkpt lat="43.374075992032886" lon="-1.793283959850669">
        <ele>5</ele>
      </trkpt>
      <trkpt lat="43.373864013701677" lon="-1.793363001197577">
        <ele>5</ele>
      </trkpt>
      <trkpt lat="43.373658992350101" lon="-1.793456040322781">
        <ele>5</ele>
      </trkpt>
      <trkpt lat="43.373463023453951" lon="-1.793518988415599">
        <ele>5</ele>
      </trkpt>
      <trkpt lat="43.373327990993857" lon="-1.793555030599237">
        <ele>5</ele>
      </trkpt>
      <trkpt lat="43.373102014884353" lon="-1.793576991185546">
        <ele>5</ele>
      </trkpt>
      <trkpt lat="43.372872015461326" lon="-1.793605992570519">
        <ele>5</ele>
      </trkpt>
      <trkpt lat="43.372614020481706" lon="-1.793611021712422">
        <ele>5</ele>
      </trkpt>
      <trkpt lat="43.372417967766523" lon="-1.793600041419268">
        <ele>5</ele>
      </trkpt>
      <trkpt lat="43.372136000543833" lon="-1.79356399923563">
        <ele>5</ele>
      </trkpt>
      <trkpt lat="43.371927039697766" lon="-1.79354296065867">
        <ele>5</ele>
      </trkpt>
      <trkpt lat="43.371903989464045" lon="-1.793537009507418">
        <ele>5</ele>
      </trkpt>
      <trkpt lat="43.371737021952868" lon="-1.793526029214263">
        <ele>5</ele>
      </trkpt>
      <trkpt lat="43.371685976162553" lon="-1.793515970930457">
        <ele>5</ele>
      </trkpt>
      <trkpt lat="43.371478021144867" lon="-1.793469032272697">
        <ele>5</ele>
      </trkpt>
      <trkpt lat="43.371266964823008" lon="-1.793385967612267">
        <ele>5</ele>
      </trkpt>
      <trkpt lat="43.371061021462083" lon="-1.793321007862687">
        <ele>5</ele>
      </trkpt>
      <trkpt lat="43.370774025097489" lon="-1.793265016749501">
        <ele>6</ele>
      </trkpt>
      <trkpt lat="43.370542014017701" lon="-1.793184969574213">
        <ele>6</ele>
      </trkpt>
      <trkpt lat="43.370340010151267" lon="-1.7931960336864">
        <ele>6</ele>
      </trkpt>
      <trkpt lat="43.3703020401299" lon="-1.793368030339479">
        <ele>6</ele>
      </trkpt>
      <trkpt lat="43.370253005996346" lon="-1.793453022837639">
        <ele>6</ele>
      </trkpt>
      <trkpt lat="43.370229033753276" lon="-1.793537009507418">
        <ele>6</ele>
      </trkpt>
      <trkpt lat="43.370169019326568" lon="-1.793531980365515">
        <ele>5</ele>
      </trkpt>
      <trkpt lat="43.370049996301532" lon="-1.793539021164179">
        <ele>5</ele>
      </trkpt>
      <trkpt lat="43.370010014623404" lon="-1.793589983135462">
        <ele>5</ele>
      </trkpt>
      <trkpt lat="43.369841035455465" lon="-1.793712023645639">
        <ele>5</ele>
      </trkpt>
      <trkpt lat="43.369697034358978" lon="-1.793658966198564">
        <ele>5</ele>
      </trkpt>
      <trkpt lat="43.369668032974005" lon="-1.793651003390551">
        <ele>5</ele>
      </trkpt>
      <trkpt lat="43.369544986635447" lon="-1.793725015595555">
        <ele>5</ele>
      </trkpt>
      <trkpt lat="43.369289003312588" lon="-1.793838003650308">
        <ele>5</ele>
      </trkpt>
      <trkpt lat="43.369219014421105" lon="-1.794013017788529">
        <ele>5</ele>
      </trkpt>
      <trkpt lat="43.369030002504587" lon="-1.794072026386857">
        <ele>5</ele>
      </trkpt>
      <trkpt lat="43.369022039696574" lon="-1.794077977538109">
        <ele>5</ele>
      </trkpt>
      <trkpt lat="43.368936963379383" lon="-1.794125000014901">
        <ele>5</ele>
      </trkpt>
      <trkpt lat="43.368891030550003" lon="-1.794147966429591">
        <ele>5</ele>
      </trkpt>
      <trkpt lat="43.368846019729972" lon="-1.794149978086352">
        <ele>4</ele>
      </trkpt>
      <trkpt lat="43.368615014478564" lon="-1.79410002194345">
        <ele>4</ele>
      </trkpt>
      <trkpt lat="43.3684560097754" lon="-1.794056016951799">
        <ele>4</ele>
      </trkpt>
      <trkpt lat="43.368358025327325" lon="-1.794074960052967">
        <ele>4</ele>
      </trkpt>
      <trkpt lat="43.368303962051868" lon="-1.794048976153135">
        <ele>4</ele>
      </trkpt>
      <trkpt lat="43.368303962051868" lon="-1.794048976153135">
        <ele>4</ele>
      </trkpt>
      <trkpt lat="43.368266997858882" lon="-1.794052999466658">
        <ele>4</ele>
      </trkpt>
      <trkpt lat="43.368120985105634" lon="-1.793973036110401">
        <ele>4</ele>
      </trkpt>
      <trkpt lat="43.368081003427505" lon="-1.793935988098383">
        <ele>4</ele>
      </trkpt>
      <trkpt lat="43.367980001494288" lon="-1.793951997533441">
        <ele>4</ele>
      </trkpt>
      <trkpt lat="43.367956029251218" lon="-1.793986028060317">
        <ele>4</ele>
      </trkpt>
      <trkpt lat="43.367955023422837" lon="-1.793988961726427">
        <ele>4</ele>
      </trkpt>
      <trkpt lat="43.367955023422837" lon="-1.793988961726427">
        <ele>4</ele>
      </trkpt>
      <trkpt lat="43.367866007611156" lon="-1.794007988646627">
        <ele>4</ele>
      </trkpt>
      <trkpt lat="43.367693005129695" lon="-1.793959960341454">
        <ele>3</ele>
      </trkpt>
      <trkpt lat="43.367598038166761" lon="-1.793916961178184">
        <ele>3</ele>
      </trkpt>
      <trkpt lat="43.367399973794818" lon="-1.793926013633609">
        <ele>3</ele>
      </trkpt>
      <trkpt lat="43.367352029308677" lon="-1.793900029733777">
        <ele>3</ele>
      </trkpt>
      <trkpt lat="43.367277011275291" lon="-1.793831968680024">
        <ele>3</ele>
      </trkpt>
      <trkpt lat="43.367185983806849" lon="-1.793787963688374">
        <ele>3</ele>
      </trkpt>
      <trkpt lat="43.367022033780813" lon="-1.793718980625272">
        <ele>3</ele>
      </trkpt>
      <trkpt lat="43.366749035194516" lon="-1.793665001168847">
        <ele>3</ele>
      </trkpt>
      <trkpt lat="43.366666976362467" lon="-1.793558970093727">
        <ele>3</ele>
      </trkpt>
      <trkpt lat="43.366590030491352" lon="-1.793452017009258">
        <ele>3</ele>
      </trkpt>
      <trkpt lat="43.366474024951458" lon="-1.793325031176209">
        <ele>3</ele>
      </trkpt>
      <trkpt lat="43.366374028846622" lon="-1.793222017586231">
        <ele>3</ele>
      </trkpt>
      <trkpt lat="43.366360031068325" lon="-1.793210031464696">
        <ele>3</ele>
      </trkpt>
      <trkpt lat="43.366212006658316" lon="-1.793108023703098">
        <ele>3</ele>
      </trkpt>
      <trkpt lat="43.366031963378191" lon="-1.793020013719797">
        <ele>3</ele>
      </trkpt>
      <trkpt lat="43.366024000570178" lon="-1.793015990406275">
        <ele>3</ele>
      </trkpt>
      <trkpt lat="43.365997010841966" lon="-1.792990006506443">
        <ele>3</ele>
      </trkpt>
      <trkpt lat="43.365860972553492" lon="-1.792920017614961">
        <ele>2</ele>
      </trkpt>
      <trkpt lat="43.365800958126783" lon="-1.792879030108452">
        <ele>3</ele>
      </trkpt>
      <trkpt lat="43.365800036117435" lon="-1.79287500679493">
        <ele>4</ele>
      </trkpt>
      <trkpt lat="43.365800036117435" lon="-1.79287500679493">
        <ele>4</ele>
      </trkpt>
      <trkpt lat="43.365794001147151" lon="-1.792864026501775">
        <ele>4</ele>
      </trkpt>
      <trkpt lat="43.365794001147151" lon="-1.792864026501775">
        <ele>4</ele>
      </trkpt>
      <trkpt lat="43.365786960348487" lon="-1.792852962389588">
        <ele>4</ele>
      </trkpt>
      <trkpt lat="43.365784026682377" lon="-1.792849022895098">
        <ele>4</ele>
      </trkpt>
      <trkpt lat="43.365778997540474" lon="-1.792834019288421">
        <ele>4</ele>
      </trkpt>
      <trkpt lat="43.36574899032712" lon="-1.792808035388589">
        <ele>4</ele>
      </trkpt>
      <trkpt lat="43.365676989778876" lon="-1.792795965448022">
        <ele>4</ele>
      </trkpt>
      <trkpt lat="43.365545980632305" lon="-1.792869977653027">
        <ele>4</ele>
      </trkpt>
      <trkpt lat="43.365485966205597" lon="-1.792909037321806">
        <ele>4</ele>
      </trkpt>
      <trkpt lat="43.365446990355849" lon="-1.792843993753195">
        <ele>4</ele>
      </trkpt>
      <trkpt lat="43.365381024777889" lon="-1.792656993493438">
        <ele>5</ele>
      </trkpt>
      <trkpt lat="43.365305000916123" lon="-1.792559009045363">
        <ele>6</ele>
      </trkpt>
      <trkpt lat="43.365158988162875" lon="-1.792472004890442">
        <ele>7</ele>
      </trkpt>
      <trkpt lat="43.365048011764884" lon="-1.792361028492451">
        <ele>7</ele>
      </trkpt>
      <trkpt lat="43.365035019814968" lon="-1.792345019057393">
        <ele>7</ele>
      </trkpt>
      <trkpt lat="43.365010963752866" lon="-1.792314006015658">
        <ele>7</ele>
      </trkpt>
      <trkpt lat="43.364950027316809" lon="-1.792225996032357">
        <ele>8</ele>
      </trkpt>
      <trkpt lat="43.364950027316809" lon="-1.792225996032357">
        <ele>8</ele>
      </trkpt>
      <trkpt lat="43.364950027316809" lon="-1.792225996032357">
        <ele>8</ele>
      </trkpt>
      <trkpt lat="43.364908033981919" lon="-1.79223102517426">
        <ele>8</ele>
      </trkpt>
      <trkpt lat="43.364852964878082" lon="-1.79225399158895">
        <ele>8</ele>
      </trkpt>
      <trkpt lat="43.364747017621994" lon="-1.792265977710486">
        <ele>9</ele>
      </trkpt>
      <trkpt lat="43.364683985710144" lon="-1.792318029329181">
        <ele>11</ele>
      </trkpt>
      <trkpt lat="43.364683985710144" lon="-1.792318029329181">
        <ele>11</ele>
      </trkpt>
      <trkpt lat="43.364673005416989" lon="-1.792325992137194">
        <ele>11</ele>
      </trkpt>
      <trkpt lat="43.364544007927179" lon="-1.792414002120495">
        <ele>12</ele>
      </trkpt>
      <trkpt lat="43.364477036520839" lon="-1.792455995455384">
        <ele>13</ele>
      </trkpt>
      <trkpt lat="43.364377040416002" lon="-1.79248902015388">
        <ele>15</ele>
      </trkpt>
      <trkpt lat="43.364276960492134" lon="-1.792636960744858">
        <ele>16</ele>
      </trkpt>
      <trkpt lat="43.364276960492134" lon="-1.792636960744858">
        <ele>17</ele>
      </trkpt>
      <trkpt lat="43.364229016005993" lon="-1.792583987116814">
        <ele>17</ele>
      </trkpt>
      <trkpt lat="43.364176964387298" lon="-1.792432023212314">
        <ele>17</ele>
      </trkpt>
      <trkpt lat="43.364157015457749" lon="-1.792386006563902">
        <ele>17</ele>
      </trkpt>
      <trkpt lat="43.364157015457749" lon="-1.792386006563902">
        <ele>17</ele>
      </trkpt>
      <trkpt lat="43.364100018516183" lon="-1.792228007689118">
        <ele>17</ele>
      </trkpt>
      <trkpt lat="43.364104041829705" lon="-1.792229013517499">
        <ele>17</ele>
      </trkpt>
      <trkpt lat="43.364061964675784" lon="-1.792079983279109">
        <ele>17</ele>
      </trkpt>
      <trkpt lat="43.364027012139559" lon="-1.791912009939551">
        <ele>18</ele>
      </trkpt>
      <trkpt lat="43.364013014361262" lon="-1.791879991069436">
        <ele>18</ele>
      </trkpt>
      <trkpt lat="43.364000022411346" lon="-1.791805978864431">
        <ele>18</ele>
      </trkpt>
      <trkpt lat="43.363994993269444" lon="-1.791756022721529">
        <ele>18</ele>
      </trkpt>
      <trkpt lat="43.363976972177625" lon="-1.791697014123201">
        <ele>19</ele>
      </trkpt>
      <trkpt lat="43.363917041569948" lon="-1.79154597222805">
        <ele>20</ele>
      </trkpt>
      <trkpt lat="43.363880999386311" lon="-1.79154203273356">
        <ele>21</ele>
      </trkpt>
      <trkpt lat="43.363853003829718" lon="-1.791557958349586">
        <ele>21</ele>
      </trkpt>
      <trkpt lat="43.363832971081138" lon="-1.791572961956263">
        <ele>22</ele>
      </trkpt>
      <trkpt lat="43.363790977746248" lon="-1.791575979441404">
        <ele>23</ele>
      </trkpt>
      <trkpt lat="43.363761976361275" lon="-1.7915019672364">
        <ele>29</ele>
      </trkpt>
      <trkpt lat="43.363714031875134" lon="-1.791477994993329">
        <ele>24</ele>
      </trkpt>
      <trkpt lat="43.363714031875134" lon="-1.791477994993329">
        <ele>24</ele>
      </trkpt>
      <trkpt lat="43.363471040502191" lon="-1.791490986943245">
        <ele>24</ele>
      </trkpt>
      <trkpt lat="43.363471040502191" lon="-1.791490986943245">
        <ele>24</ele>
      </trkpt>
      <trkpt lat="43.363380013033748" lon="-1.791476989164949">
        <ele>24</ele>
      </trkpt>
      <trkpt lat="43.363360986113548" lon="-1.791462991386652">
        <ele>24</ele>
      </trkpt>
      <trkpt lat="43.363330978900194" lon="-1.79132703691721">
        <ele>23</ele>
      </trkpt>
      <trkpt lat="43.363331984728575" lon="-1.791318990290165">
        <ele>23</ele>
      </trkpt>
      <trkpt lat="43.363316981121898" lon="-1.791321001946926">
        <ele>23</ele>
      </trkpt>
      <trkpt lat="43.363183038309216" lon="-1.791280014440417">
        <ele>21</ele>
      </trkpt>
      <trkpt lat="43.362987991422415" lon="-1.791270039975643">
        <ele>18</ele>
      </trkpt>
      <trkpt lat="43.362835021689534" lon="-1.791199967265129">
        <ele>16</ele>
      </trkpt>
      <trkpt lat="43.362609967589378" lon="-1.791260987520218">
        <ele>14</ele>
      </trkpt>
      <trkpt lat="43.362328000366688" lon="-1.791321001946926">
        <ele>13</ele>
      </trkpt>
      <trkpt lat="43.362293969839811" lon="-1.79132997058332">
        <ele>13</ele>
      </trkpt>
      <trkpt lat="43.362042009830475" lon="-1.791362995281816">
        <ele>12</ele>
      </trkpt>
      <trkpt lat="43.362020971253514" lon="-1.791356038302183">
        <ele>12</ele>
      </trkpt>
      <trkpt lat="43.362020971253514" lon="-1.791356038302183">
        <ele>12</ele>
      </trkpt>
      <trkpt lat="43.36196699179709" lon="-1.791403982788324">
        <ele>12</ele>
      </trkpt>
      <trkpt lat="43.36196699179709" lon="-1.791403982788324">
        <ele>11</ele>
      </trkpt>
      <trkpt lat="43.36188199929893" lon="-1.791426027193666">
        <ele>10</ele>
      </trkpt>
      <trkpt lat="43.361783009022474" lon="-1.79143700748682">
        <ele>9</ele>
      </trkpt>
      <trkpt lat="43.361750990152359" lon="-1.791471960023046">
        <ele>9</ele>
      </trkpt>
      <trkpt lat="43.36164303123951" lon="-1.791510013863444">
        <ele>7</ele>
      </trkpt>
      <trkpt lat="43.36160003207624" lon="-1.791508002206683">
        <ele>6</ele>
      </trkpt>
      <trkpt lat="43.361446978524327" lon="-1.791632976382971">
        <ele>4</ele>
      </trkpt>
      <trkpt lat="43.361238017678261" lon="-1.791859036311507">
        <ele>3</ele>
      </trkpt>
      <trkpt lat="43.361243968829513" lon="-1.791949979960918">
        <ele>2</ele>
      </trkpt>
      <trkpt lat="43.361257966607809" lon="-1.792320040985942">
        <ele>1</ele>
      </trkpt>
      <trkpt lat="43.361251009628177" lon="-1.792336972430348">
        <ele>1</ele>
      </trkpt>
      <trkpt lat="43.360940963029861" lon="-1.792464964091778">
        <ele>0</ele>
      </trkpt>
      <trkpt lat="43.36082998663187" lon="-1.792754977941513">
        <ele>0</ele>
      </trkpt>
      <trkpt lat="43.36082998663187" lon="-1.793152028694749">
        <ele>0</ele>
      </trkpt>
      <trkpt lat="43.360795034095645" lon="-1.793437013402581">
        <ele>0</ele>
      </trkpt>
      <trkpt lat="43.360714986920357" lon="-1.793873962014914">
        <ele>1</ele>
      </trkpt>
      <trkpt lat="43.360627982765436" lon="-1.794296996667981">
        <ele>1</ele>
      </trkpt>
      <trkpt lat="43.36052899248898" lon="-1.794699998572469">
        <ele>1</ele>
      </trkpt>
      <trkpt lat="43.360395971685648" lon="-1.79502597078681">
        <ele>1</ele>
      </trkpt>
      <trkpt lat="43.360437965020537" lon="-1.795219006016851">
        <ele>1</ele>
      </trkpt>
      <trkpt lat="43.360275020822883" lon="-1.795449005439878">
        <ele>1</ele>
      </trkpt>
      <trkpt lat="43.359932033345103" lon="-1.795566016808152">
        <ele>1</ele>
      </trkpt>
      <trkpt lat="43.35984000004828" lon="-1.795696020126343">
        <ele>1</ele>
      </trkpt>
      <trkpt lat="43.359608994796872" lon="-1.796039007604122">
        <ele>1</ele>
      </trkpt>
      <trkpt lat="43.359344964846969" lon="-1.796337990090251">
        <ele>1</ele>
      </trkpt>
      <trkpt lat="43.359084036201239" lon="-1.796559020876885">
        <ele>1</ele>
      </trkpt>
      <trkpt lat="43.358829980716109" lon="-1.796682989224792">
        <ele>1</ele>
      </trkpt>
      <trkpt lat="43.358645997941494" lon="-1.79685196839273">
        <ele>1</ele>
      </trkpt>
      <trkpt lat="43.358371993526816" lon="-1.796920029446483">
        <ele>1</ele>
      </trkpt>
      <trkpt lat="43.35825003683567" lon="-1.796939978376031">
        <ele>1</ele>
      </trkpt>
      <trkpt lat="43.358237966895103" lon="-1.796948025003076">
        <ele>2</ele>
      </trkpt>
      <trkpt lat="43.357951976358891" lon="-1.797057995572686">
        <ele>2</ele>
      </trkpt>
      <trkpt lat="43.357664979994297" lon="-1.797148017212749">
        <ele>2</ele>
      </trkpt>
      <trkpt lat="43.357373038306832" lon="-1.797203002497554">
        <ele>2</ele>
      </trkpt>
      <trkpt lat="43.357098028063774" lon="-1.797297969460487">
        <ele>2</ele>
      </trkpt>
      <trkpt lat="43.356850007548928" lon="-1.79738799110055">
        <ele>2</ele>
      </trkpt>
      <trkpt lat="43.356580026447773" lon="-1.797483041882515">
        <ele>2</ele>
      </trkpt>
      <trkpt lat="43.356254976242781" lon="-1.797644980251789">
        <ele>2</ele>
      </trkpt>
      <trkpt lat="43.355976026505232" lon="-1.79779501631856">
        <ele>2</ele>
      </trkpt>
      <trkpt lat="43.355746027082205" lon="-1.797905992716551">
        <ele>2</ele>
      </trkpt>
      <trkpt lat="43.35547897964716" lon="-1.797992996871471">
        <ele>2</ele>
      </trkpt>
      <trkpt lat="43.35528401657939" lon="-1.798071032389998">
        <ele>2</ele>
      </trkpt>
      <trkpt lat="43.354961983859539" lon="-1.7981400154531">
        <ele>2</ele>
      </trkpt>
      <trkpt lat="43.354732990264893" lon="-1.798159964382649">
        <ele>2</ele>
      </trkpt>
      <trkpt lat="43.354460997506976" lon="-1.798146972432733">
        <ele>2</ele>
      </trkpt>
      <trkpt lat="43.354174001142383" lon="-1.798069020733237">
        <ele>2</ele>
      </trkpt>
      <trkpt lat="43.353855991736054" lon="-1.797988973557949">
        <ele>2</ele>
      </trkpt>
      <trkpt lat="43.353536976501346" lon="-1.797922002151609">
        <ele>1</ele>
      </trkpt>
      <trkpt lat="43.35328602232039" lon="-1.797856036573649">
        <ele>1</ele>
      </trkpt>
      <trkpt lat="43.352999025955796" lon="-1.797872968018055">
        <ele>1</ele>
      </trkpt>
      <trkpt lat="43.352929037064314" lon="-1.797844972461462">
        <ele>1</ele>
      </trkpt>
      <trkpt lat="43.352913027629256" lon="-1.797804990783334">
        <ele>1</ele>
      </trkpt>
      <trkpt lat="43.352775983512402" lon="-1.797362007200718">
        <ele>1</ele>
      </trkpt>
      <trkpt lat="43.352736001834273" lon="-1.797249019145966">
        <ele>1</ele>
      </trkpt>
      <trkpt lat="43.350581014528871" lon="-1.79897896014154">
        <ele>0</ele>
      </trkpt>
      <trkpt lat="43.350358977913857" lon="-1.799240978434682">
        <ele>0</ele>
      </trkpt>
      <trkpt lat="43.350180024281144" lon="-1.799443988129497">
        <ele>0</ele>
      </trkpt>
      <trkpt lat="43.349898979067802" lon="-1.799615984782577">
        <ele>0</ele>
      </trkpt>
      <trkpt lat="43.349669985473156" lon="-1.799752023071051">
        <ele>0</ele>
      </trkpt>
      <trkpt lat="43.349387012422085" lon="-1.799884960055351">
        <ele>-1</ele>
      </trkpt>
      <trkpt lat="43.349090041592717" lon="-1.800061985850334">
        <ele>-1</ele>
      </trkpt>
      <trkpt lat="43.348825005814433" lon="-1.800230965018272">
        <ele>-1</ele>
      </trkpt>
      <trkpt lat="43.348805978894234" lon="-1.800248986110091">
        <ele>-1</ele>
      </trkpt>
      <trkpt lat="43.348653009161353" lon="-1.800329033285379">
        <ele>-1</ele>
      </trkpt>
      <trkpt lat="43.348385961726308" lon="-1.800499018281698">
        <ele>-1</ele>
      </trkpt>
      <trkpt lat="43.34806895814836" lon="-1.800698004662991">
        <ele>-1</ele>
      </trkpt>
      <trkpt lat="43.347821021452546" lon="-1.800844017416239">
        <ele>-1</ele>
      </trkpt>
      <trkpt lat="43.347561014816165" lon="-1.801019031554461">
        <ele>-1</ele>
      </trkpt>
      <trkpt lat="43.347292961552739" lon="-1.801164038479328">
        <ele>-1</ele>
      </trkpt>
      <trkpt lat="43.347046030685306" lon="-1.80131901986897">
        <ele>-1</ele>
      </trkpt>
      <trkpt lat="43.346774037927389" lon="-1.801489004865289">
        <ele>-1</ele>
      </trkpt>
      <trkpt lat="43.346515959128737" lon="-1.801652032881975">
        <ele>-1</ele>
      </trkpt>
      <trkpt lat="43.346186969429255" lon="-1.801812965422869">
        <ele>-1</ele>
      </trkpt>
      <trkpt lat="43.345958981662989" lon="-1.801765020936728">
        <ele>0</ele>
      </trkpt>
      <trkpt lat="43.34570299834013" lon="-1.801607022061944">
        <ele>0</ele>
      </trkpt>
      <trkpt lat="43.345691012218595" lon="-1.801595035940409">
        <ele>0</ele>
      </trkpt>
      <trkpt lat="43.345525972545147" lon="-1.801399989053607">
        <ele>0</ele>
      </trkpt>
      <trkpt lat="43.345498982816935" lon="-1.801153980195522">
        <ele>0</ele>
      </trkpt>
      <trkpt lat="43.345451038330793" lon="-1.800980977714062">
        <ele>0</ele>
      </trkpt>
      <trkpt lat="43.345309970900416" lon="-1.800874024629593">
        <ele>1</ele>
      </trkpt>
      <trkpt lat="43.345095980912447" lon="-1.800792971625924">
        <ele>1</ele>
      </trkpt>
      <trkpt lat="43.345071002840996" lon="-1.800709990784526">
        <ele>1</ele>
      </trkpt>
      <trkpt lat="43.344999002292752" lon="-1.800713008269668">
        <ele>1</ele>
      </trkpt>
      <trkpt lat="43.344999002292752" lon="-1.800713008269668">
        <ele>1</ele>
      </trkpt>
      <trkpt lat="43.344847960397601" lon="-1.800853991881013">
        <ele>1</ele>
      </trkpt>
      <trkpt lat="43.344790963456035" lon="-1.800856003537774">
        <ele>1</ele>
      </trkpt>
      <trkpt lat="43.344769002869725" lon="-1.800874024629593">
        <ele>1</ele>
      </trkpt>
      <trkpt lat="43.344728015363216" lon="-1.800891039893031">
        <ele>1</ele>
      </trkpt>
      <trkpt lat="43.344543026760221" lon="-1.800728011876345">
        <ele>2</ele>
      </trkpt>
      <trkpt lat="43.344338005408645" lon="-1.800569007173181">
        <ele>3</ele>
      </trkpt>
      <trkpt lat="43.344098031520844" lon="-1.800411008298397">
        <ele>4</ele>
      </trkpt>
      <trkpt lat="43.343850011005998" lon="-1.800344036892057">
        <ele>4</ele>
      </trkpt>
      <trkpt lat="43.34368497133255" lon="-1.800168016925454">
        <ele>4</ele>
      </trkpt>
      <trkpt lat="43.343423958867788" lon="-1.799907004460692">
        <ele>5</ele>
      </trkpt>
      <trkpt lat="43.343162024393678" lon="-1.799752023071051">
        <ele>5</ele>
      </trkpt>
      <trkpt lat="43.343088012188673" lon="-1.79968697950244">
        <ele>5</ele>
      </trkpt>
      <trkpt lat="43.343076026067138" lon="-1.799654038622975">
        <ele>5</ele>
      </trkpt>
      <trkpt lat="43.342890031635761" lon="-1.799509031698108">
        <ele>6</ele>
      </trkpt>
      <trkpt lat="43.342646034434438" lon="-1.799403000622988">
        <ele>7</ele>
      </trkpt>
      <trkpt lat="43.342417040839791" lon="-1.79930099286139">
        <ele>9</ele>
      </trkpt>
      <trkpt lat="43.342269016429782" lon="-1.799120027571917">
        <ele>9</ele>
      </trkpt>
      <trkpt lat="43.34228795953095" lon="-1.798945013433695">
        <ele>9</ele>
      </trkpt>
      <trkpt lat="43.34224596619606" lon="-1.798800006508827">
        <ele>9</ele>
      </trkpt>
      <trkpt lat="43.342173965647817" lon="-1.798714008182287">
        <ele>10</ele>
      </trkpt>
      <trkpt lat="43.342059971764684" lon="-1.798602025955916">
        <ele>10</ele>
      </trkpt>
      <trkpt lat="43.341909013688564" lon="-1.798362974077463">
        <ele>11</ele>
      </trkpt>
      <trkpt lat="43.341677002608776" lon="-1.798294996842742">
        <ele>12</ele>
      </trkpt>
      <trkpt lat="43.341481033712626" lon="-1.798144038766623">
        <ele>13</ele>
      </trkpt>
      <trkpt lat="43.341305013746023" lon="-1.79801101796329">
        <ele>13</ele>
      </trkpt>
      <trkpt lat="43.341279029846191" lon="-1.798039013519883">
        <ele>14</ele>
      </trkpt>
      <trkpt lat="43.341289004310966" lon="-1.797977993264794">
        <ele>14</ele>
      </trkpt>
      <trkpt lat="43.341257991269231" lon="-1.797823011875153">
        <ele>14</ele>
      </trkpt>
      <trkpt lat="43.341093035414815" lon="-1.797450017184019">
        <ele>14</ele>
      </trkpt>
      <trkpt lat="43.341071996837854" lon="-1.797017008066177">
        <ele>15</ele>
      </trkpt>
      <trkpt lat="43.341007037088275" lon="-1.79678700864315">
        <ele>15</ele>
      </trkpt>
      <trkpt lat="43.34099798463285" lon="-1.796625992283225">
        <ele>15</ele>
      </trkpt>
      <trkpt lat="43.340860018506646" lon="-1.796318963170052">
        <ele>15</ele>
      </trkpt>
      <trkpt lat="43.340848032385111" lon="-1.795928031206131">
        <ele>15</ele>
      </trkpt>
      <trkpt lat="43.340844009071589" lon="-1.795628964900971">
        <ele>15</ele>
      </trkpt>
      <trkpt lat="43.340721968561411" lon="-1.79536703042686">
        <ele>15</ele>
      </trkpt>
      <trkpt lat="43.340616021305323" lon="-1.795005016028881">
        <ele>15</ele>
      </trkpt>
      <trkpt lat="43.34046196192503" lon="-1.794754983857274">
        <ele>15</ele>
      </trkpt>
      <trkpt lat="43.340432038530707" lon="-1.79470201022923">
        <ele>15</ele>
      </trkpt>
      <trkpt lat="43.340413011610508" lon="-1.794649958610535">
        <ele>15</ele>
      </trkpt>
      <trkpt lat="43.340248977765441" lon="-1.794377965852618">
        <ele>15</ele>
      </trkpt>
      <trkpt lat="43.340249983593822" lon="-1.794377965852618">
        <ele>15</ele>
      </trkpt>
      <trkpt lat="43.340248977765441" lon="-1.794375032186508">
        <ele>15</ele>
      </trkpt>
      <trkpt lat="43.340248977765441" lon="-1.794375032186508">
        <ele>15</ele>
      </trkpt>
      <trkpt lat="43.340249983593822" lon="-1.794347036629915">
        <ele>15</ele>
      </trkpt>
      <trkpt lat="43.340221988037229" lon="-1.793937999755144">
        <ele>15</ele>
      </trkpt>
      <trkpt lat="43.340159961953759" lon="-1.793502978980541">
        <ele>15</ele>
      </trkpt>
      <trkpt lat="43.340097013860941" lon="-1.79298497736454">
        <ele>15</ele>
      </trkpt>
      <trkpt lat="43.34005200304091" lon="-1.792508969083428">
        <ele>13</ele>
      </trkpt>
      <trkpt lat="43.340034987777472" lon="-1.791958026587963">
        <ele>14</ele>
      </trkpt>
      <trkpt lat="43.340029958635569" lon="-1.791474977508187">
        <ele>14</ele>
      </trkpt>
      <trkpt lat="43.340001041069627" lon="-1.791385961696506">
        <ele>14</ele>
      </trkpt>
      <trkpt lat="43.339983019977808" lon="-1.791184963658452">
        <ele>14</ele>
      </trkpt>
      <trkpt lat="43.339943960309029" lon="-1.791087985038757">
        <ele>14</ele>
      </trkpt>
      <trkpt lat="43.339781016111374" lon="-1.790840970352292">
        <ele>15</ele>
      </trkpt>
      <trkpt lat="43.339657969772816" lon="-1.79053301922977">
        <ele>15</ele>
      </trkpt>
      <trkpt lat="43.339638020843267" lon="-1.790454983711243">
        <ele>15</ele>
      </trkpt>
      <trkpt lat="43.339551016688347" lon="-1.79016999900341">
        <ele>15</ele>
      </trkpt>
      <trkpt lat="43.33947298116982" lon="-1.789873028174043">
        <ele>15</ele>
      </trkpt>
      <trkpt lat="43.339428976178169" lon="-1.789751993492246">
        <ele>16</ele>
      </trkpt>
      <trkpt lat="43.339409027248621" lon="-1.789733972400427">
        <ele>16</ele>
      </trkpt>
      <trkpt lat="43.339339960366488" lon="-1.789693990722299">
        <ele>16</ele>
      </trkpt>
      <trkpt lat="43.339187996461987" lon="-1.789560969918966">
        <ele>16</ele>
      </trkpt>
      <trkpt lat="43.338931007310748" lon="-1.789429960772395">
        <ele>16</ele>
      </trkpt>
      <trkpt lat="43.338708970695734" lon="-1.789314961060882">
        <ele>17</ele>
      </trkpt>
      <trkpt lat="43.338462961837649" lon="-1.789193004369736">
        <ele>17</ele>
      </trkpt>
      <trkpt lat="43.338374029844999" lon="-1.789171965792775">
        <ele>17</ele>
      </trkpt>
      <trkpt lat="43.338374029844999" lon="-1.789171965792775">
        <ele>17</ele>
      </trkpt>
      <trkpt lat="43.338306974619627" lon="-1.789156040176749">
        <ele>17</ele>
      </trkpt>
      <trkpt lat="43.338306974619627" lon="-1.789156040176749">
        <ele>17</ele>
      </trkpt>
      <trkpt lat="43.338304962962866" lon="-1.789154028519988">
        <ele>17</ele>
      </trkpt>
      <trkpt lat="43.338302029296756" lon="-1.789161991328001">
        <ele>17</ele>
      </trkpt>
      <trkpt lat="43.338302029296756" lon="-1.789161991328001">
        <ele>17</ele>
      </trkpt>
      <trkpt lat="43.338302029296756" lon="-1.789153022691608">
        <ele>17</ele>
      </trkpt>
      <trkpt lat="43.338276967406273" lon="-1.789003992453218">
        <ele>17</ele>
      </trkpt>
      <trkpt lat="43.338284008204937" lon="-1.788960993289948">
        <ele>17</ele>
      </trkpt>
      <trkpt lat="43.338270010426641" lon="-1.788926962763071">
        <ele>17</ele>
      </trkpt>
      <trkpt lat="43.338252995163202" lon="-1.788908019661903">
        <ele>17</ele>
      </trkpt>
      <trkpt lat="43.338252995163202" lon="-1.788908019661903">
        <ele>17</ele>
      </trkpt>
      <trkpt lat="43.338260035961866" lon="-1.788906008005142">
        <ele>17</ele>
      </trkpt>
      <trkpt lat="43.338260035961866" lon="-1.788906008005142">
        <ele>17</ele>
      </trkpt>
      <trkpt lat="43.338263975456357" lon="-1.788897039368749">
        <ele>17</ele>
      </trkpt>
      <trkpt lat="43.338263975456357" lon="-1.788897039368749">
        <ele>17</ele>
      </trkpt>
      <trkpt lat="43.338261041790247" lon="-1.788883041590452">
        <ele>17</ele>
      </trkpt>
      <trkpt lat="43.338275039568543" lon="-1.788877006620169">
        <ele>17</ele>
      </trkpt>
      <trkpt lat="43.338275039568543" lon="-1.788877006620169">
        <ele>17</ele>
      </trkpt>
      <trkpt lat="43.338286019861698" lon="-1.788871977478266">
        <ele>16</ele>
      </trkpt>
      <trkpt lat="43.338286019861698" lon="-1.788871977478266">
        <ele>16</ele>
      </trkpt>
      <trkpt lat="43.338288031518459" lon="-1.788869965821505">
        <ele>16</ele>
      </trkpt>
      <trkpt lat="43.338288031518459" lon="-1.788869965821505">
        <ele>16</ele>
      </trkpt>
      <trkpt lat="43.338288031518459" lon="-1.788869965821505">
        <ele>16</ele>
      </trkpt>
      <trkpt lat="43.338298005983233" lon="-1.788842976093292">
        <ele>16</ele>
      </trkpt>
      <trkpt lat="43.338409988209605" lon="-1.788590010255575">
        <ele>16</ele>
      </trkpt>
      <trkpt lat="43.33846103399992" lon="-1.788254985585809">
        <ele>14</ele>
      </trkpt>
      <trkpt lat="43.338480982929468" lon="-1.788083994761109">
        <ele>13</ele>
      </trkpt>
      <trkpt lat="43.338468996807933" lon="-1.788040995597839">
        <ele>14</ele>
      </trkpt>
      <trkpt lat="43.338392972946167" lon="-1.787861036136746">
        <ele>12</ele>
      </trkpt>
      <trkpt lat="43.338263975456357" lon="-1.787661965936422">
        <ele>10</ele>
      </trkpt>
      <trkpt lat="43.338204966858029" lon="-1.787599017843604">
        <ele>9</ele>
      </trkpt>
      <trkpt lat="43.338170014321804" lon="-1.787516959011555">
        <ele>9</ele>
      </trkpt>
      <trkpt lat="43.338148975744843" lon="-1.787385027855635">
        <ele>8</ele>
      </trkpt>
      <trkpt lat="43.338128020986915" lon="-1.787287965416908">
        <ele>7</ele>
      </trkpt>
      <trkpt lat="43.338098013773561" lon="-1.787231974303722">
        <ele>7</ele>
      </trkpt>
      <trkpt lat="43.338045962154865" lon="-1.787109011784196">
        <ele>6</ele>
      </trkpt>
      <trkpt lat="43.337988965213299" lon="-1.786911031231284">
        <ele>5</ele>
      </trkpt>
      <trkpt lat="43.33794797770679" lon="-1.786742974072695">
        <ele>3</ele>
      </trkpt>
      <trkpt lat="43.337935991585255" lon="-1.786669967696071">
        <ele>3</ele>
      </trkpt>
      <trkpt lat="43.337945966050029" lon="-1.786570977419615">
        <ele>2</ele>
      </trkpt>
      <trkpt lat="43.337939009070396" lon="-1.78653703071177">
        <ele>2</ele>
      </trkpt>
      <trkpt lat="43.337950995191932" lon="-1.786438962444663">
        <ele>0</ele>
      </trkpt>
      <trkpt lat="43.337905984371901" lon="-1.786228995770216">
        <ele>0</ele>
      </trkpt>
      <trkpt lat="43.337892992421985" lon="-1.786145009100437">
        <ele>0</ele>
      </trkpt>
      <trkpt lat="43.337888969108462" lon="-1.786079965531826">
        <ele>0</ele>
      </trkpt>
      <trkpt lat="43.337844964116812" lon="-1.785776037722826">
        <ele>0</ele>
      </trkpt>
      <trkpt lat="43.337897015735507" lon="-1.785639999434352">
        <ele>0</ele>
      </trkpt>
      <trkpt lat="43.337943032383919" lon="-1.785607980564237">
        <ele>0</ele>
      </trkpt>
      <trkpt lat="43.33794797770679" lon="-1.78555098362267">
        <ele>0</ele>
      </trkpt>
      <trkpt lat="43.338003968819976" lon="-1.785277985036373">
        <ele>0</ele>
      </trkpt>
      <trkpt lat="43.338025007396936" lon="-1.785198021680117">
        <ele>0</ele>
      </trkpt>
      <trkpt lat="43.338058032095432" lon="-1.784960981458426">
        <ele>0</ele>
      </trkpt>
      <trkpt lat="43.338058032095432" lon="-1.784960981458426">
        <ele>0</ele>
      </trkpt>
      <trkpt lat="43.338129026815295" lon="-1.784802982583642">
        <ele>0</ele>
      </trkpt>
      <trkpt lat="43.338209995999932" lon="-1.784525960683823">
        <ele>0</ele>
      </trkpt>
      <trkpt lat="43.338283002376556" lon="-1.784298978745937">
        <ele>1</ele>
      </trkpt>
      <trkpt lat="43.338301023468375" lon="-1.784254973754287">
        <ele>1</ele>
      </trkpt>
      <trkpt lat="43.338382998481393" lon="-1.784030003473163">
        <ele>1</ele>
      </trkpt>
      <trkpt lat="43.338384004309773" lon="-1.784001002088189">
        <ele>1</ele>
      </trkpt>
      <trkpt lat="43.338218964636326" lon="-1.783927995711565">
        <ele>1</ele>
      </trkpt>
      <trkpt lat="43.337958035990596" lon="-1.783850966021419">
        <ele>1</ele>
      </trkpt>
      <trkpt lat="43.337675984948874" lon="-1.783864963799715">
        <ele>1</ele>
      </trkpt>
      <trkpt lat="43.337487978860736" lon="-1.783978035673499">
        <ele>1</ele>
      </trkpt>
      <trkpt lat="43.337289998307824" lon="-1.784013994038105">
        <ele>1</ele>
      </trkpt>
      <trkpt lat="43.337245993316174" lon="-1.783887008205056">
        <ele>1</ele>
      </trkpt>
      <trkpt lat="43.337245993316174" lon="-1.783887008205056">
        <ele>1</ele>
      </trkpt>
      <trkpt lat="43.337205005809665" lon="-1.783746024593711">
        <ele>1</ele>
      </trkpt>
      <trkpt lat="43.337176004424691" lon="-1.783691961318255">
        <ele>1</ele>
      </trkpt>
      <trkpt lat="43.337188996374607" lon="-1.783683998510242">
        <ele>2</ele>
      </trkpt>
      <trkpt lat="43.337234007194638" lon="-1.783600011840463">
        <ele>2</ele>
      </trkpt>
      <trkpt lat="43.337208023294806" lon="-1.78350898437202">
        <ele>2</ele>
      </trkpt>
      <trkpt lat="43.337212968617678" lon="-1.783432960510254">
        <ele>2</ele>
      </trkpt>
      <trkpt lat="43.33723995834589" lon="-1.783375963568687">
        <ele>2</ele>
      </trkpt>
      <trkpt lat="43.337273988872766" lon="-1.783193992450833">
        <ele>2</ele>
      </trkpt>
      <trkpt lat="43.337255967780948" lon="-1.783063989132643">
        <ele>2</ele>
      </trkpt>
      <trkpt lat="43.337225960567594" lon="-1.782943960279226">
        <ele>2</ele>
      </trkpt>
      <trkpt lat="43.33719695918262" lon="-1.782896015793085">
        <ele>2</ele>
      </trkpt>
      <trkpt lat="43.337093023583293" lon="-1.782617988064885">
        <ele>2</ele>
      </trkpt>
      <trkpt lat="43.337053041905165" lon="-1.782408021390438">
        <ele>2</ele>
      </trkpt>
      <trkpt lat="43.337084976956248" lon="-1.782250022515655">
        <ele>2</ele>
      </trkpt>
      <trkpt lat="43.337073996663094" lon="-1.782126976177096">
        <ele>3</ele>
      </trkpt>
      <trkpt lat="43.337073996663094" lon="-1.782126976177096">
        <ele>3</ele>
      </trkpt>
      <trkpt lat="43.337051030248404" lon="-1.781920026987791">
        <ele>3</ele>
      </trkpt>
      <trkpt lat="43.337019011378288" lon="-1.781831011176109">
        <ele>3</ele>
      </trkpt>
      <trkpt lat="43.336990009993315" lon="-1.781689021736383">
        <ele>3</ele>
      </trkpt>
      <trkpt lat="43.33695899695158" lon="-1.781624983996153">
        <ele>4</ele>
      </trkpt>
      <trkpt lat="43.336797980591655" lon="-1.781370006501675">
        <ele>4</ele>
      </trkpt>
      <trkpt lat="43.336783982813358" lon="-1.78118996322155">
        <ele>4</ele>
      </trkpt>
      <trkpt lat="43.336759004741907" lon="-1.781092984601855">
        <ele>4</ele>
      </trkpt>
      <trkpt lat="43.336797980591655" lon="-1.780985025689006">
        <ele>4</ele>
      </trkpt>
      <trkpt lat="43.336837962269783" lon="-1.780881006270647">
        <ele>5</ele>
      </trkpt>
      <trkpt lat="43.336835028603673" lon="-1.780801964923739">
        <ele>5</ele>
      </trkpt>
      <trkpt lat="43.336832011118531" lon="-1.780743040144444">
        <ele>5</ele>
      </trkpt>
      <trkpt lat="43.336800998076797" lon="-1.780634997412562">
        <ele>5</ele>
      </trkpt>
      <trkpt lat="43.336761016398668" lon="-1.780413966625929">
        <ele>5</ele>
      </trkpt>
      <trkpt lat="43.336691027507186" lon="-1.780154965817928">
        <ele>5</ele>
      </trkpt>
      <trkpt lat="43.336642999202013" lon="-1.779897976666689">
        <ele>5</ele>
      </trkpt>
      <trkpt lat="43.336578961461782" lon="-1.779593965038657">
        <ele>5</ele>
      </trkpt>
      <trkpt lat="43.336574016138911" lon="-1.779570998623967">
        <ele>5</ele>
      </trkpt>
      <trkpt lat="43.336546020582318" lon="-1.779373018071055">
        <ele>5</ele>
      </trkpt>
      <trkpt lat="43.33650603890419" lon="-1.779229016974568">
        <ele>5</ele>
      </trkpt>
      <trkpt lat="43.336445018649101" lon="-1.77891100756824">
        <ele>5</ele>
      </trkpt>
      <trkpt lat="43.336373018100858" lon="-1.778549998998642">
        <ele>5</ele>
      </trkpt>
      <trkpt lat="43.336300011724234" lon="-1.778349000960589">
        <ele>5</ele>
      </trkpt>
      <trkpt lat="43.336217030882835" lon="-1.778243975713849">
        <ele>5</ele>
      </trkpt>
      <trkpt lat="43.335988037288189" lon="-1.778163006529212">
        <ele>5</ele>
      </trkpt>
      <trkpt lat="43.335738005116582" lon="-1.778140962123871">
        <ele>6</ele>
      </trkpt>
      <trkpt lat="43.335542036220431" lon="-1.778111960738897">
        <ele>6</ele>
      </trkpt>
      <trkpt lat="43.335360987111926" lon="-1.778081031516194">
        <ele>6</ele>
      </trkpt>
      <trkpt lat="43.335138028487563" lon="-1.77805102430284">
        <ele>6</ele>
      </trkpt>
      <trkpt lat="43.334913980215788" lon="-1.778025962412357">
        <ele>6</ele>
      </trkpt>
      <trkpt lat="43.334694039076567" lon="-1.778001990169287">
        <ele>7</ele>
      </trkpt>
      <trkpt lat="43.334458004683256" lon="-1.777993021532893">
        <ele>9</ele>
      </trkpt>
      <trkpt lat="43.334250971674919" lon="-1.777993021532893">
        <ele>10</ele>
      </trkpt>
      <trkpt lat="43.334202021360397" lon="-1.777948010712862">
        <ele>11</ele>
      </trkpt>
      <trkpt lat="43.334195986390114" lon="-1.777798980474472">
        <ele>11</ele>
      </trkpt>
      <trkpt lat="43.334222976118326" lon="-1.777560012415052">
        <ele>11</ele>
      </trkpt>
      <trkpt lat="43.334070006385446" lon="-1.777426991611719">
        <ele>11</ele>
      </trkpt>
      <trkpt lat="43.333906978368759" lon="-1.777389021590352">
        <ele>11</ele>
      </trkpt>
      <trkpt lat="43.333691982552409" lon="-1.777290031313896">
        <ele>11</ele>
      </trkpt>
      <trkpt lat="43.333681002259254" lon="-1.777281984686852">
        <ele>11</ele>
      </trkpt>
      <trkpt lat="43.33350095897913" lon="-1.777121974155307">
        <ele>11</ele>
      </trkpt>
      <trkpt lat="43.333379002287984" lon="-1.77686900831759">
        <ele>14</ele>
      </trkpt>
      <trkpt lat="43.333317982032895" lon="-1.776716960594058">
        <ele>18</ele>
      </trkpt>
      <trkpt lat="43.33330599591136" lon="-1.776699023321271">
        <ele>18</ele>
      </trkpt>
      <trkpt lat="43.333181021735072" lon="-1.776443039998412">
        <ele>22</ele>
      </trkpt>
      <trkpt lat="43.333140034228563" lon="-1.776350000873208">
        <ele>27</ele>
      </trkpt>
      <trkpt lat="43.33309100009501" lon="-1.776233995333314">
        <ele>31</ele>
      </trkpt>
      <trkpt lat="43.333051018416882" lon="-1.776156965643168">
        <ele>32</ele>
      </trkpt>
      <trkpt lat="43.333036014810205" lon="-1.776114972308278">
        <ele>32</ele>
      </trkpt>
      <trkpt lat="43.332936018705368" lon="-1.775868963450193">
        <ele>36</ele>
      </trkpt>
      <trkpt lat="43.332905005663633" lon="-1.775826970115304">
        <ele>39</ele>
      </trkpt>
      <trkpt lat="43.332849014550447" lon="-1.775759998708963">
        <ele>44</ele>
      </trkpt>
      <trkpt lat="43.332854965701699" lon="-1.775678023695946">
        <ele>45</ele>
      </trkpt>
      <trkpt lat="43.333023022860289" lon="-1.775596970692277">
        <ele>46</ele>
      </trkpt>
      <trkpt lat="43.333271965384483" lon="-1.775652961805463">
        <ele>48</ele>
      </trkpt>
      <trkpt lat="43.333380008116364" lon="-1.775642987340689">
        <ele>48</ele>
      </trkpt>
      <trkpt lat="43.333417978137732" lon="-1.775642987340689">
        <ele>48</ele>
      </trkpt>
      <trkpt lat="43.333618976175785" lon="-1.775566041469574">
        <ele>49</ele>
      </trkpt>
      <trkpt lat="43.333796001970768" lon="-1.775360014289618">
        <ele>52</ele>
      </trkpt>
      <trkpt lat="43.33382299169898" lon="-1.775153987109661">
        <ele>53</ele>
      </trkpt>
      <trkpt lat="43.333733975887299" lon="-1.774938991293311">
        <ele>55</ele>
      </trkpt>
      <trkpt lat="43.333724001422524" lon="-1.774912001565099">
        <ele>55</ele>
      </trkpt>
      <trkpt lat="43.333611013367772" lon="-1.774730030447245">
        <ele>58</ele>
      </trkpt>
      <trkpt lat="43.333590980619192" lon="-1.774695999920368">
        <ele>58</ele>
      </trkpt>
      <trkpt lat="43.333474975079298" lon="-1.774516040459275">
        <ele>60</ele>
      </trkpt>
      <trkpt lat="43.333324017003179" lon="-1.774321999400854">
        <ele>60</ele>
      </trkpt>
      <trkpt lat="43.333271965384483" lon="-1.774257039651275">
        <ele>64</ele>
      </trkpt>
      <trkpt lat="43.33324396982789" lon="-1.774208005517721">
        <ele>66</ele>
      </trkpt>
      <trkpt lat="43.333204993978143" lon="-1.774152014404535">
        <ele>69</ele>
      </trkpt>
      <trkpt lat="43.333063004538417" lon="-1.773918997496367">
        <ele>71</ele>
      </trkpt>
      <trkpt lat="43.333029979839921" lon="-1.773867029696703">
        <ele>71</ele>
      </trkpt>
      <trkpt lat="43.332955967634916" lon="-1.773742977529764">
        <ele>75</ele>
      </trkpt>
      <trkpt lat="43.332922020927072" lon="-1.773684974759817">
        <ele>79</ele>
      </trkpt>
      <trkpt lat="43.332865023985505" lon="-1.773596964776516">
        <ele>82</ele>
      </trkpt>
      <trkpt lat="43.33279000595212" lon="-1.773522030562162">
        <ele>83</ele>
      </trkpt>
      <trkpt lat="43.332781959325075" lon="-1.773506021127105">
        <ele>83</ele>
      </trkpt>
      <trkpt lat="43.33268498070538" lon="-1.773319020867348">
        <ele>86</ele>
      </trkpt>
      <trkpt lat="43.332666037604213" lon="-1.773288007825613">
        <ele>88</ele>
      </trkpt>
      <trkpt lat="43.332635024562478" lon="-1.773249031975865">
        <ele>91</ele>
      </trkpt>
      <trkpt lat="43.33255598321557" lon="-1.773074017837644">
        <ele>95</ele>
      </trkpt>
      <trkpt lat="43.332551037892699" lon="-1.772832032293081">
        <ele>97</ele>
      </trkpt>
      <trkpt lat="43.332580961287022" lon="-1.772604966536164">
        <ele>99</ele>
      </trkpt>
      <trkpt lat="43.332574004307389" lon="-1.77233599126339">
        <ele>99</ele>
      </trkpt>
      <trkpt lat="43.332560006529093" lon="-1.772053018212318">
        <ele>101</ele>
      </trkpt>
      <trkpt lat="43.332551959902048" lon="-1.771937012672424">
        <ele>104</ele>
      </trkpt>
      <trkpt lat="43.332534022629261" lon="-1.771760992705822">
        <ele>107</ele>
      </trkpt>
      <trkpt lat="43.332516001537442" lon="-1.771438959985972">
        <ele>109</ele>
      </trkpt>
      <trkpt lat="43.3325129840523" lon="-1.771184988319874">
        <ele>109</ele>
      </trkpt>
      <trkpt lat="43.332505021244287" lon="-1.771061019971967">
        <ele>112</ele>
      </trkpt>
      <trkpt lat="43.332485994324088" lon="-1.770816016942263">
        <ele>116</ele>
      </trkpt>
      <trkpt lat="43.332485994324088" lon="-1.770742004737258">
        <ele>117</ele>
      </trkpt>
      <trkpt lat="43.332479959353805" lon="-1.770718032494187">
        <ele>117</ele>
      </trkpt>
      <trkpt lat="43.332419022917747" lon="-1.770477974787355">
        <ele>117</ele>
      </trkpt>
      <trkpt lat="43.332378035411239" lon="-1.770329028367996">
        <ele>120</ele>
      </trkpt>
      <trkpt lat="43.33236001431942" lon="-1.770249987021089">
        <ele>123</ele>
      </trkpt>
      <trkpt lat="43.33231701515615" lon="-1.770091988146305">
        <ele>127</ele>
      </trkpt>
      <trkpt lat="43.332230011001229" lon="-1.769862994551659">
        <ele>128</ele>
      </trkpt>
      <trkpt lat="43.332181982696056" lon="-1.769578009843826">
        <ele>130</ele>
      </trkpt>
      <trkpt lat="43.332162033766508" lon="-1.769468039274216">
        <ele>134</ele>
      </trkpt>
      <trkpt lat="43.332140995189548" lon="-1.769362008199096">
        <ele>137</ele>
      </trkpt>
      <trkpt lat="43.332096990197897" lon="-1.769119016826153">
        <ele>138</ele>
      </trkpt>
      <trkpt lat="43.332061031833291" lon="-1.768820034340024">
        <ele>140</ele>
      </trkpt>
      <trkpt lat="43.332058014348149" lon="-1.768697993829846">
        <ele>143</ele>
      </trkpt>
      <trkpt lat="43.332043010741472" lon="-1.768465982750058">
        <ele>148</ele>
      </trkpt>
      <trkpt lat="43.33203898742795" lon="-1.768250986933708">
        <ele>148</ele>
      </trkpt>
      <trkpt lat="43.332033958286047" lon="-1.768120983615518">
        <ele>149</ele>
      </trkpt>
      <trkpt lat="43.332019960507751" lon="-1.768049988895655">
        <ele>150</ele>
      </trkpt>
      <trkpt lat="43.332013003528118" lon="-1.767923003062606">
        <ele>154</ele>
      </trkpt>
      <trkpt lat="43.332014009356499" lon="-1.767873968929052">
        <ele>155</ele>
      </trkpt>
      <trkpt lat="43.331965981051326" lon="-1.767726028338075">
        <ele>159</ele>
      </trkpt>
      <trkpt lat="43.331960029900074" lon="-1.767684035003185">
        <ele>159</ele>
      </trkpt>
      <trkpt lat="43.331956006586552" lon="-1.767482031136751">
        <ele>159</ele>
      </trkpt>
      <trkpt lat="43.331936979666352" lon="-1.767359990626574">
        <ele>161</ele>
      </trkpt>
      <trkpt lat="43.33193002268672" lon="-1.76726502366364">
        <ele>165</ele>
      </trkpt>
      <trkpt lat="43.331918958574533" lon="-1.767155975103378">
        <ele>167</ele>
      </trkpt>
      <trkpt lat="43.33188702352345" lon="-1.767018008977175">
        <ele>169</ele>
      </trkpt>
      <trkpt lat="43.331878976896405" lon="-1.766971992328763">
        <ele>169</ele>
      </trkpt>
      <trkpt lat="43.331827009096742" lon="-1.766780968755484">
        <ele>171</ele>
      </trkpt>
      <trkpt lat="43.331800019368529" lon="-1.766682984307408">
        <ele>176</ele>
      </trkpt>
      <trkpt lat="43.331765988841653" lon="-1.766590029001236">
        <ele>178</ele>
      </trkpt>
      <trkpt lat="43.331769006326795" lon="-1.766516016796231">
        <ele>179</ele>
      </trkpt>
      <trkpt lat="43.331774035468698" lon="-1.766482992097735">
        <ele>179</ele>
      </trkpt>
      <trkpt lat="43.33178099244833" lon="-1.766379978507757">
        <ele>181</ele>
      </trkpt>
      <trkpt lat="43.331776969134808" lon="-1.766157019883394">
        <ele>181</ele>
      </trkpt>
      <trkpt lat="43.331775963306427" lon="-1.766132963821292">
        <ele>181</ele>
      </trkpt>
      <trkpt lat="43.331775963306427" lon="-1.766132963821292">
        <ele>181</ele>
      </trkpt>
      <trkpt lat="43.331778980791569" lon="-1.766109997406602">
        <ele>180</ele>
      </trkpt>
      <trkpt lat="43.331752996891737" lon="-1.766025004908443">
        <ele>181</ele>
      </trkpt>
      <trkpt lat="43.331744028255343" lon="-1.766010001301765">
        <ele>182</ele>
      </trkpt>
      <trkpt lat="43.331717038527131" lon="-1.765936994925141">
        <ele>185</ele>
      </trkpt>
      <trkpt lat="43.331662975251675" lon="-1.765771033242345">
        <ele>189</ele>
      </trkpt>
      <trkpt lat="43.331528026610613" lon="-1.765641029924154">
        <ele>190</ele>
      </trkpt>
      <trkpt lat="43.331470023840666" lon="-1.7656110227108">
        <ele>195</ele>
      </trkpt>
      <trkpt lat="43.331438004970551" lon="-1.765612028539181">
        <ele>199</ele>
      </trkpt>
      <trkpt lat="43.33141696639359" lon="-1.765666007995606">
        <ele>202</ele>
      </trkpt>
      <trkpt lat="43.331400034949183" lon="-1.765787964686751">
        <ele>204</ele>
      </trkpt>
      <trkpt lat="43.331400034949183" lon="-1.765818977728486">
        <ele>204</ele>
      </trkpt>
      <trkpt lat="43.331401962786913" lon="-1.765884021297097">
        <ele>203</ele>
      </trkpt>
      <trkpt lat="43.331401962786913" lon="-1.765884021297097">
        <ele>203</ele>
      </trkpt>
      <trkpt lat="43.331401962786913" lon="-1.765883015468717">
        <ele>203</ele>
      </trkpt>
      <trkpt lat="43.331401962786913" lon="-1.765883015468717">
        <ele>203</ele>
      </trkpt>
      <trkpt lat="43.331339014694095" lon="-1.765727028250694">
        <ele>203</ele>
      </trkpt>
      <trkpt lat="43.331300960853696" lon="-1.76567698828876">
        <ele>203</ele>
      </trkpt>
      <trkpt lat="43.331289980560541" lon="-1.765657039359212">
        <ele>203</ele>
      </trkpt>
      <trkpt lat="43.331289980560541" lon="-1.765657039359212">
        <ele>204</ele>
      </trkpt>
      <trkpt lat="43.331231977790594" lon="-1.765625020489097">
        <ele>204</ele>
      </trkpt>
      <trkpt lat="43.331211023032665" lon="-1.765616973862052">
        <ele>204</ele>
      </trkpt>
      <trkpt lat="43.331119995564222" lon="-1.765376999974251">
        <ele>205</ele>
      </trkpt>
      <trkpt lat="43.331061992794275" lon="-1.765133002772927">
        <ele>206</ele>
      </trkpt>
      <trkpt lat="43.330910028889775" lon="-1.764914989471436">
        <ele>206</ele>
      </trkpt>
      <trkpt lat="43.330750018358231" lon="-1.764702005311847">
        <ele>206</ele>
      </trkpt>
      <trkpt lat="43.330589001998305" lon="-1.764467982575297">
        <ele>206</ele>
      </trkpt>
      <trkpt lat="43.330463021993637" lon="-1.764229014515877">
        <ele>206</ele>
      </trkpt>
      <trkpt lat="43.330463021993637" lon="-1.764229014515877">
        <ele>206</ele>
      </trkpt>
      <trkpt lat="43.330400995910168" lon="-1.764080990105867">
        <ele>206</ele>
      </trkpt>
      <trkpt lat="43.330248026177287" lon="-1.763829030096531">
        <ele>206</ele>
      </trkpt>
      <trkpt lat="43.33012699149549" lon="-1.763582015410066">
        <ele>207</ele>
      </trkpt>
      <trkpt lat="43.33001802675426" lon="-1.763298036530614">
        <ele>209</ele>
      </trkpt>
      <trkpt lat="43.329939991235733" lon="-1.762939039617777">
        <ele>212</ele>
      </trkpt>
      <trkpt lat="43.32989196293056" lon="-1.76258297637105">
        <ele>215</ele>
      </trkpt>
      <trkpt lat="43.329903027042747" lon="-1.762208975851536">
        <ele>216</ele>
      </trkpt>
      <trkpt lat="43.329878970980644" lon="-1.761847967281938">
        <ele>219</ele>
      </trkpt>
      <trkpt lat="43.329852987080812" lon="-1.761768003925681">
        <ele>219</ele>
      </trkpt>
      <trkpt lat="43.329811999574304" lon="-1.761731961742044">
        <ele>219</ele>
      </trkpt>
      <trkpt lat="43.329683002084494" lon="-1.76172299310565">
        <ele>221</ele>
      </trkpt>
      <trkpt lat="43.32946096546948" lon="-1.761716036126018">
        <ele>222</ele>
      </trkpt>
      <trkpt lat="43.329292992129922" lon="-1.761566000059247">
        <ele>224</ele>
      </trkpt>
      <trkpt lat="43.329156031832099" lon="-1.761314040049911">
        <ele>225</ele>
      </trkpt>
      <trkpt lat="43.329059975221753" lon="-1.761196022853255">
        <ele>226</ele>
      </trkpt>
      <trkpt lat="43.328764010220766" lon="-1.760998964309692">
        <ele>229</ele>
      </trkpt>
      <trkpt lat="43.328718999400735" lon="-1.760972980409861">
        <ele>229</ele>
      </trkpt>
      <trkpt lat="43.328444994986057" lon="-1.760865021497011">
        <ele>231</ele>
      </trkpt>
      <trkpt lat="43.328227987512946" lon="-1.760785980150104">
        <ele>234</ele>
      </trkpt>
      <trkpt lat="43.328040987253189" lon="-1.760761002078652">
        <ele>235</ele>
      </trkpt>
      <trkpt lat="43.327875025570393" lon="-1.760779023170471">
        <ele>235</ele>
      </trkpt>
      <trkpt lat="43.327624993398786" lon="-1.760635022073984">
        <ele>235</ele>
      </trkpt>
      <trkpt lat="43.32744101062417" lon="-1.760507030412555">
        <ele>235</ele>
      </trkpt>
      <trkpt lat="43.327431036159396" lon="-1.760495966300368">
        <ele>235</ele>
      </trkpt>
      <trkpt lat="43.327281000092626" lon="-1.760254986584187">
        <ele>236</ele>
      </trkpt>
      <trkpt lat="43.327169017866254" lon="-1.759973019361496">
        <ele>237</ele>
      </trkpt>
      <trkpt lat="43.327069021761417" lon="-1.759804040193558">
        <ele>238</ele>
      </trkpt>
      <trkpt lat="43.32705301232636" lon="-1.759776966646314">
        <ele>238</ele>
      </trkpt>
      <trkpt lat="43.326899036765099" lon="-1.759620979428291">
        <ele>238</ele>
      </trkpt>
      <trkpt lat="43.326687980443239" lon="-1.759440014138818">
        <ele>237</ele>
      </trkpt>
      <trkpt lat="43.326637018471956" lon="-1.759392991662026">
        <ele>237</ele>
      </trkpt>
      <trkpt lat="43.326442977413535" lon="-1.759204985573888">
        <ele>237</ele>
      </trkpt>
      <trkpt lat="43.326277015730739" lon="-1.758932992815971">
        <ele>237</ele>
      </trkpt>
      <trkpt lat="43.326166039332747" lon="-1.758769964799285">
        <ele>238</ele>
      </trkpt>
      <trkpt lat="43.325994964689016" lon="-1.758508030325174">
        <ele>239</ele>
      </trkpt>
      <trkpt lat="43.325860016047955" lon="-1.758261015638709">
        <ele>241</ele>
      </trkpt>
      <trkpt lat="43.325767982751131" lon="-1.758066974580288">
        <ele>241</ele>
      </trkpt>
      <trkpt lat="43.325672009959817" lon="-1.75783202983439">
        <ele>240</ele>
      </trkpt>
      <trkpt lat="43.325515016913414" lon="-1.75751100294292">
        <ele>237</ele>
      </trkpt>
      <trkpt lat="43.32546497695148" lon="-1.757396003231406">
        <ele>236</ele>
      </trkpt>
      <trkpt lat="43.325352994725108" lon="-1.757143037393689">
        <ele>233</ele>
      </trkpt>
      <trkpt lat="43.325275965034962" lon="-1.757027031853795">
        <ele>232</ele>
      </trkpt>
      <trkpt lat="43.325231960043311" lon="-1.756945978850126">
        <ele>232</ele>
      </trkpt>
      <trkpt lat="43.325084019452333" lon="-1.756677003577352">
        <ele>233</ele>
      </trkpt>
      <trkpt lat="43.325018975883722" lon="-1.75654599443078">
        <ele>233</ele>
      </trkpt>
      <trkpt lat="43.324828036129475" lon="-1.756293028593063">
        <ele>232</ele>
      </trkpt>
      <trkpt lat="43.324650004506111" lon="-1.756083983927965">
        <ele>230</ele>
      </trkpt>
      <trkpt lat="43.324484964832664" lon="-1.755870999768376">
        <ele>228</ele>
      </trkpt>
      <trkpt lat="43.324342975392938" lon="-1.755667990073562">
        <ele>227</ele>
      </trkpt>
      <trkpt lat="43.324150023981929" lon="-1.755424998700619">
        <ele>226</ele>
      </trkpt>
      <trkpt lat="43.323995964601636" lon="-1.755266999825835">
        <ele>225</ele>
      </trkpt>
      <trkpt lat="43.323836959898472" lon="-1.755146970972419">
        <ele>225</ele>
      </trkpt>
      <trkpt lat="43.323645014315844" lon="-1.754971034824848">
        <ele>223</ele>
      </trkpt>
      <trkpt lat="43.323421971872449" lon="-1.754738017916679">
        <ele>223</ele>
      </trkpt>
      <trkpt lat="43.32318501546979" lon="-1.754641039296985">
        <ele>223</ele>
      </trkpt>
      <trkpt lat="43.322944035753608" lon="-1.754672974348068">
        <ele>223</ele>
      </trkpt>
      <trkpt lat="43.322852002456784" lon="-1.754680015146732">
        <ele>218</ele>
      </trkpt>
      <trkpt lat="43.322732979431748" lon="-1.754704993218184">
        <ele>214</ele>
      </trkpt>
      <trkpt lat="43.322591995820403" lon="-1.754765007644892">
        <ele>213</ele>
      </trkpt>
      <trkpt lat="43.322532987222075" lon="-1.754777999594808">
        <ele>213</ele>
      </trkpt>
      <trkpt lat="43.32245796918869" lon="-1.75476199015975">
        <ele>209</ele>
      </trkpt>
      <trkpt lat="43.32241396419704" lon="-1.754758972674608">
        <ele>206</ele>
      </trkpt>
      <trkpt lat="43.322260994464159" lon="-1.754757966846228">
        <ele>203</ele>
      </trkpt>
      <trkpt lat="43.322104001417756" lon="-1.754743969067931">
        <ele>200</ele>
      </trkpt>
      <trkpt lat="43.321938961744308" lon="-1.75469602458179">
        <ele>197</ele>
      </trkpt>
      <trkpt lat="43.321721032261848" lon="-1.754639027640224">
        <ele>195</ele>
      </trkpt>
      <trkpt lat="43.32159798592329" lon="-1.754618994891644">
        <ele>196</ele>
      </trkpt>
      <trkpt lat="43.321539983153343" lon="-1.754618994891644">
        <ele>193</ele>
      </trkpt>
      <trkpt lat="43.321471000090241" lon="-1.754620000720024">
        <ele>189</ele>
      </trkpt>
      <trkpt lat="43.321436969563365" lon="-1.754622012376785">
        <ele>187</ele>
      </trkpt>
      <trkpt lat="43.321309983730316" lon="-1.754661994054914">
        <ele>184</ele>
      </trkpt>
      <trkpt lat="43.321204036474228" lon="-1.754681020975113">
        <ele>183</ele>
      </trkpt>
      <trkpt lat="43.320993985980749" lon="-1.754769030958414">
        <ele>182</ele>
      </trkpt>
      <trkpt lat="43.32092902623117" lon="-1.754797026515007">
        <ele>182</ele>
      </trkpt>
      <trkpt lat="43.32092902623117" lon="-1.754797026515007">
        <ele>183</ele>
      </trkpt>
      <trkpt lat="43.320849984884262" lon="-1.754828961566091">
        <ele>183</ele>
      </trkpt>
      <trkpt lat="43.3207150362432" lon="-1.754770036786795">
        <ele>183</ele>
      </trkpt>
      <trkpt lat="43.320466009899974" lon="-1.754684038460255">
        <ele>184</ele>
      </trkpt>
      <trkpt lat="43.32026501186192" lon="-1.754613965749741">
        <ele>186</ele>
      </trkpt>
      <trkpt lat="43.319988995790482" lon="-1.754512041807175">
        <ele>187</ele>
      </trkpt>
      <trkpt lat="43.319957982748747" lon="-1.754510030150414">
        <ele>188</ele>
      </trkpt>
      <trkpt lat="43.319783974438906" lon="-1.754498966038227">
        <ele>188</ele>
      </trkpt>
      <trkpt lat="43.319677021354437" lon="-1.754446998238564">
        <ele>188</ele>
      </trkpt>
      <trkpt lat="43.319503013044596" lon="-1.754253963008523">
        <ele>190</ele>
      </trkpt>
      <trkpt lat="43.319399999454618" lon="-1.754076015204191">
        <ele>192</ele>
      </trkpt>
      <trkpt lat="43.31934199668467" lon="-1.754017006605864">
        <ele>192</ele>
      </trkpt>
      <trkpt lat="43.319163965061307" lon="-1.753884991630912">
        <ele>194</ele>
      </trkpt>
      <trkpt lat="43.31906296312809" lon="-1.753783989697695">
        <ele>195</ele>
      </trkpt>
      <trkpt lat="43.318924997001886" lon="-1.75362397916615">
        <ele>196</ele>
      </trkpt>
      <trkpt lat="43.318915022537112" lon="-1.753578968346119">
        <ele>196</ele>
      </trkpt>
      <trkpt lat="43.319021975621581" lon="-1.753363972529769">
        <ele>198</ele>
      </trkpt>
      <trkpt lat="43.319058017805219" lon="-1.753340000286698">
        <ele>199</ele>
      </trkpt>
      <trkpt lat="43.319079978391528" lon="-1.753295995295048">
        <ele>199</ele>
      </trkpt>
      <trkpt lat="43.319081990048289" lon="-1.753178983926773">
        <ele>201</ele>
      </trkpt>
      <trkpt lat="43.319087019190192" lon="-1.753055015578866">
        <ele>202</ele>
      </trkpt>
      <trkpt lat="43.318994985893369" lon="-1.75282996147871">
        <ele>204</ele>
      </trkpt>
      <trkpt lat="43.318891972303391" lon="-1.752684032544494">
        <ele>205</ele>
      </trkpt>
      <trkpt lat="43.318756017833948" lon="-1.752429977059364">
        <ele>207</ele>
      </trkpt>
      <trkpt lat="43.318744031712413" lon="-1.75235596485436">
        <ele>207</ele>
      </trkpt>
      <trkpt lat="43.318711007013917" lon="-1.752249011769891">
        <ele>207</ele>
      </trkpt>
      <trkpt lat="43.318706983700395" lon="-1.752196960151196">
        <ele>208</ele>
      </trkpt>
      <trkpt lat="43.318702038377523" lon="-1.751945000141859">
        <ele>210</ele>
      </trkpt>
      <trkpt lat="43.318678988143802" lon="-1.751755988225341">
        <ele>211</ele>
      </trkpt>
      <trkpt lat="43.318605981767178" lon="-1.751468991860747">
        <ele>213</ele>
      </trkpt>
      <trkpt lat="43.318497017025948" lon="-1.751315016299486">
        <ele>215</ele>
      </trkpt>
      <trkpt lat="43.318440020084381" lon="-1.751247961074114">
        <ele>215</ele>
      </trkpt>
      <trkpt lat="43.318359972909093" lon="-1.751153999939561">
        <ele>216</ele>
      </trkpt>
      <trkpt lat="43.318275986239314" lon="-1.751115024089813">
        <ele>217</ele>
      </trkpt>
      <trkpt lat="43.318180013448" lon="-1.751117035746574">
        <ele>222</ele>
      </trkpt>
      <trkpt lat="43.318074988201261" lon="-1.751162968575954">
        <ele>223</ele>
      </trkpt>
      <trkpt lat="43.317864015698433" lon="-1.751271011307836">
        <ele>226</ele>
      </trkpt>
      <trkpt lat="43.317794026806951" lon="-1.751380981877446">
        <ele>226</ele>
      </trkpt>
      <trkpt lat="43.317756978794932" lon="-1.751458011567593">
        <ele>226</ele>
      </trkpt>
      <trkpt lat="43.317747004330158" lon="-1.751489024609327">
        <ele>226</ele>
      </trkpt>
      <trkpt lat="43.317684978246689" lon="-1.751592038199306">
        <ele>229</ele>
      </trkpt>
      <trkpt lat="43.317553969100118" lon="-1.751623973250389">
        <ele>233</ele>
      </trkpt>
      <trkpt lat="43.317383984103799" lon="-1.751737967133522">
        <ele>236</ele>
      </trkpt>
      <trkpt lat="43.317309971898794" lon="-1.751790018752217">
        <ele>235</ele>
      </trkpt>
      <trkpt lat="43.317108973860741" lon="-1.75188397988677">
        <ele>237</ele>
      </trkpt>
      <trkpt lat="43.31706203520298" lon="-1.751869982108474">
        <ele>239</ele>
      </trkpt>
      <trkpt lat="43.316930020228028" lon="-1.751810973510146">
        <ele>243</ele>
      </trkpt>
      <trkpt lat="43.31671804189682" lon="-1.751824971288443">
        <ele>245</ele>
      </trkpt>
      <trkpt lat="43.316622991114855" lon="-1.752020018175244">
        <ele>247</ele>
      </trkpt>
      <trkpt lat="43.316533975303173" lon="-1.752234008163214">
        <ele>249</ele>
      </trkpt>
      <trkpt lat="43.316479995846748" lon="-1.752276001498103">
        <ele>250</ele>
      </trkpt>
      <trkpt lat="43.31641897559166" lon="-1.752320006489754">
        <ele>253</ele>
      </trkpt>
      <trkpt lat="43.316275980323553" lon="-1.752324029803276">
        <ele>256</ele>
      </trkpt>
      <trkpt lat="43.316101972013712" lon="-1.752368034794927">
        <ele>257</ele>
      </trkpt>
      <trkpt lat="43.315937016159296" lon="-1.752545982599258">
        <ele>258</ele>
      </trkpt>
      <trkpt lat="43.315923018381" lon="-1.752555035054684">
        <ele>258</ele>
      </trkpt>
      <trkpt lat="43.315832996740937" lon="-1.75257196649909">
        <ele>262</ele>
      </trkpt>
      <trkpt lat="43.315596962347627" lon="-1.752481022849679">
        <ele>266</ele>
      </trkpt>
      <trkpt lat="43.315436029806733" lon="-1.752556040883064">
        <ele>268</ele>
      </trkpt>
      <trkpt lat="43.315325975418091" lon="-1.752709010615945">
        <ele>269</ele>
      </trkpt>
      <trkpt lat="43.315282976254821" lon="-1.75274396315217">
        <ele>269</ele>
      </trkpt>
      <trkpt lat="43.315249029546976" lon="-1.752803977578878">
        <ele>271</ele>
      </trkpt>
      <trkpt lat="43.315166970714927" lon="-1.752927023917437">
        <ele>275</ele>
      </trkpt>
      <trkpt lat="43.315154984593391" lon="-1.752974968403578">
        <ele>276</ele>
      </trkpt>
      <trkpt lat="43.315002014860511" lon="-1.753246961161494">
        <ele>278</ele>
      </trkpt>
      <trkpt lat="43.314847033470869" lon="-1.753398003056645">
        <ele>278</ele>
      </trkpt>
      <trkpt lat="43.31480897963047" lon="-1.753445025533438">
        <ele>278</ele>
      </trkpt>
      <trkpt lat="43.314777966588736" lon="-1.753513002768159">
        <ele>279</ele>
      </trkpt>
      <trkpt lat="43.314756006002426" lon="-1.753578968346119">
        <ele>283</ele>
      </trkpt>
      <trkpt lat="43.314647041261196" lon="-1.753823971375823">
        <ele>287</ele>
      </trkpt>
      <trkpt lat="43.314640000462532" lon="-1.753846015781164">
        <ele>287</ele>
      </trkpt>
      <trkpt lat="43.314536986872554" lon="-1.754065034911037">
        <ele>287</ele>
      </trkpt>
      <trkpt lat="43.314536986872554" lon="-1.754065034911037">
        <ele>286</ele>
      </trkpt>
      <trkpt lat="43.314508991315961" lon="-1.754034021869302">
        <ele>288</ele>
      </trkpt>
      <trkpt lat="43.31439801491797" lon="-1.753997979685664">
        <ele>292</ele>
      </trkpt>
      <trkpt lat="43.314296007156372" lon="-1.754002002999187">
        <ele>293</ele>
      </trkpt>
      <trkpt lat="43.314127027988434" lon="-1.754126977175474">
        <ele>296</ele>
      </trkpt>
      <trkpt lat="43.31405402161181" lon="-1.754212975502014">
        <ele>297</ele>
      </trkpt>
      <trkpt lat="43.314017979428172" lon="-1.754157990217209">
        <ele>298</ele>
      </trkpt>
      <trkpt lat="43.313993001356721" lon="-1.754020024091005">
        <ele>299</ele>
      </trkpt>
      <trkpt lat="43.314002975821495" lon="-1.753976019099355">
        <ele>299</ele>
      </trkpt>
      <trkpt lat="43.314008004963398" lon="-1.753797987475991">
        <ele>300</ele>
      </trkpt>
      <trkpt lat="43.314020996913314" lon="-1.753602018579841">
        <ele>300</ele>
      </trkpt>
      <trkpt lat="43.314070031046867" lon="-1.753458017483354">
        <ele>301</ele>
      </trkpt>
      <trkpt lat="43.31409702077508" lon="-1.753355003893375">
        <ele>305</ele>
      </trkpt>
      <trkpt lat="43.314109006896615" lon="-1.753309993073344">
        <ele>307</ele>
      </trkpt>
      <trkpt lat="43.314112024381757" lon="-1.75306398421526">
        <ele>309</ele>
      </trkpt>
      <trkpt lat="43.314100038260221" lon="-1.752743041142821">
        <ele>312</ele>
      </trkpt>
      <trkpt lat="43.314091991633177" lon="-1.752690989524126">
        <ele>312</ele>
      </trkpt>
      <trkpt lat="43.314073970541358" lon="-1.75259099341929">
        <ele>312</ele>
      </trkpt>
      <trkpt lat="43.314065001904964" lon="-1.75239996984601">
        <ele>313</ele>
      </trkpt>
      <trkpt lat="43.314059972763062" lon="-1.752322018146515">
        <ele>313</ele>
      </trkpt>
      <trkpt lat="43.314066007733345" lon="-1.752222022041678">
        <ele>314</ele>
      </trkpt>
      <trkpt lat="43.31414395943284" lon="-1.751978024840355">
        <ele>316</ele>
      </trkpt>
      <trkpt lat="43.314193999394774" lon="-1.751855984330177">
        <ele>317</ele>
      </trkpt>
      <trkpt lat="43.314216965809464" lon="-1.751587009057403">
        <ele>319</ele>
      </trkpt>
      <trkpt lat="43.314138008281589" lon="-1.751354997977614">
        <ele>322</ele>
      </trkpt>
      <trkpt lat="43.313956959173083" lon="-1.751104965806007">
        <ele>324</ele>
      </trkpt>
      <trkpt lat="43.313875989988446" lon="-1.751014022156596">
        <ele>324</ele>
      </trkpt>
      <trkpt lat="43.313769958913326" lon="-1.750899022445083">
        <ele>326</ele>
      </trkpt>
      <trkpt lat="43.3137540332973" lon="-1.750888964161277">
        <ele>326</ele>
      </trkpt>
      <trkpt lat="43.313692007213831" lon="-1.750845964998007">
        <ele>330</ele>
      </trkpt>
      <trkpt lat="43.313601985573769" lon="-1.750797014683485">
        <ele>331</ele>
      </trkpt>
      <trkpt lat="43.313404005020857" lon="-1.750801037997007">
        <ele>333</ele>
      </trkpt>
      <trkpt lat="43.313404005020857" lon="-1.750801037997007">
        <ele>333</ele>
      </trkpt>
      <trkpt lat="43.313336027786136" lon="-1.750860968604684">
        <ele>332</ele>
      </trkpt>
      <trkpt lat="43.313336027786136" lon="-1.750860968604684">
        <ele>332</ele>
      </trkpt>
      <trkpt lat="43.31330400891602" lon="-1.750900028273463">
        <ele>333</ele>
      </trkpt>
      <trkpt lat="43.313253968954086" lon="-1.750947972759605">
        <ele>337</ele>
      </trkpt>
      <trkpt lat="43.313074009492993" lon="-1.751117035746574">
        <ele>340</ele>
      </trkpt>
      <trkpt lat="43.312903018668294" lon="-1.751299006864429">
        <ele>343</ele>
      </trkpt>
      <trkpt lat="43.312753988429904" lon="-1.751524982973933">
        <ele>345</ele>
      </trkpt>
      <trkpt lat="43.312700008973479" lon="-1.751589020714164">
        <ele>345</ele>
      </trkpt>
      <trkpt lat="43.312556007876992" lon="-1.751740984618664">
        <ele>346</ele>
      </trkpt>
      <trkpt lat="43.31240002065897" lon="-1.751847015693784">
        <ele>346</ele>
      </trkpt>
      <trkpt lat="43.312259037047625" lon="-1.75209503620863">
        <ele>347</ele>
      </trkpt>
      <trkpt lat="43.312177984043956" lon="-1.752351019531488">
        <ele>348</ele>
      </trkpt>
      <trkpt lat="43.312159962952137" lon="-1.75267799757421">
        <ele>350</ele>
      </trkpt>
      <trkpt lat="43.312169015407562" lon="-1.752947978675365">
        <ele>351</ele>
      </trkpt>
      <trkpt lat="43.312182007357478" lon="-1.753201028332114">
        <ele>352</ele>
      </trkpt>
      <trkpt lat="43.312184019014239" lon="-1.753388028591871">
        <ele>354</ele>
      </trkpt>
      <trkpt lat="43.31218502484262" lon="-1.753674019128084">
        <ele>356</ele>
      </trkpt>
      <trkpt lat="43.312172032892704" lon="-1.753933019936085">
        <ele>358</ele>
      </trkpt>
      <trkpt lat="43.312136996537447" lon="-1.754244994372129">
        <ele>360</ele>
      </trkpt>
      <trkpt lat="43.312086034566164" lon="-1.754330992698669">
        <ele>360</ele>
      </trkpt>
      <trkpt lat="43.312015039846301" lon="-1.7543950304389">
        <ele>361</ele>
      </trkpt>
      <trkpt lat="43.311880007386208" lon="-1.754338033497334">
        <ele>361</ele>
      </trkpt>
      <trkpt lat="43.311742041260004" lon="-1.754283970221877">
        <ele>363</ele>
      </trkpt>
      <trkpt lat="43.31167196854949" lon="-1.754306014627218">
        <ele>364</ele>
      </trkpt>
      <trkpt lat="43.311593011021614" lon="-1.754378015175462">
        <ele>366</ele>
      </trkpt>
      <trkpt lat="43.311546994373202" lon="-1.75441799685359">
        <ele>367</ele>
      </trkpt>
      <trkpt lat="43.311493014916778" lon="-1.754475999623537">
        <ele>368</ele>
      </trkpt>
      <trkpt lat="43.311437023803592" lon="-1.754549006000161">
        <ele>371</ele>
      </trkpt>
      <trkpt lat="43.311377009376884" lon="-1.754613965749741">
        <ele>375</ele>
      </trkpt>
      <trkpt lat="43.31132797524333" lon="-1.754652019590139">
        <ele>378</ele>
      </trkpt>
      <trkpt lat="43.311302997171879" lon="-1.754656964913011">
        <ele>378</ele>
      </trkpt>
      <trkpt lat="43.311229990795255" lon="-1.754643972963095">
        <ele>380</ele>
      </trkpt>
      <trkpt lat="43.311201995238662" lon="-1.754655037075281">
        <ele>381</ele>
      </trkpt>
      <trkpt lat="43.311157990247011" lon="-1.754670040681958">
        <ele>382</ele>
      </trkpt>
      <trkpt lat="43.311049025505781" lon="-1.754687977954745">
        <ele>387</ele>
      </trkpt>
      <trkpt lat="43.311036033555865" lon="-1.754681020975113">
        <ele>386</ele>
      </trkpt>
      <trkpt lat="43.310776026919484" lon="-1.754580019041896">
        <ele>389</ele>
      </trkpt>
      <trkpt lat="43.310716012492776" lon="-1.754571972414851">
        <ele>390</ele>
      </trkpt>
      <trkpt lat="43.310618028044701" lon="-1.754540959373117">
        <ele>392</ele>
      </trkpt>
      <trkpt lat="43.310543010011315" lon="-1.754531990736723">
        <ele>397</ele>
      </trkpt>
      <trkpt lat="43.310458017513156" lon="-1.754506006836891">
        <ele>399</ele>
      </trkpt>
      <trkpt lat="43.310266993939877" lon="-1.754464013502002">
        <ele>400</ele>
      </trkpt>
      <trkpt lat="43.31016699783504" lon="-1.754458984360099">
        <ele>401</ele>
      </trkpt>
      <trkpt lat="43.31014595925808" lon="-1.754466025158763">
        <ele>402</ele>
      </trkpt>
      <trkpt lat="43.310126010328531" lon="-1.754477005451918">
        <ele>402</ele>
      </trkpt>
      <trkpt lat="43.310056021437049" lon="-1.754488991573453">
        <ele>405</ele>
      </trkpt>
      <trkpt lat="43.309917971491814" lon="-1.754525033757091">
        <ele>409</ele>
      </trkpt>
      <trkpt lat="43.309782017022371" lon="-1.754559986293316">
        <ele>411</ele>
      </trkpt>
      <trkpt lat="43.309588981792331" lon="-1.754618994891644">
        <ele>412</ele>
      </trkpt>
      <trkpt lat="43.309383960440755" lon="-1.754690995439887">
        <ele>412</ele>
      </trkpt>
      <trkpt lat="43.309341967105865" lon="-1.7546989582479">
        <ele>412</ele>
      </trkpt>
      <trkpt lat="43.309124959632754" lon="-1.754647996276617">
        <ele>413</ele>
      </trkpt>
      <trkpt lat="43.308909963816404" lon="-1.754588987678289">
        <ele>414</ele>
      </trkpt>
      <trkpt lat="43.308810973539948" lon="-1.754543976858258">
        <ele>415</ele>
      </trkpt>
      <trkpt lat="43.308753976598382" lon="-1.754506006836891">
        <ele>415</ele>
      </trkpt>
      <trkpt lat="43.30866102129221" lon="-1.754471976310015">
        <ele>415</ele>
      </trkpt>
      <trkpt lat="43.308463040739298" lon="-1.75439796410501">
        <ele>416</ele>
      </trkpt>
      <trkpt lat="43.308233041316271" lon="-1.75431095995009">
        <ele>418</ele>
      </trkpt>
      <trkpt lat="43.308060960844159" lon="-1.754405004903674">
        <ele>419</ele>
      </trkpt>
      <trkpt lat="43.307999018579721" lon="-1.754405004903674">
        <ele>419</ele>
      </trkpt>
      <trkpt lat="43.307795003056526" lon="-1.754398969933391">
        <ele>419</ele>
      </trkpt>
      <trkpt lat="43.307745968922973" lon="-1.754465019330382">
        <ele>420</ele>
      </trkpt>
      <trkpt lat="43.307703975588083" lon="-1.754593010991812">
        <ele>422</ele>
      </trkpt>
      <trkpt lat="43.307672040537" lon="-1.754612037912011">
        <ele>422</ele>
      </trkpt>
      <trkpt lat="43.307517981156707" lon="-1.754707004874945">
        <ele>423</ele>
      </trkpt>
      <trkpt lat="43.307307008653879" lon="-1.754783028736711">
        <ele>425</ele>
      </trkpt>
      <trkpt lat="43.307100981473923" lon="-1.75491102039814">
        <ele>427</ele>
      </trkpt>
      <trkpt lat="43.30698799341917" lon="-1.754952007904649">
        <ele>429</ele>
      </trkpt>
      <trkpt lat="43.30681499093771" lon="-1.755037000402808">
        <ele>429</ele>
      </trkpt>
      <trkpt lat="43.306650035083294" lon="-1.75516901537776">
        <ele>430</ele>
      </trkpt>
      <trkpt lat="43.30645096488297" lon="-1.755360960960388">
        <ele>432</ele>
      </trkpt>
      <trkpt lat="43.30619397573173" lon="-1.755551984533668">
        <ele>434</ele>
      </trkpt>
      <trkpt lat="43.305943021550775" lon="-1.755705960094929">
        <ele>437</ele>
      </trkpt>
      <trkpt lat="43.305847970768809" lon="-1.755726998671889">
        <ele>438</ele>
      </trkpt>
      <trkpt lat="43.305844031274319" lon="-1.755744013935328">
        <ele>438</ele>
      </trkpt>
      <trkpt lat="43.305657031014562" lon="-1.755950963124633">
        <ele>438</ele>
      </trkpt>
      <trkpt lat="43.305462989956141" lon="-1.755977030843496">
        <ele>437</ele>
      </trkpt>
      <trkpt lat="43.305286969989538" lon="-1.756106028333306">
        <ele>435</ele>
      </trkpt>
      <trkpt lat="43.305164007470012" lon="-1.756199989467859">
        <ele>433</ele>
      </trkpt>
      <trkpt lat="43.305128971114755" lon="-1.75624500028789">
        <ele>433</ele>
      </trkpt>
      <trkpt lat="43.30509502440691" lon="-1.756281964480877">
        <ele>432</ele>
      </trkpt>
      <trkpt lat="43.305001985281706" lon="-1.756102005019784">
        <ele>430</ele>
      </trkpt>
      <trkpt lat="43.304863013327122" lon="-1.756128994747996">
        <ele>427</ele>
      </trkpt>
      <trkpt lat="43.30475103110075" lon="-1.756318006664515">
        <ele>427</ele>
      </trkpt>
      <trkpt lat="43.304693028330803" lon="-1.756435018032789">
        <ele>426</ele>
      </trkpt>
      <trkpt lat="43.304695039987564" lon="-1.75643602386117">
        <ele>426</ele>
      </trkpt>
      <trkpt lat="43.304694034159184" lon="-1.756439041346312">
        <ele>426</ele>
      </trkpt>
      <trkpt lat="43.304694034159184" lon="-1.756439041346312">
        <ele>426</ele>
      </trkpt>
      <trkpt lat="43.3046879991889" lon="-1.756440969184041">
        <ele>426</ele>
      </trkpt>
      <trkpt lat="43.304690010845661" lon="-1.756447004154325">
        <ele>426</ele>
      </trkpt>
      <trkpt lat="43.304690010845661" lon="-1.756447004154325">
        <ele>426</ele>
      </trkpt>
      <trkpt lat="43.304689005017281" lon="-1.756448009982705">
        <ele>426</ele>
      </trkpt>
      <trkpt lat="43.304684981703758" lon="-1.756452033296228">
        <ele>426</ele>
      </trkpt>
      <trkpt lat="43.304680958390236" lon="-1.75645899027586">
        <ele>426</ele>
      </trkpt>
      <trkpt lat="43.304680958390236" lon="-1.75645899027586">
        <ele>426</ele>
      </trkpt>
      <trkpt lat="43.304680958390236" lon="-1.756461001932621">
        <ele>425</ele>
      </trkpt>
      <trkpt lat="43.304569981992245" lon="-1.756665017455816">
        <ele>423</ele>
      </trkpt>
      <trkpt lat="43.304513990879059" lon="-1.756765013560653">
        <ele>423</ele>
      </trkpt>
      <trkpt lat="43.304456993937492" lon="-1.75695301964879">
        <ele>420</ele>
      </trkpt>
      <trkpt lat="43.304453976452351" lon="-1.756981015205383">
        <ele>420</ele>
      </trkpt>
      <trkpt lat="43.304370995610952" lon="-1.757148988544941">
        <ele>418</ele>
      </trkpt>
      <trkpt lat="43.304309975355864" lon="-1.757461968809366">
        <ele>416</ele>
      </trkpt>
      <trkpt lat="43.304249960929155" lon="-1.757764974609017">
        <ele>416</ele>
      </trkpt>
      <trkpt lat="43.304226994514465" lon="-1.757872011512518">
        <ele>416</ele>
      </trkpt>
      <trkpt lat="43.304195981472731" lon="-1.757995979860425">
        <ele>416</ele>
      </trkpt>
      <trkpt lat="43.304159017279744" lon="-1.758105028420687">
        <ele>417</ele>
      </trkpt>
      <trkpt lat="43.304050974547863" lon="-1.758323963731527">
        <ele>418</ele>
      </trkpt>
      <trkpt lat="43.303927006199956" lon="-1.758550023660064">
        <ele>418</ele>
      </trkpt>
      <trkpt lat="43.303823992609978" lon="-1.75877901725471">
        <ele>420</ele>
      </trkpt>
      <trkpt lat="43.303691977635026" lon="-1.758995018899441">
        <ele>421</ele>
      </trkpt>
      <trkpt lat="43.303571026772261" lon="-1.759277991950512">
        <ele>420</ele>
      </trkpt>
      <trkpt lat="43.303477987647057" lon="-1.759545961394906">
        <ele>423</ele>
      </trkpt>
      <trkpt lat="43.303337004035711" lon="-1.759759029373527">
        <ele>424</ele>
      </trkpt>
      <trkpt lat="43.303170036524534" lon="-1.76004895940423">
        <ele>424</ele>
      </trkpt>
      <trkpt lat="43.303003991022706" lon="-1.760348025709391">
        <ele>425</ele>
      </trkpt>
      <trkpt lat="43.302850015461445" lon="-1.760753039270639">
        <ele>425</ele>
      </trkpt>
      <trkpt lat="43.302815984934568" lon="-1.760802995413542">
        <ele>425</ele>
      </trkpt>
      <trkpt lat="43.302756976336241" lon="-1.760865021497011">
        <ele>425</ele>
      </trkpt>
      <trkpt lat="43.302596965804696" lon="-1.761039029806852">
        <ele>424</ele>
      </trkpt>
      <trkpt lat="43.302433015778661" lon="-1.761191999539733">
        <ele>424</ele>
      </trkpt>
      <trkpt lat="43.302335031330585" lon="-1.761318985372782">
        <ele>424</ele>
      </trkpt>
      <trkpt lat="43.302188012748957" lon="-1.761469021439552">
        <ele>425</ele>
      </trkpt>
      <trkpt lat="43.302034959197044" lon="-1.761631965637207">
        <ele>426</ele>
      </trkpt>
      <trkpt lat="43.301936974748969" lon="-1.761753000319004">
        <ele>427</ele>
      </trkpt>
      <trkpt lat="43.301837984472513" lon="-1.761878980323672">
        <ele>427</ele>
      </trkpt>
      <trkpt lat="43.301806971430779" lon="-1.761906975880265">
        <ele>428</ele>
      </trkpt>
      <trkpt lat="43.301721978932619" lon="-1.762038990855217">
        <ele>430</ele>
      </trkpt>
      <trkpt lat="43.301608990877867" lon="-1.762260021641851">
        <ele>433</ele>
      </trkpt>
      <trkpt lat="43.301461972296238" lon="-1.762522961944342">
        <ele>433</ele>
      </trkpt>
      <trkpt lat="43.301434982568026" lon="-1.762607032433152">
        <ele>434</ele>
      </trkpt>
      <trkpt lat="43.30142299644649" lon="-1.762651959434152">
        <ele>434</ele>
      </trkpt>
      <trkpt lat="43.301363987848163" lon="-1.762850023806095">
        <ele>435</ele>
      </trkpt>
      <trkpt lat="43.301350995898247" lon="-1.76297097466886">
        <ele>432</ele>
      </trkpt>
      <trkpt lat="43.301349990069866" lon="-1.763074994087219">
        <ele>428</ele>
      </trkpt>
      <trkpt lat="43.301341021433473" lon="-1.763095026835799">
        <ele>428</ele>
      </trkpt>
      <trkpt lat="43.301212023943663" lon="-1.763385962694883">
        <ele>426</ele>
      </trkpt>
      <trkpt lat="43.301074979826808" lon="-1.76352996379137">
        <ele>424</ele>
      </trkpt>
      <trkpt lat="43.3008439745754" lon="-1.763514960184693">
        <ele>422</ele>
      </trkpt>
      <trkpt lat="43.300610035657883" lon="-1.763640018180013">
        <ele>419</ele>
      </trkpt>
      <trkpt lat="43.300480032339692" lon="-1.763730961829424">
        <ele>417</ele>
      </trkpt>
      <trkpt lat="43.300432004034519" lon="-1.763781001791358">
        <ele>417</ele>
      </trkpt>
      <trkpt lat="43.3002620190382" lon="-1.763958027586341">
        <ele>414</ele>
      </trkpt>
      <trkpt lat="43.300250032916665" lon="-1.763972025364637">
        <ele>414</ele>
      </trkpt>
      <trkpt lat="43.300105025991797" lon="-1.764104962348938">
        <ele>412</ele>
      </trkpt>
      <trkpt lat="43.299964964389801" lon="-1.764313001185656">
        <ele>409</ele>
      </trkpt>
      <trkpt lat="43.299844013527036" lon="-1.764506036415696">
        <ele>407</ele>
      </trkpt>
      <trkpt lat="43.299822974950075" lon="-1.764548029750586">
        <ele>407</ele>
      </trkpt>
      <trkpt lat="43.299647960811853" lon="-1.764766965061426">
        <ele>405</ele>
      </trkpt>
      <trkpt lat="43.299473030492663" lon="-1.764842988923192">
        <ele>404</ele>
      </trkpt>
      <trkpt lat="43.299290975555778" lon="-1.764895962551236">
        <ele>403</ele>
      </trkpt>
      <trkpt lat="43.299135994166136" lon="-1.765005011111498">
        <ele>402</ele>
      </trkpt>
      <trkpt lat="43.299034992232919" lon="-1.765048010274768">
        <ele>402</ele>
      </trkpt>
      <trkpt lat="43.298916975036263" lon="-1.764897974207997">
        <ele>400</ele>
      </trkpt>
      <trkpt lat="43.29884497448802" lon="-1.764650037512183">
        <ele>399</ele>
      </trkpt>
      <trkpt lat="43.298753025010228" lon="-1.764375027269125">
        <ele>398</ele>
      </trkpt>
      <trkpt lat="43.298737015575171" lon="-1.764338985085487">
        <ele>397</ele>
      </trkpt>
      <trkpt lat="43.298652023077011" lon="-1.764164976775646">
        <ele>396</ele>
      </trkpt>
      <trkpt lat="43.298509027808905" lon="-1.763887032866478">
        <ele>394</ele>
      </trkpt>
      <trkpt lat="43.298398973420262" lon="-1.763625014573336">
        <ele>393</ele>
      </trkpt>
      <trkpt lat="43.298279028385878" lon="-1.763447988778353">
        <ele>391</ele>
      </trkpt>
      <trkpt lat="43.298123963177204" lon="-1.763218995183706">
        <ele>390</ele>
      </trkpt>
      <trkpt lat="43.298057997599244" lon="-1.76309997215867">
        <ele>390</ele>
      </trkpt>
      <trkpt lat="43.298050034791231" lon="-1.763087986037135">
        <ele>390</ele>
      </trkpt>
      <trkpt lat="43.297899998724461" lon="-1.762901991605759">
        <ele>389</ele>
      </trkpt>
      <trkpt lat="43.297850964590907" lon="-1.762838959693909">
        <ele>389</ele>
      </trkpt>
      <trkpt lat="43.29783302731812" lon="-1.762784980237484">
        <ele>389</ele>
      </trkpt>
      <trkpt lat="43.297777958214283" lon="-1.76271197386086">
        <ele>388</ele>
      </trkpt>
      <trkpt lat="43.297588024288416" lon="-1.76247401162982">
        <ele>388</ele>
      </trkpt>
      <trkpt lat="43.297428013756871" lon="-1.762264966964722">
        <ele>387</ele>
      </trkpt>
      <trkpt lat="43.297218969091773" lon="-1.762076960876584">
        <ele>386</ele>
      </trkpt>
      <trkpt lat="43.297073040157557" lon="-1.761956010013819">
        <ele>386</ele>
      </trkpt>
      <trkpt lat="43.297056024894118" lon="-1.761946035549045">
        <ele>386</ele>
      </trkpt>
      <trkpt lat="43.296815967187285" lon="-1.76182902418077">
        <ele>384</ele>
      </trkpt>
      <trkpt lat="43.296736003831029" lon="-1.76178895868361">
        <ele>384</ele>
      </trkpt>
      <trkpt lat="43.296571969985962" lon="-1.761755011975765">
        <ele>382</ele>
      </trkpt>
      <trkpt lat="43.296402990818024" lon="-1.761668007820845">
        <ele>381</ele>
      </trkpt>
      <trkpt lat="43.296266030520201" lon="-1.761581003665924">
        <ele>380</ele>
      </trkpt>
      <trkpt lat="43.296238034963608" lon="-1.761566000059247">
        <ele>380</ele>
      </trkpt>
      <trkpt lat="43.296195035800338" lon="-1.761536998674274">
        <ele>380</ele>
      </trkpt>
      <trkpt lat="43.296040976420045" lon="-1.761443959549069">
        <ele>378</ele>
      </trkpt>
      <trkpt lat="43.295860011130571" lon="-1.761354021728039">
        <ele>377</ele>
      </trkpt>
      <trkpt lat="43.295841990038753" lon="-1.761334994807839">
        <ele>377</ele>
      </trkpt>
      <trkpt lat="43.295778958126903" lon="-1.761323008686304">
        <ele>377</ele>
      </trkpt>
      <trkpt lat="43.295605033636093" lon="-1.761279003694654">
        <ele>376</ele>
      </trkpt>
      <trkpt lat="43.295566979795694" lon="-1.761282021179795">
        <ele>377</ele>
      </trkpt>
      <trkpt lat="43.295540995895863" lon="-1.761402972042561">
        <ele>376</ele>
      </trkpt>
      <trkpt lat="43.295574020594358" lon="-1.761539010331035">
        <ele>376</ele>
      </trkpt>
      <trkpt lat="43.29561903141439" lon="-1.761784013360739">
        <ele>375</ele>
      </trkpt>
      <trkpt lat="43.295661024749279" lon="-1.761903958395124">
        <ele>374</ele>
      </trkpt>
      <trkpt lat="43.295688014477491" lon="-1.762013006955385">
        <ele>374</ele>
      </trkpt>
      <trkpt lat="43.295738976448774" lon="-1.762119960039854">
        <ele>373</ele>
      </trkpt>
      <trkpt lat="43.29583696089685" lon="-1.762407040223479">
        <ele>372</ele>
      </trkpt>
      <trkpt lat="43.29592295922339" lon="-1.7626460082829">
        <ele>371</ele>
      </trkpt>
      <trkpt lat="43.295962018892169" lon="-1.76277601160109">
        <ele>370</ele>
      </trkpt>
      <trkpt lat="43.295982973650098" lon="-1.762836026027799">
        <ele>370</ele>
      </trkpt>
      <trkpt lat="43.296066960319877" lon="-1.763001987710595">
        <ele>368</ele>
      </trkpt>
      <trkpt lat="43.296118006110191" lon="-1.763073988258839">
        <ele>367</ele>
      </trkpt>
      <trkpt lat="43.296276004984975" lon="-1.763395015150309">
        <ele>365</ele>
      </trkpt>
      <trkpt lat="43.296305006369948" lon="-1.763495011255145">
        <ele>365</ele>
      </trkpt>
      <trkpt lat="43.29633099026978" lon="-1.76374202594161">
        <ele>365</ele>
      </trkpt>
      <trkpt lat="43.296345993876457" lon="-1.764104040339589">
        <ele>362</ele>
      </trkpt>
      <trkpt lat="43.296386981382966" lon="-1.764400005340576">
        <ele>361</ele>
      </trkpt>
      <trkpt lat="43.296446995809674" lon="-1.764670992270112">
        <ele>359</ele>
      </trkpt>
      <trkpt lat="43.296559983864427" lon="-1.764982966706157">
        <ele>357</ele>
      </trkpt>
      <trkpt lat="43.296611029654741" lon="-1.76531296223402">
        <ele>355</ele>
      </trkpt>
      <trkpt lat="43.29663097858429" lon="-1.765553019940853">
        <ele>353</ele>
      </trkpt>
      <trkpt lat="43.296627039089799" lon="-1.765798022970557">
        <ele>352</ele>
      </trkpt>
      <trkpt lat="43.296613963320851" lon="-1.766150984913111">
        <ele>350</ele>
      </trkpt>
      <trkpt lat="43.296642964705825" lon="-1.766229020431638">
        <ele>349</ele>
      </trkpt>
      <trkpt lat="43.296697027981281" lon="-1.766344020143151">
        <ele>348</ele>
      </trkpt>
      <trkpt lat="43.296777997165918" lon="-1.766575025394559">
        <ele>346</ele>
      </trkpt>
      <trkpt lat="43.296842034906149" lon="-1.766874007880688">
        <ele>343</ele>
      </trkpt>
      <trkpt lat="43.296841029077768" lon="-1.766966041177511">
        <ele>343</ele>
      </trkpt>
      <trkpt lat="43.29684698022902" lon="-1.767023038119078">
        <ele>342</ele>
      </trkpt>
      <trkpt lat="43.29682401381433" lon="-1.767184976488352">
        <ele>341</ele>
      </trkpt>
      <trkpt lat="43.296808004379272" lon="-1.767319003120065">
        <ele>340</ele>
      </trkpt>
      <trkpt lat="43.296812027692795" lon="-1.767405001446605">
        <ele>340</ele>
      </trkpt>
      <trkpt lat="43.296756036579609" lon="-1.767539028078318">
        <ele>339</ele>
      </trkpt>
      <trkpt lat="43.296723011881113" lon="-1.767482031136751">
        <ele>338</ele>
      </trkpt>
      <trkpt lat="43.296714965254068" lon="-1.767380023375154">
        <ele>337</ele>
      </trkpt>
      <trkpt lat="43.296705996617675" lon="-1.767118005082011">
        <ele>335</ele>
      </trkpt>
      <trkpt lat="43.296662997454405" lon="-1.766816005110741">
        <ele>332</ele>
      </trkpt>
      <trkpt lat="43.296595020219684" lon="-1.766637973487377">
        <ele>330</ele>
      </trkpt>
      <trkpt lat="43.296520002186298" lon="-1.766529008746147">
        <ele>329</ele>
      </trkpt>
      <trkpt lat="43.296472979709506" lon="-1.766437981277704">
        <ele>329</ele>
      </trkpt>
      <trkpt lat="43.296450013294816" lon="-1.766395987942815">
        <ele>328</ele>
      </trkpt>
      <trkpt lat="43.296321015805006" lon="-1.766216028481722">
        <ele>327</ele>
      </trkpt>
      <trkpt lat="43.296208027750254" lon="-1.76608300767839">
        <ele>325</ele>
      </trkpt>
      <trkpt lat="43.296154970303178" lon="-1.765928026288748">
        <ele>324</ele>
      </trkpt>
      <trkpt lat="43.296143990010023" lon="-1.765777990221977">
        <ele>323</ele>
      </trkpt>
      <trkpt lat="43.296105014160275" lon="-1.765628037974238">
        <ele>321</ele>
      </trkpt>
      <trkpt lat="43.296005018055439" lon="-1.765402983874083">
        <ele>319</ele>
      </trkpt>
      <trkpt lat="43.295995965600014" lon="-1.765388986095786">
        <ele>319</ele>
      </trkpt>
      <trkpt lat="43.295805025845766" lon="-1.765205003321171">
        <ele>316</ele>
      </trkpt>
      <trkpt lat="43.295778036117554" lon="-1.765168961137533">
        <ele>316</ele>
      </trkpt>
      <trkpt lat="43.295767977833748" lon="-1.765143983066082">
        <ele>315</ele>
      </trkpt>
      <trkpt lat="43.295766972005367" lon="-1.764930998906493">
        <ele>313</ele>
      </trkpt>
      <trkpt lat="43.295776024460793" lon="-1.764718014746904">
        <ele>312</ele>
      </trkpt>
      <trkpt lat="43.295750040560961" lon="-1.764607960358262">
        <ele>311</ele>
      </trkpt>
      <trkpt lat="43.295688014477491" lon="-1.764512993395329">
        <ele>310</ele>
      </trkpt>
      <trkpt lat="43.29549296759069" lon="-1.764248963445425">
        <ele>307</ele>
      </trkpt>
      <trkpt lat="43.295434964820743" lon="-1.764170005917549">
        <ele>306</ele>
      </trkpt>
      <trkpt lat="43.295442005619407" lon="-1.763923997059465">
        <ele>304</ele>
      </trkpt>
      <trkpt lat="43.295394983142614" lon="-1.763771027326584">
        <ele>303</ele>
      </trkpt>
      <trkpt lat="43.29527897760272" lon="-1.763629959896207">
        <ele>301</ele>
      </trkpt>
      <trkpt lat="43.295136988162994" lon="-1.763331983238459">
        <ele>298</ele>
      </trkpt>
      <trkpt lat="43.294986030086875" lon="-1.76314003765583">
        <ele>295</ele>
      </trkpt>
      <trkpt lat="43.294813027605414" lon="-1.76309997215867">
        <ele>293</ele>
      </trkpt>
      <trkpt lat="43.294787965714931" lon="-1.763094021007419">
        <ele>293</ele>
      </trkpt>
      <trkpt lat="43.294746978208423" lon="-1.763082034885883">
        <ele>293</ele>
      </trkpt>
      <trkpt lat="43.294671038165689" lon="-1.763069964945316">
        <ele>291</ele>
      </trkpt>
      <trkpt lat="43.294557966291904" lon="-1.763002993538976">
        <ele>290</ele>
      </trkpt>
      <trkpt lat="43.294422011822462" lon="-1.762816999107599">
        <ele>287</ele>
      </trkpt>
      <trkpt lat="43.294403990730643" lon="-1.762727983295918">
        <ele>286</ele>
      </trkpt>
      <trkpt lat="43.294280022382736" lon="-1.762526985257864">
        <ele>284</ele>
      </trkpt>
      <trkpt lat="43.294174997135997" lon="-1.762351971119642">
        <ele>282</ele>
      </trkpt>
      <trkpt lat="43.294062009081244" lon="-1.762188021093607">
        <ele>280</ele>
      </trkpt>
      <trkpt lat="43.293875008821487" lon="-1.761972019448876">
        <ele>279</ele>
      </trkpt>
      <trkpt lat="43.293788004666567" lon="-1.761803962290287">
        <ele>278</ele>
      </trkpt>
      <trkpt lat="43.293697983026505" lon="-1.761474972590804">
        <ele>277</ele>
      </trkpt>
      <trkpt lat="43.293639980256557" lon="-1.761092003434897">
        <ele>275</ele>
      </trkpt>
      <trkpt lat="43.293613996356726" lon="-1.760782962664962">
        <ele>273</ele>
      </trkpt>
      <trkpt lat="43.293478963896632" lon="-1.760660000145435">
        <ele>272</ele>
      </trkpt>
      <trkpt lat="43.293339991942048" lon="-1.760774999856949">
        <ele>270</ele>
      </trkpt>
      <trkpt lat="43.293288024142385" lon="-1.760848006233573">
        <ele>269</ele>
      </trkpt>
      <trkpt lat="43.293200014159083" lon="-1.760903997346759">
        <ele>269</ele>
      </trkpt>
      <trkpt lat="43.293020976707339" lon="-1.760986978188157">
        <ele>267</ele>
      </trkpt>
      <trkpt lat="43.292802963405848" lon="-1.761082028970122">
        <ele>266</ele>
      </trkpt>
      <trkpt lat="43.292747978121042" lon="-1.761122010648251">
        <ele>263</ele>
      </trkpt>
      <trkpt lat="43.292603977024555" lon="-1.761196022853255">
        <ele>260</ele>
      </trkpt>
      <trkpt lat="43.292488977313042" lon="-1.761240027844906">
        <ele>258</ele>
      </trkpt>
      <trkpt lat="43.292410019785166" lon="-1.76133600063622">
        <ele>255</ele>
      </trkpt>
      <trkpt lat="43.292559972032905" lon="-1.761322002857924">
        <ele>254</ele>
      </trkpt>
      <trkpt lat="43.2927639875561" lon="-1.761366007849574">
        <ele>252</ele>
      </trkpt>
      <trkpt lat="43.293012008070946" lon="-1.761346980929375">
        <ele>250</ele>
      </trkpt>
      <trkpt lat="43.293159026652575" lon="-1.761328037828207">
        <ele>249</ele>
      </trkpt>
      <trkpt lat="43.293286012485623" lon="-1.761301970109344">
        <ele>248</ele>
      </trkpt>
      <trkpt lat="43.293292969465256" lon="-1.761300964280963">
        <ele>248</ele>
      </trkpt>
      <trkpt lat="43.293267991393805" lon="-1.761529035866261">
        <ele>245</ele>
      </trkpt>
      <trkpt lat="43.293180987238884" lon="-1.761760041117668">
        <ele>243</ele>
      </trkpt>
      <trkpt lat="43.293161038309336" lon="-1.761817038059235">
        <ele>243</ele>
      </trkpt>
      <trkpt lat="43.293124996125698" lon="-1.762156002223492">
        <ele>239</ele>
      </trkpt>
      <trkpt lat="43.293167995288968" lon="-1.762249041348696">
        <ele>238</ele>
      </trkpt>
      <trkpt lat="43.293351978063583" lon="-1.762372003868222">
        <ele>236</ele>
      </trkpt>
      <trkpt lat="43.293407969176769" lon="-1.76247401162982">
        <ele>235</ele>
      </trkpt>
      <trkpt lat="43.293517017737031" lon="-1.762589011341333">
        <ele>233</ele>
      </trkpt>
      <trkpt lat="43.293717009946704" lon="-1.762882964685559">
        <ele>230</ele>
      </trkpt>
      <trkpt lat="43.29379403963685" lon="-1.763125034049153">
        <ele>229</ele>
      </trkpt>
      <trkpt lat="43.293824968859553" lon="-1.763439020141959">
        <ele>228</ele>
      </trkpt>
      <trkpt lat="43.293980034068227" lon="-1.763772033154964">
        <ele>225</ele>
      </trkpt>
      <trkpt lat="43.294130992144346" lon="-1.763968002051115">
        <ele>223</ele>
      </trkpt>
      <trkpt lat="43.294158987700939" lon="-1.764014018699527">
        <ele>223</ele>
      </trkpt>
      <trkpt lat="43.294344982132316" lon="-1.764228008687496">
        <ele>220</ele>
      </trkpt>
      <trkpt lat="43.294435003772378" lon="-1.76427997648716">
        <ele>219</ele>
      </trkpt>
      <trkpt lat="43.294468028470874" lon="-1.764320963993669">
        <ele>219</ele>
      </trkpt>
      <trkpt lat="43.294449001550674" lon="-1.764638973399997">
        <ele>217</ele>
      </trkpt>
      <trkpt lat="43.294514967128634" lon="-1.764833014458418">
        <ele>216</ele>
      </trkpt>
      <trkpt lat="43.294644970446825" lon="-1.765082962810993">
        <ele>214</ele>
      </trkpt>
      <trkpt lat="43.294691992923617" lon="-1.765334000810981">
        <ele>213</ele>
      </trkpt>
      <trkpt lat="43.294692998751998" lon="-1.765455035492778">
        <ele>213</ele>
      </trkpt>
      <trkpt lat="43.294666009023786" lon="-1.765522006899118">
        <ele>213</ele>
      </trkpt>
      <trkpt lat="43.294645976275206" lon="-1.765552014112473">
        <ele>212</ele>
      </trkpt>
      <trkpt lat="43.294550003483891" lon="-1.765480013564229">
        <ele>211</ele>
      </trkpt>
      <trkpt lat="43.294341964647174" lon="-1.765344981104136">
        <ele>209</ele>
      </trkpt>
      <trkpt lat="43.294249009341002" lon="-1.765240039676428">
        <ele>208</ele>
      </trkpt>
      <trkpt lat="43.29413702711463" lon="-1.76511699333787">
        <ele>207</ele>
      </trkpt>
      <trkpt lat="43.294001994654536" lon="-1.76501196809113">
        <ele>206</ele>
      </trkpt>
      <trkpt lat="43.293806025758386" lon="-1.7649030033499">
        <ele>204</ele>
      </trkpt>
      <trkpt lat="43.293617013841867" lon="-1.7647959664464">
        <ele>202</ele>
      </trkpt>
      <trkpt lat="43.293521963059902" lon="-1.764749027788639">
        <ele>201</ele>
      </trkpt>
      <trkpt lat="43.293504025787115" lon="-1.764746010303497">
        <ele>201</ele>
      </trkpt>
      <trkpt lat="43.29336597584188" lon="-1.764659006148577">
        <ele>199</ele>
      </trkpt>
      <trkpt lat="43.293286012485623" lon="-1.764565967023373">
        <ele>197</ele>
      </trkpt>
      <trkpt lat="43.293262962251902" lon="-1.764546018093824">
        <ele>197</ele>
      </trkpt>
      <trkpt lat="43.293110998347402" lon="-1.764394976198673">
        <ele>194</ele>
      </trkpt>
      <trkpt lat="43.292983006685972" lon="-1.764218034222722">
        <ele>192</ele>
      </trkpt>
      <trkpt lat="43.292961968109012" lon="-1.764189032837749">
        <ele>192</ele>
      </trkpt>
      <trkpt lat="43.292821990326047" lon="-1.7640430200845">
        <ele>191</ele>
      </trkpt>
      <trkpt lat="43.292752001434565" lon="-1.764001026749611">
        <ele>191</ele>
      </trkpt>
      <trkpt lat="43.292704978957772" lon="-1.763975964859128">
        <ele>191</ele>
      </trkpt>
      <trkpt lat="43.292551003396511" lon="-1.763965990394354">
        <ele>188</ele>
      </trkpt>
      <trkpt lat="43.292365008965135" lon="-1.763965990394354">
        <ele>185</ele>
      </trkpt>
      <trkpt lat="43.292226959019899" lon="-1.763926008716226">
        <ele>185</ele>
      </trkpt>
      <trkpt lat="43.292170967906713" lon="-1.763896001502872">
        <ele>182</ele>
      </trkpt>
      <trkpt lat="43.292116988450289" lon="-1.763876974582672">
        <ele>179</ele>
      </trkpt>
      <trkpt lat="43.291940968483686" lon="-1.763758035376668">
        <ele>176</ele>
      </trkpt>
      <trkpt lat="43.291722033172846" lon="-1.763643035665155">
        <ele>176</ele>
      </trkpt>
      <trkpt lat="43.291479041799903" lon="-1.763425022363663">
        <ele>174</ele>
      </trkpt>
      <trkpt lat="43.291258011013269" lon="-1.763251014053822">
        <ele>172</ele>
      </trkpt>
      <trkpt lat="43.291233032941818" lon="-1.763212038204074">
        <ele>172</ele>
      </trkpt>
      <trkpt lat="43.291043015196919" lon="-1.76301104016602">
        <ele>169</ele>
      </trkpt>
      <trkpt lat="43.291020970791578" lon="-1.762988995760679">
        <ele>169</ele>
      </trkpt>
      <trkpt lat="43.290940001606941" lon="-1.76288497634232">
        <ele>167</ele>
      </trkpt>
      <trkpt lat="43.290803963318467" lon="-1.76273200660944">
        <ele>165</ele>
      </trkpt>
      <trkpt lat="43.290784014388919" lon="-1.762723037973046">
        <ele>165</ele>
      </trkpt>
      <trkpt lat="43.290549991652369" lon="-1.762590017169714">
        <ele>162</ele>
      </trkpt>
      <trkpt lat="43.290355028584599" lon="-1.762616001069546">
        <ele>160</ele>
      </trkpt>
      <trkpt lat="43.290259977802634" lon="-1.762676015496254">
        <ele>159</ele>
      </trkpt>
      <trkpt lat="43.290075995028019" lon="-1.76279897801578">
        <ele>158</ele>
      </trkpt>
      <trkpt lat="43.289958983659744" lon="-1.76277601160109">
        <ele>157</ele>
      </trkpt>
      <trkpt lat="43.289738958701491" lon="-1.762741981074214">
        <ele>157</ele>
      </trkpt>
      <trkpt lat="43.289521029219031" lon="-1.762681966647506">
        <ele>156</ele>
      </trkpt>
      <trkpt lat="43.289307039231062" lon="-1.762624969705939">
        <ele>155</ele>
      </trkpt>
      <trkpt lat="43.289149040356278" lon="-1.762438975274563">
        <ele>155</ele>
      </trkpt>
      <trkpt lat="43.289093971252441" lon="-1.762341996654868">
        <ele>155</ele>
      </trkpt>
      <trkpt lat="43.28896296210587" lon="-1.762276031076908">
        <ele>155</ele>
      </trkpt>
      <trkpt lat="43.288804041221738" lon="-1.762261027470231">
        <ele>155</ele>
      </trkpt>
      <trkpt lat="43.28870396129787" lon="-1.762203024700284">
        <ele>155</ele>
      </trkpt>
      <trkpt lat="43.288520984351635" lon="-1.76232498139143">
        <ele>155</ele>
      </trkpt>
      <trkpt lat="43.288504974916577" lon="-1.762523967772722">
        <ele>155</ele>
      </trkpt>
      <trkpt lat="43.288517966866493" lon="-1.762635027989745">
        <ele>155</ele>
      </trkpt>
      <trkpt lat="43.288471028208733" lon="-1.762833008542657">
        <ele>155</ele>
      </trkpt>
      <trkpt lat="43.288434986025095" lon="-1.762987989932299">
        <ele>155</ele>
      </trkpt>
      <trkpt lat="43.288326021283865" lon="-1.763173984363675">
        <ele>156</ele>
      </trkpt>
      <trkpt lat="43.288288973271847" lon="-1.763241039589047">
        <ele>156</ele>
      </trkpt>
      <trkpt lat="43.288186965510249" lon="-1.76339702680707">
        <ele>157</ele>
      </trkpt>
      <trkpt lat="43.288152012974024" lon="-1.763520995154977">
        <ele>157</ele>
      </trkpt>
      <trkpt lat="43.288152012974024" lon="-1.763520995154977">
        <ele>157</ele>
      </trkpt>
      <trkpt lat="43.28812301158905" lon="-1.763633983209729">
        <ele>158</ele>
      </trkpt>
      <trkpt lat="43.288045981898904" lon="-1.763740014284849">
        <ele>159</ele>
      </trkpt>
      <trkpt lat="43.287999965250492" lon="-1.763844033703208">
        <ele>159</ele>
      </trkpt>
      <trkpt lat="43.287889994680882" lon="-1.764040002599359">
        <ele>160</ele>
      </trkpt>
      <trkpt lat="43.287857975810766" lon="-1.764075960963965">
        <ele>160</ele>
      </trkpt>
      <trkpt lat="43.287684973329306" lon="-1.764263967052102">
        <ele>161</ele>
      </trkpt>
      <trkpt lat="43.287630993872881" lon="-1.76432297565043">
        <ele>161</ele>
      </trkpt>
      <trkpt lat="43.287554970011115" lon="-1.764378966763616">
        <ele>161</ele>
      </trkpt>
      <trkpt lat="43.287333017215133" lon="-1.764530008658767">
        <ele>162</ele>
      </trkpt>
      <trkpt lat="43.287202008068562" lon="-1.764573007822037">
        <ele>163</ele>
      </trkpt>
      <trkpt lat="43.287162026390433" lon="-1.764583988115192">
        <ele>163</ele>
      </trkpt>
      <trkpt lat="43.286998998373747" lon="-1.764714997261763">
        <ele>163</ele>
      </trkpt>
      <trkpt lat="43.286979971453547" lon="-1.764782974496484">
        <ele>163</ele>
      </trkpt>
      <trkpt lat="43.28696396201849" lon="-1.764876013621688">
        <ele>164</ele>
      </trkpt>
      <trkpt lat="43.286905037239194" lon="-1.765135014429689">
        <ele>164</ele>
      </trkpt>
      <trkpt lat="43.286847034469247" lon="-1.765243979170919">
        <ele>165</ele>
      </trkpt>
      <trkpt lat="43.286761958152056" lon="-1.765366019681096">
        <ele>165</ele>
      </trkpt>
      <trkpt lat="43.286659028381109" lon="-1.765576992183924">
        <ele>165</ele>
      </trkpt>
      <trkpt lat="43.2866180408746" lon="-1.765624014660716">
        <ele>165</ele>
      </trkpt>
      <trkpt lat="43.28659700229764" lon="-1.765669025480747">
        <ele>165</ele>
      </trkpt>
      <trkpt lat="43.28653103671968" lon="-1.765858037397265">
        <ele>166</ele>
      </trkpt>
      <trkpt lat="43.286505974829197" lon="-1.765902964398265">
        <ele>166</ele>
      </trkpt>
      <trkpt lat="43.286460964009166" lon="-1.766136987134814">
        <ele>166</ele>
      </trkpt>
      <trkpt lat="43.286436991766095" lon="-1.766263972967863">
        <ele>166</ele>
      </trkpt>
      <trkpt lat="43.286398015916348" lon="-1.766310995444655">
        <ele>166</ele>
      </trkpt>
      <trkpt lat="43.286354010924697" lon="-1.766331028193235">
        <ele>167</ele>
      </trkpt>
      <trkpt lat="43.286326015368104" lon="-1.766333961859345">
        <ele>167</ele>
      </trkpt>
      <trkpt lat="43.286199029535055" lon="-1.76634200848639">
        <ele>167</ele>
      </trkpt>
      <trkpt lat="43.286037007346749" lon="-1.766370004042983">
        <ele>168</ele>
      </trkpt>
      <trkpt lat="43.285915972664952" lon="-1.766414009034634">
        <ele>169</ele>
      </trkpt>
      <trkpt lat="43.285675998777151" lon="-1.766472011804581">
        <ele>169</ele>
      </trkpt>
      <trkpt lat="43.285520011559129" lon="-1.766487015411258">
        <ele>170</ele>
      </trkpt>
      <trkpt lat="43.285383973270655" lon="-1.76659899763763">
        <ele>171</ele>
      </trkpt>
      <trkpt lat="43.285366035997868" lon="-1.76677200011909">
        <ele>172</ele>
      </trkpt>
      <trkpt lat="43.28524399548769" lon="-1.767069976776838">
        <ele>172</ele>
      </trkpt>
      <trkpt lat="43.285159002989531" lon="-1.767176007851958">
        <ele>173</ele>
      </trkpt>
      <trkpt lat="43.285053977742791" lon="-1.76735102199018">
        <ele>173</ele>
      </trkpt>
      <trkpt lat="43.28500896692276" lon="-1.767366025596857">
        <ele>174</ele>
      </trkpt>
      <trkpt lat="43.284906959161162" lon="-1.767449006438255">
        <ele>174</ele>
      </trkpt>
      <trkpt lat="43.284722976386547" lon="-1.767488988116384">
        <ele>174</ele>
      </trkpt>
      <trkpt lat="43.284561038017273" lon="-1.767575992271304">
        <ele>174</ele>
      </trkpt>
      <trkpt lat="43.284518038854003" lon="-1.767581021413207">
        <ele>174</ele>
      </trkpt>
      <trkpt lat="43.284500017762184" lon="-1.767607005313039">
        <ele>175</ele>
      </trkpt>
      <trkpt lat="43.284326009452343" lon="-1.767715970054269">
        <ele>175</ele>
      </trkpt>
      <trkpt lat="43.28416901640594" lon="-1.767813032492995">
        <ele>176</ele>
      </trkpt>
      <trkpt lat="43.284140015020967" lon="-1.767828958109021">
        <ele>176</ele>
      </trkpt>
      <trkpt lat="43.284092992544174" lon="-1.76784697920084">
        <ele>176</ele>
      </trkpt>
      <trkpt lat="43.283906998112798" lon="-1.767970025539398">
        <ele>177</ele>
      </trkpt>
      <trkpt lat="43.283819993957877" lon="-1.768251992762089">
        <ele>178</ele>
      </trkpt>
      <trkpt lat="43.283834997564554" lon="-1.768423989415169">
        <ele>178</ele>
      </trkpt>
      <trkpt lat="43.283839020878077" lon="-1.768501019105315">
        <ele>179</ele>
      </trkpt>
      <trkpt lat="43.283866010606289" lon="-1.768709979951382">
        <ele>179</ele>
      </trkpt>
      <trkpt lat="43.283891994506121" lon="-1.768859010189772">
        <ele>179</ele>
      </trkpt>
      <trkpt lat="43.283819993957877" lon="-1.769010974094272">
        <ele>179</ele>
      </trkpt>
      <trkpt lat="43.283776994794607" lon="-1.769252037629485">
        <ele>180</ele>
      </trkpt>
      <trkpt lat="43.283736007288098" lon="-1.76935002207756">
        <ele>180</ele>
      </trkpt>
      <trkpt lat="43.283687978982925" lon="-1.769425962120295">
        <ele>181</ele>
      </trkpt>
      <trkpt lat="43.283525034785271" lon="-1.769679011777043">
        <ele>182</ele>
      </trkpt>
      <trkpt lat="43.283484969288111" lon="-1.769706001505256">
        <ele>182</ele>
      </trkpt>
      <trkpt lat="43.28343995846808" lon="-1.769953016191721">
        <ele>182</ele>
      </trkpt>
      <trkpt lat="43.283341974020004" lon="-1.770193995907903">
        <ele>183</ele>
      </trkpt>
      <trkpt lat="43.283298974856734" lon="-1.770281000062823">
        <ele>184</ele>
      </trkpt>
      <trkpt lat="43.28326603397727" lon="-1.770376972854137">
        <ele>184</ele>
      </trkpt>
      <trkpt lat="43.283181041479111" lon="-1.770485015586019">
        <ele>184</ele>
      </trkpt>
      <trkpt lat="43.283100994303823" lon="-1.770569002255797">
        <ele>184</ele>
      </trkpt>
      <trkpt lat="43.283032011240721" lon="-1.770590962842107">
        <ele>185</ele>
      </trkpt>
      <trkpt lat="43.282899996265769" lon="-1.770679978653789">
        <ele>185</ele>
      </trkpt>
      <trkpt lat="43.282834030687809" lon="-1.770689031109214">
        <ele>185</ele>
      </trkpt>
      <trkpt lat="43.282724982127547" lon="-1.770763965323567">
        <ele>185</ele>
      </trkpt>
      <trkpt lat="43.282663961872458" lon="-1.770791038870812">
        <ele>185</ele>
      </trkpt>
      <trkpt lat="43.282500011846423" lon="-1.770949959754944">
        <ele>186</ele>
      </trkpt>
      <trkpt lat="43.282462041825056" lon="-1.770962029695511">
        <ele>186</ele>
      </trkpt>
      <trkpt lat="43.282358022406697" lon="-1.770969992503524">
        <ele>187</ele>
      </trkpt>
      <trkpt lat="43.282273029908538" lon="-1.770933028310537">
        <ele>187</ele>
      </trkpt>
      <trkpt lat="43.28206499107182" lon="-1.770902015268803">
        <ele>188</ele>
      </trkpt>
      <trkpt lat="43.281898023560643" lon="-1.770888017490506">
        <ele>189</ele>
      </trkpt>
      <trkpt lat="43.281711023300886" lon="-1.77096001803875">
        <ele>191</ele>
      </trkpt>
      <trkpt lat="43.281531985849142" lon="-1.771188005805016">
        <ele>191</ele>
      </trkpt>
      <trkpt lat="43.281426960602403" lon="-1.771493023261428">
        <ele>191</ele>
      </trkpt>
      <trkpt lat="43.281338028609753" lon="-1.771619003266096">
        <ele>191</ele>
      </trkpt>
      <trkpt lat="43.281256975606084" lon="-1.771629983559251">
        <ele>191</ele>
      </trkpt>
      <trkpt lat="43.281156979501247" lon="-1.771642975509167">
        <ele>191</ele>
      </trkpt>
      <trkpt lat="43.28107500448823" lon="-1.771659990772605">
        <ele>191</ele>
      </trkpt>
      <trkpt lat="43.280865959823132" lon="-1.771781025454402">
        <ele>191</ele>
      </trkpt>
      <trkpt lat="43.280651969835162" lon="-1.771871969103813">
        <ele>192</ele>
      </trkpt>
      <trkpt lat="43.280403027310967" lon="-1.77197003737092">
        <ele>192</ele>
      </trkpt>
      <trkpt lat="43.280368996784091" lon="-1.771994009613991">
        <ele>192</ele>
      </trkpt>
      <trkpt lat="43.280181996524334" lon="-1.77220799960196">
        <ele>192</ele>
      </trkpt>
      <trkpt lat="43.279985021799803" lon="-1.772440010681748">
        <ele>192</ele>
      </trkpt>
      <trkpt lat="43.279942022636533" lon="-1.772500025108457">
        <ele>192</ele>
      </trkpt>
      <trkpt lat="43.279860969632864" lon="-1.772762965410948">
        <ele>193</ele>
      </trkpt>
      <trkpt lat="43.279761979356408" lon="-1.773048033937812">
        <ele>194</ele>
      </trkpt>
      <trkpt lat="43.279705988243222" lon="-1.77308801561594">
        <ele>195</ele>
      </trkpt>
      <trkpt lat="43.279499039053917" lon="-1.773163033649325">
        <ele>198</ele>
      </trkpt>
      <trkpt lat="43.279432989656925" lon="-1.773322960361838">
        <ele>199</ele>
      </trkpt>
      <trkpt lat="43.279311032965779" lon="-1.773535022512078">
        <ele>202</ele>
      </trkpt>
      <trkpt lat="43.279135012999177" lon="-1.773828975856304">
        <ele>204</ele>
      </trkpt>
      <trkpt lat="43.279135012999177" lon="-1.773828975856304">
        <ele>204</ele>
      </trkpt>
      <trkpt lat="43.279097964987159" lon="-1.773951016366482">
        <ele>207</ele>
      </trkpt>
      <trkpt lat="43.279078016057611" lon="-1.774231977760792">
        <ele>209</ele>
      </trkpt>
      <trkpt lat="43.27897097915411" lon="-1.774429958313704">
        <ele>211</ele>
      </trkpt>
      <trkpt lat="43.278951030224562" lon="-1.774440016597509">
        <ele>211</ele>
      </trkpt>
      <trkpt lat="43.278850028291345" lon="-1.774453008547425">
        <ele>216</ele>
      </trkpt>
      <trkpt lat="43.278694963082671" lon="-1.774358041584492">
        <ele>218</ele>
      </trkpt>
      <trkpt lat="43.278530007228255" lon="-1.774330968037248">
        <ele>221</ele>
      </trkpt>
      <trkpt lat="43.278464041650295" lon="-1.774354018270969">
        <ele>223</ele>
      </trkpt>
      <trkpt lat="43.278296990320086" lon="-1.774598015472293">
        <ele>225</ele>
      </trkpt>
      <trkpt lat="43.278186013922095" lon="-1.774648977443576">
        <ele>226</ele>
      </trkpt>
      <trkpt lat="43.278001025319099" lon="-1.774760037660599">
        <ele>226</ele>
      </trkpt>
      <trkpt lat="43.277925001457334" lon="-1.774798007681966">
        <ele>229</ele>
      </trkpt>
      <trkpt lat="43.277866998687387" lon="-1.774824997410178">
        <ele>232</ele>
      </trkpt>
      <trkpt lat="43.277739007025957" lon="-1.774905966594815">
        <ele>236</ele>
      </trkpt>
      <trkpt lat="43.27750900760293" lon="-1.775019960477948">
        <ele>239</ele>
      </trkpt>
      <trkpt lat="43.27731597237289" lon="-1.775083998218179">
        <ele>241</ele>
      </trkpt>
      <trkpt lat="43.277146993204951" lon="-1.775060025975108">
        <ele>241</ele>
      </trkpt>
      <trkpt lat="43.277020007371902" lon="-1.774920970201492">
        <ele>241</ele>
      </trkpt>
      <trkpt lat="43.276990000158548" lon="-1.774709997698665">
        <ele>241</ele>
      </trkpt>
      <trkpt lat="43.27697298489511" lon="-1.774615030735731">
        <ele>241</ele>
      </trkpt>
      <trkpt lat="43.277001986280084" lon="-1.774296015501022">
        <ele>241</ele>
      </trkpt>
      <trkpt lat="43.277034005150199" lon="-1.773944981396198">
        <ele>241</ele>
      </trkpt>
      <trkpt lat="43.277066024020314" lon="-1.773595958948135">
        <ele>241</ele>
      </trkpt>
      <trkpt lat="43.277097959071398" lon="-1.773265963420272">
        <ele>241</ele>
      </trkpt>
      <trkpt lat="43.27720700763166" lon="-1.772924987599254">
        <ele>241</ele>
      </trkpt>
      <trkpt lat="43.27720700763166" lon="-1.772924987599254">
        <ele>241</ele>
      </trkpt>
      <trkpt lat="43.277192004024982" lon="-1.772838989272714">
        <ele>241</ele>
      </trkpt>
      <trkpt lat="43.277199966832995" lon="-1.772450990974903">
        <ele>241</ele>
      </trkpt>
      <trkpt lat="43.277169037610292" lon="-1.772439004853368">
        <ele>241</ele>
      </trkpt>
      <trkpt lat="43.277169037610292" lon="-1.772439004853368">
        <ele>241</ele>
      </trkpt>
      <trkpt lat="43.277126960456371" lon="-1.77235602401197">
        <ele>241</ele>
      </trkpt>
      <trkpt lat="43.277064012363553" lon="-1.772232977673411">
        <ele>241</ele>
      </trkpt>
      <trkpt lat="43.276959992945194" lon="-1.772194001823664">
        <ele>242</ele>
      </trkpt>
      <trkpt lat="43.276780033484101" lon="-1.772054024040699">
        <ele>243</ele>
      </trkpt>
      <trkpt lat="43.276593033224344" lon="-1.771900970488787">
        <ele>245</ele>
      </trkpt>
      <trkpt lat="43.276453977450728" lon="-1.771697038784623">
        <ele>246</ele>
      </trkpt>
      <trkpt lat="43.276331014931202" lon="-1.77147600799799">
        <ele>247</ele>
      </trkpt>
      <trkpt lat="43.27621903270483" lon="-1.771236034110189">
        <ele>248</ele>
      </trkpt>
      <trkpt lat="43.276103027164936" lon="-1.77096102386713">
        <ele>248</ele>
      </trkpt>
      <trkpt lat="43.27596296556294" lon="-1.770679978653789">
        <ele>248</ele>
      </trkpt>
      <trkpt lat="43.275841008871794" lon="-1.770454002544284">
        <ele>247</ele>
      </trkpt>
      <trkpt lat="43.275709999725223" lon="-1.770204976201057">
        <ele>247</ele>
      </trkpt>
      <trkpt lat="43.275644034147263" lon="-1.769885038957">
        <ele>245</ele>
      </trkpt>
      <trkpt lat="43.275602040812373" lon="-1.769774984568358">
        <ele>245</ele>
      </trkpt>
      <trkpt lat="43.275599023327231" lon="-1.769745983183384">
        <ele>245</ele>
      </trkpt>
      <trkpt lat="43.275536997243762" lon="-1.769438032060862">
        <ele>245</ele>
      </trkpt>
      <trkpt lat="43.275531968101859" lon="-1.769423028454185">
        <ele>245</ele>
      </trkpt>
      <trkpt lat="43.275409005582333" lon="-1.769154975190759">
        <ele>246</ele>
      </trkpt>
      <trkpt lat="43.275194009765983" lon="-1.768923969939351">
        <ele>246</ele>
      </trkpt>
      <trkpt lat="43.275039028376341" lon="-1.768868984654546">
        <ele>248</ele>
      </trkpt>
      <trkpt lat="43.27478002756834" lon="-1.768946014344692">
        <ele>248</ele>
      </trkpt>
      <trkpt lat="43.274581041187048" lon="-1.769071994349361">
        <ele>248</ele>
      </trkpt>
      <trkpt lat="43.274512980133295" lon="-1.769089009612799">
        <ele>248</ele>
      </trkpt>
      <trkpt lat="43.274441985413432" lon="-1.769080962985754">
        <ele>248</ele>
      </trkpt>
      <trkpt lat="43.274420024827123" lon="-1.769047016277909">
        <ele>248</ele>
      </trkpt>
      <trkpt lat="43.274292033165693" lon="-1.768926987424493">
        <ele>247</ele>
      </trkpt>
      <trkpt lat="43.274344000965357" lon="-1.768856998533011">
        <ele>247</ele>
      </trkpt>
      <trkpt lat="43.274345006793737" lon="-1.768854986876249">
        <ele>248</ele>
      </trkpt>
      <trkpt lat="43.274378031492233" lon="-1.768738981336355">
        <ele>252</ele>
      </trkpt>
      <trkpt lat="43.274417007341981" lon="-1.768776029348373">
        <ele>252</ele>
      </trkpt>
      <trkpt lat="43.274448020383716" lon="-1.768779968842864">
        <ele>254</ele>
      </trkpt>
      <trkpt lat="43.274461012333632" lon="-1.768728001043201">
        <ele>258</ele>
      </trkpt>
      <trkpt lat="43.27443603426218" lon="-1.768673015758395">
        <ele>260</ele>
      </trkpt>
      <trkpt lat="43.274375014007092" lon="-1.768437987193465">
        <ele>260</ele>
      </trkpt>
      <trkpt lat="43.274364033713937" lon="-1.768420971930027">
        <ele>260</ele>
      </trkpt>
      <trkpt lat="43.274279963225126" lon="-1.768156019970775">
        <ele>260</ele>
      </trkpt>
      <trkpt lat="43.274256996810436" lon="-1.768076978623867">
        <ele>260</ele>
      </trkpt>
      <trkpt lat="43.274210980162024" lon="-1.767985029146075">
        <ele>260</ele>
      </trkpt>
      <trkpt lat="43.274188013747334" lon="-1.767944963648915">
        <ele>260</ele>
      </trkpt>
      <trkpt lat="43.274188013747334" lon="-1.767944963648915">
        <ele>260</ele>
      </trkpt>
      <trkpt lat="43.274167980998755" lon="-1.767890984192491">
        <ele>261</ele>
      </trkpt>
      <trkpt lat="43.274062033742666" lon="-1.767785958945751">
        <ele>262</ele>
      </trkpt>
      <trkpt lat="43.273997996002436" lon="-1.767619997262955">
        <ele>262</ele>
      </trkpt>
      <trkpt lat="43.273992966860533" lon="-1.767380023375154">
        <ele>264</ele>
      </trkpt>
      <trkpt lat="43.273994978517294" lon="-1.767353033646941">
        <ele>264</ele>
      </trkpt>
      <trkpt lat="43.274004030972719" lon="-1.767269968986511">
        <ele>267</ele>
      </trkpt>
      <trkpt lat="43.274022974073887" lon="-1.767236022278667">
        <ele>268</ele>
      </trkpt>
      <trkpt lat="43.27409103512764" lon="-1.766936033964157">
        <ele>270</ele>
      </trkpt>
      <trkpt lat="43.274110984057188" lon="-1.766767976805568">
        <ele>272</ele>
      </trkpt>
      <trkpt lat="43.274109978228807" lon="-1.766754984855652">
        <ele>272</ele>
      </trkpt>
      <trkpt lat="43.274017022922635" lon="-1.766542000696063">
        <ele>273</ele>
      </trkpt>
      <trkpt lat="43.274039989337325" lon="-1.766505036503077">
        <ele>273</ele>
      </trkpt>
      <trkpt lat="43.274077959358692" lon="-1.766525991261005">
        <ele>277</ele>
      </trkpt>
      <trkpt lat="43.274108972400427" lon="-1.766477040946484">
        <ele>280</ele>
      </trkpt>
      <trkpt lat="43.274102015420794" lon="-1.766382995992899">
        <ele>282</ele>
      </trkpt>
      <trkpt lat="43.27409103512764" lon="-1.766251986846328">
        <ele>282</ele>
      </trkpt>
      <trkpt lat="43.273977041244507" lon="-1.766016036272049">
        <ele>283</ele>
      </trkpt>
      <trkpt lat="43.273933958262205" lon="-1.765916040167213">
        <ele>282</ele>
      </trkpt>
      <trkpt lat="43.273919960483909" lon="-1.765861976891756">
        <ele>284</ele>
      </trkpt>
      <trkpt lat="43.273903029039502" lon="-1.765780001878738">
        <ele>288</ele>
      </trkpt>
      <trkpt lat="43.2738789729774" lon="-1.765601970255375">
        <ele>291</ele>
      </trkpt>
      <trkpt lat="43.273838991299272" lon="-1.765227969735861">
        <ele>291</ele>
      </trkpt>
      <trkpt lat="43.273827005177736" lon="-1.76511799916625">
        <ele>295</ele>
      </trkpt>
      <trkpt lat="43.27379398047924" lon="-1.76500802859664">
        <ele>298</ele>
      </trkpt>
      <trkpt lat="43.27379297465086" lon="-1.764949019998312">
        <ele>299</ele>
      </trkpt>
      <trkpt lat="43.273815019056201" lon="-1.764592034742236">
        <ele>302</ele>
      </trkpt>
      <trkpt lat="43.27383697964251" lon="-1.764488015323877">
        <ele>303</ele>
      </trkpt>
      <trkpt lat="43.273844020441175" lon="-1.764460019767284">
        <ele>303</ele>
      </trkpt>
      <trkpt lat="43.273843014612794" lon="-1.764458008110523">
        <ele>303</ele>
      </trkpt>
      <trkpt lat="43.273829016834497" lon="-1.764359017834067">
        <ele>303</ele>
      </trkpt>
      <trkpt lat="43.273810995742679" lon="-1.764247035607696">
        <ele>302</ele>
      </trkpt>
      <trkpt lat="43.273805966600776" lon="-1.764196995645762">
        <ele>303</ele>
      </trkpt>
      <trkpt lat="43.273825999349356" lon="-1.76406598649919">
        <ele>308</ele>
      </trkpt>
      <trkpt lat="43.273825999349356" lon="-1.76406598649919">
        <ele>311</ele>
      </trkpt>
      <trkpt lat="43.273825999349356" lon="-1.76406598649919">
        <ele>314</ele>
      </trkpt>
      <trkpt lat="43.273801021277905" lon="-1.763907987624407">
        <ele>316</ele>
      </trkpt>
      <trkpt lat="43.273791968822479" lon="-1.763856019824743">
        <ele>316</ele>
      </trkpt>
      <trkpt lat="43.273787023499608" lon="-1.763733979314566">
        <ele>317</ele>
      </trkpt>
      <trkpt lat="43.273767996579409" lon="-1.763594001531601">
        <ele>318</ele>
      </trkpt>
      <trkpt lat="43.273756010457873" lon="-1.763367019593716">
        <ele>321</ele>
      </trkpt>
      <trkpt lat="43.27377101406455" lon="-1.763296024873853">
        <ele>321</ele>
      </trkpt>
      <trkpt lat="43.273780988529325" lon="-1.763283032923937">
        <ele>321</ele>
      </trkpt>
      <trkpt lat="43.273812001571059" lon="-1.763167027384043">
        <ele>322</ele>
      </trkpt>
      <trkpt lat="43.273820970207453" lon="-1.763126039877534">
        <ele>325</ele>
      </trkpt>
      <trkpt lat="43.273832034319639" lon="-1.763080023229122">
        <ele>329</ele>
      </trkpt>
      <trkpt lat="43.273833962157369" lon="-1.763067031279206">
        <ele>331</ele>
      </trkpt>
      <trkpt lat="43.273834967985749" lon="-1.762981032952666">
        <ele>332</ele>
      </trkpt>
      <trkpt lat="43.273837985470891" lon="-1.762928981333971">
        <ele>334</ele>
      </trkpt>
      <trkpt lat="43.273868998512626" lon="-1.762844994664192">
        <ele>339</ele>
      </trkpt>
      <trkpt lat="43.273914009332657" lon="-1.762642990797758">
        <ele>341</ele>
      </trkpt>
      <trkpt lat="43.273933958262205" lon="-1.762570990249515">
        <ele>341</ele>
      </trkpt>
      <trkpt lat="43.27396497130394" lon="-1.762332022190094">
        <ele>344</ele>
      </trkpt>
      <trkpt lat="43.273967988789082" lon="-1.762230014428496">
        <ele>347</ele>
      </trkpt>
      <trkpt lat="43.273972012102604" lon="-1.762209981679916">
        <ele>347</ele>
      </trkpt>
      <trkpt lat="43.274000007659197" lon="-1.761898007243872">
        <ele>349</ele>
      </trkpt>
      <trkpt lat="43.273999001830816" lon="-1.761831035837531">
        <ele>350</ele>
      </trkpt>
      <trkpt lat="43.274026997387409" lon="-1.76170296035707">
        <ele>354</ele>
      </trkpt>
      <trkpt lat="43.274024985730648" lon="-1.761556025594473">
        <ele>358</ele>
      </trkpt>
      <trkpt lat="43.274026997387409" lon="-1.761461980640888">
        <ele>358</ele>
      </trkpt>
      <trkpt lat="43.274031020700932" lon="-1.761382017284632">
        <ele>361</ele>
      </trkpt>
      <trkpt lat="43.274032026529312" lon="-1.761357039213181">
        <ele>363</ele>
      </trkpt>
      <trkpt lat="43.274036971852183" lon="-1.761316973716021">
        <ele>366</ele>
      </trkpt>
      <trkpt lat="43.27402900904417" lon="-1.761253019794822">
        <ele>370</ele>
      </trkpt>
      <trkpt lat="43.274003025144339" lon="-1.761054033413529">
        <ele>370</ele>
      </trkpt>
      <trkpt lat="43.273980980738997" lon="-1.760898968204856">
        <ele>371</ele>
      </trkpt>
      <trkpt lat="43.273983998224139" lon="-1.760899974033237">
        <ele>375</ele>
      </trkpt>
      <trkpt lat="43.273980980738997" lon="-1.760898968204856">
        <ele>378</ele>
      </trkpt>
      <trkpt lat="43.273997996002436" lon="-1.760849012061954">
        <ele>381</ele>
      </trkpt>
      <trkpt lat="43.2740050368011" lon="-1.760695958510041">
        <ele>383</ele>
      </trkpt>
      <trkpt lat="43.273977963253856" lon="-1.760592022910714">
        <ele>383</ele>
      </trkpt>
      <trkpt lat="43.273949967697263" lon="-1.760420026257634">
        <ele>385</ele>
      </trkpt>
      <trkpt lat="43.273936975747347" lon="-1.760371997952461">
        <ele>389</ele>
      </trkpt>
      <trkpt lat="43.27390001155436" lon="-1.760307960212231">
        <ele>392</ele>
      </trkpt>
      <trkpt lat="43.273877967149019" lon="-1.760230008512735">
        <ele>392</ele>
      </trkpt>
      <trkpt lat="43.273892970755696" lon="-1.760093970224261">
        <ele>393</ele>
      </trkpt>
      <trkpt lat="43.273897999897599" lon="-1.760059017688036">
        <ele>396</ele>
      </trkpt>
      <trkpt lat="43.273897999897599" lon="-1.759939994663">
        <ele>400</ele>
      </trkpt>
      <trkpt lat="43.273914009332657" lon="-1.759763974696398">
        <ele>402</ele>
      </trkpt>
      <trkpt lat="43.273928007110953" lon="-1.75961896777153">
        <ele>403</ele>
      </trkpt>
      <trkpt lat="43.273997996002436" lon="-1.759374970570207">
        <ele>403</ele>
      </trkpt>
      <trkpt lat="43.274019034579396" lon="-1.759329959750176">
        <ele>404</ele>
      </trkpt>
      <trkpt lat="43.274054992944002" lon="-1.759081017225981">
        <ele>404</ele>
      </trkpt>
      <trkpt lat="43.274061027914286" lon="-1.759026031941176">
        <ele>405</ele>
      </trkpt>
      <trkpt lat="43.274074019864202" lon="-1.758926035836339">
        <ele>410</ele>
      </trkpt>
      <trkpt lat="43.274102015420794" lon="-1.758826961740851">
        <ele>412</ele>
      </trkpt>
      <trkpt lat="43.274153983220458" lon="-1.75869201309979">
        <ele>413</ele>
      </trkpt>
      <trkpt lat="43.274122970178723" lon="-1.758557986468077">
        <ele>413</ele>
      </trkpt>
      <trkpt lat="43.274077037349343" lon="-1.758442986756563">
        <ele>413</ele>
      </trkpt>
      <trkpt lat="43.274037977680564" lon="-1.758384983986616">
        <ele>413</ele>
      </trkpt>
      <trkpt lat="43.273993972688913" lon="-1.758193038403988">
        <ele>410</ele>
      </trkpt>
      <trkpt lat="43.273981986567378" lon="-1.757914004847407">
        <ele>407</ele>
      </trkpt>
      <trkpt lat="43.27389900572598" lon="-1.757691968232393">
        <ele>406</ele>
      </trkpt>
      <trkpt lat="43.273778976872563" lon="-1.757400026544929">
        <ele>404</ele>
      </trkpt>
      <trkpt lat="43.273766990751028" lon="-1.757145971059799">
        <ele>403</ele>
      </trkpt>
      <trkpt lat="43.273761039599776" lon="-1.757067013531923">
        <ele>402</ele>
      </trkpt>
      <trkpt lat="43.273753998801112" lon="-1.756966011598706">
        <ele>402</ele>
      </trkpt>
      <trkpt lat="43.273796997964382" lon="-1.756751015782356">
        <ele>401</ele>
      </trkpt>
      <trkpt lat="43.273803032934666" lon="-1.756667029112577">
        <ele>400</ele>
      </trkpt>
      <trkpt lat="43.273759027943015" lon="-1.756410039961338">
        <ele>397</ele>
      </trkpt>
      <trkpt lat="43.27375098131597" lon="-1.75630996003747">
        <ele>396</ele>
      </trkpt>
      <trkpt lat="43.273683004081249" lon="-1.756058000028133">
        <ele>393</ele>
      </trkpt>
      <trkpt lat="43.273656014353037" lon="-1.755974013358355">
        <ele>392</ele>
      </trkpt>
      <trkpt lat="43.273635981604457" lon="-1.755905030295253">
        <ele>392</ele>
      </trkpt>
      <trkpt lat="43.273515030741692" lon="-1.755596995353699">
        <ele>389</ele>
      </trkpt>
      <trkpt lat="43.273366000503302" lon="-1.755344029515982">
        <ele>387</ele>
      </trkpt>
      <trkpt lat="43.273201966658235" lon="-1.755145965144038">
        <ele>384</ele>
      </trkpt>
      <trkpt lat="43.273018989712" lon="-1.754981009289622">
        <ele>383</ele>
      </trkpt>
      <trkpt lat="43.272854033857584" lon="-1.754837008193135">
        <ele>383</ele>
      </trkpt>
      <trkpt lat="43.272672984749079" lon="-1.754597034305334">
        <ele>383</ele>
      </trkpt>
      <trkpt lat="43.27252303250134" lon="-1.754402993246913">
        <ele>383</ele>
      </trkpt>
      <trkpt lat="43.272323040291667" lon="-1.754208030179143">
        <ele>384</ele>
      </trkpt>
      <trkpt lat="43.27226797118783" lon="-1.754014994949102">
        <ele>384</ele>
      </trkpt>
      <trkpt lat="43.272263025864959" lon="-1.75379203632474">
        <ele>386</ele>
      </trkpt>
      <trkpt lat="43.272255985066295" lon="-1.75353798083961">
        <ele>388</ele>
      </trkpt>
      <trkpt lat="43.272242993116379" lon="-1.753468997776508">
        <ele>388</ele>
      </trkpt>
      <trkpt lat="43.272236036136746" lon="-1.753205973654985">
        <ele>388</ele>
      </trkpt>
      <trkpt lat="43.272230001166463" lon="-1.75297798588872">
        <ele>388</ele>
      </trkpt>
      <trkpt lat="43.272228995338082" lon="-1.752886958420277">
        <ele>391</ele>
      </trkpt>
      <trkpt lat="43.272223966196179" lon="-1.752817975357175">
        <ele>394</ele>
      </trkpt>
      <trkpt lat="43.272192031145096" lon="-1.752552017569542">
        <ele>398</ele>
      </trkpt>
      <trkpt lat="43.272219020873308" lon="-1.752317994832993">
        <ele>401</ele>
      </trkpt>
      <trkpt lat="43.272358998656273" lon="-1.752070980146527">
        <ele>403</ele>
      </trkpt>
      <trkpt lat="43.272450026124716" lon="-1.751803010702133">
        <ele>404</ele>
      </trkpt>
      <trkpt lat="43.272483972832561" lon="-1.75151702016592">
        <ele>405</ele>
      </trkpt>
      <trkpt lat="43.272512974217534" lon="-1.751214014366269">
        <ele>405</ele>
      </trkpt>
      <trkpt lat="43.272536024451256" lon="-1.750902039930224">
        <ele>405</ele>
      </trkpt>
      <trkpt lat="43.272484978660941" lon="-1.750623006373644">
        <ele>404</ele>
      </trkpt>
      <trkpt lat="43.272385988384485" lon="-1.750347996130586">
        <ele>403</ele>
      </trkpt>
      <trkpt lat="43.272261014208198" lon="-1.75005697645247">
        <ele>403</ele>
      </trkpt>
      <trkpt lat="43.272059010341763" lon="-1.749873999506235">
        <ele>400</ele>
      </trkpt>
      <trkpt lat="43.271860023960471" lon="-1.749856984242797">
        <ele>398</ele>
      </trkpt>
      <trkpt lat="43.271647039800882" lon="-1.74984198063612">
        <ele>397</ele>
      </trkpt>
      <trkpt lat="43.271490968763828" lon="-1.749673001468182">
        <ele>397</ele>
      </trkpt>
      <trkpt lat="43.271445035934448" lon="-1.7495839856565">
        <ele>397</ele>
      </trkpt>
      <trkpt lat="43.271380998194218" lon="-1.749424980953336">
        <ele>397</ele>
      </trkpt>
      <trkpt lat="43.271296005696058" lon="-1.749152988195419">
        <ele>397</ele>
      </trkpt>
      <trkpt lat="43.271244959905744" lon="-1.748816035687923">
        <ele>397</ele>
      </trkpt>
      <trkpt lat="43.27121595852077" lon="-1.748532978817821">
        <ele>397</ele>
      </trkpt>
      <trkpt lat="43.271163990721107" lon="-1.748225027695298">
        <ele>397</ele>
      </trkpt>
      <trkpt lat="43.271117974072695" lon="-1.747968038544059">
        <ele>397</ele>
      </trkpt>
      <trkpt lat="43.271128032356501" lon="-1.747905006632209">
        <ele>397</ele>
      </trkpt>
      <trkpt lat="43.271247977390885" lon="-1.747693028301001">
        <ele>397</ele>
      </trkpt>
      <trkpt lat="43.271388038992882" lon="-1.747419023886323">
        <ele>399</ele>
      </trkpt>
      <trkpt lat="43.271516030654311" lon="-1.747078970074654">
        <ele>399</ele>
      </trkpt>
      <trkpt lat="43.271519970148802" lon="-1.747037982568145">
        <ele>399</ele>
      </trkpt>
      <trkpt lat="43.271571015939116" lon="-1.746761966496706">
        <ele>398</ele>
      </trkpt>
      <trkpt lat="43.271550983190536" lon="-1.746497014537454">
        <ele>398</ele>
      </trkpt>
      <trkpt lat="43.271507984027267" lon="-1.746196020394564">
        <ele>397</ele>
      </trkpt>
      <trkpt lat="43.271509995684028" lon="-1.746061993762851">
        <ele>397</ele>
      </trkpt>
      <trkpt lat="43.271482000127435" lon="-1.7457589879632">
        <ele>395</ele>
      </trkpt>
      <trkpt lat="43.271430032327771" lon="-1.745451036840677">
        <ele>394</ele>
      </trkpt>
      <trkpt lat="43.271275972947478" lon="-1.745213996618986">
        <ele>392</ele>
      </trkpt>
      <trkpt lat="43.271046979352832" lon="-1.745036970824003">
        <ele>390</ele>
      </trkpt>
      <trkpt lat="43.270900966599584" lon="-1.744776964187622">
        <ele>389</ele>
      </trkpt>
      <trkpt lat="43.270881017670035" lon="-1.744630029425025">
        <ele>389</ele>
      </trkpt>
      <trkpt lat="43.270842963829637" lon="-1.744400030001998">
        <ele>389</ele>
      </trkpt>
      <trkpt lat="43.270815974101424" lon="-1.74414798617363">
        <ele>389</ele>
      </trkpt>
      <trkpt lat="43.270793007686734" lon="-1.743822013959289">
        <ele>389</ele>
      </trkpt>
      <trkpt lat="43.270787978544831" lon="-1.74374096095562">
        <ele>389</ele>
      </trkpt>
      <trkpt lat="43.270769035443664" lon="-1.743705002591014">
        <ele>389</ele>
      </trkpt>
      <trkpt lat="43.270730981603265" lon="-1.743563013151288">
        <ele>389</ele>
      </trkpt>
      <trkpt lat="43.270714972168207" lon="-1.743528982624412">
        <ele>389</ele>
      </trkpt>
      <trkpt lat="43.270686976611614" lon="-1.743452958762646">
        <ele>389</ele>
      </trkpt>
      <trkpt lat="43.270625034347177" lon="-1.743325972929597">
        <ele>389</ele>
      </trkpt>
      <trkpt lat="43.270625034347177" lon="-1.743325972929597">
        <ele>388</ele>
      </trkpt>
      <trkpt lat="43.270579017698765" lon="-1.743238968774676">
        <ele>388</ele>
      </trkpt>
      <trkpt lat="43.270378019660711" lon="-1.74300704151392">
        <ele>387</ele>
      </trkpt>
      <trkpt lat="43.270325968042016" lon="-1.74285801127553">
        <ele>388</ele>
      </trkpt>
      <trkpt lat="43.270257990807295" lon="-1.742545031011105">
        <ele>388</ele>
      </trkpt>
      <trkpt lat="43.27024701051414" lon="-1.742413016036153">
        <ele>388</ele>
      </trkpt>
      <trkpt lat="43.270231001079082" lon="-1.742221992462874">
        <ele>387</ele>
      </trkpt>
      <trkpt lat="43.270220020785928" lon="-1.741948993876576">
        <ele>386</ele>
      </trkpt>
      <trkpt lat="43.270205017179251" lon="-1.74167700111866">
        <ele>384</ele>
      </trkpt>
      <trkpt lat="43.270242987200618" lon="-1.741538029164076">
        <ele>384</ele>
      </trkpt>
      <trkpt lat="43.270283974707127" lon="-1.741414982825518">
        <ele>384</ele>
      </trkpt>
      <trkpt lat="43.270298978313804" lon="-1.741387993097305">
        <ele>384</ele>
      </trkpt>
      <trkpt lat="43.270356981083751" lon="-1.741358991712332">
        <ele>385</ele>
      </trkpt>
      <trkpt lat="43.270487990230322" lon="-1.741402996703982">
        <ele>386</ele>
      </trkpt>
      <trkpt lat="43.270657975226641" lon="-1.741415988653898">
        <ele>387</ele>
      </trkpt>
      <trkpt lat="43.2707429677248" lon="-1.741431998088956">
        <ele>387</ele>
      </trkpt>
      <trkpt lat="43.270880011841655" lon="-1.741442978382111">
        <ele>387</ele>
      </trkpt>
      <trkpt lat="43.270973972976208" lon="-1.741401990875602">
        <ele>387</ele>
      </trkpt>
      <trkpt lat="43.271209001541138" lon="-1.741315992549062">
        <ele>387</ele>
      </trkpt>
      <trkpt lat="43.271400025114417" lon="-1.741207027807832">
        <ele>388</ele>
      </trkpt>
      <trkpt lat="43.271642010658979" lon="-1.741028996184468">
        <ele>388</ele>
      </trkpt>
      <trkpt lat="43.271821970120072" lon="-1.740863034501672">
        <ele>390</ele>
      </trkpt>
      <trkpt lat="43.271851977333426" lon="-1.740822969004512">
        <ele>390</ele>
      </trkpt>
      <trkpt lat="43.271875027567148" lon="-1.740765972062945">
        <ele>390</ele>
      </trkpt>
      <trkpt lat="43.271914003416896" lon="-1.740679973736405">
        <ele>391</ele>
      </trkpt>
      <trkpt lat="43.271918026730418" lon="-1.740671005100012">
        <ele>392</ele>
      </trkpt>
      <trkpt lat="43.272000001743436" lon="-1.740519963204861">
        <ele>394</ele>
      </trkpt>
      <trkpt lat="43.272017017006874" lon="-1.740485010668635">
        <ele>394</ele>
      </trkpt>
      <trkpt lat="43.272023973986506" lon="-1.740479981526732">
        <ele>394</ele>
      </trkpt>
      <trkpt lat="43.272023973986506" lon="-1.740480987355113">
        <ele>394</ele>
      </trkpt>
      <trkpt lat="43.272055992856622" lon="-1.740435976535082">
        <ele>394</ele>
      </trkpt>
      <trkpt lat="43.272123970091343" lon="-1.740361964330077">
        <ele>393</ele>
      </trkpt>
      <trkpt lat="43.272177027538419" lon="-1.740302033722401">
        <ele>393</ele>
      </trkpt>
      <trkpt lat="43.272180967032909" lon="-1.740284012630582">
        <ele>393</ele>
      </trkpt>
      <trkpt lat="43.27233100309968" lon="-1.740031968802214">
        <ele>393</ele>
      </trkpt>
      <trkpt lat="43.272346006706357" lon="-1.740020988509059">
        <ele>393</ele>
      </trkpt>
      <trkpt lat="43.272528983652592" lon="-1.739865001291037">
        <ele>393</ele>
      </trkpt>
      <trkpt lat="43.272708021104336" lon="-1.739719994366169">
        <ele>393</ele>
      </trkpt>
      <trkpt lat="43.272937014698982" lon="-1.739574987441301">
        <ele>393</ele>
      </trkpt>
      <trkpt lat="43.273117979988456" lon="-1.73948303796351">
        <ele>392</ele>
      </trkpt>
      <trkpt lat="43.273329958319664" lon="-1.739368038251996">
        <ele>392</ele>
      </trkpt>
      <trkpt lat="43.273591976612806" lon="-1.739209033548832">
        <ele>390</ele>
      </trkpt>
      <trkpt lat="43.273775959387422" lon="-1.739094033837318">
        <ele>389</ele>
      </trkpt>
      <trkpt lat="43.27375098131597" lon="-1.739000994712114">
        <ele>391</ele>
      </trkpt>
      <trkpt lat="43.273744024336338" lon="-1.738956989720464">
        <ele>392</ele>
      </trkpt>
      <trkpt lat="43.273731032386422" lon="-1.738595981150866">
        <ele>394</ele>
      </trkpt>
      <trkpt lat="43.273637993261218" lon="-1.738214017823339">
        <ele>396</ele>
      </trkpt>
      <trkpt lat="43.273569010198116" lon="-1.737985024228692">
        <ele>396</ele>
      </trkpt>
      <trkpt lat="43.273486029356718" lon="-1.737762987613678">
        <ele>396</ele>
      </trkpt>
      <trkpt lat="43.273387961089611" lon="-1.737623009830713">
        <ele>396</ele>
      </trkpt>
      <trkpt lat="43.273253012448549" lon="-1.737572969868779">
        <ele>396</ele>
      </trkpt>
      <trkpt lat="43.27321101911366" lon="-1.737571964040399">
        <ele>396</ele>
      </trkpt>
      <trkpt lat="43.273156033828855" lon="-1.737527037039399">
        <ele>396</ele>
      </trkpt>
      <trkpt lat="43.273088978603482" lon="-1.737295025959611">
        <ele>396</ele>
      </trkpt>
      <trkpt lat="43.273012032732368" lon="-1.73703895881772">
        <ele>396</ele>
      </trkpt>
      <trkpt lat="43.272980013862252" lon="-1.736683985218406">
        <ele>396</ele>
      </trkpt>
      <trkpt lat="43.272955035790801" lon="-1.736536966636777">
        <ele>396</ele>
      </trkpt>
      <trkpt lat="43.272935003042221" lon="-1.736403023824096">
        <ele>396</ele>
      </trkpt>
      <trkpt lat="43.272896027192473" lon="-1.736130025237799">
        <ele>396</ele>
      </trkpt>
      <trkpt lat="43.272837018594146" lon="-1.735875969752669">
        <ele>397</ele>
      </trkpt>
      <trkpt lat="43.272768035531044" lon="-1.735543962568045">
        <ele>398</ele>
      </trkpt>
      <trkpt lat="43.272665021941066" lon="-1.735258977860212">
        <ele>398</ele>
      </trkpt>
      <trkpt lat="43.272628979757428" lon="-1.735161999240518">
        <ele>398</ele>
      </trkpt>
      <trkpt lat="43.27256896533072" lon="-1.735094022005796">
        <ele>398</ele>
      </trkpt>
      <trkpt lat="43.272382970899343" lon="-1.734909033402801">
        <ele>400</ele>
      </trkpt>
      <trkpt lat="43.272174010053277" lon="-1.734883971512318">
        <ele>399</ele>
      </trkpt>
      <trkpt lat="43.271906040608883" lon="-1.734984973445535">
        <ele>399</ele>
      </trkpt>
      <trkpt lat="43.271695990115404" lon="-1.734919007867575">
        <ele>400</ele>
      </trkpt>
      <trkpt lat="43.271556012332439" lon="-1.734711974859238">
        <ele>400</ele>
      </trkpt>
      <trkpt lat="43.271458027884364" lon="-1.734464960172772">
        <ele>400</ele>
      </trkpt>
      <trkpt lat="43.271447969600558" lon="-1.734424978494644">
        <ele>400</ele>
      </trkpt>
      <trkpt lat="43.27136498875916" lon="-1.734233032912016">
        <ele>400</ele>
      </trkpt>
      <trkpt lat="43.271244037896395" lon="-1.734018037095666">
        <ele>400</ele>
      </trkpt>
      <trkpt lat="43.271104982122779" lon="-1.733838999643922">
        <ele>400</ele>
      </trkpt>
      <trkpt lat="43.270950000733137" lon="-1.733673037961125">
        <ele>400</ele>
      </trkpt>
      <trkpt lat="43.270779009908438" lon="-1.733529958873987">
        <ele>400</ele>
      </trkpt>
      <trkpt lat="43.270580023527145" lon="-1.733408002182841">
        <ele>400</ele>
      </trkpt>
      <trkpt lat="43.270377013832331" lon="-1.733438009396195">
        <ele>400</ele>
      </trkpt>
      <trkpt lat="43.27022597193718" lon="-1.733616963028908">
        <ele>400</ele>
      </trkpt>
      <trkpt lat="43.270076019689441" lon="-1.733807986602187">
        <ele>400</ele>
      </trkpt>
      <trkpt lat="43.269927995279431" lon="-1.734057012945414">
        <ele>399</ele>
      </trkpt>
      <trkpt lat="43.269747029989958" lon="-1.734254993498325">
        <ele>399</ele>
      </trkpt>
      <trkpt lat="43.269548965618014" lon="-1.734396982938051">
        <ele>398</ele>
      </trkpt>
      <trkpt lat="43.269548965618014" lon="-1.734396982938051">
        <ele>398</ele>
      </trkpt>
      <trkpt lat="43.269545026123524" lon="-1.734395977109671">
        <ele>398</ele>
      </trkpt>
      <trkpt lat="43.269539996981621" lon="-1.734398994594812">
        <ele>398</ele>
      </trkpt>
      <trkpt lat="43.269519964233041" lon="-1.734420033171773">
        <ele>398</ele>
      </trkpt>
      <trkpt lat="43.26951602473855" lon="-1.734431013464928">
        <ele>398</ele>
      </trkpt>
      <trkpt lat="43.26951602473855" lon="-1.734431013464928">
        <ele>398</ele>
      </trkpt>
      <trkpt lat="43.269514013081789" lon="-1.734430007636547">
        <ele>398</ele>
      </trkpt>
      <trkpt lat="43.26951602473855" lon="-1.734427995979786">
        <ele>398</ele>
      </trkpt>
      <trkpt lat="43.26951602473855" lon="-1.734427995979786">
        <ele>397</ele>
      </trkpt>
      <trkpt lat="43.269510995596647" lon="-1.734421039000154">
        <ele>396</ele>
      </trkpt>
      <trkpt lat="43.269314020872116" lon="-1.734417015686631">
        <ele>394</ele>
      </trkpt>
      <trkpt lat="43.269277978688478" lon="-1.734421039000154">
        <ele>394</ele>
      </trkpt>
      <trkpt lat="43.269220981746912" lon="-1.73443696461618">
        <ele>394</ele>
      </trkpt>
      <trkpt lat="43.2690420281142" lon="-1.73432900570333">
        <ele>392</ele>
      </trkpt>
      <trkpt lat="43.26898000203073" lon="-1.734275026246905">
        <ele>392</ele>
      </trkpt>
      <trkpt lat="43.268781015649438" lon="-1.734105041250587">
        <ele>391</ele>
      </trkpt>
      <trkpt lat="43.268616981804371" lon="-1.734033040702343">
        <ele>390</ele>
      </trkpt>
      <trkpt lat="43.268460994586349" lon="-1.733929021283984">
        <ele>389</ele>
      </trkpt>
      <trkpt lat="43.268328979611397" lon="-1.73372601158917">
        <ele>386</ele>
      </trkpt>
      <trkpt lat="43.268186990171671" lon="-1.733590979129076">
        <ele>384</ele>
      </trkpt>
      <trkpt lat="43.268129993230104" lon="-1.733435997739434">
        <ele>383</ele>
      </trkpt>
      <trkpt lat="43.268134016543627" lon="-1.733288979157805">
        <ele>381</ele>
      </trkpt>
      <trkpt lat="43.268149020150304" lon="-1.732997037470341">
        <ele>378</ele>
      </trkpt>
      <trkpt lat="43.268133010715246" lon="-1.732921013608575">
        <ele>377</ele>
      </trkpt>
      <trkpt lat="43.268100991845131" lon="-1.732828980311751">
        <ele>376</ele>
      </trkpt>
      <trkpt lat="43.267977023497224" lon="-1.732681039720774">
        <ele>375</ele>
      </trkpt>
      <trkpt lat="43.267803015187383" lon="-1.732527986168861">
        <ele>373</ele>
      </trkpt>
      <trkpt lat="43.267739983275533" lon="-1.732277031987906">
        <ele>371</ele>
      </trkpt>
      <trkpt lat="43.267664965242147" lon="-1.732062958180904">
        <ele>370</ele>
      </trkpt>
      <trkpt lat="43.267529010772705" lon="-1.731741009280086">
        <ele>368</ele>
      </trkpt>
      <trkpt lat="43.267489029094577" lon="-1.731662973761559">
        <ele>367</ele>
      </trkpt>
      <trkpt lat="43.267462039366364" lon="-1.73162198625505">
        <ele>367</ele>
      </trkpt>
      <trkpt lat="43.26730596832931" lon="-1.731370026245713">
        <ele>366</ele>
      </trkpt>
      <trkpt lat="43.26715400442481" lon="-1.73112703487277">
        <ele>365</ele>
      </trkpt>
      <trkpt lat="43.266935991123319" lon="-1.730927964672446">
        <ele>363</ele>
      </trkpt>
      <trkpt lat="43.266887040808797" lon="-1.730854036286473">
        <ele>362</ele>
      </trkpt>
      <trkpt lat="43.266726024448872" lon="-1.730601992458105">
        <ele>360</ele>
      </trkpt>
      <trkpt lat="43.266546986997128" lon="-1.730394037440419">
        <ele>359</ele>
      </trkpt>
      <trkpt lat="43.266371972858906" lon="-1.730233021080494">
        <ele>356</ele>
      </trkpt>
      <trkpt lat="43.266264013946056" lon="-1.730083990842104">
        <ele>354</ele>
      </trkpt>
      <trkpt lat="43.266128981485963" lon="-1.729844016954303">
        <ele>352</ele>
      </trkpt>
      <trkpt lat="43.26607801951468" lon="-1.729531958699226">
        <ele>349</ele>
      </trkpt>
      <trkpt lat="43.266055975109339" lon="-1.729392986744642">
        <ele>347</ele>
      </trkpt>
      <trkpt lat="43.266008030623198" lon="-1.729133985936642">
        <ele>345</ele>
      </trkpt>
      <trkpt lat="43.26610098592937" lon="-1.728814970701933">
        <ele>344</ele>
      </trkpt>
      <trkpt lat="43.266167035326362" lon="-1.728723021224141">
        <ele>344</ele>
      </trkpt>
      <trkpt lat="43.266167035326362" lon="-1.728723021224141">
        <ele>344</ele>
      </trkpt>
      <trkpt lat="43.266167035326362" lon="-1.728723021224141">
        <ele>344</ele>
      </trkpt>
      <trkpt lat="43.266101991757751" lon="-1.728607015684247">
        <ele>344</ele>
      </trkpt>
      <trkpt lat="43.266064021736383" lon="-1.728412974625826">
        <ele>344</ele>
      </trkpt>
      <trkpt lat="43.266012975946069" lon="-1.728097982704639">
        <ele>345</ele>
      </trkpt>
      <trkpt lat="43.265977017581463" lon="-1.727721970528364">
        <ele>346</ele>
      </trkpt>
      <trkpt lat="43.265901999548078" lon="-1.727457018569112">
        <ele>346</ele>
      </trkpt>
      <trkpt lat="43.265895964577794" lon="-1.727437991648912">
        <ele>346</ele>
      </trkpt>
      <trkpt lat="43.265851959586143" lon="-1.727268006652594">
        <ele>342</ele>
      </trkpt>
      <trkpt lat="43.265781970694661" lon="-1.726931976154447">
        <ele>340</ele>
      </trkpt>
      <trkpt lat="43.265702007338405" lon="-1.726641040295363">
        <ele>340</ele>
      </trkpt>
      <trkpt lat="43.265638975426555" lon="-1.726374998688698">
        <ele>340</ele>
      </trkpt>
      <trkpt lat="43.265506038442254" lon="-1.726093031466007">
        <ele>340</ele>
      </trkpt>
      <trkpt lat="43.265432026237249" lon="-1.72586596570909">
        <ele>338</ele>
      </trkpt>
      <trkpt lat="43.265288025140762" lon="-1.72564996406436">
        <ele>337</ele>
      </trkpt>
      <trkpt lat="43.265191968530416" lon="-1.725446032360196">
        <ele>336</ele>
      </trkpt>
      <trkpt lat="43.265060959383845" lon="-1.72526297159493">
        <ele>336</ele>
      </trkpt>
      <trkpt lat="43.264916036278009" lon="-1.725036995485425">
        <ele>335</ele>
      </trkpt>
      <trkpt lat="43.264803970232606" lon="-1.724729966372252">
        <ele>335</ele>
      </trkpt>
      <trkpt lat="43.264718977734447" lon="-1.724554030224681">
        <ele>335</ele>
      </trkpt>
      <trkpt lat="43.264687964692712" lon="-1.724478006362915">
        <ele>335</ele>
      </trkpt>
      <trkpt lat="43.264588974416256" lon="-1.724242977797985">
        <ele>335</ele>
      </trkpt>
      <trkpt lat="43.264577994123101" lon="-1.72421196475625">
        <ele>335</ele>
      </trkpt>
      <trkpt lat="43.264437010511756" lon="-1.723992023617029">
        <ele>334</ele>
      </trkpt>
      <trkpt lat="43.264399040490389" lon="-1.723923040553927">
        <ele>334</ele>
      </trkpt>
      <trkpt lat="43.264399040490389" lon="-1.723905019462109">
        <ele>334</ele>
      </trkpt>
      <trkpt lat="43.264361992478371" lon="-1.723622968420386">
        <ele>333</ele>
      </trkpt>
      <trkpt lat="43.264311030507088" lon="-1.723349969834089">
        <ele>331</ele>
      </trkpt>
      <trkpt lat="43.26423198916018" lon="-1.72309298068285">
        <ele>330</ele>
      </trkpt>
      <trkpt lat="43.264254033565521" lon="-1.722975969314575">
        <ele>324</ele>
      </trkpt>
      <trkpt lat="43.264208016917109" lon="-1.722817970439792">
        <ele>326</ele>
      </trkpt>
      <trkpt lat="43.264153031632304" lon="-1.722522005438805">
        <ele>328</ele>
      </trkpt>
      <trkpt lat="43.264092011377215" lon="-1.722251018509269">
        <ele>328</ele>
      </trkpt>
      <trkpt lat="43.26403602026403" lon="-1.722039962187409">
        <ele>328</ele>
      </trkpt>
      <trkpt lat="43.264034008607268" lon="-1.72169697470963">
        <ele>329</ele>
      </trkpt>
      <trkpt lat="43.264089999720454" lon="-1.721515003591776">
        <ele>329</ele>
      </trkpt>
      <trkpt lat="43.264111960306764" lon="-1.721371002495289">
        <ele>333</ele>
      </trkpt>
      <trkpt lat="43.264175998046994" lon="-1.721031032502651">
        <ele>333</ele>
      </trkpt>
      <trkpt lat="43.264213968068361" lon="-1.720672035589814">
        <ele>333</ele>
      </trkpt>
      <trkpt lat="43.264192007482052" lon="-1.720352014526725">
        <ele>333</ele>
      </trkpt>
      <trkpt lat="43.264157976955175" lon="-1.719964016228914">
        <ele>333</ele>
      </trkpt>
      <trkpt lat="43.264141967520118" lon="-1.719571994617581">
        <ele>332</ele>
      </trkpt>
      <trkpt lat="43.264139033854008" lon="-1.719251973554492">
        <ele>330</ele>
      </trkpt>
      <trkpt lat="43.264162000268698" lon="-1.718952991068363">
        <ele>329</ele>
      </trkpt>
      <trkpt lat="43.264250010251999" lon="-1.718675969168544">
        <ele>328</ele>
      </trkpt>
      <trkpt lat="43.264294015243649" lon="-1.718524005264044">
        <ele>328</ele>
      </trkpt>
      <trkpt lat="43.264382025226951" lon="-1.718230973929167">
        <ele>328</ele>
      </trkpt>
      <trkpt lat="43.264393005520105" lon="-1.718202978372574">
        <ele>326</ele>
      </trkpt>
      <trkpt lat="43.264454025775194" lon="-1.718006003648043">
        <ele>323</ele>
      </trkpt>
      <trkpt lat="43.264454025775194" lon="-1.717931991443038">
        <ele>323</ele>
      </trkpt>
      <trkpt lat="43.264456037431955" lon="-1.717894021421671">
        <ele>322</ele>
      </trkpt>
      <trkpt lat="43.264465006068349" lon="-1.717824032530189">
        <ele>319</ele>
      </trkpt>
      <trkpt lat="43.264530971646309" lon="-1.717653041705489">
        <ele>315</ele>
      </trkpt>
      <trkpt lat="43.264534994959831" lon="-1.717641977593303">
        <ele>315</ele>
      </trkpt>
      <trkpt lat="43.264407003298402" lon="-1.717394962906838">
        <ele>312</ele>
      </trkpt>
      <trkpt lat="43.264240035787225" lon="-1.717201005667448">
        <ele>309</ele>
      </trkpt>
      <trkpt lat="43.264180021360517" lon="-1.717094974592328">
        <ele>308</ele>
      </trkpt>
      <trkpt lat="43.264126963913441" lon="-1.716902023181319">
        <ele>307</ele>
      </trkpt>
      <trkpt lat="43.264111038297415" lon="-1.716744024306536">
        <ele>306</ele>
      </trkpt>
      <trkpt lat="43.264115983620286" lon="-1.716568004339933">
        <ele>306</ele>
      </trkpt>
      <trkpt lat="43.264120006933808" lon="-1.716522993519902">
        <ele>305</ele>
      </trkpt>
      <trkpt lat="43.264206005260348" lon="-1.716234991326928">
        <ele>304</ele>
      </trkpt>
      <trkpt lat="43.264293009415269" lon="-1.715923016890883">
        <ele>302</ele>
      </trkpt>
      <trkpt lat="43.264342965558171" lon="-1.715682037174702">
        <ele>302</ele>
      </trkpt>
      <trkpt lat="43.264398034662008" lon="-1.715494031086564">
        <ele>300</ele>
      </trkpt>
      <trkpt lat="43.264439022168517" lon="-1.715253973379731">
        <ele>300</ele>
      </trkpt>
      <trkpt lat="43.264490989968181" lon="-1.714959014207125">
        <ele>300</ele>
      </trkpt>
      <trkpt lat="43.264609007164836" lon="-1.714718034490943">
        <ele>301</ele>
      </trkpt>
      <trkpt lat="43.264803970232606" lon="-1.714491974562407">
        <ele>301</ele>
      </trkpt>
      <trkpt lat="43.264885023236275" lon="-1.71421897597611">
        <ele>301</ele>
      </trkpt>
      <trkpt lat="43.265017960220575" lon="-1.713969027623534">
        <ele>303</ele>
      </trkpt>
      <trkpt lat="43.2651980035007" lon="-1.713709020987153">
        <ele>304</ele>
      </trkpt>
      <trkpt lat="43.265366982668638" lon="-1.713501987978816">
        <ele>305</ele>
      </trkpt>
      <trkpt lat="43.265486005693674" lon="-1.713309036567807">
        <ele>305</ele>
      </trkpt>
      <trkpt lat="43.265613997355103" lon="-1.713095968589187">
        <ele>308</ele>
      </trkpt>
      <trkpt lat="43.26567099429667" lon="-1.713007958605886">
        <ele>312</ele>
      </trkpt>
      <trkpt lat="43.265778031200171" lon="-1.712874015793204">
        <ele>314</ele>
      </trkpt>
      <trkpt lat="43.265808960422873" lon="-1.712825987488031">
        <ele>315</ele>
      </trkpt>
      <trkpt lat="43.265907028689981" lon="-1.712575033307076">
        <ele>317</ele>
      </trkpt>
      <trkpt lat="43.265984980389476" lon="-1.712265992537141">
        <ele>319</ele>
      </trkpt>
      <trkpt lat="43.266006018966436" lon="-1.712101958692074">
        <ele>319</ele>
      </trkpt>
      <trkpt lat="43.266011970117688" lon="-1.711853016167879">
        <ele>320</ele>
      </trkpt>
      <trkpt lat="43.266019010916352" lon="-1.711781015619636">
        <ele>322</ele>
      </trkpt>
      <trkpt lat="43.266019010916352" lon="-1.711707003414631">
        <ele>325</ele>
      </trkpt>
      <trkpt lat="43.266024040058255" lon="-1.711388994008303">
        <ele>328</ele>
      </trkpt>
      <trkpt lat="43.266023034229875" lon="-1.711343983188272">
        <ele>328</ele>
      </trkpt>
      <trkpt lat="43.266023034229875" lon="-1.711279023438692">
        <ele>329</ele>
      </trkpt>
      <trkpt lat="43.266096040606499" lon="-1.711012981832027">
        <ele>327</ele>
      </trkpt>
      <trkpt lat="43.266128981485963" lon="-1.710722967982292">
        <ele>326</ele>
      </trkpt>
      <trkpt lat="43.266123030334711" lon="-1.710433037951589">
        <ele>325</ele>
      </trkpt>
      <trkpt lat="43.26612202450633" lon="-1.710360031574965">
        <ele>325</ele>
      </trkpt>
      <trkpt lat="43.266110960394144" lon="-1.710088960826397">
        <ele>323</ele>
      </trkpt>
      <trkpt lat="43.266101991757751" lon="-1.70977296307683">
        <ele>322</ele>
      </trkpt>
      <trkpt lat="43.266085982322693" lon="-1.709513040259481">
        <ele>320</ele>
      </trkpt>
      <trkpt lat="43.266067961230874" lon="-1.709240041673183">
        <ele>318</ele>
      </trkpt>
      <trkpt lat="43.266003001481295" lon="-1.708923960104585">
        <ele>317</ele>
      </trkpt>
      <trkpt lat="43.265918008983135" lon="-1.708633024245501">
        <ele>317</ele>
      </trkpt>
      <trkpt lat="43.265879033133388" lon="-1.708393972367048">
        <ele>317</ele>
      </trkpt>
      <trkpt lat="43.265866041183472" lon="-1.708194985985756">
        <ele>317</ele>
      </trkpt>
      <trkpt lat="43.265841985121369" lon="-1.708021983504295">
        <ele>317</ele>
      </trkpt>
      <trkpt lat="43.265864029526711" lon="-1.707715960219502">
        <ele>316</ele>
      </trkpt>
      <trkpt lat="43.265896970406175" lon="-1.707605989649892">
        <ele>316</ele>
      </trkpt>
      <trkpt lat="43.265908034518361" lon="-1.707485038787127">
        <ele>316</ele>
      </trkpt>
      <trkpt lat="43.265897976234555" lon="-1.707303989678621">
        <ele>316</ele>
      </trkpt>
      <trkpt lat="43.265880038961768" lon="-1.707197036594153">
        <ele>316</ele>
      </trkpt>
      <trkpt lat="43.265899987891316" lon="-1.707082958891988">
        <ele>316</ele>
      </trkpt>
      <trkpt lat="43.265899987891316" lon="-1.707059992477298">
        <ele>316</ele>
      </trkpt>
      <trkpt lat="43.265966037288308" lon="-1.706793028861284">
        <ele>316</ele>
      </trkpt>
      <trkpt lat="43.266038959845901" lon="-1.706561017781496">
        <ele>316</ele>
      </trkpt>
      <trkpt lat="43.266047006472945" lon="-1.706534028053284">
        <ele>315</ele>
      </trkpt>
      <trkpt lat="43.266067961230874" lon="-1.706489017233253">
        <ele>312</ele>
      </trkpt>
      <trkpt lat="43.266173992305994" lon="-1.706277038902044">
        <ele>308</ele>
      </trkpt>
      <trkpt lat="43.266299972310662" lon="-1.705999011173844">
        <ele>307</ele>
      </trkpt>
      <trkpt lat="43.266425030305982" lon="-1.705745039507747">
        <ele>305</ele>
      </trkpt>
      <trkpt lat="43.266535000875592" lon="-1.705605983734131">
        <ele>302</ele>
      </trkpt>
      <trkpt lat="43.266701968386769" lon="-1.705520991235972">
        <ele>299</ele>
      </trkpt>
      <trkpt lat="43.266748990863562" lon="-1.705487966537476">
        <ele>297</ele>
      </trkpt>
      <trkpt lat="43.26685301028192" lon="-1.70547598041594">
        <ele>295</ele>
      </trkpt>
      <trkpt lat="43.267021989449859" lon="-1.705446979030967">
        <ele>293</ele>
      </trkpt>
      <trkpt lat="43.267073035240173" lon="-1.705444967374206">
        <ele>290</ele>
      </trkpt>
      <trkpt lat="43.267236985266209" lon="-1.705411020666361">
        <ele>287</ele>
      </trkpt>
      <trkpt lat="43.267448041588068" lon="-1.705360980704427">
        <ele>286</ele>
      </trkpt>
      <trkpt lat="43.267508978024125" lon="-1.705336002632976">
        <ele>284</ele>
      </trkpt>
      <trkpt lat="43.267546026036143" lon="-1.705333990976214">
        <ele>281</ele>
      </trkpt>
      <trkpt lat="43.267705030739307" lon="-1.705287974327803">
        <ele>277</ele>
      </trkpt>
      <trkpt lat="43.26777501963079" lon="-1.705261990427971">
        <ele>277</ele>
      </trkpt>
      <trkpt lat="43.267875015735626" lon="-1.705248998478055">
        <ele>275</ele>
      </trkpt>
      <trkpt lat="43.267986997961998" lon="-1.705227037891746">
        <ele>274</ele>
      </trkpt>
      <trkpt lat="43.268259996548295" lon="-1.70517398044467">
        <ele>273</ele>
      </trkpt>
      <trkpt lat="43.268452025949955" lon="-1.705116983503103">
        <ele>271</ele>
      </trkpt>
      <trkpt lat="43.268594015389681" lon="-1.705011958256364">
        <ele>269</ele>
      </trkpt>
      <trkpt lat="43.268738016486168" lon="-1.704924032092094">
        <ele>266</ele>
      </trkpt>
      <trkpt lat="43.268975978717208" lon="-1.704742982983589">
        <ele>265</ele>
      </trkpt>
      <trkpt lat="43.269145963713527" lon="-1.704568974673748">
        <ele>265</ele>
      </trkpt>
      <trkpt lat="43.269187035039067" lon="-1.704524969682097">
        <ele>262</ele>
      </trkpt>
      <trkpt lat="43.269290970638394" lon="-1.704327994957566">
        <ele>258</ele>
      </trkpt>
      <trkpt lat="43.269336987286806" lon="-1.704247025772929">
        <ele>257</ele>
      </trkpt>
      <trkpt lat="43.269357020035386" lon="-1.70422799885273">
        <ele>257</ele>
      </trkpt>
      <trkpt lat="43.26951602473855" lon="-1.703933961689472">
        <ele>254</ele>
      </trkpt>
      <trkpt lat="43.26964502222836" lon="-1.703625004738569">
        <ele>253</ele>
      </trkpt>
      <trkpt lat="43.26970998197794" lon="-1.703349994495511">
        <ele>249</ele>
      </trkpt>
      <trkpt lat="43.2697310205549" lon="-1.703031985089183">
        <ele>246</ele>
      </trkpt>
      <trkpt lat="43.269732026383281" lon="-1.702742977067828">
        <ele>245</ele>
      </trkpt>
      <trkpt lat="43.269735965877771" lon="-1.702722022309899">
        <ele>245</ele>
      </trkpt>
      <trkpt lat="43.269734038040042" lon="-1.702624959871173">
        <ele>242</ele>
      </trkpt>
      <trkpt lat="43.269720962271094" lon="-1.702539967373014">
        <ele>238</ele>
      </trkpt>
      <trkpt lat="43.269643010571599" lon="-1.702258000150323">
        <ele>235</ele>
      </trkpt>
      <trkpt lat="43.2696239836514" lon="-1.70220703817904">
        <ele>234</ele>
      </trkpt>
      <trkpt lat="43.269615015015006" lon="-1.702096983790398">
        <ele>234</ele>
      </trkpt>
      <trkpt lat="43.269613003358245" lon="-1.702030012384057">
        <ele>234</ele>
      </trkpt>
      <trkpt lat="43.269604034721851" lon="-1.701854998245835">
        <ele>231</ele>
      </trkpt>
      <trkpt lat="43.269616020843387" lon="-1.701789032667875">
        <ele>228</ele>
      </trkpt>
      <trkpt lat="43.269649967551231" lon="-1.701638996601105">
        <ele>225</ele>
      </trkpt>
      <trkpt lat="43.269692966714501" lon="-1.701496001332998">
        <ele>223</ele>
      </trkpt>
      <trkpt lat="43.269747029989958" lon="-1.701360968872905">
        <ele>223</ele>
      </trkpt>
      <trkpt lat="43.269763961434364" lon="-1.701317969709635">
        <ele>219</ele>
      </trkpt>
      <trkpt lat="43.269805032759905" lon="-1.701223002746701">
        <ele>216</ele>
      </trkpt>
      <trkpt lat="43.269868986681104" lon="-1.701059974730015">
        <ele>214</ele>
      </trkpt>
      <trkpt lat="43.269936041906476" lon="-1.70089996419847">
        <ele>213</ele>
      </trkpt>
      <trkpt lat="43.269936041906476" lon="-1.700901975855231">
        <ele>213</ele>
      </trkpt>
      <trkpt lat="43.269954985007644" lon="-1.700883032754064">
        <ele>211</ele>
      </trkpt>
      <trkpt lat="43.269960014149547" lon="-1.700839027762413">
        <ele>210</ele>
      </trkpt>
      <trkpt lat="43.269977029412985" lon="-1.700798040255904">
        <ele>210</ele>
      </trkpt>
      <trkpt lat="43.269979041069746" lon="-1.700722016394138">
        <ele>209</ele>
      </trkpt>
      <trkpt lat="43.269995972514153" lon="-1.700672982260585">
        <ele>208</ele>
      </trkpt>
      <trkpt lat="43.269964959472418" lon="-1.700568962842226">
        <ele>206</ele>
      </trkpt>
      <trkpt lat="43.269932018592954" lon="-1.700325971469283">
        <ele>204</ele>
      </trkpt>
      <trkpt lat="43.269909974187613" lon="-1.700150035321713">
        <ele>204</ele>
      </trkpt>
      <trkpt lat="43.269887007772923" lon="-1.700053978711367">
        <ele>201</ele>
      </trkpt>
      <trkpt lat="43.269854988902807" lon="-1.699948031455278">
        <ele>197</ele>
      </trkpt>
      <trkpt lat="43.269848031923175" lon="-1.699876030907035">
        <ele>196</ele>
      </trkpt>
      <trkpt lat="43.269867980852723" lon="-1.69969598762691">
        <ele>194</ele>
      </trkpt>
      <trkpt lat="43.269873009994626" lon="-1.699503036215901">
        <ele>192</ele>
      </trkpt>
      <trkpt lat="43.26992497779429" lon="-1.69926599599421">
        <ele>190</ele>
      </trkpt>
      <trkpt lat="43.269941993057728" lon="-1.699161976575851">
        <ele>188</ele>
      </trkpt>
      <trkpt lat="43.269964959472418" lon="-1.699085030704737">
        <ele>188</ele>
      </trkpt>
      <trkpt lat="43.270007036626339" lon="-1.698904987424612">
        <ele>186</ele>
      </trkpt>
      <trkpt lat="43.270024973899126" lon="-1.698848996311426">
        <ele>182</ele>
      </trkpt>
      <trkpt lat="43.270076019689441" lon="-1.69868303462863">
        <ele>179</ele>
      </trkpt>
      <trkpt lat="43.270162018015981" lon="-1.69842503964901">
        <ele>178</ele>
      </trkpt>
      <trkpt lat="43.270184984430671" lon="-1.698371982201934">
        <ele>178</ele>
      </trkpt>
      <trkpt lat="43.270242987200618" lon="-1.698165033012629">
        <ele>178</ele>
      </trkpt>
      <trkpt lat="43.270239969715476" lon="-1.698109041899443">
        <ele>176</ele>
      </trkpt>
      <trkpt lat="43.270229995250702" lon="-1.698043998330832">
        <ele>173</ele>
      </trkpt>
      <trkpt lat="43.270210968330503" lon="-1.697815004736185">
        <ele>168</ele>
      </trkpt>
      <trkpt lat="43.270213985815644" lon="-1.697797989472747">
        <ele>168</ele>
      </trkpt>
      <trkpt lat="43.270275006070733" lon="-1.697467993944883">
        <ele>166</ele>
      </trkpt>
      <trkpt lat="43.270306019112468" lon="-1.697358023375273">
        <ele>166</ele>
      </trkpt>
      <trkpt lat="43.270324040204287" lon="-1.697233971208334">
        <ele>167</ele>
      </trkpt>
      <trkpt lat="43.270325968042016" lon="-1.69720103032887">
        <ele>166</ele>
      </trkpt>
      <trkpt lat="43.270326973870397" lon="-1.697147972881794">
        <ele>163</ele>
      </trkpt>
      <trkpt lat="43.270347006618977" lon="-1.697000032290816">
        <ele>159</ele>
      </trkpt>
      <trkpt lat="43.270370978862047" lon="-1.696833986788988">
        <ele>157</ele>
      </trkpt>
      <trkpt lat="43.27039503492415" lon="-1.696696020662785">
        <ele>157</ele>
      </trkpt>
      <trkpt lat="43.270465023815632" lon="-1.696465015411377">
        <ele>155</ele>
      </trkpt>
      <trkpt lat="43.270464017987251" lon="-1.696415981277823">
        <ele>153</ele>
      </trkpt>
      <trkpt lat="43.270474998280406" lon="-1.696353033185005">
        <ele>150</ele>
      </trkpt>
      <trkpt lat="43.270482961088419" lon="-1.696184976026416">
        <ele>148</ele>
      </trkpt>
      <trkpt lat="43.2704839669168" lon="-1.696125967428088">
        <ele>148</ele>
      </trkpt>
      <trkpt lat="43.270525960251689" lon="-1.695923041552305">
        <ele>148</ele>
      </trkpt>
      <trkpt lat="43.270533001050353" lon="-1.695899991318584">
        <ele>147</ele>
      </trkpt>
      <trkpt lat="43.270550016313791" lon="-1.695832014083862">
        <ele>144</ele>
      </trkpt>
      <trkpt lat="43.270563008263707" lon="-1.695775017142296">
        <ele>141</ele>
      </trkpt>
      <trkpt lat="43.270597960799932" lon="-1.695577036589384">
        <ele>140</ele>
      </trkpt>
      <trkpt lat="43.270652024075389" lon="-1.695350976660848">
        <ele>138</ele>
      </trkpt>
      <trkpt lat="43.270657975226641" lon="-1.695275958627462">
        <ele>133</ele>
      </trkpt>
      <trkpt lat="43.270665016025305" lon="-1.695257015526295">
        <ele>132</ele>
      </trkpt>
      <trkpt lat="43.270713966339827" lon="-1.695090970024467">
        <ele>129</ele>
      </trkpt>
      <trkpt lat="43.270716983824968" lon="-1.695082001388073">
        <ele>129</ele>
      </trkpt>
      <trkpt lat="43.270807005465031" lon="-1.694896006956697">
        <ele>127</ele>
      </trkpt>
      <trkpt lat="43.270917981863022" lon="-1.694680005311966">
        <ele>127</ele>
      </trkpt>
      <trkpt lat="43.270966010168195" lon="-1.694606998935342">
        <ele>124</ele>
      </trkpt>
      <trkpt lat="43.27100096270442" lon="-1.694568023085594">
        <ele>120</ele>
      </trkpt>
      <trkpt lat="43.27108696103096" lon="-1.694437013939023">
        <ele>117</ele>
      </trkpt>
      <trkpt lat="43.271157033741474" lon="-1.694158986210823">
        <ele>115</ele>
      </trkpt>
      <trkpt lat="43.271158039569855" lon="-1.694143982604146">
        <ele>115</ele>
      </trkpt>
      <trkpt lat="43.271176982671022" lon="-1.694082962349057">
        <ele>111</ele>
      </trkpt>
      <trkpt lat="43.271259963512421" lon="-1.69395798817277">
        <ele>108</ele>
      </trkpt>
      <trkpt lat="43.271429026499391" lon="-1.693809041753411">
        <ele>105</ele>
      </trkpt>
      <trkpt lat="43.271594988182187" lon="-1.693696975708008">
        <ele>103</ele>
      </trkpt>
      <trkpt lat="43.271830016747117" lon="-1.693605026230216">
        <ele>101</ele>
      </trkpt>
      <trkpt lat="43.272055992856622" lon="-1.693531014025211">
        <ele>98</ele>
      </trkpt>
      <trkpt lat="43.272260008379817" lon="-1.693515004590154">
        <ele>96</ele>
      </trkpt>
      <trkpt lat="43.272432005032897" lon="-1.69359102845192">
        <ele>94</ele>
      </trkpt>
      <trkpt lat="43.272613976150751" lon="-1.693709967657924">
        <ele>91</ele>
      </trkpt>
      <trkpt lat="43.272628979757428" lon="-1.693714996799827">
        <ele>90</ele>
      </trkpt>
      <trkpt lat="43.272815980017185" lon="-1.693623969331384">
        <ele>86</ele>
      </trkpt>
      <trkpt lat="43.272993005812168" lon="-1.693531014025211">
        <ele>86</ele>
      </trkpt>
      <trkpt lat="43.273144969716668" lon="-1.693487009033561">
        <ele>86</ele>
      </trkpt>
      <trkpt lat="43.273199032992125" lon="-1.693469993770123">
        <ele>82</ele>
      </trkpt>
      <trkpt lat="43.273334987461567" lon="-1.69341903179884">
        <ele>79</ele>
      </trkpt>
      <trkpt lat="43.273485023528337" lon="-1.693407967686653">
        <ele>77</ele>
      </trkpt>
      <trkpt lat="43.273569010198116" lon="-1.69342196546495">
        <ele>76</ele>
      </trkpt>
      <trkpt lat="43.273597005754709" lon="-1.693432023748756">
        <ele>76</ele>
      </trkpt>
      <trkpt lat="43.273719968274236" lon="-1.693468987941742">
        <ele>76</ele>
      </trkpt>
      <trkpt lat="43.273992966860533" lon="-1.693552974611521">
        <ele>74</ele>
      </trkpt>
      <trkpt lat="43.27420100569725" lon="-1.693560015410185">
        <ele>74</ele>
      </trkpt>
      <trkpt lat="43.27426303178072" lon="-1.693559009581804">
        <ele>74</ele>
      </trkpt>
      <trkpt lat="43.27443796209991" lon="-1.693449039012194">
        <ele>74</ele>
      </trkpt>
      <trkpt lat="43.274675002321601" lon="-1.693403022363782">
        <ele>73</ele>
      </trkpt>
      <trkpt lat="43.274871977046132" lon="-1.693430012091994">
        <ele>72</ele>
      </trkpt>
      <trkpt lat="43.275087978690863" lon="-1.693459013476968">
        <ele>71</ele>
      </trkpt>
      <trkpt lat="43.275344967842102" lon="-1.693463958799839">
        <ele>70</ele>
      </trkpt>
      <trkpt lat="43.275550995022058" lon="-1.693395981565118">
        <ele>68</ele>
      </trkpt>
      <trkpt lat="43.275787029415369" lon="-1.693390030413866">
        <ele>66</ele>
      </trkpt>
      <trkpt lat="43.275967994704843" lon="-1.693374020978808">
        <ele>64</ele>
      </trkpt>
      <trkpt lat="43.276254991069436" lon="-1.693425988778472">
        <ele>61</ele>
      </trkpt>
      <trkpt lat="43.276445008814335" lon="-1.693420959636569">
        <ele>59</ele>
      </trkpt>
      <trkpt lat="43.276666961610317" lon="-1.693380977958441">
        <ele>57</ele>
      </trkpt>
      <trkpt lat="43.276811968535185" lon="-1.693241000175476">
        <ele>55</ele>
      </trkpt>
      <trkpt lat="43.276968961581588" lon="-1.692943023517728">
        <ele>53</ele>
      </trkpt>
      <trkpt lat="43.277217987924814" lon="-1.692786030471325">
        <ele>50</ele>
      </trkpt>
      <trkpt lat="43.277388978749514" lon="-1.692577991634607">
        <ele>47</ele>
      </trkpt>
      <trkpt lat="43.277586037293077" lon="-1.692398032173514">
        <ele>44</ele>
      </trkpt>
      <trkpt lat="43.277817964553833" lon="-1.692207008600235">
        <ele>41</ele>
      </trkpt>
      <trkpt lat="43.277975041419268" lon="-1.691973991692066">
        <ele>38</ele>
      </trkpt>
      <trkpt lat="43.278069002553821" lon="-1.691618012264371">
        <ele>36</ele>
      </trkpt>
      <trkpt lat="43.278130022808909" lon="-1.691349959000945">
        <ele>33</ele>
      </trkpt>
      <trkpt lat="43.278175033628941" lon="-1.691096993163228">
        <ele>32</ele>
      </trkpt>
      <trkpt lat="43.278177967295051" lon="-1.691063968464732">
        <ele>32</ele>
      </trkpt>
      <trkpt lat="43.278070008382201" lon="-1.690802033990622">
        <ele>30</ele>
      </trkpt>
      <trkpt lat="43.277963977307081" lon="-1.69069298543036">
        <ele>30</ele>
      </trkpt>
      <trkpt lat="43.277821987867355" lon="-1.690632971003652">
        <ele>31</ele>
      </trkpt>
      <trkpt lat="43.277604980394244" lon="-1.690556025132537">
        <ele>31</ele>
      </trkpt>
      <trkpt lat="43.277430972084403" lon="-1.690512020140886">
        <ele>31</ele>
      </trkpt>
      <trkpt lat="43.277284959331155" lon="-1.69052098877728">
        <ele>33</ele>
      </trkpt>
      <trkpt lat="43.277195021510124" lon="-1.690388973802328">
        <ele>33</ele>
      </trkpt>
      <trkpt lat="43.27720700763166" lon="-1.690074987709522">
        <ele>31</ele>
      </trkpt>
      <trkpt lat="43.277284037321806" lon="-1.689770976081491">
        <ele>30</ele>
      </trkpt>
      <trkpt lat="43.277500960975885" lon="-1.689753960818052">
        <ele>30</ele>
      </trkpt>
      <trkpt lat="43.277616966515779" lon="-1.689690006896853">
        <ele>30</ele>
      </trkpt>
      <trkpt lat="43.277628030627966" lon="-1.689629992470145">
        <ele>30</ele>
      </trkpt>
      <trkpt lat="43.277614032849669" lon="-1.689572995528579">
        <ele>30</ele>
      </trkpt>
      <trkpt lat="43.277612021192908" lon="-1.689520021900535">
        <ele>32</ele>
      </trkpt>
      <trkpt lat="43.277609003707767" lon="-1.689204024150968">
        <ele>32</ele>
      </trkpt>
      <trkpt lat="43.277620989829302" lon="-1.689005037769675">
        <ele>32</ele>
      </trkpt>
      <trkpt lat="43.277640016749501" lon="-1.688925996422768">
        <ele>32</ele>
      </trkpt>
      <trkpt lat="43.277700031176209" lon="-1.688719969242811">
        <ele>31</ele>
      </trkpt>
      <trkpt lat="43.277728026732802" lon="-1.688718963414431">
        <ele>31</ele>
      </trkpt>
      <trkpt lat="43.277966994792223" lon="-1.688755005598068">
        <ele>31</ele>
      </trkpt>
      <trkpt lat="43.278178973123431" lon="-1.688771015033126">
        <ele>31</ele>
      </trkpt>
      <trkpt lat="43.278385000303388" lon="-1.688810996711254">
        <ele>31</ele>
      </trkpt>
      <trkpt lat="43.278558002784848" lon="-1.688833963125944">
        <ele>31</ele>
      </trkpt>
      <trkpt lat="43.278558002784848" lon="-1.688833963125944">
        <ele>31</ele>
      </trkpt>
      <trkpt lat="43.278558002784848" lon="-1.688832035288215">
        <ele>32</ele>
      </trkpt>
      <trkpt lat="43.278558002784848" lon="-1.688832035288215">
        <ele>35</ele>
      </trkpt>
      <trkpt lat="43.278558002784848" lon="-1.688832035288215">
        <ele>35</ele>
      </trkpt>
      <trkpt lat="43.278558002784848" lon="-1.688832035288215">
        <ele>31</ele>
      </trkpt>
      <trkpt lat="43.278591027483344" lon="-1.688828011974692">
        <ele>30</ele>
      </trkpt>
      <trkpt lat="43.278869977220893" lon="-1.688777972012758">
        <ele>30</ele>
      </trkpt>
      <trkpt lat="43.279070975258946" lon="-1.688681999221444">
        <ele>30</ele>
      </trkpt>
      <trkpt lat="43.279231991618872" lon="-1.688593989238143">
        <ele>30</ele>
      </trkpt>
      <trkpt lat="43.279338022693992" lon="-1.688529029488564">
        <ele>30</ele>
      </trkpt>
      <trkpt lat="43.279423015192151" lon="-1.688490975648165">
        <ele>30</ele>
      </trkpt>
      <trkpt lat="43.279590988531709" lon="-1.688388967886567">
        <ele>30</ele>
      </trkpt>
      <trkpt lat="43.279632981866598" lon="-1.6883509978652">
        <ele>30</ele>
      </trkpt>
      <trkpt lat="43.279670029878616" lon="-1.688315961509943">
        <ele>30</ele>
      </trkpt>
      <trkpt lat="43.279669024050236" lon="-1.688215965405107">
        <ele>30</ele>
      </trkpt>
      <trkpt lat="43.279844960197806" lon="-1.688044974580407">
        <ele>30</ele>
      </trkpt>
      <trkpt lat="43.279881002381444" lon="-1.687980014830828">
        <ele>30</ele>
      </trkpt>
      <trkpt lat="43.279900029301643" lon="-1.687945984303951">
        <ele>31</ele>
      </trkpt>
      <trkpt lat="43.279899023473263" lon="-1.687937015667558">
        <ele>32</ele>
      </trkpt>
      <trkpt lat="43.279901035130024" lon="-1.687886975705624">
        <ele>32</ele>
      </trkpt>
      <trkpt lat="43.279913021251559" lon="-1.68755698017776">
        <ele>33</ele>
      </trkpt>
      <trkpt lat="43.279922995716333" lon="-1.687250034883618">
        <ele>33</ele>
      </trkpt>
      <trkpt lat="43.279927019029856" lon="-1.68716998770833">
        <ele>33</ele>
      </trkpt>
      <trkpt lat="43.279946967959404" lon="-1.687041996046901">
        <ele>33</ele>
      </trkpt>
      <trkpt lat="43.279988961294293" lon="-1.686699008569121">
        <ele>34</ele>
      </trkpt>
      <trkpt lat="43.28004403039813" lon="-1.686370018869638">
        <ele>35</ele>
      </trkpt>
      <trkpt lat="43.280103961005807" lon="-1.68602803722024">
        <ele>35</ele>
      </trkpt>
      <trkpt lat="43.280148971825838" lon="-1.685710027813911">
        <ele>36</ele>
      </trkpt>
      <trkpt lat="43.280186019837856" lon="-1.685382965952158">
        <ele>36</ele>
      </trkpt>
      <trkpt lat="43.28019599430263" lon="-1.685262015089393">
        <ele>36</ele>
      </trkpt>
      <trkpt lat="43.280224995687604" lon="-1.685108039528132">
        <ele>36</ele>
      </trkpt>
      <trkpt lat="43.280236981809139" lon="-1.685025980696082">
        <ele>37</ele>
      </trkpt>
      <trkpt lat="43.28028199262917" lon="-1.68467603623867">
        <ele>37</ele>
      </trkpt>
      <trkpt lat="43.280288027599454" lon="-1.684598000720143">
        <ele>37</ele>
      </trkpt>
      <trkpt lat="43.280309988185763" lon="-1.684501022100449">
        <ele>38</ele>
      </trkpt>
      <trkpt lat="43.280317028984427" lon="-1.684465985745192">
        <ele>38</ele>
      </trkpt>
      <trkpt lat="43.280348964035511" lon="-1.684251995757222">
        <ele>38</ele>
      </trkpt>
      <trkpt lat="43.280354999005795" lon="-1.683888975530863">
        <ele>38</ele>
      </trkpt>
      <trkpt lat="43.280335972085595" lon="-1.683784034103155">
        <ele>38</ele>
      </trkpt>
      <trkpt lat="43.280319040641189" lon="-1.683737011626363">
        <ele>37</ele>
      </trkpt>
      <trkpt lat="43.280333038419485" lon="-1.683497037738562">
        <ele>36</ele>
      </trkpt>
      <trkpt lat="43.280386012047529" lon="-1.683220015838742">
        <ele>35</ele>
      </trkpt>
      <trkpt lat="43.280407972633839" lon="-1.683136029168963">
        <ele>35</ele>
      </trkpt>
      <trkpt lat="43.280477961525321" lon="-1.682845009490848">
        <ele>35</ele>
      </trkpt>
      <trkpt lat="43.280477961525321" lon="-1.682845009490848">
        <ele>35</ele>
      </trkpt>
      <trkpt lat="43.280509980395436" lon="-1.682683993130922">
        <ele>35</ele>
      </trkpt>
      <trkpt lat="43.280564965680242" lon="-1.682394985109568">
        <ele>35</ele>
      </trkpt>
      <trkpt lat="43.280571000650525" lon="-1.682364977896214">
        <ele>35</ele>
      </trkpt>
    </trkseg>
  </trk>

</gpx>