<?xml version="1.0" encoding="utf-8"?><gpx creator="Garmin Desktop App" version="1.1" xsi:schemaLocation="http://www.topografix.com/GPX/1/1 http://www.topografix.com/GPX/1/1/gpx.xsd http://www.garmin.com/xmlschemas/WaypointExtension/v1 http://www8.garmin.com/xmlschemas/WaypointExtensionv1.xsd http://www.garmin.com/xmlschemas/TrackPointExtension/v1 http://www.garmin.com/xmlschemas/TrackPointExtensionv1.xsd http://www.garmin.com/xmlschemas/GpxExtensions/v3 http://www8.garmin.com/xmlschemas/GpxExtensionsv3.xsd http://www.garmin.com/xmlschemas/ActivityExtension/v1 http://www8.garmin.com/xmlschemas/ActivityExtensionv1.xsd http://www.garmin.com/xmlschemas/AdventuresExtensions/v1 http://www8.garmin.com/xmlschemas/AdventuresExtensionv1.xsd http://www.garmin.com/xmlschemas/PressureExtension/v1 http://www.garmin.com/xmlschemas/PressureExtensionv1.xsd http://www.garmin.com/xmlschemas/TripExtensions/v1 http://www.garmin.com/xmlschemas/TripExtensionsv1.xsd http://www.garmin.com/xmlschemas/TripMetaDataExtensions/v1 http://www.garmin.com/xmlschemas/TripMetaDataExtensionsv1.xsd http://www.garmin.com/xmlschemas/ViaPointTransportationModeExtensions/v1 http://www.garmin.com/xmlschemas/ViaPointTransportationModeExtensionsv1.xsd http://www.garmin.com/xmlschemas/CreationTimeExtension/v1 http://www.garmin.com/xmlschemas/CreationTimeExtensionsv1.xsd http://www.garmin.com/xmlschemas/AccelerationExtension/v1 http://www.garmin.com/xmlschemas/AccelerationExtensionv1.xsd http://www.garmin.com/xmlschemas/PowerExtension/v1 http://www.garmin.com/xmlschemas/PowerExtensionv1.xsd http://www.garmin.com/xmlschemas/VideoExtension/v1 http://www.garmin.com/xmlschemas/VideoExtensionv1.xsd" xmlns="http://www.topografix.com/GPX/1/1" xmlns:xsi="http://www.w3.org/2001/XMLSchema-instance" xmlns:wptx1="http://www.garmin.com/xmlschemas/WaypointExtension/v1" xmlns:gpxtrx="http://www.garmin.com/xmlschemas/GpxExtensions/v3" xmlns:gpxtpx="http://www.garmin.com/xmlschemas/TrackPointExtension/v1" xmlns:gpxx="http://www.garmin.com/xmlschemas/GpxExtensions/v3" xmlns:trp="http://www.garmin.com/xmlschemas/TripExtensions/v1" xmlns:adv="http://www.garmin.com/xmlschemas/AdventuresExtensions/v1" xmlns:prs="http://www.garmin.com/xmlschemas/PressureExtension/v1" xmlns:tmd="http://www.garmin.com/xmlschemas/TripMetaDataExtensions/v1" xmlns:vptm="http://www.garmin.com/xmlschemas/ViaPointTransportationModeExtensions/v1" xmlns:ctx="http://www.garmin.com/xmlschemas/CreationTimeExtension/v1" xmlns:gpxacc="http://www.garmin.com/xmlschemas/AccelerationExtension/v1" xmlns:gpxpx="http://www.garmin.com/xmlschemas/PowerExtension/v1" xmlns:vidx1="http://www.garmin.com/xmlschemas/VideoExtension/v1">

  <metadata>
    <link href="http://www.garmin.com">
      <text>Garmin International</text>
    </link>
    <time>2026-05-09T06:55:57Z</time>
    <bounds maxlat="43.145766025409102" maxlon="-1.470226971432567" minlat="43.035970972850919" minlon="-1.517203012481332" />
  </metadata>

  <trk>
    <name>GR11_03_Elizondo-Urkiaga</name>
    <extensions>
      <gpxx:TrackExtension>
        <gpxx:DisplayColor>Black</gpxx:DisplayColor>
      </gpxx:TrackExtension>
    </extensions>
    <trkseg>
      <trkpt lat="43.145766025409102" lon="-1.517203012481332">
        <ele>200</ele>
      </trkpt>
      <trkpt lat="43.145657982677221" lon="-1.517122965306044">
        <ele>201</ele>
      </trkpt>
      <trkpt lat="43.145538959652185" lon="-1.516772015020251">
        <ele>202</ele>
      </trkpt>
      <trkpt lat="43.145494032651186" lon="-1.516650980338454">
        <ele>202</ele>
      </trkpt>
      <trkpt lat="43.145477017387748" lon="-1.516564982011914">
        <ele>202</ele>
      </trkpt>
      <trkpt lat="43.145340979099274" lon="-1.516379993408918">
        <ele>202</ele>
      </trkpt>
      <trkpt lat="43.145214999094605" lon="-1.516154017299414">
        <ele>202</ele>
      </trkpt>
      <trkpt lat="43.144991034641862" lon="-1.516042035073042">
        <ele>202</ele>
      </trkpt>
      <trkpt lat="43.144877962768078" lon="-1.515958970412612">
        <ele>202</ele>
      </trkpt>
      <trkpt lat="43.144739996641874" lon="-1.515757972374558">
        <ele>202</ele>
      </trkpt>
      <trkpt lat="43.14470998942852" lon="-1.515708016231656">
        <ele>203</ele>
      </trkpt>
      <trkpt lat="43.144662966951728" lon="-1.515516992658377">
        <ele>203</ele>
      </trkpt>
      <trkpt lat="43.144550984725356" lon="-1.515312977135181">
        <ele>204</ele>
      </trkpt>
      <trkpt lat="43.144375970587134" lon="-1.51518096216023">
        <ele>204</ele>
      </trkpt>
      <trkpt lat="43.144110012799501" lon="-1.515041990205646">
        <ele>204</ele>
      </trkpt>
      <trkpt lat="43.143918989226222" lon="-1.514895977452397">
        <ele>206</ele>
      </trkpt>
      <trkpt lat="43.14374104142189" lon="-1.514754993841052">
        <ele>208</ele>
      </trkpt>
      <trkpt lat="43.143664011731744" lon="-1.514652986079454">
        <ele>210</ele>
      </trkpt>
      <trkpt lat="43.143526967614889" lon="-1.514548966661096">
        <ele>212</ele>
      </trkpt>
      <trkpt lat="43.143372992053628" lon="-1.514447964727879">
        <ele>215</ele>
      </trkpt>
      <trkpt lat="43.143246006220579" lon="-1.514389039948583">
        <ele>217</ele>
      </trkpt>
      <trkpt lat="43.143185991793871" lon="-1.51436498388648">
        <ele>217</ele>
      </trkpt>
      <trkpt lat="43.143085995689034" lon="-1.51434201747179">
        <ele>218</ele>
      </trkpt>
      <trkpt lat="43.143073003739119" lon="-1.514340005815029">
        <ele>218</ele>
      </trkpt>
      <trkpt lat="43.143065962940454" lon="-1.514343023300171">
        <ele>218</ele>
      </trkpt>
      <trkpt lat="43.143065962940454" lon="-1.514343023300171">
        <ele>218</ele>
      </trkpt>
      <trkpt lat="43.143065962940454" lon="-1.514344029128552">
        <ele>218</ele>
      </trkpt>
      <trkpt lat="43.143013995140791" lon="-1.514322990551591">
        <ele>218</ele>
      </trkpt>
      <trkpt lat="43.143013995140791" lon="-1.514322990551591">
        <ele>218</ele>
      </trkpt>
      <trkpt lat="43.143013995140791" lon="-1.514322990551591">
        <ele>218</ele>
      </trkpt>
      <trkpt lat="43.142896983772516" lon="-1.514258030802012">
        <ele>220</ele>
      </trkpt>
      <trkpt lat="43.142739990726113" lon="-1.514226011931896">
        <ele>220</ele>
      </trkpt>
      <trkpt lat="43.142521977424622" lon="-1.514122998341918">
        <ele>223</ele>
      </trkpt>
      <trkpt lat="43.142505967989564" lon="-1.51412601582706">
        <ele>223</ele>
      </trkpt>
      <trkpt lat="43.142505967989564" lon="-1.514120986685157">
        <ele>223</ele>
      </trkpt>
      <trkpt lat="43.142435979098082" lon="-1.514155017212033">
        <ele>223</ele>
      </trkpt>
      <trkpt lat="43.142418963834643" lon="-1.514144958928227">
        <ele>223</ele>
      </trkpt>
      <trkpt lat="43.142420975491405" lon="-1.514144036918879">
        <ele>223</ele>
      </trkpt>
      <trkpt lat="43.142418041825294" lon="-1.514179995283485">
        <ele>222</ele>
      </trkpt>
      <trkpt lat="43.142405971884727" lon="-1.514178989455104">
        <ele>222</ele>
      </trkpt>
      <trkpt lat="43.14238803461194" lon="-1.514172032475472">
        <ele>222</ele>
      </trkpt>
      <trkpt lat="43.142379987984896" lon="-1.514183012768626">
        <ele>222</ele>
      </trkpt>
      <trkpt lat="43.142379987984896" lon="-1.514183012768626">
        <ele>222</ele>
      </trkpt>
      <trkpt lat="43.1423469632864" lon="-1.514210002496839">
        <ele>222</ele>
      </trkpt>
      <trkpt lat="43.142213020473719" lon="-1.51425601914525">
        <ele>222</ele>
      </trkpt>
      <trkpt lat="43.14217203296721" lon="-1.514259036630392">
        <ele>222</ele>
      </trkpt>
      <trkpt lat="43.142121993005276" lon="-1.514274040237069">
        <ele>222</ele>
      </trkpt>
      <trkpt lat="43.1420430354774" lon="-1.51427898555994">
        <ele>222</ele>
      </trkpt>
      <trkpt lat="43.141969023272395" lon="-1.514250990003347">
        <ele>223</ele>
      </trkpt>
      <trkpt lat="43.141929041594267" lon="-1.514202961698175">
        <ele>224</ele>
      </trkpt>
      <trkpt lat="43.141850000247359" lon="-1.514153005555272">
        <ele>225</ele>
      </trkpt>
      <trkpt lat="43.141740029677749" lon="-1.514072036370635">
        <ele>227</ele>
      </trkpt>
      <trkpt lat="43.141690995544195" lon="-1.514044040814042">
        <ele>227</ele>
      </trkpt>
      <trkpt lat="43.141669034957886" lon="-1.514032976701856">
        <ele>227</ele>
      </trkpt>
      <trkpt lat="43.141517993062735" lon="-1.513938009738922">
        <ele>230</ele>
      </trkpt>
      <trkpt lat="43.141396958380938" lon="-1.513842958956957">
        <ele>231</ele>
      </trkpt>
      <trkpt lat="43.141294028609991" lon="-1.513822004199028">
        <ele>232</ele>
      </trkpt>
      <trkpt lat="43.141294028609991" lon="-1.513822004199028">
        <ele>232</ele>
      </trkpt>
      <trkpt lat="43.141294028609991" lon="-1.513822004199028">
        <ele>232</ele>
      </trkpt>
      <trkpt lat="43.141283970326185" lon="-1.513831978663802">
        <ele>232</ele>
      </trkpt>
      <trkpt lat="43.141262009739876" lon="-1.513853017240763">
        <ele>232</ele>
      </trkpt>
      <trkpt lat="43.141209036111832" lon="-1.513786967843771">
        <ele>233</ele>
      </trkpt>
      <trkpt lat="43.141126977279782" lon="-1.51356702670455">
        <ele>234</ele>
      </trkpt>
      <trkpt lat="43.141043996438384" lon="-1.513410033658147">
        <ele>235</ele>
      </trkpt>
      <trkpt lat="43.141003008931875" lon="-1.513308025896549">
        <ele>236</ele>
      </trkpt>
      <trkpt lat="43.141003008931875" lon="-1.513308025896549">
        <ele>236</ele>
      </trkpt>
      <trkpt lat="43.141004014760256" lon="-1.513310959562659">
        <ele>236</ele>
      </trkpt>
      <trkpt lat="43.141004014760256" lon="-1.513310959562659">
        <ele>236</ele>
      </trkpt>
      <trkpt lat="43.141000997275114" lon="-1.513313977047801">
        <ele>236</ele>
      </trkpt>
      <trkpt lat="43.141000997275114" lon="-1.513313977047801">
        <ele>236</ele>
      </trkpt>
      <trkpt lat="43.140918016433716" lon="-1.513190008699894">
        <ele>237</ele>
      </trkpt>
      <trkpt lat="43.140899995341897" lon="-1.513154972344637">
        <ele>238</ele>
      </trkpt>
      <trkpt lat="43.140821037814021" lon="-1.513013988733292">
        <ele>240</ele>
      </trkpt>
      <trkpt lat="43.140794970095158" lon="-1.512973001226783">
        <ele>241</ele>
      </trkpt>
      <trkpt lat="43.140711989253759" lon="-1.51285900734365">
        <ele>245</ele>
      </trkpt>
      <trkpt lat="43.140582991763949" lon="-1.512797987088561">
        <ele>249</ele>
      </trkpt>
      <trkpt lat="43.140554996207356" lon="-1.51277300901711">
        <ele>250</ele>
      </trkpt>
      <trkpt lat="43.140429016202688" lon="-1.512682987377048">
        <ele>254</ele>
      </trkpt>
      <trkpt lat="43.140388028696179" lon="-1.512657003477216">
        <ele>255</ele>
      </trkpt>
      <trkpt lat="43.140297001227736" lon="-1.512563964352012">
        <ele>258</ele>
      </trkpt>
      <trkpt lat="43.140165992081165" lon="-1.512497998774052">
        <ele>261</ele>
      </trkpt>
      <trkpt lat="43.14013397321105" lon="-1.512504033744335">
        <ele>262</ele>
      </trkpt>
      <trkpt lat="43.140013022348285" lon="-1.512463968247175">
        <ele>264</ele>
      </trkpt>
      <trkpt lat="43.139898022636771" lon="-1.512445025146008">
        <ele>267</ele>
      </trkpt>
      <trkpt lat="43.139814035966992" lon="-1.512421974912286">
        <ele>268</ele>
      </trkpt>
      <trkpt lat="43.139670034870505" lon="-1.512396996840835">
        <ele>270</ele>
      </trkpt>
      <trkpt lat="43.139615971595049" lon="-1.512382999062538">
        <ele>271</ele>
      </trkpt>
      <trkpt lat="43.139510024338961" lon="-1.512378975749016">
        <ele>273</ele>
      </trkpt>
      <trkpt lat="43.139427965506911" lon="-1.512371012941003">
        <ele>275</ele>
      </trkpt>
      <trkpt lat="43.139356970787048" lon="-1.512345029041171">
        <ele>276</ele>
      </trkpt>
      <trkpt lat="43.139239037409425" lon="-1.512346034869552">
        <ele>278</ele>
      </trkpt>
      <trkpt lat="43.139108028262854" lon="-1.512319967150688">
        <ele>280</ele>
      </trkpt>
      <trkpt lat="43.139009959995747" lon="-1.512293983250856">
        <ele>281</ele>
      </trkpt>
      <trkpt lat="43.138997973874211" lon="-1.512299012392759">
        <ele>281</ele>
      </trkpt>
      <trkpt lat="43.138935025781393" lon="-1.512301024049521">
        <ele>282</ele>
      </trkpt>
      <trkpt lat="43.138784989714622" lon="-1.51227998547256">
        <ele>283</ele>
      </trkpt>
      <trkpt lat="43.138776021078229" lon="-1.512276967987418">
        <ele>283</ele>
      </trkpt>
      <trkpt lat="43.138662027195096" lon="-1.512276967987418">
        <ele>285</ele>
      </trkpt>
      <trkpt lat="43.138603018596768" lon="-1.512251989915967">
        <ele>285</ele>
      </trkpt>
      <trkpt lat="43.138431021943688" lon="-1.512250984087586">
        <ele>287</ele>
      </trkpt>
      <trkpt lat="43.138305963948369" lon="-1.512223994359374">
        <ele>288</ele>
      </trkpt>
      <trkpt lat="43.138273023068905" lon="-1.512202033773065">
        <ele>288</ele>
      </trkpt>
      <trkpt lat="43.138080993667245" lon="-1.512127015739679">
        <ele>289</ele>
      </trkpt>
      <trkpt lat="43.137953002005816" lon="-1.512054009363055">
        <ele>290</ele>
      </trkpt>
      <trkpt lat="43.137830961495638" lon="-1.512001035735011">
        <ele>290</ele>
      </trkpt>
      <trkpt lat="43.137599034234881" lon="-1.511941021308303">
        <ele>293</ele>
      </trkpt>
      <trkpt lat="43.137450003996491" lon="-1.511794002726674">
        <ele>294</ele>
      </trkpt>
      <trkpt lat="43.137437012046576" lon="-1.511684032157064">
        <ele>293</ele>
      </trkpt>
      <trkpt lat="43.13747095875442" lon="-1.511564003303647">
        <ele>290</ele>
      </trkpt>
      <trkpt lat="43.137485962361097" lon="-1.511466018855572">
        <ele>289</ele>
      </trkpt>
      <trkpt lat="43.137485962361097" lon="-1.511386977508664">
        <ele>288</ele>
      </trkpt>
      <trkpt lat="43.137525022029877" lon="-1.511153960600495">
        <ele>284</ele>
      </trkpt>
      <trkpt lat="43.137515969574451" lon="-1.510948017239571">
        <ele>281</ele>
      </trkpt>
      <trkpt lat="43.137419996783137" lon="-1.510707037523389">
        <ele>282</ele>
      </trkpt>
      <trkpt lat="43.137249005958438" lon="-1.510457005351782">
        <ele>286</ele>
      </trkpt>
      <trkpt lat="43.137085977941751" lon="-1.510306969285011">
        <ele>290</ele>
      </trkpt>
      <trkpt lat="43.137010037899017" lon="-1.510264975950122">
        <ele>292</ele>
      </trkpt>
      <trkpt lat="43.136916998773813" lon="-1.510192975401878">
        <ele>294</ele>
      </trkpt>
      <trkpt lat="43.136732010170817" lon="-1.5101089887321">
        <ele>299</ele>
      </trkpt>
      <trkpt lat="43.136536963284016" lon="-1.510011004284024">
        <ele>302</ele>
      </trkpt>
      <trkpt lat="43.136354992166162" lon="-1.509944032877684">
        <ele>305</ele>
      </trkpt>
      <trkpt lat="43.136152988299727" lon="-1.509943027049303">
        <ele>308</ele>
      </trkpt>
      <trkpt lat="43.135981997475028" lon="-1.509898016229272">
        <ele>311</ele>
      </trkpt>
      <trkpt lat="43.135748980566859" lon="-1.509878989309073">
        <ele>314</ele>
      </trkpt>
      <trkpt lat="43.135548988357186" lon="-1.509868009015918">
        <ele>313</ele>
      </trkpt>
      <trkpt lat="43.135489979758859" lon="-1.509912014007568">
        <ele>312</ele>
      </trkpt>
      <trkpt lat="43.135498026385903" lon="-1.509959036484361">
        <ele>311</ele>
      </trkpt>
      <trkpt lat="43.135539013892412" lon="-1.510077975690365">
        <ele>311</ele>
      </trkpt>
      <trkpt lat="43.135581007227302" lon="-1.510188030079007">
        <ele>312</ele>
      </trkpt>
      <trkpt lat="43.13559802249074" lon="-1.510262964293361">
        <ele>312</ele>
      </trkpt>
      <trkpt lat="43.135597016662359" lon="-1.510385004803538">
        <ele>312</ele>
      </trkpt>
      <trkpt lat="43.135552005842328" lon="-1.510397996753454">
        <ele>312</ele>
      </trkpt>
      <trkpt lat="43.135529961436987" lon="-1.510382993146777">
        <ele>312</ele>
      </trkpt>
      <trkpt lat="43.135376991704106" lon="-1.510376036167145">
        <ele>311</ele>
      </trkpt>
      <trkpt lat="43.135327035561204" lon="-1.510376958176494">
        <ele>311</ele>
      </trkpt>
      <trkpt lat="43.13516903668642" lon="-1.510368995368481">
        <ele>311</ele>
      </trkpt>
      <trkpt lat="43.135091001167893" lon="-1.510354997590184">
        <ele>310</ele>
      </trkpt>
      <trkpt lat="43.134983964264393" lon="-1.510306969285011">
        <ele>309</ele>
      </trkpt>
      <trkpt lat="43.134773997589946" lon="-1.51034502312541">
        <ele>308</ele>
      </trkpt>
      <trkpt lat="43.134739967063069" lon="-1.510379975661635">
        <ele>308</ele>
      </trkpt>
      <trkpt lat="43.134651035070419" lon="-1.510535040870309">
        <ele>309</ele>
      </trkpt>
      <trkpt lat="43.134506028145552" lon="-1.510674012824893">
        <ele>309</ele>
      </trkpt>
      <trkpt lat="43.134493036195636" lon="-1.51068801060319">
        <ele>309</ele>
      </trkpt>
      <trkpt lat="43.134372001513839" lon="-1.510859001427889">
        <ele>310</ele>
      </trkpt>
      <trkpt lat="43.134322967380285" lon="-1.510952040553093">
        <ele>312</ele>
      </trkpt>
      <trkpt lat="43.134253984317183" lon="-1.511070979759097">
        <ele>315</ele>
      </trkpt>
      <trkpt lat="43.134176032617688" lon="-1.511156978085637">
        <ele>316</ele>
      </trkpt>
      <trkpt lat="43.134082993492484" lon="-1.511250017210841">
        <ele>317</ele>
      </trkpt>
      <trkpt lat="43.133900016546249" lon="-1.5112279728055">
        <ele>315</ele>
      </trkpt>
      <trkpt lat="43.133838996291161" lon="-1.511238031089306">
        <ele>314</ele>
      </trkpt>
      <trkpt lat="43.133791973814368" lon="-1.511204000562429">
        <ele>313</ele>
      </trkpt>
      <trkpt lat="43.133749980479479" lon="-1.511143986135721">
        <ele>311</ele>
      </trkpt>
      <trkpt lat="43.133616959676147" lon="-1.510897977277637">
        <ele>305</ele>
      </trkpt>
      <trkpt lat="43.133564991876483" lon="-1.510800998657942">
        <ele>303</ele>
      </trkpt>
      <trkpt lat="43.133401963859797" lon="-1.510694967582822">
        <ele>301</ele>
      </trkpt>
      <trkpt lat="43.13321596942842" lon="-1.510609975084662">
        <ele>300</ele>
      </trkpt>
      <trkpt lat="43.133148998022079" lon="-1.510591031983495">
        <ele>300</ele>
      </trkpt>
      <trkpt lat="43.132960991933942" lon="-1.510662026703358">
        <ele>301</ele>
      </trkpt>
      <trkpt lat="43.13284900970757" lon="-1.510701002553105">
        <ele>302</ele>
      </trkpt>
      <trkpt lat="43.13278597779572" lon="-1.510722041130066">
        <ele>302</ele>
      </trkpt>
      <trkpt lat="43.132661003619432" lon="-1.51073100976646">
        <ele>302</ele>
      </trkpt>
      <trkpt lat="43.132625967264175" lon="-1.510735033079982">
        <ele>302</ele>
      </trkpt>
      <trkpt lat="43.132523959502578" lon="-1.51068801060319">
        <ele>302</ele>
      </trkpt>
      <trkpt lat="43.132305024191737" lon="-1.510627996176481">
        <ele>304</ele>
      </trkpt>
      <trkpt lat="43.132202010601759" lon="-1.510593965649605">
        <ele>305</ele>
      </trkpt>
      <trkpt lat="43.132000006735325" lon="-1.510440995916724">
        <ele>307</ele>
      </trkpt>
      <trkpt lat="43.131940998136997" lon="-1.510405037552118">
        <ele>308</ele>
      </trkpt>
      <trkpt lat="43.131762966513634" lon="-1.510378969833255">
        <ele>310</ele>
      </trkpt>
      <trkpt lat="43.131663976237178" lon="-1.510334964841604">
        <ele>311</ele>
      </trkpt>
      <trkpt lat="43.13164503313601" lon="-1.510329013690352">
        <ele>310</ele>
      </trkpt>
      <trkpt lat="43.131487034261227" lon="-1.510317027568817">
        <ele>310</ele>
      </trkpt>
      <trkpt lat="43.131357030943036" lon="-1.510293977335095">
        <ele>309</ele>
      </trkpt>
      <trkpt lat="43.131191991269588" lon="-1.510257013142109">
        <ele>308</ele>
      </trkpt>
      <trkpt lat="43.13104597851634" lon="-1.510136984288693">
        <ele>308</ele>
      </trkpt>
      <trkpt lat="43.130945982411504" lon="-1.509974962100387">
        <ele>308</ele>
      </trkpt>
      <trkpt lat="43.130842968821526" lon="-1.509803971275687">
        <ele>309</ele>
      </trkpt>
      <trkpt lat="43.130754958838224" lon="-1.509619988501072">
        <ele>310</ele>
      </trkpt>
      <trkpt lat="43.13067801296711" lon="-1.509456038475037">
        <ele>312</ele>
      </trkpt>
      <trkpt lat="43.130625039339066" lon="-1.50939904153347">
        <ele>313</ele>
      </trkpt>
      <trkpt lat="43.130466034635901" lon="-1.509426031261683">
        <ele>313</ele>
      </trkpt>
      <trkpt lat="43.13033795915544" lon="-1.509471964091063">
        <ele>313</ele>
      </trkpt>
      <trkpt lat="43.130309041589499" lon="-1.50948503986001">
        <ele>313</ele>
      </trkpt>
      <trkpt lat="43.130285991355777" lon="-1.509488979354501">
        <ele>313</ele>
      </trkpt>
      <trkpt lat="43.130266964435577" lon="-1.50948696769774">
        <ele>313</ele>
      </trkpt>
      <trkpt lat="43.13018599525094" lon="-1.509469030424953">
        <ele>314</ele>
      </trkpt>
      <trkpt lat="43.130112988874316" lon="-1.509389989078045">
        <ele>315</ele>
      </trkpt>
      <trkpt lat="43.130080970004201" lon="-1.509368028491736">
        <ele>316</ele>
      </trkpt>
      <trkpt lat="43.12999002635479" lon="-1.509298961609602">
        <ele>317</ele>
      </trkpt>
      <trkpt lat="43.129877960309386" lon="-1.509119002148509">
        <ele>319</ele>
      </trkpt>
      <trkpt lat="43.129843007773161" lon="-1.509050019085407">
        <ele>319</ele>
      </trkpt>
      <trkpt lat="43.12973597086966" lon="-1.508810967206955">
        <ele>320</ele>
      </trkpt>
      <trkpt lat="43.129637986421585" lon="-1.508614998310804">
        <ele>321</ele>
      </trkpt>
      <trkpt lat="43.12960596755147" lon="-1.508493041619659">
        <ele>322</ele>
      </trkpt>
      <trkpt lat="43.129547964781523" lon="-1.508382987231016">
        <ele>322</ele>
      </trkpt>
      <trkpt lat="43.129543019458652" lon="-1.508364966139197">
        <ele>322</ele>
      </trkpt>
      <trkpt lat="43.129487028345466" lon="-1.508262036368251">
        <ele>323</ele>
      </trkpt>
      <trkpt lat="43.129473030567169" lon="-1.508243009448052">
        <ele>323</ele>
      </trkpt>
      <trkpt lat="43.129405975341797" lon="-1.508116023615003">
        <ele>323</ele>
      </trkpt>
      <trkpt lat="43.129399018362164" lon="-1.50804603472352">
        <ele>323</ele>
      </trkpt>
      <trkpt lat="43.129277983680367" lon="-1.507855011150241">
        <ele>323</ele>
      </trkpt>
      <trkpt lat="43.129195002838969" lon="-1.507742023095489">
        <ele>324</ele>
      </trkpt>
      <trkpt lat="43.129101041704416" lon="-1.507577989250422">
        <ele>324</ele>
      </trkpt>
      <trkpt lat="43.12904697842896" lon="-1.507438011467457">
        <ele>325</ele>
      </trkpt>
      <trkpt lat="43.129019988700747" lon="-1.507368022575975">
        <ele>325</ele>
      </trkpt>
      <trkpt lat="43.129015965387225" lon="-1.507330974563956">
        <ele>326</ele>
      </trkpt>
      <trkpt lat="43.129000961780548" lon="-1.507269032299519">
        <ele>326</ele>
      </trkpt>
      <trkpt lat="43.129000961780548" lon="-1.507269032299519">
        <ele>326</ele>
      </trkpt>
      <trkpt lat="43.129008002579212" lon="-1.507127964869142">
        <ele>327</ele>
      </trkpt>
      <trkpt lat="43.128932984545827" lon="-1.506911041215062">
        <ele>329</ele>
      </trkpt>
      <trkpt lat="43.128888979554176" lon="-1.506798975169659">
        <ele>330</ele>
      </trkpt>
      <trkpt lat="43.128883028402925" lon="-1.506777014583349">
        <ele>331</ele>
      </trkpt>
      <trkpt lat="43.128854027017951" lon="-1.506553972139955">
        <ele>333</ele>
      </trkpt>
      <trkpt lat="43.128840029239655" lon="-1.506471997126937">
        <ele>335</ele>
      </trkpt>
      <trkpt lat="43.128764005377889" lon="-1.506267981603742">
        <ele>339</ele>
      </trkpt>
      <trkpt lat="43.128725029528141" lon="-1.506166979670525">
        <ele>340</ele>
      </trkpt>
      <trkpt lat="43.128699967637658" lon="-1.506132027134299">
        <ele>341</ele>
      </trkpt>
      <trkpt lat="43.128615980967879" lon="-1.505979979410768">
        <ele>344</ele>
      </trkpt>
      <trkpt lat="43.128593014553189" lon="-1.505886018276215">
        <ele>346</ele>
      </trkpt>
      <trkpt lat="43.128525959327817" lon="-1.505701029673219">
        <ele>348</ele>
      </trkpt>
      <trkpt lat="43.128497041761875" lon="-1.505616959184408">
        <ele>349</ele>
      </trkpt>
      <trkpt lat="43.128469968214631" lon="-1.505444040521979">
        <ele>351</ele>
      </trkpt>
      <trkpt lat="43.128453036770225" lon="-1.505391988903284">
        <ele>351</ele>
      </trkpt>
      <trkpt lat="43.128381036221981" lon="-1.505195014178753">
        <ele>354</ele>
      </trkpt>
      <trkpt lat="43.128277016803622" lon="-1.505018994212151">
        <ele>356</ele>
      </trkpt>
      <trkpt lat="43.128171991556883" lon="-1.50486895814538">
        <ele>356</ele>
      </trkpt>
      <trkpt lat="43.128056991845369" lon="-1.504728980362415">
        <ele>356</ele>
      </trkpt>
      <trkpt lat="43.127948027104139" lon="-1.504634013399482">
        <ele>356</ele>
      </trkpt>
      <trkpt lat="43.127864962443709" lon="-1.50456503033638">
        <ele>357</ele>
      </trkpt>
      <trkpt lat="43.127867979928851" lon="-1.504462016746402">
        <ele>357</ele>
      </trkpt>
      <trkpt lat="43.127835961058736" lon="-1.504413988441229">
        <ele>357</ele>
      </trkpt>
      <trkpt lat="43.127792961895466" lon="-1.504355985671282">
        <ele>357</ele>
      </trkpt>
      <trkpt lat="43.127678968012333" lon="-1.504451036453247">
        <ele>358</ele>
      </trkpt>
      <trkpt lat="43.127649966627359" lon="-1.504480037838221">
        <ele>358</ele>
      </trkpt>
      <trkpt lat="43.127595987170935" lon="-1.504495041444898">
        <ele>359</ele>
      </trkpt>
      <trkpt lat="43.127558017149568" lon="-1.504478026181459">
        <ele>359</ele>
      </trkpt>
      <trkpt lat="43.127517029643059" lon="-1.504463022574782">
        <ele>360</ele>
      </trkpt>
      <trkpt lat="43.127400018274784" lon="-1.50443603284657">
        <ele>360</ele>
      </trkpt>
      <trkpt lat="43.127211006358266" lon="-1.504471991211176">
        <ele>361</ele>
      </trkpt>
      <trkpt lat="43.12704898416996" lon="-1.504366965964437">
        <ele>363</ele>
      </trkpt>
      <trkpt lat="43.127010008320212" lon="-1.504323966801167">
        <ele>364</ele>
      </trkpt>
      <trkpt lat="43.126931972801685" lon="-1.504295971244574">
        <ele>364</ele>
      </trkpt>
      <trkpt lat="43.126758970320225" lon="-1.504237968474627">
        <ele>366</ele>
      </trkpt>
      <trkpt lat="43.126724017783999" lon="-1.504209972918034">
        <ele>367</ele>
      </trkpt>
      <trkpt lat="43.126641036942601" lon="-1.504132021218538">
        <ele>368</ele>
      </trkpt>
      <trkpt lat="43.126647993922234" lon="-1.504063038155437">
        <ele>368</ele>
      </trkpt>
      <trkpt lat="43.126628967002034" lon="-1.504025990143418">
        <ele>368</ele>
      </trkpt>
      <trkpt lat="43.126616980880499" lon="-1.503889029845595">
        <ele>368</ele>
      </trkpt>
      <trkpt lat="43.126607006415725" lon="-1.503759026527405">
        <ele>367</ele>
      </trkpt>
      <trkpt lat="43.126604994758964" lon="-1.503735976293683">
        <ele>367</ele>
      </trkpt>
      <trkpt lat="43.126585967838764" lon="-1.503686020150781">
        <ele>367</ele>
      </trkpt>
      <trkpt lat="43.126526037231088" lon="-1.503543024882674">
        <ele>368</ele>
      </trkpt>
      <trkpt lat="43.126473985612392" lon="-1.503402041271329">
        <ele>369</ele>
      </trkpt>
      <trkpt lat="43.126374995335937" lon="-1.503296010196209">
        <ele>371</ele>
      </trkpt>
      <trkpt lat="43.126310035586357" lon="-1.503246976062655">
        <ele>372</ele>
      </trkpt>
      <trkpt lat="43.126193024218082" lon="-1.503200959414244">
        <ele>374</ele>
      </trkpt>
      <trkpt lat="43.126105014234781" lon="-1.503159971907735">
        <ele>376</ele>
      </trkpt>
      <trkpt lat="43.126023039221764" lon="-1.503128036856651">
        <ele>377</ele>
      </trkpt>
      <trkpt lat="43.125819023698568" lon="-1.503097023814917">
        <ele>382</ele>
      </trkpt>
      <trkpt lat="43.125686002895236" lon="-1.503036003559828">
        <ele>384</ele>
      </trkpt>
      <trkpt lat="43.125655995681882" lon="-1.503012031316757">
        <ele>384</ele>
      </trkpt>
      <trkpt lat="43.125607967376709" lon="-1.502922009676695">
        <ele>384</ele>
      </trkpt>
      <trkpt lat="43.125580977648497" lon="-1.502871969714761">
        <ele>383</ele>
      </trkpt>
      <trkpt lat="43.125553987920284" lon="-1.502841962501407">
        <ele>383</ele>
      </trkpt>
      <trkpt lat="43.125468995422125" lon="-1.502756970003247">
        <ele>383</ele>
      </trkpt>
      <trkpt lat="43.125427002087235" lon="-1.502725034952164">
        <ele>383</ele>
      </trkpt>
      <trkpt lat="43.125333040952682" lon="-1.502635013312101">
        <ele>383</ele>
      </trkpt>
      <trkpt lat="43.125209994614124" lon="-1.502492018043995">
        <ele>382</ele>
      </trkpt>
      <trkpt lat="43.125187028199434" lon="-1.502458993345499">
        <ele>381</ele>
      </trkpt>
      <trkpt lat="43.125158026814461" lon="-1.502395961433649">
        <ele>381</ele>
      </trkpt>
      <trkpt lat="43.125130031257868" lon="-1.50235103443265">
        <ele>380</ele>
      </trkpt>
      <trkpt lat="43.125033974647522" lon="-1.502205021679401">
        <ele>379</ele>
      </trkpt>
      <trkpt lat="43.124913023784757" lon="-1.502070995047689">
        <ele>381</ele>
      </trkpt>
      <trkpt lat="43.124767011031508" lon="-1.501894975081086">
        <ele>385</ele>
      </trkpt>
      <trkpt lat="43.124657962471247" lon="-1.501779975369573">
        <ele>387</ele>
      </trkpt>
      <trkpt lat="43.124612029641867" lon="-1.501733958721161">
        <ele>388</ele>
      </trkpt>
      <trkpt lat="43.124505998566747" lon="-1.501590041443706">
        <ele>390</ele>
      </trkpt>
      <trkpt lat="43.124420000240207" lon="-1.501519968733192">
        <ele>393</ele>
      </trkpt>
      <trkpt lat="43.124274993315339" lon="-1.501447968184948">
        <ele>398</ele>
      </trkpt>
      <trkpt lat="43.12414700165391" lon="-1.501378985121846">
        <ele>402</ele>
      </trkpt>
      <trkpt lat="43.124007023870945" lon="-1.501332968473434">
        <ele>405</ele>
      </trkpt>
      <trkpt lat="43.123831003904343" lon="-1.501327017322183">
        <ele>409</ele>
      </trkpt>
      <trkpt lat="43.123640986159444" lon="-1.501283012330532">
        <ele>412</ele>
      </trkpt>
      <trkpt lat="43.123477036133409" lon="-1.501277983188629">
        <ele>416</ele>
      </trkpt>
      <trkpt lat="43.123454991728067" lon="-1.501276977360249">
        <ele>416</ele>
      </trkpt>
      <trkpt lat="43.123410986736417" lon="-1.501285023987293">
        <ele>418</ele>
      </trkpt>
      <trkpt lat="43.123206971213222" lon="-1.501221992075443">
        <ele>419</ele>
      </trkpt>
      <trkpt lat="43.123049978166819" lon="-1.501197014003992">
        <ele>420</ele>
      </trkpt>
      <trkpt lat="43.123040003702044" lon="-1.50119399651885">
        <ele>420</ele>
      </trkpt>
      <trkpt lat="43.122769016772509" lon="-1.501240013167262">
        <ele>425</ele>
      </trkpt>
      <trkpt lat="43.122619986534119" lon="-1.501285023987293">
        <ele>429</ele>
      </trkpt>
      <trkpt lat="43.122410019859672" lon="-1.501307990401983">
        <ele>432</ele>
      </trkpt>
      <trkpt lat="43.12238504178822" lon="-1.501319976523519">
        <ele>432</ele>
      </trkpt>
      <trkpt lat="43.122245986014605" lon="-1.501414021477103">
        <ele>437</ele>
      </trkpt>
      <trkpt lat="43.121996959671378" lon="-1.501396000385284">
        <ele>438</ele>
      </trkpt>
      <trkpt lat="43.121826974675059" lon="-1.501409998163581">
        <ele>440</ele>
      </trkpt>
      <trkpt lat="43.121577026322484" lon="-1.501449979841709">
        <ele>442</ele>
      </trkpt>
      <trkpt lat="43.121364964172244" lon="-1.501566991209984">
        <ele>445</ele>
      </trkpt>
      <trkpt lat="43.121136976405978" lon="-1.501670004799962">
        <ele>447</ele>
      </trkpt>
      <trkpt lat="43.120971014723182" lon="-1.501804031431675">
        <ele>451</ele>
      </trkpt>
      <trkpt lat="43.120946036651731" lon="-1.501825992017984">
        <ele>452</ele>
      </trkpt>
      <trkpt lat="43.120802035555243" lon="-1.502017015591264">
        <ele>458</ele>
      </trkpt>
      <trkpt lat="43.120659962296486" lon="-1.502107037231326">
        <ele>461</ele>
      </trkpt>
      <trkpt lat="43.120643030852079" lon="-1.502149030566216">
        <ele>462</ele>
      </trkpt>
      <trkpt lat="43.120630960911512" lon="-1.502152970060706">
        <ele>462</ele>
      </trkpt>
      <trkpt lat="43.120451001450419" lon="-1.501997988671064">
        <ele>456</ele>
      </trkpt>
      <trkpt lat="43.120314963161945" lon="-1.501857005059719">
        <ele>451</ele>
      </trkpt>
      <trkpt lat="43.120153024792671" lon="-1.501704035326839">
        <ele>445</ele>
      </trkpt>
      <trkpt lat="43.120071971789002" lon="-1.501615019515157">
        <ele>443</ele>
      </trkpt>
      <trkpt lat="43.119973987340927" lon="-1.501523992046714">
        <ele>441</ele>
      </trkpt>
      <trkpt lat="43.119931994006038" lon="-1.501501025632024">
        <ele>442</ele>
      </trkpt>
      <trkpt lat="43.119779024273157" lon="-1.501499013975263">
        <ele>444</ele>
      </trkpt>
      <trkpt lat="43.119618007913232" lon="-1.501647960394621">
        <ele>451</ele>
      </trkpt>
      <trkpt lat="43.119492027908564" lon="-1.501758014783263">
        <ele>455</ele>
      </trkpt>
      <trkpt lat="43.119336040690541" lon="-1.501848036423326">
        <ele>460</ele>
      </trkpt>
      <trkpt lat="43.119195979088545" lon="-1.501936968415976">
        <ele>465</ele>
      </trkpt>
      <trkpt lat="43.119063964113593" lon="-1.502022966742516">
        <ele>468</ele>
      </trkpt>
      <trkpt lat="43.118932032957673" lon="-1.502130003646016">
        <ele>472</ele>
      </trkpt>
      <trkpt lat="43.118812004104257" lon="-1.502221031114459">
        <ele>475</ele>
      </trkpt>
      <trkpt lat="43.118700021877885" lon="-1.502320021390915">
        <ele>479</ele>
      </trkpt>
      <trkpt lat="43.118554009124637" lon="-1.502447007223964">
        <ele>484</ele>
      </trkpt>
      <trkpt lat="43.11843398027122" lon="-1.502591008320451">
        <ele>490</ele>
      </trkpt>
      <trkpt lat="43.118286961689591" lon="-1.502697039395571">
        <ele>495</ele>
      </trkpt>
      <trkpt lat="43.118262989446521" lon="-1.502714976668358">
        <ele>495</ele>
      </trkpt>
      <trkpt lat="43.118082024157047" lon="-1.502711959183216">
        <ele>495</ele>
      </trkpt>
      <trkpt lat="43.117926958948374" lon="-1.502679018303752">
        <ele>494</ele>
      </trkpt>
      <trkpt lat="43.117897035554051" lon="-1.502682035788894">
        <ele>494</ele>
      </trkpt>
      <trkpt lat="43.117801984772086" lon="-1.502659991383553">
        <ele>493</ele>
      </trkpt>
      <trkpt lat="43.117726966738701" lon="-1.502621015533805">
        <ele>492</ele>
      </trkpt>
      <trkpt lat="43.117591012269258" lon="-1.502511966973543">
        <ele>488</ele>
      </trkpt>
      <trkpt lat="43.117567040026188" lon="-1.502467961981893">
        <ele>486</ele>
      </trkpt>
      <trkpt lat="43.117481963708997" lon="-1.502329995855689">
        <ele>482</ele>
      </trkpt>
      <trkpt lat="43.117270991206169" lon="-1.502151964232326">
        <ele>479</ele>
      </trkpt>
      <trkpt lat="43.117124978452921" lon="-1.502132015302777">
        <ele>480</ele>
      </trkpt>
      <trkpt lat="43.117107041180134" lon="-1.502123968675733">
        <ele>480</ele>
      </trkpt>
      <trkpt lat="43.117052977904677" lon="-1.502094967290759">
        <ele>480</ele>
      </trkpt>
      <trkpt lat="43.116946024820209" lon="-1.502012992277741">
        <ele>479</ele>
      </trkpt>
      <trkpt lat="43.116934038698673" lon="-1.50198801420629">
        <ele>478</ele>
      </trkpt>
      <trkpt lat="43.116846028715372" lon="-1.501882988959551">
        <ele>476</ele>
      </trkpt>
      <trkpt lat="43.116687024012208" lon="-1.501787016168237">
        <ele>476</ele>
      </trkpt>
      <trkpt lat="43.11649801209569" lon="-1.501699006184936">
        <ele>477</ele>
      </trkpt>
      <trkpt lat="43.116474039852619" lon="-1.50168601423502">
        <ele>477</ele>
      </trkpt>
      <trkpt lat="43.116447972133756" lon="-1.501676961779594">
        <ele>477</ele>
      </trkpt>
      <trkpt lat="43.116396004334092" lon="-1.501628011465073">
        <ele>476</ele>
      </trkpt>
      <trkpt lat="43.116269018501043" lon="-1.501577971503139">
        <ele>478</ele>
      </trkpt>
      <trkpt lat="43.116202969104052" lon="-1.501528015360236">
        <ele>478</ele>
      </trkpt>
      <trkpt lat="43.116062991321087" lon="-1.50149499066174">
        <ele>480</ele>
      </trkpt>
      <trkpt lat="43.115973975509405" lon="-1.501454003155232">
        <ele>481</ele>
      </trkpt>
      <trkpt lat="43.115971963852644" lon="-1.501445034518838">
        <ele>480</ele>
      </trkpt>
      <trkpt lat="43.115928964689374" lon="-1.501355012878776">
        <ele>479</ele>
      </trkpt>
      <trkpt lat="43.115927958860993" lon="-1.501316959038377">
        <ele>478</ele>
      </trkpt>
      <trkpt lat="43.115930976346135" lon="-1.501241018995643">
        <ele>476</ele>
      </trkpt>
      <trkpt lat="43.115827040746808" lon="-1.500986963510513">
        <ele>472</ele>
      </trkpt>
      <trkpt lat="43.115759985521436" lon="-1.500889984890819">
        <ele>471</ele>
      </trkpt>
      <trkpt lat="43.115525962784886" lon="-1.500821001827717">
        <ele>475</ele>
      </trkpt>
      <trkpt lat="43.115357989445329" lon="-1.500775991007686">
        <ele>478</ele>
      </trkpt>
      <trkpt lat="43.115156991407275" lon="-1.500711031258106">
        <ele>481</ele>
      </trkpt>
      <trkpt lat="43.114871000871062" lon="-1.500601982697845">
        <ele>483</ele>
      </trkpt>
      <trkpt lat="43.114633038640022" lon="-1.500593014061451">
        <ele>486</ele>
      </trkpt>
      <trkpt lat="43.114389963448048" lon="-1.500606006011367">
        <ele>489</ele>
      </trkpt>
      <trkpt lat="43.114150995388627" lon="-1.500603994354606">
        <ele>492</ele>
      </trkpt>
      <trkpt lat="43.113934993743896" lon="-1.50061204098165">
        <ele>493</ele>
      </trkpt>
      <trkpt lat="43.113897023722529" lon="-1.500606006011367">
        <ele>494</ele>
      </trkpt>
      <trkpt lat="43.113813959062099" lon="-1.500606006011367">
        <ele>494</ele>
      </trkpt>
      <trkpt lat="43.113707005977631" lon="-1.500589996576309">
        <ele>494</ele>
      </trkpt>
      <trkpt lat="43.113489998504519" lon="-1.500456975772977">
        <ele>490</ele>
      </trkpt>
      <trkpt lat="43.113376004621387" lon="-1.500343987718225">
        <ele>487</ele>
      </trkpt>
      <trkpt lat="43.113215994089842" lon="-1.500166039913893">
        <ele>482</ele>
      </trkpt>
      <trkpt lat="43.112993035465479" lon="-1.500023966655135">
        <ele>481</ele>
      </trkpt>
      <trkpt lat="43.112812992185354" lon="-1.499966969713569">
        <ele>482</ele>
      </trkpt>
      <trkpt lat="43.112648036330938" lon="-1.499948026612401">
        <ele>484</ele>
      </trkpt>
      <trkpt lat="43.112572012469172" lon="-1.499956995248795">
        <ele>485</ele>
      </trkpt>
      <trkpt lat="43.112517027184367" lon="-1.499919025227428">
        <ele>485</ele>
      </trkpt>
      <trkpt lat="43.11245801858604" lon="-1.499886000528932">
        <ele>486</ele>
      </trkpt>
      <trkpt lat="43.112342013046145" lon="-1.49981701746583">
        <ele>486</ele>
      </trkpt>
      <trkpt lat="43.112229024991393" lon="-1.499748034402728">
        <ele>488</ele>
      </trkpt>
      <trkpt lat="43.112120982259512" lon="-1.499653989449143">
        <ele>488</ele>
      </trkpt>
      <trkpt lat="43.112039007246494" lon="-1.499579977244139">
        <ele>489</ele>
      </trkpt>
      <trkpt lat="43.11190196312964" lon="-1.499400017783046">
        <ele>488</ele>
      </trkpt>
      <trkpt lat="43.111810013651848" lon="-1.499189967289567">
        <ele>485</ele>
      </trkpt>
      <trkpt lat="43.111672969534993" lon="-1.498973965644836">
        <ele>489</ele>
      </trkpt>
      <trkpt lat="43.111616978421807" lon="-1.498889978975058">
        <ele>490</ele>
      </trkpt>
      <trkpt lat="43.111568028107285" lon="-1.498854020610452">
        <ele>492</ele>
      </trkpt>
      <trkpt lat="43.111516982316971" lon="-1.498795012012124">
        <ele>493</ele>
      </trkpt>
      <trkpt lat="43.111497033387423" lon="-1.49878797121346">
        <ele>494</ele>
      </trkpt>
      <trkpt lat="43.111479012295604" lon="-1.498740026727319">
        <ele>494</ele>
      </trkpt>
      <trkpt lat="43.111436013132334" lon="-1.498685041442514">
        <ele>495</ele>
      </trkpt>
      <trkpt lat="43.111373987048864" lon="-1.498627038672566">
        <ele>497</ele>
      </trkpt>
      <trkpt lat="43.111268961802125" lon="-1.498588984832168">
        <ele>500</ele>
      </trkpt>
      <trkpt lat="43.111198972910643" lon="-1.498586973175407">
        <ele>502</ele>
      </trkpt>
      <trkpt lat="43.111007027328014" lon="-1.498431991785765">
        <ele>507</ele>
      </trkpt>
      <trkpt lat="43.11084701679647" lon="-1.498286984860897">
        <ele>511</ele>
      </trkpt>
      <trkpt lat="43.110779961571097" lon="-1.498266030102968">
        <ele>512</ele>
      </trkpt>
      <trkpt lat="43.110733022913337" lon="-1.498311040922999">
        <ele>513</ele>
      </trkpt>
      <trkpt lat="43.110594972968102" lon="-1.498253960162401">
        <ele>515</ele>
      </trkpt>
      <trkpt lat="43.11046396382153" lon="-1.49818598292768">
        <ele>516</ele>
      </trkpt>
      <trkpt lat="43.11033102683723" lon="-1.498133009299636">
        <ele>518</ele>
      </trkpt>
      <trkpt lat="43.110214015468955" lon="-1.498083975166082">
        <ele>519</ele>
      </trkpt>
      <trkpt lat="43.110093986615539" lon="-1.498029995709658">
        <ele>521</ele>
      </trkpt>
      <trkpt lat="43.11003397218883" lon="-1.497997976839542">
        <ele>522</ele>
      </trkpt>
      <trkpt lat="43.109879996627569" lon="-1.497907033190131">
        <ele>524</ele>
      </trkpt>
      <trkpt lat="43.109833979979157" lon="-1.497875014320016">
        <ele>525</ele>
      </trkpt>
      <trkpt lat="43.109733983874321" lon="-1.497779041528702">
        <ele>527</ele>
      </trkpt>
      <trkpt lat="43.109648991376162" lon="-1.497678961604834">
        <ele>528</ele>
      </trkpt>
      <trkpt lat="43.109499961137772" lon="-1.497509982436895">
        <ele>531</ele>
      </trkpt>
      <trkpt lat="43.109481018036604" lon="-1.497493973001838">
        <ele>531</ele>
      </trkpt>
      <trkpt lat="43.109268033877015" lon="-1.497390037402511">
        <ele>532</ele>
      </trkpt>
      <trkpt lat="43.109146999195218" lon="-1.497336979955435">
        <ele>533</ele>
      </trkpt>
      <trkpt lat="43.108990006148815" lon="-1.497252993285656">
        <ele>532</ele>
      </trkpt>
      <trkpt lat="43.108879029750824" lon="-1.497145034372807">
        <ele>532</ele>
      </trkpt>
      <trkpt lat="43.108815997838974" lon="-1.497091976925731">
        <ele>532</ele>
      </trkpt>
      <trkpt lat="43.10872103087604" lon="-1.496984018012881">
        <ele>532</ele>
      </trkpt>
      <trkpt lat="43.108667973428965" lon="-1.496871029958129">
        <ele>532</ele>
      </trkpt>
      <trkpt lat="43.108579041436315" lon="-1.496748989447951">
        <ele>532</ele>
      </trkpt>
      <trkpt lat="43.108487008139491" lon="-1.496649999171495">
        <ele>533</ele>
      </trkpt>
      <trkpt lat="43.108385000377893" lon="-1.49657498113811">
        <ele>535</ele>
      </trkpt>
      <trkpt lat="43.108286010101438" lon="-1.496499041095376">
        <ele>537</ele>
      </trkpt>
      <trkpt lat="43.108202023431659" lon="-1.496426034718752">
        <ele>539</ele>
      </trkpt>
      <trkpt lat="43.108167992904782" lon="-1.496383035555482">
        <ele>540</ele>
      </trkpt>
      <trkpt lat="43.108078977093101" lon="-1.496285973116756">
        <ele>542</ele>
      </trkpt>
      <trkpt lat="43.107976969331503" lon="-1.496197041124106">
        <ele>545</ele>
      </trkpt>
      <trkpt lat="43.107909997925162" lon="-1.496153036132455">
        <ele>547</ele>
      </trkpt>
      <trkpt lat="43.107896000146866" lon="-1.496138032525778">
        <ele>548</ele>
      </trkpt>
      <trkpt lat="43.107878984883428" lon="-1.496130991727114">
        <ele>548</ele>
      </trkpt>
      <trkpt lat="43.107802039012313" lon="-1.496086986735463">
        <ele>551</ele>
      </trkpt>
      <trkpt lat="43.107740012928843" lon="-1.49605798535049">
        <ele>553</ele>
      </trkpt>
      <trkpt lat="43.107740012928843" lon="-1.49605798535049">
        <ele>553</ele>
      </trkpt>
      <trkpt lat="43.107620989903808" lon="-1.496027978137136">
        <ele>558</ele>
      </trkpt>
      <trkpt lat="43.107501966878772" lon="-1.495966035872698">
        <ele>563</ele>
      </trkpt>
      <trkpt lat="43.107427032664418" lon="-1.49594902060926">
        <ele>565</ele>
      </trkpt>
      <trkpt lat="43.107413034886122" lon="-1.495935022830963">
        <ele>566</ele>
      </trkpt>
      <trkpt lat="43.107413034886122" lon="-1.495935022830963">
        <ele>566</ele>
      </trkpt>
      <trkpt lat="43.107394007965922" lon="-1.495904009789228">
        <ele>567</ele>
      </trkpt>
      <trkpt lat="43.10726098716259" lon="-1.495804013684392">
        <ele>572</ele>
      </trkpt>
      <trkpt lat="43.107212958857417" lon="-1.4957379642874">
        <ele>573</ele>
      </trkpt>
      <trkpt lat="43.107153028249741" lon="-1.495676022022963">
        <ele>574</ele>
      </trkpt>
      <trkpt lat="43.107072981074452" lon="-1.49558499455452">
        <ele>576</ele>
      </trkpt>
      <trkpt lat="43.106967033818364" lon="-1.495475023984909">
        <ele>578</ele>
      </trkpt>
      <trkpt lat="43.106850022450089" lon="-1.495374022051692">
        <ele>582</ele>
      </trkpt>
      <trkpt lat="43.106776010245085" lon="-1.495334040373564">
        <ele>584</ele>
      </trkpt>
      <trkpt lat="43.106712978333235" lon="-1.495323982089758">
        <ele>586</ele>
      </trkpt>
      <trkpt lat="43.106711972504854" lon="-1.4953269995749">
        <ele>586</ele>
      </trkpt>
      <trkpt lat="43.106711972504854" lon="-1.4953269995749">
        <ele>586</ele>
      </trkpt>
      <trkpt lat="43.106708033010364" lon="-1.495331022888422">
        <ele>586</ele>
      </trkpt>
      <trkpt lat="43.106708033010364" lon="-1.495331022888422">
        <ele>586</ele>
      </trkpt>
      <trkpt lat="43.106670984998345" lon="-1.495342003181577">
        <ele>587</ele>
      </trkpt>
      <trkpt lat="43.106602001935244" lon="-1.495482986792922">
        <ele>590</ele>
      </trkpt>
      <trkpt lat="43.106533018872142" lon="-1.495636962354183">
        <ele>593</ele>
      </trkpt>
      <trkpt lat="43.106488008052111" lon="-1.495796972885728">
        <ele>595</ele>
      </trkpt>
      <trkpt lat="43.106456995010376" lon="-1.495879031717777">
        <ele>595</ele>
      </trkpt>
      <trkpt lat="43.106402009725571" lon="-1.496066031977534">
        <ele>595</ele>
      </trkpt>
      <trkpt lat="43.106392035260797" lon="-1.496110958978534">
        <ele>594</ele>
      </trkpt>
      <trkpt lat="43.106347024440765" lon="-1.496284967288375">
        <ele>594</ele>
      </trkpt>
      <trkpt lat="43.106333026662469" lon="-1.496313968673348">
        <ele>594</ele>
      </trkpt>
      <trkpt lat="43.10629497282207" lon="-1.496345987543464">
        <ele>594</ele>
      </trkpt>
      <trkpt lat="43.106153989210725" lon="-1.496511027216911">
        <ele>597</ele>
      </trkpt>
      <trkpt lat="43.106064973399043" lon="-1.496714036911726">
        <ele>598</ele>
      </trkpt>
      <trkpt lat="43.106017028912902" lon="-1.496823001652956">
        <ele>598</ele>
      </trkpt>
      <trkpt lat="43.106004036962986" lon="-1.496844962239265">
        <ele>598</ele>
      </trkpt>
      <trkpt lat="43.105991967022419" lon="-1.496898019686341">
        <ele>598</ele>
      </trkpt>
      <trkpt lat="43.105963971465826" lon="-1.496984018012881">
        <ele>598</ele>
      </trkpt>
      <trkpt lat="43.10586104169488" lon="-1.49713397026062">
        <ele>600</ele>
      </trkpt>
      <trkpt lat="43.105824999511242" lon="-1.4971730299294">
        <ele>601</ele>
      </trkpt>
      <trkpt lat="43.105776971206069" lon="-1.497304039075971">
        <ele>602</ele>
      </trkpt>
      <trkpt lat="43.105760961771011" lon="-1.497306972742081">
        <ele>602</ele>
      </trkpt>
      <trkpt lat="43.10569197870791" lon="-1.497372016310692">
        <ele>604</ele>
      </trkpt>
      <trkpt lat="43.105674041435122" lon="-1.497422978281975">
        <ele>605</ele>
      </trkpt>
      <trkpt lat="43.105616038665175" lon="-1.497586006298661">
        <ele>605</ele>
      </trkpt>
      <trkpt lat="43.105512019246817" lon="-1.497709974646568">
        <ele>608</ele>
      </trkpt>
      <trkpt lat="43.105419985949993" lon="-1.497801002115011">
        <ele>610</ele>
      </trkpt>
      <trkpt lat="43.10532895848155" lon="-1.497877025976777">
        <ele>613</ele>
      </trkpt>
      <trkpt lat="43.105228962376714" lon="-1.497942991554737">
        <ele>616</ele>
      </trkpt>
      <trkpt lat="43.105126032605767" lon="-1.497981967404485">
        <ele>619</ele>
      </trkpt>
      <trkpt lat="43.105056965723634" lon="-1.498009040951729">
        <ele>621</ele>
      </trkpt>
      <trkpt lat="43.104951018467546" lon="-1.498066959902644">
        <ele>624</ele>
      </trkpt>
      <trkpt lat="43.104877006262541" lon="-1.498095961287618">
        <ele>627</ele>
      </trkpt>
      <trkpt lat="43.104777010157704" lon="-1.498108031228185">
        <ele>630</ele>
      </trkpt>
      <trkpt lat="43.104707021266222" lon="-1.498122029006481">
        <ele>632</ele>
      </trkpt>
      <trkpt lat="43.104552961885929" lon="-1.498202998191118">
        <ele>636</ele>
      </trkpt>
      <trkpt lat="43.104362022131681" lon="-1.498291008174419">
        <ele>640</ele>
      </trkpt>
      <trkpt lat="43.104211986064911" lon="-1.498328978195787">
        <ele>644</ele>
      </trkpt>
      <trkpt lat="43.104046024382114" lon="-1.498325038701296">
        <ele>649</ele>
      </trkpt>
      <trkpt lat="43.10390998609364" lon="-1.498311962932348">
        <ele>653</ele>
      </trkpt>
      <trkpt lat="43.10380001552403" lon="-1.498313974589109">
        <ele>657</ele>
      </trkpt>
      <trkpt lat="43.103641010820866" lon="-1.498307017609477">
        <ele>662</ele>
      </trkpt>
      <trkpt lat="43.103490974754095" lon="-1.498301988467574">
        <ele>667</ele>
      </trkpt>
      <trkpt lat="43.103345967829227" lon="-1.498285979032517">
        <ele>672</ele>
      </trkpt>
      <trkpt lat="43.10317900031805" lon="-1.498239962384105">
        <ele>674</ele>
      </trkpt>
      <trkpt lat="43.103149998933077" lon="-1.498237028717995">
        <ele>674</ele>
      </trkpt>
      <trkpt lat="43.102976996451616" lon="-1.498196963220835">
        <ele>677</ele>
      </trkpt>
      <trkpt lat="43.10281396843493" lon="-1.498139966279268">
        <ele>679</ele>
      </trkpt>
      <trkpt lat="43.10268203727901" lon="-1.498062014579773">
        <ele>683</ele>
      </trkpt>
      <trkpt lat="43.10251398012042" lon="-1.497923964634538">
        <ele>688</ele>
      </trkpt>
      <trkpt lat="43.102486990392208" lon="-1.497888006269932">
        <ele>689</ele>
      </trkpt>
      <trkpt lat="43.102355981245637" lon="-1.497747022658587">
        <ele>691</ele>
      </trkpt>
      <trkpt lat="43.102226983755827" lon="-1.49754099547863">
        <ele>695</ele>
      </trkpt>
      <trkpt lat="43.102123970165849" lon="-1.49730202741921">
        <ele>702</ele>
      </trkpt>
      <trkpt lat="43.10201802290976" lon="-1.497146040201187">
        <ele>705</ele>
      </trkpt>
      <trkpt lat="43.101887013763189" lon="-1.49700396694243">
        <ele>708</ele>
      </trkpt>
      <trkpt lat="43.101850971579552" lon="-1.496950993314385">
        <ele>709</ele>
      </trkpt>
      <trkpt lat="43.101804032921791" lon="-1.496859965845943">
        <ele>711</ele>
      </trkpt>
      <trkpt lat="43.101592976599932" lon="-1.496718982234597">
        <ele>711</ele>
      </trkpt>
      <trkpt lat="43.101446963846684" lon="-1.496602976694703">
        <ele>711</ele>
      </trkpt>
      <trkpt lat="43.101342022418976" lon="-1.496486971154809">
        <ele>711</ele>
      </trkpt>
      <trkpt lat="43.101297011598945" lon="-1.496427040547133">
        <ele>711</ele>
      </trkpt>
      <trkpt lat="43.10128603130579" lon="-1.49638001807034">
        <ele>712</ele>
      </trkpt>
      <trkpt lat="43.101248983293772" lon="-1.496277004480362">
        <ele>713</ele>
      </trkpt>
      <trkpt lat="43.101212019100785" lon="-1.496216990053654">
        <ele>713</ele>
      </trkpt>
      <trkpt lat="43.101171031594276" lon="-1.496210033074021">
        <ele>713</ele>
      </trkpt>
      <trkpt lat="43.10111696831882" lon="-1.496197041124106">
        <ele>711</ele>
      </trkpt>
      <trkpt lat="43.101092996075749" lon="-1.496192011982203">
        <ele>711</ele>
      </trkpt>
      <trkpt lat="43.101072963327169" lon="-1.496183965355158">
        <ele>711</ele>
      </trkpt>
      <trkpt lat="43.100985959172249" lon="-1.496107019484043">
        <ele>710</ele>
      </trkpt>
      <trkpt lat="43.100889986380935" lon="-1.496047005057335">
        <ele>708</ele>
      </trkpt>
      <trkpt lat="43.100799964740872" lon="-1.495956983417273">
        <ele>707</ele>
      </trkpt>
      <trkpt lat="43.100763000547886" lon="-1.495933011174202">
        <ele>708</ele>
      </trkpt>
      <trkpt lat="43.100689994171262" lon="-1.495877020061016">
        <ele>708</ele>
      </trkpt>
      <trkpt lat="43.100608019158244" lon="-1.495770988985896">
        <ele>709</ele>
      </trkpt>
      <trkpt lat="43.100440967828035" lon="-1.495610978454351">
        <ele>712</ele>
      </trkpt>
      <trkpt lat="43.100397968664765" lon="-1.4955860003829">
        <ele>712</ele>
      </trkpt>
      <trkpt lat="43.100381037220359" lon="-1.495567979291081">
        <ele>712</ele>
      </trkpt>
      <trkpt lat="43.100309958681464" lon="-1.495446022599936">
        <ele>714</ele>
      </trkpt>
      <trkpt lat="43.100180039182305" lon="-1.495361030101776">
        <ele>713</ele>
      </trkpt>
      <trkpt lat="43.100166041404009" lon="-1.495351977646351">
        <ele>713</ele>
      </trkpt>
      <trkpt lat="43.100076019763947" lon="-1.495336974039674">
        <ele>712</ele>
      </trkpt>
      <trkpt lat="43.099987003952265" lon="-1.495291041210294">
        <ele>711</ele>
      </trkpt>
      <trkpt lat="43.099814001470804" lon="-1.495247958227992">
        <ele>711</ele>
      </trkpt>
      <trkpt lat="43.099691038951278" lon="-1.495160032063723">
        <ele>712</ele>
      </trkpt>
      <trkpt lat="43.099538991227746" lon="-1.495041009038687">
        <ele>713</ele>
      </trkpt>
      <trkpt lat="43.09952499344945" lon="-1.495034974068403">
        <ele>713</ele>
      </trkpt>
      <trkpt lat="43.099423991516232" lon="-1.494944030418992">
        <ele>714</ele>
      </trkpt>
      <trkpt lat="43.099391972646117" lon="-1.494901031255722">
        <ele>715</ele>
      </trkpt>
      <trkpt lat="43.099368000403047" lon="-1.494863983243704">
        <ele>716</ele>
      </trkpt>
      <trkpt lat="43.099299017339945" lon="-1.494797011837363">
        <ele>717</ele>
      </trkpt>
      <trkpt lat="43.099254006519914" lon="-1.494672959670425">
        <ele>719</ele>
      </trkpt>
      <trkpt lat="43.099253000691533" lon="-1.494659967720509">
        <ele>719</ele>
      </trkpt>
      <trkpt lat="43.099260963499546" lon="-1.494465004652739">
        <ele>723</ele>
      </trkpt>
      <trkpt lat="43.099271021783352" lon="-1.494394009932876">
        <ele>724</ele>
      </trkpt>
      <trkpt lat="43.099272027611732" lon="-1.494301976636052">
        <ele>726</ele>
      </trkpt>
      <trkpt lat="43.099255012348294" lon="-1.494255037978292">
        <ele>727</ele>
      </trkpt>
      <trkpt lat="43.099257024005055" lon="-1.494183037430048">
        <ele>728</ele>
      </trkpt>
      <trkpt lat="43.099220981821418" lon="-1.494057979434729">
        <ele>731</ele>
      </trkpt>
      <trkpt lat="43.099208995699883" lon="-1.494034007191658">
        <ele>731</ele>
      </trkpt>
      <trkpt lat="43.099140012636781" lon="-1.493899980559945">
        <ele>733</ele>
      </trkpt>
      <trkpt lat="43.09907203540206" lon="-1.493796966969967">
        <ele>734</ele>
      </trkpt>
      <trkpt lat="43.099004980176687" lon="-1.493746004998684">
        <ele>734</ele>
      </trkpt>
      <trkpt lat="43.098852010443807" lon="-1.493666963651776">
        <ele>734</ele>
      </trkpt>
      <trkpt lat="43.098781015723944" lon="-1.493580965325236">
        <ele>734</ele>
      </trkpt>
      <trkpt lat="43.098742961883545" lon="-1.493555987253785">
        <ele>734</ele>
      </trkpt>
      <trkpt lat="43.098732987418771" lon="-1.493550958111882">
        <ele>734</ele>
      </trkpt>
      <trkpt lat="43.098675990477204" lon="-1.493472000584006">
        <ele>735</ele>
      </trkpt>
      <trkpt lat="43.098638020455837" lon="-1.493411986157298">
        <ele>735</ele>
      </trkpt>
      <trkpt lat="43.098573982715607" lon="-1.493317019194365">
        <ele>736</ele>
      </trkpt>
      <trkpt lat="43.09855998493731" lon="-1.493305033072829">
        <ele>736</ele>
      </trkpt>
      <trkpt lat="43.098462000489235" lon="-1.493272008374333">
        <ele>735</ele>
      </trkpt>
      <trkpt lat="43.098338032141328" lon="-1.49324300698936">
        <ele>734</ele>
      </trkpt>
      <trkpt lat="43.098234012722969" lon="-1.493224985897541">
        <ele>733</ele>
      </trkpt>
      <trkpt lat="43.098156983032823" lon="-1.4931580144912">
        <ele>734</ele>
      </trkpt>
      <trkpt lat="43.098130999132991" lon="-1.493119038641453">
        <ele>734</ele>
      </trkpt>
      <trkpt lat="43.098130999132991" lon="-1.493119038641453">
        <ele>734</ele>
      </trkpt>
      <trkpt lat="43.098130999132991" lon="-1.493119038641453">
        <ele>734</ele>
      </trkpt>
      <trkpt lat="43.098090011626482" lon="-1.492995992302895">
        <ele>736</ele>
      </trkpt>
      <trkpt lat="43.098065033555031" lon="-1.492936983704567">
        <ele>736</ele>
      </trkpt>
      <trkpt lat="43.09806302189827" lon="-1.492917034775019">
        <ele>737</ele>
      </trkpt>
      <trkpt lat="43.098061010241508" lon="-1.492916028946638">
        <ele>737</ele>
      </trkpt>
      <trkpt lat="43.098060004413128" lon="-1.492912005633116">
        <ele>737</ele>
      </trkpt>
      <trkpt lat="43.098052963614464" lon="-1.492895996198058">
        <ele>737</ele>
      </trkpt>
      <trkpt lat="43.098041983321309" lon="-1.49287898093462">
        <ele>737</ele>
      </trkpt>
      <trkpt lat="43.097981968894601" lon="-1.492701033130288">
        <ele>739</ele>
      </trkpt>
      <trkpt lat="43.097912985831499" lon="-1.492511015385389">
        <ele>742</ele>
      </trkpt>
      <trkpt lat="43.097879039123654" lon="-1.492365002632141">
        <ele>744</ele>
      </trkpt>
      <trkpt lat="43.097847020253539" lon="-1.492305994033814">
        <ele>745</ele>
      </trkpt>
      <trkpt lat="43.097819024696946" lon="-1.492248997092247">
        <ele>746</ele>
      </trkpt>
      <trkpt lat="43.097795974463224" lon="-1.49221396073699">
        <ele>746</ele>
      </trkpt>
      <trkpt lat="43.097717016935349" lon="-1.492051016539335">
        <ele>748</ele>
      </trkpt>
      <trkpt lat="43.097671000286937" lon="-1.491972981020808">
        <ele>749</ele>
      </trkpt>
      <trkpt lat="43.097641998901963" lon="-1.491931993514299">
        <ele>749</ele>
      </trkpt>
      <trkpt lat="43.097532028332353" lon="-1.491788998246193">
        <ele>750</ele>
      </trkpt>
      <trkpt lat="43.097474025562406" lon="-1.491700988262892">
        <ele>751</ele>
      </trkpt>
      <trkpt lat="43.097468996420503" lon="-1.49169503711164">
        <ele>751</ele>
      </trkpt>
      <trkpt lat="43.097443012520671" lon="-1.491671986877918">
        <ele>751</ele>
      </trkpt>
      <trkpt lat="43.097424991428852" lon="-1.491655977442861">
        <ele>751</ele>
      </trkpt>
      <trkpt lat="43.097390038892627" lon="-1.491627981886268">
        <ele>752</ele>
      </trkpt>
      <trkpt lat="43.097266992554069" lon="-1.491567967459559">
        <ele>754</ele>
      </trkpt>
      <trkpt lat="43.09724897146225" lon="-1.491550030186772">
        <ele>755</ele>
      </trkpt>
      <trkpt lat="43.097160961478949" lon="-1.491461014375091">
        <ele>757</ele>
      </trkpt>
      <trkpt lat="43.097090972587466" lon="-1.491377027705312">
        <ele>760</ele>
      </trkpt>
      <trkpt lat="43.097074963152409" lon="-1.491371998563409">
        <ele>760</ele>
      </trkpt>
      <trkpt lat="43.096978990361094" lon="-1.491334028542042">
        <ele>762</ele>
      </trkpt>
      <trkpt lat="43.096860973164439" lon="-1.491255993023515">
        <ele>765</ele>
      </trkpt>
      <trkpt lat="43.096761982887983" lon="-1.491182986646891">
        <ele>769</ele>
      </trkpt>
      <trkpt lat="43.096611024811864" lon="-1.49115901440382">
        <ele>771</ele>
      </trkpt>
      <trkpt lat="43.096557967364788" lon="-1.491140993312001">
        <ele>772</ele>
      </trkpt>
      <trkpt lat="43.096505999565125" lon="-1.491106040775776">
        <ele>774</ele>
      </trkpt>
      <trkpt lat="43.096311958506703" lon="-1.491033034399152">
        <ele>778</ele>
      </trkpt>
      <trkpt lat="43.096123030409217" lon="-1.490937983617187">
        <ele>783</ele>
      </trkpt>
      <trkpt lat="43.096083970740438" lon="-1.490916023030877">
        <ele>784</ele>
      </trkpt>
      <trkpt lat="43.095908034592867" lon="-1.490704966709018">
        <ele>792</ele>
      </trkpt>
      <trkpt lat="43.095884984359145" lon="-1.490660961717367">
        <ele>793</ele>
      </trkpt>
      <trkpt lat="43.095882972702384" lon="-1.490661967545748">
        <ele>793</ele>
      </trkpt>
      <trkpt lat="43.095826981589198" lon="-1.490569012239575">
        <ele>796</ele>
      </trkpt>
      <trkpt lat="43.095816001296043" lon="-1.490528024733067">
        <ele>797</ele>
      </trkpt>
      <trkpt lat="43.095777025446296" lon="-1.490375977009535">
        <ele>800</ele>
      </trkpt>
      <trkpt lat="43.095656996592879" lon="-1.490039024502039">
        <ele>807</ele>
      </trkpt>
      <trkpt lat="43.095604022964835" lon="-1.489882031455636">
        <ele>810</ele>
      </trkpt>
      <trkpt lat="43.095604022964835" lon="-1.489882031455636">
        <ele>810</ele>
      </trkpt>
      <trkpt lat="43.095564041286707" lon="-1.489781029522419">
        <ele>812</ele>
      </trkpt>
      <trkpt lat="43.095514001324773" lon="-1.489581959322095">
        <ele>816</ele>
      </trkpt>
      <trkpt lat="43.095449963584542" lon="-1.489391019567847">
        <ele>820</ele>
      </trkpt>
      <trkpt lat="43.095433032140136" lon="-1.489231009036303">
        <ele>823</ele>
      </trkpt>
      <trkpt lat="43.095426997169852" lon="-1.489202007651329">
        <ele>824</ele>
      </trkpt>
      <trkpt lat="43.09537997469306" lon="-1.489048032090068">
        <ele>826</ele>
      </trkpt>
      <trkpt lat="43.095352984964848" lon="-1.489000003784895">
        <ele>827</ele>
      </trkpt>
      <trkpt lat="43.095327001065016" lon="-1.488957004621625">
        <ele>827</ele>
      </trkpt>
      <trkpt lat="43.095280984416604" lon="-1.488854996860027">
        <ele>828</ele>
      </trkpt>
      <trkpt lat="43.095270004123449" lon="-1.488802023231983">
        <ele>829</ele>
      </trkpt>
      <trkpt lat="43.095262963324785" lon="-1.488686017692089">
        <ele>832</ele>
      </trkpt>
      <trkpt lat="43.095258018001914" lon="-1.488619968295097">
        <ele>833</ele>
      </trkpt>
      <trkpt lat="43.09525097720325" lon="-1.488447971642017">
        <ele>837</ele>
      </trkpt>
      <trkpt lat="43.095247959718108" lon="-1.488431040197611">
        <ele>837</ele>
      </trkpt>
      <trkpt lat="43.095217030495405" lon="-1.488273041322827">
        <ele>839</ele>
      </trkpt>
      <trkpt lat="43.095213007181883" lon="-1.488142032176256">
        <ele>841</ele>
      </trkpt>
      <trkpt lat="43.095170008018613" lon="-1.487971041351557">
        <ele>842</ele>
      </trkpt>
      <trkpt lat="43.095166990533471" lon="-1.487812958657742">
        <ele>845</ele>
      </trkpt>
      <trkpt lat="43.095133965834975" lon="-1.487681027501822">
        <ele>846</ele>
      </trkpt>
      <trkpt lat="43.095118962228298" lon="-1.487567033618689">
        <ele>847</ele>
      </trkpt>
      <trkpt lat="43.095119968056679" lon="-1.487509030848742">
        <ele>847</ele>
      </trkpt>
      <trkpt lat="43.095114016905427" lon="-1.487351031973958">
        <ele>850</ele>
      </trkpt>
      <trkpt lat="43.095088033005595" lon="-1.487167971208692">
        <ele>852</ele>
      </trkpt>
      <trkpt lat="43.095073029398918" lon="-1.486959010362625">
        <ele>855</ele>
      </trkpt>
      <trkpt lat="43.095046039670706" lon="-1.486745020374656">
        <ele>858</ele>
      </trkpt>
      <trkpt lat="43.095032041892409" lon="-1.486619962379336">
        <ele>860</ele>
      </trkpt>
      <trkpt lat="43.095027012750506" lon="-1.486444026231766">
        <ele>864</ele>
      </trkpt>
      <trkpt lat="43.095009997487068" lon="-1.486308993771672">
        <ele>866</ele>
      </trkpt>
      <trkpt lat="43.095007985830307" lon="-1.486258031800389">
        <ele>867</ele>
      </trkpt>
      <trkpt lat="43.095005974173546" lon="-1.486185025423765">
        <ele>869</ele>
      </trkpt>
      <trkpt lat="43.095009997487068" lon="-1.486121993511915">
        <ele>870</ele>
      </trkpt>
      <trkpt lat="43.095011003315449" lon="-1.486057033762336">
        <ele>872</ele>
      </trkpt>
      <trkpt lat="43.095000023022294" lon="-1.485918983817101">
        <ele>874</ele>
      </trkpt>
      <trkpt lat="43.094985019415617" lon="-1.485762996599078">
        <ele>877</ele>
      </trkpt>
      <trkpt lat="43.094972027465701" lon="-1.485696025192738">
        <ele>878</ele>
      </trkpt>
      <trkpt lat="43.094956018030643" lon="-1.485620001330972">
        <ele>879</ele>
      </trkpt>
      <trkpt lat="43.094940008595586" lon="-1.485476000234485">
        <ele>881</ele>
      </trkpt>
      <trkpt lat="43.094920981675386" lon="-1.485334010794759">
        <ele>884</ele>
      </trkpt>
      <trkpt lat="43.094896003603935" lon="-1.485193027183414">
        <ele>886</ele>
      </trkpt>
      <trkpt lat="43.094879994168878" lon="-1.485133012756705">
        <ele>887</ele>
      </trkpt>
      <trkpt lat="43.094870019704103" lon="-1.485053971409798">
        <ele>888</ele>
      </trkpt>
      <trkpt lat="43.094847975298762" lon="-1.484922962263227">
        <ele>890</ele>
      </trkpt>
      <trkpt lat="43.094815034419298" lon="-1.48477703332901">
        <ele>891</ele>
      </trkpt>
      <trkpt lat="43.094773963093758" lon="-1.484696986153722">
        <ele>891</ele>
      </trkpt>
      <trkpt lat="43.094740016385913" lon="-1.484609981998801">
        <ele>891</ele>
      </trkpt>
      <trkpt lat="43.094725012779236" lon="-1.484576035290957">
        <ele>891</ele>
      </trkpt>
      <trkpt lat="43.094674972817302" lon="-1.484485007822514">
        <ele>891</ele>
      </trkpt>
      <trkpt lat="43.094647983089089" lon="-1.48443597368896">
        <ele>891</ele>
      </trkpt>
      <trkpt lat="43.094566008076072" lon="-1.484301025047898">
        <ele>890</ele>
      </trkpt>
      <trkpt lat="43.094561984762549" lon="-1.484289038926363">
        <ele>890</ele>
      </trkpt>
      <trkpt lat="43.094551004469395" lon="-1.484230030328035">
        <ele>891</ele>
      </trkpt>
      <trkpt lat="43.094547986984253" lon="-1.484211003407836">
        <ele>891</ele>
      </trkpt>
      <trkpt lat="43.094546981155872" lon="-1.484200023114681">
        <ele>892</ele>
      </trkpt>
      <trkpt lat="43.094543041661382" lon="-1.484156018123031">
        <ele>892</ele>
      </trkpt>
      <trkpt lat="43.094490990042686" lon="-1.483990978449583">
        <ele>892</ele>
      </trkpt>
      <trkpt lat="43.094446985051036" lon="-1.483849994838238">
        <ele>892</ele>
      </trkpt>
      <trkpt lat="43.094442961737514" lon="-1.483806995674968">
        <ele>892</ele>
      </trkpt>
      <trkpt lat="43.094452014192939" lon="-1.483727032318711">
        <ele>893</ele>
      </trkpt>
      <trkpt lat="43.094457965344191" lon="-1.483714040368795">
        <ele>894</ele>
      </trkpt>
      <trkpt lat="43.094512028619647" lon="-1.483538020402193">
        <ele>897</ele>
      </trkpt>
      <trkpt lat="43.09451999142766" lon="-1.483411034569144">
        <ele>898</ele>
      </trkpt>
      <trkpt lat="43.094601966440678" lon="-1.483202995732427">
        <ele>899</ele>
      </trkpt>
      <trkpt lat="43.094660975039005" lon="-1.482997974380851">
        <ele>898</ele>
      </trkpt>
      <trkpt lat="43.094673966988921" lon="-1.482925973832607">
        <ele>898</ele>
      </trkpt>
      <trkpt lat="43.094725012779236" lon="-1.482753977179527">
        <ele>897</ele>
      </trkpt>
      <trkpt lat="43.094760971143842" lon="-1.482636965811253">
        <ele>896</ele>
      </trkpt>
      <trkpt lat="43.094797013327479" lon="-1.482423981651664">
        <ele>894</ele>
      </trkpt>
      <trkpt lat="43.094800030812621" lon="-1.482318034395576">
        <ele>893</ele>
      </trkpt>
      <trkpt lat="43.094787038862705" lon="-1.482145031914115">
        <ele>892</ele>
      </trkpt>
      <trkpt lat="43.094776980578899" lon="-1.481946967542172">
        <ele>891</ele>
      </trkpt>
      <trkpt lat="43.094762982800603" lon="-1.481689978390932">
        <ele>890</ele>
      </trkpt>
      <trkpt lat="43.094756025820971" lon="-1.481601968407631">
        <ele>889</ele>
      </trkpt>
      <trkpt lat="43.094759965315461" lon="-1.48147196508944">
        <ele>888</ele>
      </trkpt>
      <trkpt lat="43.094748985022306" lon="-1.481242971494794">
        <ele>887</ele>
      </trkpt>
      <trkpt lat="43.094719983637333" lon="-1.481029987335205">
        <ele>887</ele>
      </trkpt>
      <trkpt lat="43.094666004180908" lon="-1.480844998732209">
        <ele>887</ele>
      </trkpt>
      <trkpt lat="43.094659969210625" lon="-1.480579040944576">
        <ele>887</ele>
      </trkpt>
      <trkpt lat="43.094596015289426" lon="-1.480307970196009">
        <ele>888</ele>
      </trkpt>
      <trkpt lat="43.09451999142766" lon="-1.480056010186672">
        <ele>891</ele>
      </trkpt>
      <trkpt lat="43.094457965344191" lon="-1.479859035462141">
        <ele>892</ele>
      </trkpt>
      <trkpt lat="43.09437096118927" lon="-1.479683015495539">
        <ele>894</ele>
      </trkpt>
      <trkpt lat="43.094361992552876" lon="-1.479662982746959">
        <ele>894</ele>
      </trkpt>
      <trkpt lat="43.094360986724496" lon="-1.479603974148631">
        <ele>894</ele>
      </trkpt>
      <trkpt lat="43.094314970076084" lon="-1.479454021900892">
        <ele>894</ele>
      </trkpt>
      <trkpt lat="43.094237018376589" lon="-1.479281019419432">
        <ele>896</ele>
      </trkpt>
      <trkpt lat="43.094193013384938" lon="-1.479147998616099">
        <ele>897</ele>
      </trkpt>
      <trkpt lat="43.094154959544539" lon="-1.47893400862813">
        <ele>896</ele>
      </trkpt>
      <trkpt lat="43.094105003401637" lon="-1.478794030845165">
        <ele>896</ele>
      </trkpt>
      <trkpt lat="43.094091005623341" lon="-1.478756982833147">
        <ele>896</ele>
      </trkpt>
      <trkpt lat="43.094057980924845" lon="-1.478610970079899">
        <ele>896</ele>
      </trkpt>
      <trkpt lat="43.093996038660407" lon="-1.478471998125315">
        <ele>897</ele>
      </trkpt>
      <trkpt lat="43.093975000083447" lon="-1.478419024497271">
        <ele>897</ele>
      </trkpt>
      <trkpt lat="43.093955973163247" lon="-1.478175027295947">
        <ele>895</ele>
      </trkpt>
      <trkpt lat="43.093945998698473" lon="-1.478105960413814">
        <ele>894</ele>
      </trkpt>
      <trkpt lat="43.093928983435035" lon="-1.478019962087274">
        <ele>894</ele>
      </trkpt>
      <trkpt lat="43.093829993158579" lon="-1.477777976542711">
        <ele>894</ele>
      </trkpt>
      <trkpt lat="43.093797974288464" lon="-1.477698013186455">
        <ele>894</ele>
      </trkpt>
      <trkpt lat="43.093694960698485" lon="-1.477483017370105">
        <ele>895</ele>
      </trkpt>
      <trkpt lat="43.093576021492481" lon="-1.477224016562104">
        <ele>895</ele>
      </trkpt>
      <trkpt lat="43.093482982367277" lon="-1.477079009637237">
        <ele>896</ele>
      </trkpt>
      <trkpt lat="43.093441994860768" lon="-1.476983036845923">
        <ele>896</ele>
      </trkpt>
      <trkpt lat="43.093339987099171" lon="-1.476833000779152">
        <ele>896</ele>
      </trkpt>
      <trkpt lat="43.093302017077804" lon="-1.476762006059289">
        <ele>897</ele>
      </trkpt>
      <trkpt lat="43.093188023194671" lon="-1.476519014686346">
        <ele>897</ele>
      </trkpt>
      <trkpt lat="43.093076962977648" lon="-1.476381970569491">
        <ele>899</ele>
      </trkpt>
      <trkpt lat="43.093033963814378" lon="-1.476316004991531">
        <ele>900</ele>
      </trkpt>
      <trkpt lat="43.092812011018395" lon="-1.476047029718757">
        <ele>903</ele>
      </trkpt>
      <trkpt lat="43.09264998883009" lon="-1.47590302862227">
        <ele>906</ele>
      </trkpt>
      <trkpt lat="43.092570025473833" lon="-1.475702030584216">
        <ele>906</ele>
      </trkpt>
      <trkpt lat="43.092503976076841" lon="-1.475455015897751">
        <ele>906</ele>
      </trkpt>
      <trkpt lat="43.092448990792036" lon="-1.475372035056353">
        <ele>906</ele>
      </trkpt>
      <trkpt lat="43.092334996908903" lon="-1.475235996767879">
        <ele>908</ele>
      </trkpt>
      <trkpt lat="43.092309013009071" lon="-1.475214036181569">
        <ele>908</ele>
      </trkpt>
      <trkpt lat="43.092259978875518" lon="-1.475012032315135">
        <ele>907</ele>
      </trkpt>
      <trkpt lat="43.092186972498894" lon="-1.474817991256714">
        <ele>907</ele>
      </trkpt>
      <trkpt lat="43.09211497195065" lon="-1.474596038460732">
        <ele>907</ele>
      </trkpt>
      <trkpt lat="43.09211497195065" lon="-1.474599977955222">
        <ele>907</ele>
      </trkpt>
      <trkpt lat="43.09211396612227" lon="-1.474595032632351">
        <ele>907</ele>
      </trkpt>
      <trkpt lat="43.092112960293889" lon="-1.474590003490448">
        <ele>907</ele>
      </trkpt>
      <trkpt lat="43.092074990272522" lon="-1.474532000720501">
        <ele>907</ele>
      </trkpt>
      <trkpt lat="43.092074990272522" lon="-1.474532000720501">
        <ele>907</ele>
      </trkpt>
      <trkpt lat="43.09204800054431" lon="-1.47451096214354">
        <ele>908</ele>
      </trkpt>
      <trkpt lat="43.092043977230787" lon="-1.474405014887452">
        <ele>907</ele>
      </trkpt>
      <trkpt lat="43.092020004987717" lon="-1.47433896549046">
        <ele>907</ele>
      </trkpt>
      <trkpt lat="43.092013970017433" lon="-1.474308958277106">
        <ele>906</ele>
      </trkpt>
      <trkpt lat="43.091940963640809" lon="-1.474145008251071">
        <ele>906</ele>
      </trkpt>
      <trkpt lat="43.091863011941314" lon="-1.473930012434721">
        <ele>908</ele>
      </trkpt>
      <trkpt lat="43.091754969209433" lon="-1.473710993304849">
        <ele>911</ele>
      </trkpt>
      <trkpt lat="43.091735020279884" lon="-1.473626000806689">
        <ele>911</ele>
      </trkpt>
      <trkpt lat="43.091594958677888" lon="-1.473459033295512">
        <ele>914</ele>
      </trkpt>
      <trkpt lat="43.091496974229813" lon="-1.473204977810383">
        <ele>917</ele>
      </trkpt>
      <trkpt lat="43.091478031128645" lon="-1.473124008625746">
        <ele>919</ele>
      </trkpt>
      <trkpt lat="43.09142597950995" lon="-1.472884034737945">
        <ele>922</ele>
      </trkpt>
      <trkpt lat="43.091422040015459" lon="-1.472868025302887">
        <ele>922</ele>
      </trkpt>
      <trkpt lat="43.091428996995091" lon="-1.472822008654475">
        <ele>923</ele>
      </trkpt>
      <trkpt lat="43.091507032513618" lon="-1.472717989236116">
        <ele>924</ele>
      </trkpt>
      <trkpt lat="43.091518012806773" lon="-1.472702985629439">
        <ele>924</ele>
      </trkpt>
      <trkpt lat="43.091537961736321" lon="-1.472670966759324">
        <ele>924</ele>
      </trkpt>
      <trkpt lat="43.091520024463534" lon="-1.472536018118262">
        <ele>926</ele>
      </trkpt>
      <trkpt lat="43.0914699845016" lon="-1.472422024235129">
        <ele>928</ele>
      </trkpt>
      <trkpt lat="43.091451963409781" lon="-1.472362009808421">
        <ele>929</ele>
      </trkpt>
      <trkpt lat="43.091473001986742" lon="-1.47229696623981">
        <ele>930</ele>
      </trkpt>
      <trkpt lat="43.091479036957026" lon="-1.472121030092239">
        <ele>933</ele>
      </trkpt>
      <trkpt lat="43.091482976451516" lon="-1.472078030928969">
        <ele>934</ele>
      </trkpt>
      <trkpt lat="43.091466967016459" lon="-1.472021033987403">
        <ele>934</ele>
      </trkpt>
      <trkpt lat="43.091464033350348" lon="-1.471993960440159">
        <ele>935</ele>
      </trkpt>
      <trkpt lat="43.091462021693587" lon="-1.471904022619128">
        <ele>936</ele>
      </trkpt>
      <trkpt lat="43.091354984790087" lon="-1.471797991544008">
        <ele>938</ele>
      </trkpt>
      <trkpt lat="43.091245014220476" lon="-1.471637981012464">
        <ele>941</ele>
      </trkpt>
      <trkpt lat="43.091097995638847" lon="-1.471489034593105">
        <ele>942</ele>
      </trkpt>
      <trkpt lat="43.090990958735347" lon="-1.471426002681255">
        <ele>943</ele>
      </trkpt>
      <trkpt lat="43.090956006199121" lon="-1.471369005739689">
        <ele>943</ele>
      </trkpt>
      <trkpt lat="43.090928010642529" lon="-1.471332963556051">
        <ele>943</ele>
      </trkpt>
      <trkpt lat="43.090826002880931" lon="-1.471250988543034">
        <ele>944</ele>
      </trkpt>
      <trkpt lat="43.090763976797462" lon="-1.471227016299963">
        <ele>943</ele>
      </trkpt>
      <trkpt lat="43.090588040649891" lon="-1.471170019358397">
        <ele>943</ele>
      </trkpt>
      <trkpt lat="43.0904580373317" lon="-1.471167001873255">
        <ele>943</ele>
      </trkpt>
      <trkpt lat="43.090320993214846" lon="-1.471179993823171">
        <ele>942</ele>
      </trkpt>
      <trkpt lat="43.090142961591482" lon="-1.471158033236861">
        <ele>942</ele>
      </trkpt>
      <trkpt lat="43.089970964938402" lon="-1.471207989379764">
        <ele>942</ele>
      </trkpt>
      <trkpt lat="43.089885972440243" lon="-1.471216036006808">
        <ele>943</ele>
      </trkpt>
      <trkpt lat="43.089885972440243" lon="-1.471216036006808">
        <ele>943</ele>
      </trkpt>
      <trkpt lat="43.089797962456942" lon="-1.47126498632133">
        <ele>944</ele>
      </trkpt>
      <trkpt lat="43.089645998552442" lon="-1.471303962171078">
        <ele>946</ele>
      </trkpt>
      <trkpt lat="43.089501997455955" lon="-1.471345033496618">
        <ele>948</ele>
      </trkpt>
      <trkpt lat="43.089425973594189" lon="-1.471376968547702">
        <ele>949</ele>
      </trkpt>
      <trkpt lat="43.089345004409552" lon="-1.47143698297441">
        <ele>950</ele>
      </trkpt>
      <trkpt lat="43.089177031069994" lon="-1.471542008221149">
        <ele>953</ele>
      </trkpt>
      <trkpt lat="43.089028000831604" lon="-1.471600010991097">
        <ele>955</ele>
      </trkpt>
      <trkpt lat="43.088878970593214" lon="-1.471677962690592">
        <ele>957</ele>
      </trkpt>
      <trkpt lat="43.088748967275023" lon="-1.471814000979066">
        <ele>959</ele>
      </trkpt>
      <trkpt lat="43.088636985048652" lon="-1.471960013732314">
        <ele>961</ele>
      </trkpt>
      <trkpt lat="43.088485021144152" lon="-1.472084987908602">
        <ele>963</ele>
      </trkpt>
      <trkpt lat="43.088369015604258" lon="-1.47216503508389">
        <ele>965</ele>
      </trkpt>
      <trkpt lat="43.088205987587571" lon="-1.472228989005089">
        <ele>967</ele>
      </trkpt>
      <trkpt lat="43.088054023683071" lon="-1.47229696623981">
        <ele>969</ele>
      </trkpt>
      <trkpt lat="43.087894013151526" lon="-1.472369972616434">
        <ele>971</ele>
      </trkpt>
      <trkpt lat="43.087799968197942" lon="-1.472465023398399">
        <ele>972</ele>
      </trkpt>
      <trkpt lat="43.087746994569898" lon="-1.472478015348315">
        <ele>973</ele>
      </trkpt>
      <trkpt lat="43.087655967101455" lon="-1.472538029775024">
        <ele>974</ele>
      </trkpt>
      <trkpt lat="43.087634006515145" lon="-1.472550015896559">
        <ele>975</ele>
      </trkpt>
      <trkpt lat="43.087502997368574" lon="-1.472667027264834">
        <ele>976</ele>
      </trkpt>
      <trkpt lat="43.087373999878764" lon="-1.472751013934612">
        <ele>977</ele>
      </trkpt>
      <trkpt lat="43.087325971573591" lon="-1.472785966470838">
        <ele>978</ele>
      </trkpt>
      <trkpt lat="43.087196974083781" lon="-1.472895015031099">
        <ele>980</ele>
      </trkpt>
      <trkpt lat="43.087064959108829" lon="-1.472995011135936">
        <ele>981</ele>
      </trkpt>
      <trkpt lat="43.0869369674474" lon="-1.473101964220405">
        <ele>983</ele>
      </trkpt>
      <trkpt lat="43.086829008534551" lon="-1.473173964768648">
        <ele>985</ele>
      </trkpt>
      <trkpt lat="43.086665980517864" lon="-1.473230039700866">
        <ele>987</ele>
      </trkpt>
      <trkpt lat="43.086489960551262" lon="-1.473199026659131">
        <ele>987</ele>
      </trkpt>
      <trkpt lat="43.08646003715694" lon="-1.473196009173989">
        <ele>987</ele>
      </trkpt>
      <trkpt lat="43.086390970274806" lon="-1.473177988082171">
        <ele>986</ele>
      </trkpt>
      <trkpt lat="43.086348976939917" lon="-1.473170025274158">
        <ele>986</ele>
      </trkpt>
      <trkpt lat="43.086293991655111" lon="-1.4731540158391">
        <ele>986</ele>
      </trkpt>
      <trkpt lat="43.08629097416997" lon="-1.473148986697197">
        <ele>986</ele>
      </trkpt>
      <trkpt lat="43.086289968341589" lon="-1.473148986697197">
        <ele>986</ele>
      </trkpt>
      <trkpt lat="43.08629197999835" lon="-1.473147980868816">
        <ele>986</ele>
      </trkpt>
      <trkpt lat="43.08629197999835" lon="-1.473146975040436">
        <ele>986</ele>
      </trkpt>
      <trkpt lat="43.086232971400023" lon="-1.473125014454126">
        <ele>986</ele>
      </trkpt>
      <trkpt lat="43.086082013323903" lon="-1.473062988370657">
        <ele>985</ele>
      </trkpt>
      <trkpt lat="43.086026022210717" lon="-1.473043961450458">
        <ele>985</ele>
      </trkpt>
      <trkpt lat="43.085943963378668" lon="-1.473028035834432">
        <ele>985</ele>
      </trkpt>
      <trkpt lat="43.08579501695931" lon="-1.472981013357639">
        <ele>984</ele>
      </trkpt>
      <trkpt lat="43.085701977834105" lon="-1.472942037507892">
        <ele>981</ele>
      </trkpt>
      <trkpt lat="43.085629977285862" lon="-1.472931979224086">
        <ele>980</ele>
      </trkpt>
      <trkpt lat="43.085424033924937" lon="-1.472870036959648">
        <ele>976</ele>
      </trkpt>
      <trkpt lat="43.085254970937967" lon="-1.47283298894763">
        <ele>972</ele>
      </trkpt>
      <trkpt lat="43.085141982883215" lon="-1.472809016704559">
        <ele>970</ele>
      </trkpt>
      <trkpt lat="43.085093032568693" lon="-1.472813962027431">
        <ele>969</ele>
      </trkpt>
      <trkpt lat="43.085051961243153" lon="-1.4728759881109">
        <ele>968</ele>
      </trkpt>
      <trkpt lat="43.085010973736644" lon="-1.472898032516241">
        <ele>967</ele>
      </trkpt>
      <trkpt lat="43.084888011217117" lon="-1.472868025302887">
        <ele>964</ele>
      </trkpt>
      <trkpt lat="43.08467703871429" lon="-1.472788983955979">
        <ele>959</ele>
      </trkpt>
      <trkpt lat="43.084433963522315" lon="-1.472721006721258">
        <ele>953</ele>
      </trkpt>
      <trkpt lat="43.084190972149372" lon="-1.472587985917926">
        <ele>950</ele>
      </trkpt>
      <trkpt lat="43.083982011303306" lon="-1.472522020339966">
        <ele>948</ele>
      </trkpt>
      <trkpt lat="43.083747988566756" lon="-1.472482960671186">
        <ele>945</ele>
      </trkpt>
      <trkpt lat="43.083580015227199" lon="-1.472465023398399">
        <ele>942</ele>
      </trkpt>
      <trkpt lat="43.083451017737389" lon="-1.472437027841806">
        <ele>940</ele>
      </trkpt>
      <trkpt lat="43.083335012197495" lon="-1.472405008971691">
        <ele>938</ele>
      </trkpt>
      <trkpt lat="43.083150023594499" lon="-1.472340971231461">
        <ele>936</ele>
      </trkpt>
      <trkpt lat="43.082975009456277" lon="-1.472276011481881">
        <ele>934</ele>
      </trkpt>
      <trkpt lat="43.082794966176152" lon="-1.472225971519947">
        <ele>932</ele>
      </trkpt>
      <trkpt lat="43.082607965916395" lon="-1.472181966528297">
        <ele>930</ele>
      </trkpt>
      <trkpt lat="43.082448039203882" lon="-1.472138967365027">
        <ele>928</ele>
      </trkpt>
      <trkpt lat="43.082249974831939" lon="-1.472097979858518">
        <ele>928</ele>
      </trkpt>
      <trkpt lat="43.081984017044306" lon="-1.472007036209106">
        <ele>928</ele>
      </trkpt>
      <trkpt lat="43.081968007609248" lon="-1.472006030380726">
        <ele>928</ele>
      </trkpt>
      <trkpt lat="43.081844039261341" lon="-1.471971999853849">
        <ele>928</ele>
      </trkpt>
      <trkpt lat="43.081793999299407" lon="-1.47197300568223">
        <ele>929</ele>
      </trkpt>
      <trkpt lat="43.081760974600911" lon="-1.471964959055185">
        <ele>929</ele>
      </trkpt>
      <trkpt lat="43.08167296461761" lon="-1.471892036497593">
        <ele>929</ele>
      </trkpt>
      <trkpt lat="43.081499962136149" lon="-1.471845014020801">
        <ele>930</ele>
      </trkpt>
      <trkpt lat="43.081308016553521" lon="-1.471778964623809">
        <ele>931</ele>
      </trkpt>
      <trkpt lat="43.081125039607286" lon="-1.471743006259203">
        <ele>932</ele>
      </trkpt>
      <trkpt lat="43.080929992720485" lon="-1.471668994054198">
        <ele>934</ele>
      </trkpt>
      <trkpt lat="43.080824967473745" lon="-1.471648039296269">
        <ele>935</ele>
      </trkpt>
      <trkpt lat="43.080666968598962" lon="-1.471589030697942">
        <ele>933</ele>
      </trkpt>
      <trkpt lat="43.080507041886449" lon="-1.471471013501287">
        <ele>931</ele>
      </trkpt>
      <trkpt lat="43.080299003049731" lon="-1.471355007961392">
        <ele>930</ele>
      </trkpt>
      <trkpt lat="43.080219961702824" lon="-1.471298011019826">
        <ele>929</ele>
      </trkpt>
      <trkpt lat="43.080141004174948" lon="-1.471245959401131">
        <ele>929</ele>
      </trkpt>
      <trkpt lat="43.08005902916193" lon="-1.471202038228512">
        <ele>928</ele>
      </trkpt>
      <trkpt lat="43.080013012513518" lon="-1.471164990216494">
        <ele>928</ele>
      </trkpt>
      <trkpt lat="43.079920979216695" lon="-1.471120985224843">
        <ele>927</ele>
      </trkpt>
      <trkpt lat="43.079901030287147" lon="-1.471129031851888">
        <ele>927</ele>
      </trkpt>
      <trkpt lat="43.079824000597" lon="-1.471131965517998">
        <ele>927</ele>
      </trkpt>
      <trkpt lat="43.079702965915203" lon="-1.471190974116325">
        <ele>927</ele>
      </trkpt>
      <trkpt lat="43.079688968136907" lon="-1.47119801491499">
        <ele>927</ele>
      </trkpt>
      <trkpt lat="43.079610010609031" lon="-1.471173958852887">
        <ele>926</ele>
      </trkpt>
      <trkpt lat="43.079486964270473" lon="-1.471144035458565">
        <ele>925</ele>
      </trkpt>
      <trkpt lat="43.07945896871388" lon="-1.471144035458565">
        <ele>925</ele>
      </trkpt>
      <trkpt lat="43.079382022842765" lon="-1.471159039065242">
        <ele>925</ele>
      </trkpt>
      <trkpt lat="43.079106006771326" lon="-1.471097012981772">
        <ele>922</ele>
      </trkpt>
      <trkpt lat="43.078953037038445" lon="-1.471057031303644">
        <ele>920</ele>
      </trkpt>
      <trkpt lat="43.078953037038445" lon="-1.471057031303644">
        <ele>920</ele>
      </trkpt>
      <trkpt lat="43.078953037038445" lon="-1.471057031303644">
        <ele>920</ele>
      </trkpt>
      <trkpt lat="43.078953037038445" lon="-1.471057031303644">
        <ele>920</ele>
      </trkpt>
      <trkpt lat="43.078953959047794" lon="-1.471057031303644">
        <ele>920</ele>
      </trkpt>
      <trkpt lat="43.078953037038445" lon="-1.471059964969754">
        <ele>920</ele>
      </trkpt>
      <trkpt lat="43.078953959047794" lon="-1.471059964969754">
        <ele>920</ele>
      </trkpt>
      <trkpt lat="43.078954964876175" lon="-1.471059964969754">
        <ele>920</ele>
      </trkpt>
      <trkpt lat="43.078954964876175" lon="-1.471058959141374">
        <ele>920</ele>
      </trkpt>
      <trkpt lat="43.078954964876175" lon="-1.471058959141374">
        <ele>920</ele>
      </trkpt>
      <trkpt lat="43.078954964876175" lon="-1.471058959141374">
        <ele>920</ele>
      </trkpt>
      <trkpt lat="43.078955970704556" lon="-1.471057031303644">
        <ele>920</ele>
      </trkpt>
      <trkpt lat="43.078956976532936" lon="-1.471057031303644">
        <ele>920</ele>
      </trkpt>
      <trkpt lat="43.078956976532936" lon="-1.471057031303644">
        <ele>920</ele>
      </trkpt>
      <trkpt lat="43.078956976532936" lon="-1.471057031303644">
        <ele>920</ele>
      </trkpt>
      <trkpt lat="43.078956976532936" lon="-1.471056025475264">
        <ele>920</ele>
      </trkpt>
      <trkpt lat="43.078955970704556" lon="-1.471055019646883">
        <ele>920</ele>
      </trkpt>
      <trkpt lat="43.078955970704556" lon="-1.471055019646883">
        <ele>920</ele>
      </trkpt>
      <trkpt lat="43.078955970704556" lon="-1.471055019646883">
        <ele>920</ele>
      </trkpt>
      <trkpt lat="43.078953037038445" lon="-1.471050996333361">
        <ele>920</ele>
      </trkpt>
      <trkpt lat="43.078950019553304" lon="-1.4710489846766">
        <ele>920</ele>
      </trkpt>
      <trkpt lat="43.078867038711905" lon="-1.471071029081941">
        <ele>919</ele>
      </trkpt>
      <trkpt lat="43.078657994046807" lon="-1.471053007990122">
        <ele>915</ele>
      </trkpt>
      <trkpt lat="43.078452972695231" lon="-1.47102601826191">
        <ele>912</ele>
      </trkpt>
      <trkpt lat="43.078237976878881" lon="-1.470978995785117">
        <ele>911</ele>
      </trkpt>
      <trkpt lat="43.078062040731311" lon="-1.471011014655232">
        <ele>912</ele>
      </trkpt>
      <trkpt lat="43.077852996066213" lon="-1.471016965806484">
        <ele>913</ele>
      </trkpt>
      <trkpt lat="43.077665995806456" lon="-1.471064994111657">
        <ele>913</ele>
      </trkpt>
      <trkpt lat="43.077628025785089" lon="-1.471055019646883">
        <ele>914</ele>
      </trkpt>
      <trkpt lat="43.077470026910305" lon="-1.471062982454896">
        <ele>915</ele>
      </trkpt>
      <trkpt lat="43.077308004721999" lon="-1.471096007153392">
        <ele>916</ele>
      </trkpt>
      <trkpt lat="43.077128967270255" lon="-1.47111201658845">
        <ele>918</ele>
      </trkpt>
      <trkpt lat="43.076982032507658" lon="-1.471150992438197">
        <ele>919</ele>
      </trkpt>
      <trkpt lat="43.076841970905662" lon="-1.471214024350047">
        <ele>920</ele>
      </trkpt>
      <trkpt lat="43.07677399367094" lon="-1.471228022128344">
        <ele>920</ele>
      </trkpt>
      <trkpt lat="43.076749015599489" lon="-1.471257023513317">
        <ele>920</ele>
      </trkpt>
      <trkpt lat="43.076702998951077" lon="-1.471297005191445">
        <ele>919</ele>
      </trkpt>
      <trkpt lat="43.076639967039227" lon="-1.471360037103295">
        <ele>919</ele>
      </trkpt>
      <trkpt lat="43.076529996469617" lon="-1.471489034593105">
        <ele>917</ele>
      </trkpt>
      <trkpt lat="43.0764099676162" lon="-1.471625994890928">
        <ele>917</ele>
      </trkpt>
      <trkpt lat="43.076330004259944" lon="-1.471682991832495">
        <ele>916</ele>
      </trkpt>
      <trkpt lat="43.076146021485329" lon="-1.47178097628057">
        <ele>916</ele>
      </trkpt>
      <trkpt lat="43.07612800039351" lon="-1.471789022907615">
        <ele>916</ele>
      </trkpt>
      <trkpt lat="43.075866987928748" lon="-1.471857000142336">
        <ele>920</ele>
      </trkpt>
      <trkpt lat="43.075777972117066" lon="-1.471893964335322">
        <ele>920</ele>
      </trkpt>
      <trkpt lat="43.075560964643955" lon="-1.47199597209692">
        <ele>920</ele>
      </trkpt>
      <trkpt lat="43.075516037642956" lon="-1.472022039815784">
        <ele>920</ele>
      </trkpt>
      <trkpt lat="43.075492987409234" lon="-1.472037965431809">
        <ele>920</ele>
      </trkpt>
      <trkpt lat="43.075428027659655" lon="-1.472064033150673">
        <ele>920</ele>
      </trkpt>
      <trkpt lat="43.075197022408247" lon="-1.472143996506929">
        <ele>921</ele>
      </trkpt>
      <trkpt lat="43.075061989948153" lon="-1.472222032025456">
        <ele>922</ele>
      </trkpt>
      <trkpt lat="43.074885969981551" lon="-1.472295038402081">
        <ele>923</ele>
      </trkpt>
      <trkpt lat="43.074670974165201" lon="-1.472333008423448">
        <ele>925</ele>
      </trkpt>
      <trkpt lat="43.074436029419303" lon="-1.472349017858505">
        <ele>928</ele>
      </trkpt>
      <trkpt lat="43.07423897087574" lon="-1.472399979829788">
        <ele>930</ele>
      </trkpt>
      <trkpt lat="43.074076026678085" lon="-1.472422024235129">
        <ele>931</ele>
      </trkpt>
      <trkpt lat="43.073891960084438" lon="-1.472427975386381">
        <ele>931</ele>
      </trkpt>
      <trkpt lat="43.073702026158571" lon="-1.472396040335298">
        <ele>932</ele>
      </trkpt>
      <trkpt lat="43.073495998978615" lon="-1.472363015636802">
        <ele>932</ele>
      </trkpt>
      <trkpt lat="43.073389967903495" lon="-1.472379025071859">
        <ele>932</ele>
      </trkpt>
      <trkpt lat="43.073203973472118" lon="-1.472368966788054">
        <ele>934</ele>
      </trkpt>
      <trkpt lat="43.073091991245747" lon="-1.472392017021775">
        <ele>935</ele>
      </trkpt>
      <trkpt lat="43.073019990697503" lon="-1.472418000921607">
        <ele>936</ele>
      </trkpt>
      <trkpt lat="43.07286199182272" lon="-1.472500981763005">
        <ele>938</ele>
      </trkpt>
      <trkpt lat="43.07273400016129" lon="-1.472613969817758">
        <ele>938</ele>
      </trkpt>
      <trkpt lat="43.072421019896865" lon="-1.472851010039449">
        <ele>938</ele>
      </trkpt>
      <trkpt lat="43.072234019637108" lon="-1.472956035286188">
        <ele>939</ele>
      </trkpt>
      <trkpt lat="43.071999996900558" lon="-1.473078997805715">
        <ele>940</ele>
      </trkpt>
      <trkpt lat="43.071792963892221" lon="-1.473092995584011">
        <ele>943</ele>
      </trkpt>
      <trkpt lat="43.071591965854168" lon="-1.473099030554295">
        <ele>945</ele>
      </trkpt>
      <trkpt lat="43.07142399251461" lon="-1.473095007240772">
        <ele>947</ele>
      </trkpt>
      <trkpt lat="43.07125199586153" lon="-1.473061982542276">
        <ele>949</ele>
      </trkpt>
      <trkpt lat="43.071076981723309" lon="-1.473171031102538">
        <ele>949</ele>
      </trkpt>
      <trkpt lat="43.07099299505353" lon="-1.47328301332891">
        <ele>949</ele>
      </trkpt>
      <trkpt lat="43.070959970355034" lon="-1.473314026370645">
        <ele>949</ele>
      </trkpt>
      <trkpt lat="43.070923006162047" lon="-1.473343027755618">
        <ele>949</ele>
      </trkpt>
      <trkpt lat="43.070770036429167" lon="-1.473437994718552">
        <ele>950</ele>
      </trkpt>
      <trkpt lat="43.070641038939357" lon="-1.473478982225061">
        <ele>951</ele>
      </trkpt>
      <trkpt lat="43.070441968739033" lon="-1.473556011915207">
        <ele>954</ele>
      </trkpt>
      <trkpt lat="43.070193026214838" lon="-1.473619965836406">
        <ele>956</ele>
      </trkpt>
      <trkpt lat="43.069942994043231" lon="-1.473677968606353">
        <ele>958</ele>
      </trkpt>
      <trkpt lat="43.069719029590487" lon="-1.473748963326216">
        <ele>959</ele>
      </trkpt>
      <trkpt lat="43.069647029042244" lon="-1.473763966932893">
        <ele>959</ele>
      </trkpt>
      <trkpt lat="43.06959799490869" lon="-1.473781988024712">
        <ele>959</ele>
      </trkpt>
      <trkpt lat="43.069375036284328" lon="-1.473782993853092">
        <ele>960</ele>
      </trkpt>
      <trkpt lat="43.069148976355791" lon="-1.473853988572955">
        <ele>961</ele>
      </trkpt>
      <trkpt lat="43.069121986627579" lon="-1.473869998008013">
        <ele>961</ele>
      </trkpt>
      <trkpt lat="43.06903900578618" lon="-1.473912997171283">
        <ele>959</ele>
      </trkpt>
      <trkpt lat="43.06897304020822" lon="-1.473918026313186">
        <ele>959</ele>
      </trkpt>
      <trkpt lat="43.068936998024583" lon="-1.473937975242734">
        <ele>958</ele>
      </trkpt>
      <trkpt lat="43.068720996379852" lon="-1.474019028246403">
        <ele>955</ele>
      </trkpt>
      <trkpt lat="43.068523015826941" lon="-1.474125981330872">
        <ele>953</ele>
      </trkpt>
      <trkpt lat="43.068296033889055" lon="-1.474251039326191">
        <ele>948</ele>
      </trkpt>
      <trkpt lat="43.068029992282391" lon="-1.474341982975602">
        <ele>945</ele>
      </trkpt>
      <trkpt lat="43.067790018394589" lon="-1.474269982427359">
        <ele>944</ele>
      </trkpt>
      <trkpt lat="43.067569993436337" lon="-1.474150037392974">
        <ele>944</ele>
      </trkpt>
      <trkpt lat="43.067310992628336" lon="-1.47407996468246">
        <ele>944</ele>
      </trkpt>
      <trkpt lat="43.067065989598632" lon="-1.474107038229704">
        <ele>945</ele>
      </trkpt>
      <trkpt lat="43.066786034032702" lon="-1.474111983552575">
        <ele>947</ele>
      </trkpt>
      <trkpt lat="43.066581012681127" lon="-1.47416302934289">
        <ele>947</ele>
      </trkpt>
      <trkpt lat="43.06633098050952" lon="-1.47427199408412">
        <ele>946</ele>
      </trkpt>
      <trkpt lat="43.066162001341581" lon="-1.474436027929187">
        <ele>946</ele>
      </trkpt>
      <trkpt lat="43.066121013835073" lon="-1.474515991285443">
        <ele>946</ele>
      </trkpt>
      <trkpt lat="43.06594398804009" lon="-1.474654041230679">
        <ele>945</ele>
      </trkpt>
      <trkpt lat="43.065924039110541" lon="-1.474693017080426">
        <ele>945</ele>
      </trkpt>
      <trkpt lat="43.065847009420395" lon="-1.474814973771572">
        <ele>945</ele>
      </trkpt>
      <trkpt lat="43.065739972516894" lon="-1.474989987909794">
        <ele>946</ele>
      </trkpt>
      <trkpt lat="43.065695967525244" lon="-1.475084032863379">
        <ele>948</ele>
      </trkpt>
      <trkpt lat="43.065562024712563" lon="-1.475171959027648">
        <ele>951</ele>
      </trkpt>
      <trkpt lat="43.065454987809062" lon="-1.475283019244671">
        <ele>954</ele>
      </trkpt>
      <trkpt lat="43.065454987809062" lon="-1.475283019244671">
        <ele>954</ele>
      </trkpt>
      <trkpt lat="43.065364966169" lon="-1.475447975099087">
        <ele>957</ele>
      </trkpt>
      <trkpt lat="43.065275028347969" lon="-1.475472031161189">
        <ele>959</ele>
      </trkpt>
      <trkpt lat="43.065426992252469" lon="-1.475579990074039">
        <ele>958</ele>
      </trkpt>
      <trkpt lat="43.065456999465823" lon="-1.475598011165857">
        <ele>957</ele>
      </trkpt>
      <trkpt lat="43.065452976152301" lon="-1.475679986178875">
        <ele>959</ele>
      </trkpt>
      <trkpt lat="43.065438978374004" lon="-1.475770007818937">
        <ele>960</ele>
      </trkpt>
      <trkpt lat="43.065437972545624" lon="-1.475963965058327">
        <ele>963</ele>
      </trkpt>
      <trkpt lat="43.065394973382354" lon="-1.476138979196549">
        <ele>967</ele>
      </trkpt>
      <trkpt lat="43.065392961725593" lon="-1.476277029141784">
        <ele>969</ele>
      </trkpt>
      <trkpt lat="43.065359015017748" lon="-1.476464029401541">
        <ele>973</ele>
      </trkpt>
      <trkpt lat="43.065360020846128" lon="-1.476513985544443">
        <ele>974</ele>
      </trkpt>
      <trkpt lat="43.065361026674509" lon="-1.476540975272656">
        <ele>975</ele>
      </trkpt>
      <trkpt lat="43.065382987260818" lon="-1.476577017456293">
        <ele>975</ele>
      </trkpt>
      <trkpt lat="43.065533023327589" lon="-1.476581040769815">
        <ele>975</ele>
      </trkpt>
      <trkpt lat="43.065679036080837" lon="-1.476651029661298">
        <ele>975</ele>
      </trkpt>
      <trkpt lat="43.065763022750616" lon="-1.47676301188767">
        <ele>977</ele>
      </trkpt>
      <trkpt lat="43.065804010257125" lon="-1.4768719766289">
        <ele>978</ele>
      </trkpt>
      <trkpt lat="43.06594499386847" lon="-1.477004997432232">
        <ele>978</ele>
      </trkpt>
      <trkpt lat="43.065998973324895" lon="-1.477036010473967">
        <ele>978</ele>
      </trkpt>
      <trkpt lat="43.066168036311865" lon="-1.477135000750423">
        <ele>976</ele>
      </trkpt>
      <trkpt lat="43.066206006333232" lon="-1.477188980206847">
        <ele>976</ele>
      </trkpt>
      <trkpt lat="43.066279012709856" lon="-1.477144975215197">
        <ele>975</ele>
      </trkpt>
      <trkpt lat="43.066470036283135" lon="-1.477055037394166">
        <ele>971</ele>
      </trkpt>
      <trkpt lat="43.066617976874113" lon="-1.47697800770402">
        <ele>968</ele>
      </trkpt>
      <trkpt lat="43.066623006016016" lon="-1.476986976340413">
        <ele>968</ele>
      </trkpt>
      <trkpt lat="43.066643960773945" lon="-1.477102981880307">
        <ele>969</ele>
      </trkpt>
      <trkpt lat="43.066612025722861" lon="-1.477246982976794">
        <ele>970</ele>
      </trkpt>
      <trkpt lat="43.066518986597657" lon="-1.47742903791368">
        <ele>973</ele>
      </trkpt>
      <trkpt lat="43.066469030454755" lon="-1.477511012926698">
        <ele>974</ele>
      </trkpt>
      <trkpt lat="43.066362999379635" lon="-1.477737994864583">
        <ele>976</ele>
      </trkpt>
      <trkpt lat="43.066353024914861" lon="-1.477761967107654">
        <ele>977</ele>
      </trkpt>
      <trkpt lat="43.066252022981644" lon="-1.477958019822836">
        <ele>979</ele>
      </trkpt>
      <trkpt lat="43.066208017989993" lon="-1.47803395986557">
        <ele>980</ele>
      </trkpt>
      <trkpt lat="43.066074997186661" lon="-1.478187013417482">
        <ele>983</ele>
      </trkpt>
      <trkpt lat="43.06598698720336" lon="-1.478376025334001">
        <ele>985</ele>
      </trkpt>
      <trkpt lat="43.065936025232077" lon="-1.478449031710625">
        <ele>987</ele>
      </trkpt>
      <trkpt lat="43.065886991098523" lon="-1.478471998125315">
        <ele>988</ele>
      </trkpt>
      <trkpt lat="43.065833011642098" lon="-1.478522038087249">
        <ele>989</ele>
      </trkpt>
      <trkpt lat="43.065804010257125" lon="-1.478552967309952">
        <ele>990</ele>
      </trkpt>
      <trkpt lat="43.065732009708881" lon="-1.478599989786744">
        <ele>991</ele>
      </trkpt>
      <trkpt lat="43.065541991963983" lon="-1.478732004761696">
        <ele>994</ele>
      </trkpt>
      <trkpt lat="43.065517013892531" lon="-1.478750025853515">
        <ele>995</ele>
      </trkpt>
      <trkpt lat="43.065473008900881" lon="-1.478779027238488">
        <ele>996</ele>
      </trkpt>
      <trkpt lat="43.065374018624425" lon="-1.478843986988068">
        <ele>998</ele>
      </trkpt>
      <trkpt lat="43.065332025289536" lon="-1.478862008079886">
        <ele>999</ele>
      </trkpt>
      <trkpt lat="43.065215013921261" lon="-1.478944988921285">
        <ele>1001</ele>
      </trkpt>
      <trkpt lat="43.065177965909243" lon="-1.478998968377709">
        <ele>1002</ele>
      </trkpt>
      <trkpt lat="43.065086016431451" lon="-1.479107011109591">
        <ele>1005</ele>
      </trkpt>
      <trkpt lat="43.065009992569685" lon="-1.479221004992724">
        <ele>1007</ele>
      </trkpt>
      <trkpt lat="43.064984008669853" lon="-1.47927800193429">
        <ele>1008</ele>
      </trkpt>
      <trkpt lat="43.064984008669853" lon="-1.47927800193429">
        <ele>1008</ele>
      </trkpt>
      <trkpt lat="43.06495601311326" lon="-1.479311026632786">
        <ele>1008</ele>
      </trkpt>
      <trkpt lat="43.064946960657835" lon="-1.479324018582702">
        <ele>1008</ele>
      </trkpt>
      <trkpt lat="43.064851993694901" lon="-1.479514036327601">
        <ele>1010</ele>
      </trkpt>
      <trkpt lat="43.06484998203814" lon="-1.479557035490871">
        <ele>1010</ele>
      </trkpt>
      <trkpt lat="43.064859034493566" lon="-1.479671029374003">
        <ele>1011</ele>
      </trkpt>
      <trkpt lat="43.064885018393397" lon="-1.479815030470491">
        <ele>1011</ele>
      </trkpt>
      <trkpt lat="43.064904967322946" lon="-1.4799440279603">
        <ele>1012</ele>
      </trkpt>
      <trkpt lat="43.064946960657835" lon="-1.480192970484495">
        <ele>1013</ele>
      </trkpt>
      <trkpt lat="43.064981997013092" lon="-1.480253990739584">
        <ele>1013</ele>
      </trkpt>
      <trkpt lat="43.064991971477866" lon="-1.480279974639416">
        <ele>1013</ele>
      </trkpt>
      <trkpt lat="43.065069001168013" lon="-1.480445014312863">
        <ele>1012</ele>
      </trkpt>
      <trkpt lat="43.06510697118938" lon="-1.480549033731222">
        <ele>1012</ele>
      </trkpt>
      <trkpt lat="43.065143013373017" lon="-1.48067501373589">
        <ele>1012</ele>
      </trkpt>
      <trkpt lat="43.065125998109579" lon="-1.480711977928877">
        <ele>1013</ele>
      </trkpt>
      <trkpt lat="43.065119041129947" lon="-1.480723964050412">
        <ele>1013</ele>
      </trkpt>
      <trkpt lat="43.06512700393796" lon="-1.480770986527205">
        <ele>1013</ele>
      </trkpt>
      <trkpt lat="43.065176960080862" lon="-1.480899984017015">
        <ele>1012</ele>
      </trkpt>
      <trkpt lat="43.065162962302566" lon="-1.480990005657077">
        <ele>1013</ele>
      </trkpt>
      <trkpt lat="43.065147958695889" lon="-1.481010960415006">
        <ele>1014</ele>
      </trkpt>
      <trkpt lat="43.065108982846141" lon="-1.481059994548559">
        <ele>1015</ele>
      </trkpt>
      <trkpt lat="43.065047962591052" lon="-1.481074998155236">
        <ele>1017</ele>
      </trkpt>
      <trkpt lat="43.065004041418433" lon="-1.481095030903816">
        <ele>1018</ele>
      </trkpt>
      <trkpt lat="43.064959030598402" lon="-1.481125960126519">
        <ele>1020</ele>
      </trkpt>
      <trkpt lat="43.064932962879539" lon="-1.481151022017002">
        <ele>1021</ele>
      </trkpt>
      <trkpt lat="43.064905973151326" lon="-1.481128977611661">
        <ele>1022</ele>
      </trkpt>
      <trkpt lat="43.064862973988056" lon="-1.481156973168254">
        <ele>1023</ele>
      </trkpt>
      <trkpt lat="43.064802959561348" lon="-1.481225034222007">
        <ele>1025</ele>
      </trkpt>
      <trkpt lat="43.064757026731968" lon="-1.481313966214657">
        <ele>1027</ele>
      </trkpt>
      <trkpt lat="43.064745962619781" lon="-1.481351014226675">
        <ele>1028</ele>
      </trkpt>
      <trkpt lat="43.064732970669866" lon="-1.481370041146874">
        <ele>1028</ele>
      </trkpt>
      <trkpt lat="43.064730037003756" lon="-1.481378003954887">
        <ele>1028</ele>
      </trkpt>
      <trkpt lat="43.064685026183724" lon="-1.48142896592617">
        <ele>1030</ele>
      </trkpt>
      <trkpt lat="43.064624005928636" lon="-1.48153399117291">
        <ele>1032</ele>
      </trkpt>
      <trkpt lat="43.064597016200423" lon="-1.481571961194277">
        <ele>1034</ele>
      </trkpt>
      <trkpt lat="43.064563991501927" lon="-1.481643039733172">
        <ele>1035</ele>
      </trkpt>
      <trkpt lat="43.06454798206687" lon="-1.481668017804623">
        <ele>1036</ele>
      </trkpt>
      <trkpt lat="43.064534990116954" lon="-1.481677992269397">
        <ele>1036</ele>
      </trkpt>
      <trkpt lat="43.064463995397091" lon="-1.481695007532835">
        <ele>1038</ele>
      </trkpt>
      <trkpt lat="43.064452009275556" lon="-1.481707999482751">
        <ele>1039</ele>
      </trkpt>
      <trkpt lat="43.06441898457706" lon="-1.481728032231331">
        <ele>1040</ele>
      </trkpt>
      <trkpt lat="43.064352013170719" lon="-1.481758039444685">
        <ele>1042</ele>
      </trkpt>
      <trkpt lat="43.064308008179069" lon="-1.481750998646021">
        <ele>1043</ele>
      </trkpt>
      <trkpt lat="43.064240030944347" lon="-1.481758039444685">
        <ele>1045</ele>
      </trkpt>
      <trkpt lat="43.064219998195767" lon="-1.481758961454034">
        <ele>1046</ele>
      </trkpt>
      <trkpt lat="43.064194014295936" lon="-1.481761978939176">
        <ele>1047</ele>
      </trkpt>
      <trkpt lat="43.06416098959744" lon="-1.48177295923233">
        <ele>1048</ele>
      </trkpt>
      <trkpt lat="43.064072979614139" lon="-1.481781005859375">
        <ele>1050</ele>
      </trkpt>
      <trkpt lat="43.064040960744023" lon="-1.481781005859375">
        <ele>1050</ele>
      </trkpt>
      <trkpt lat="43.063986981287599" lon="-1.48179299198091">
        <ele>1052</ele>
      </trkpt>
      <trkpt lat="43.063974995166063" lon="-1.481795003637672">
        <ele>1052</ele>
      </trkpt>
      <trkpt lat="43.063933001831174" lon="-1.481838002800942">
        <ele>1053</ele>
      </trkpt>
      <trkpt lat="43.063886985182762" lon="-1.481896005570889">
        <ele>1055</ele>
      </trkpt>
      <trkpt lat="43.063830994069576" lon="-1.482044029980898">
        <ele>1057</ele>
      </trkpt>
      <trkpt lat="43.063793024048209" lon="-1.482138996943831">
        <ele>1059</ele>
      </trkpt>
      <trkpt lat="43.063738960772753" lon="-1.482296995818615">
        <ele>1061</ele>
      </trkpt>
      <trkpt lat="43.063681041821837" lon="-1.482448959723115">
        <ele>1064</ele>
      </trkpt>
      <trkpt lat="43.063657991588116" lon="-1.48247997276485">
        <ele>1065</ele>
      </trkpt>
      <trkpt lat="43.063617004081607" lon="-1.482546022161841">
        <ele>1066</ele>
      </trkpt>
      <trkpt lat="43.063507033511996" lon="-1.482691029086709">
        <ele>1068</ele>
      </trkpt>
      <trkpt lat="43.063373006880283" lon="-1.482782978564501">
        <ele>1071</ele>
      </trkpt>
      <trkpt lat="43.063361020758748" lon="-1.482789013534784">
        <ele>1071</ele>
      </trkpt>
      <trkpt lat="43.06332103908062" lon="-1.482811979949474">
        <ele>1072</ele>
      </trkpt>
      <trkpt lat="43.063274016603827" lon="-1.48284500464797">
        <ele>1072</ele>
      </trkpt>
      <trkpt lat="43.0631959810853" lon="-1.482914993539453">
        <ele>1074</ele>
      </trkpt>
      <trkpt lat="43.063161028549075" lon="-1.482946006581187">
        <ele>1074</ele>
      </trkpt>
      <trkpt lat="43.063013004139066" lon="-1.483005015179515">
        <ele>1077</ele>
      </trkpt>
      <trkpt lat="43.062899010255933" lon="-1.483095958828926">
        <ele>1080</ele>
      </trkpt>
      <trkpt lat="43.062748974189162" lon="-1.483258986845613">
        <ele>1083</ele>
      </trkpt>
      <trkpt lat="43.062632968649268" lon="-1.483422014862299">
        <ele>1085</ele>
      </trkpt>
      <trkpt lat="43.062534984201193" lon="-1.483508013188839">
        <ele>1086</ele>
      </trkpt>
      <trkpt lat="43.06239902973175" lon="-1.483602980151773">
        <ele>1089</ele>
      </trkpt>
      <trkpt lat="43.062287969514728" lon="-1.483672969043255">
        <ele>1091</ele>
      </trkpt>
      <trkpt lat="43.062243964523077" lon="-1.483715968206525">
        <ele>1091</ele>
      </trkpt>
      <trkpt lat="43.062109015882015" lon="-1.483728038147092">
        <ele>1095</ele>
      </trkpt>
      <trkpt lat="43.06209702976048" lon="-1.483728038147092">
        <ele>1095</ele>
      </trkpt>
      <trkpt lat="43.061943976208568" lon="-1.483762990683317">
        <ele>1099</ele>
      </trkpt>
      <trkpt lat="43.061815984547138" lon="-1.483781011775136">
        <ele>1102</ele>
      </trkpt>
      <trkpt lat="43.061809027567506" lon="-1.483784029260278">
        <ele>1102</ele>
      </trkpt>
      <trkpt lat="43.061725962907076" lon="-1.483873967081308">
        <ele>1103</ele>
      </trkpt>
      <trkpt lat="43.061681035906076" lon="-1.483885031193495">
        <ele>1104</ele>
      </trkpt>
      <trkpt lat="43.061657985672355" lon="-1.483915038406849">
        <ele>1104</ele>
      </trkpt>
      <trkpt lat="43.061611969023943" lon="-1.483929958194494">
        <ele>1105</ele>
      </trkpt>
      <trkpt lat="43.061580033972859" lon="-1.483889976516366">
        <ele>1106</ele>
      </trkpt>
      <trkpt lat="43.061519013717771" lon="-1.483914032578468">
        <ele>1108</ele>
      </trkpt>
      <trkpt lat="43.061399990692735" lon="-1.483944039791822">
        <ele>1111</ele>
      </trkpt>
      <trkpt lat="43.061375012621284" lon="-1.483990978449583">
        <ele>1111</ele>
      </trkpt>
      <trkpt lat="43.061279961839318" lon="-1.484036995097995">
        <ele>1113</ele>
      </trkpt>
      <trkpt lat="43.061148030683398" lon="-1.484189964830875">
        <ele>1114</ele>
      </trkpt>
      <trkpt lat="43.061111988499761" lon="-1.484242016449571">
        <ele>1115</ele>
      </trkpt>
      <trkpt lat="43.061078041791916" lon="-1.484275041148067">
        <ele>1116</ele>
      </trkpt>
      <trkpt lat="43.06100201793015" lon="-1.484331032261252">
        <ele>1118</ele>
      </trkpt>
      <trkpt lat="43.060974022373557" lon="-1.48432700894773">
        <ele>1119</ele>
      </trkpt>
      <trkpt lat="43.060889029875398" lon="-1.484398003667593">
        <ele>1121</ele>
      </trkpt>
      <trkpt lat="43.06076698936522" lon="-1.484474027529359">
        <ele>1123</ele>
      </trkpt>
      <trkpt lat="43.060598010197282" lon="-1.484554996713996">
        <ele>1126</ele>
      </trkpt>
      <trkpt lat="43.060415033251047" lon="-1.484694974496961">
        <ele>1129</ele>
      </trkpt>
      <trkpt lat="43.060291986912489" lon="-1.484795976430178">
        <ele>1130</ele>
      </trkpt>
      <trkpt lat="43.060278994962573" lon="-1.484802011400461">
        <ele>1131</ele>
      </trkpt>
      <trkpt lat="43.060278994962573" lon="-1.484802011400461">
        <ele>1131</ele>
      </trkpt>
      <trkpt lat="43.060181010514498" lon="-1.484769992530346">
        <ele>1133</ele>
      </trkpt>
      <trkpt lat="43.060189979150891" lon="-1.484849033877254">
        <ele>1132</ele>
      </trkpt>
      <trkpt lat="43.060192996636033" lon="-1.484965039417148">
        <ele>1132</ele>
      </trkpt>
      <trkpt lat="43.06014102883637" lon="-1.485203001648188">
        <ele>1134</ele>
      </trkpt>
      <trkpt lat="43.060200959444046" lon="-1.485368041321635">
        <ele>1135</ele>
      </trkpt>
      <trkpt lat="43.060218980535865" lon="-1.485402993857861">
        <ele>1135</ele>
      </trkpt>
      <trkpt lat="43.060128958895802" lon="-1.485431995242834">
        <ele>1137</ele>
      </trkpt>
      <trkpt lat="43.060089983046055" lon="-1.485496032983065">
        <ele>1138</ele>
      </trkpt>
      <trkpt lat="43.060065004974604" lon="-1.485740030184388">
        <ele>1141</ele>
      </trkpt>
      <trkpt lat="43.05994899943471" lon="-1.485904986038804">
        <ele>1144</ele>
      </trkpt>
      <trkpt lat="43.059939024969935" lon="-1.485918983817101">
        <ele>1145</ele>
      </trkpt>
      <trkpt lat="43.059931984171271" lon="-1.48596097715199">
        <ele>1145</ele>
      </trkpt>
      <trkpt lat="43.059923015534878" lon="-1.486187959089875">
        <ele>1150</ele>
      </trkpt>
      <trkpt lat="43.059913041070104" lon="-1.486365990713239">
        <ele>1153</ele>
      </trkpt>
      <trkpt lat="43.059911029413342" lon="-1.486507980152965">
        <ele>1156</ele>
      </trkpt>
      <trkpt lat="43.05984296835959" lon="-1.486760023981333">
        <ele>1159</ele>
      </trkpt>
      <trkpt lat="43.059750013053417" lon="-1.486923974007368">
        <ele>1160</ele>
      </trkpt>
      <trkpt lat="43.059749007225037" lon="-1.486934032291174">
        <ele>1160</ele>
      </trkpt>
      <trkpt lat="43.059726040810347" lon="-1.487125977873802">
        <ele>1162</ele>
      </trkpt>
      <trkpt lat="43.05973500944674" lon="-1.487257992848754">
        <ele>1163</ele>
      </trkpt>
      <trkpt lat="43.059727968648076" lon="-1.487309038639069">
        <ele>1163</ele>
      </trkpt>
      <trkpt lat="43.059653034433722" lon="-1.487502995878458">
        <ele>1166</ele>
      </trkpt>
      <trkpt lat="43.059617998078465" lon="-1.487514981999993">
        <ele>1166</ele>
      </trkpt>
      <trkpt lat="43.059535017237067" lon="-1.48755001835525">
        <ele>1167</ele>
      </trkpt>
      <trkpt lat="43.059526970610023" lon="-1.487553035840392">
        <ele>1167</ele>
      </trkpt>
      <trkpt lat="43.059491012245417" lon="-1.487562004476786">
        <ele>1167</ele>
      </trkpt>
      <trkpt lat="43.059451030567288" lon="-1.487554963678122">
        <ele>1167</ele>
      </trkpt>
      <trkpt lat="43.059405013918877" lon="-1.487557981163263">
        <ele>1168</ele>
      </trkpt>
      <trkpt lat="43.059297977015376" lon="-1.487559992820025">
        <ele>1169</ele>
      </trkpt>
      <trkpt lat="43.05924198590219" lon="-1.48755001835525">
        <ele>1169</ele>
      </trkpt>
      <trkpt lat="43.059128997847438" lon="-1.487559992820025">
        <ele>1169</ele>
      </trkpt>
      <trkpt lat="43.058978961780667" lon="-1.487596035003662">
        <ele>1168</ele>
      </trkpt>
      <trkpt lat="43.058935962617397" lon="-1.487663006410003">
        <ele>1169</ele>
      </trkpt>
      <trkpt lat="43.058919031172991" lon="-1.48770097643137">
        <ele>1169</ele>
      </trkpt>
      <trkpt lat="43.058829009532928" lon="-1.48778697475791">
        <ele>1170</ele>
      </trkpt>
      <trkpt lat="43.058787016198039" lon="-1.48785000666976">
        <ele>1171</ele>
      </trkpt>
      <trkpt lat="43.058763965964317" lon="-1.487885965034366">
        <ele>1172</ele>
      </trkpt>
      <trkpt lat="43.058736976236105" lon="-1.487919995561242">
        <ele>1173</ele>
      </trkpt>
      <trkpt lat="43.058716021478176" lon="-1.487971963360906">
        <ele>1174</ele>
      </trkpt>
      <trkpt lat="43.058646032586694" lon="-1.48813197389245">
        <ele>1177</ele>
      </trkpt>
      <trkpt lat="43.058550981804729" lon="-1.488308999687433">
        <ele>1181</ele>
      </trkpt>
      <trkpt lat="43.058546958491206" lon="-1.488318974152207">
        <ele>1182</ele>
      </trkpt>
      <trkpt lat="43.05846699513495" lon="-1.488466998562217">
        <ele>1183</ele>
      </trkpt>
      <trkpt lat="43.058407986536622" lon="-1.4885179605335">
        <ele>1184</ele>
      </trkpt>
      <trkpt lat="43.058225009590387" lon="-1.488655004650354">
        <ele>1183</ele>
      </trkpt>
      <trkpt lat="43.058068016543984" lon="-1.488810991868377">
        <ele>1182</ele>
      </trkpt>
      <trkpt lat="43.058020994067192" lon="-1.488874023780227">
        <ele>1182</ele>
      </trkpt>
      <trkpt lat="43.057898031547666" lon="-1.489033028483391">
        <ele>1182</ele>
      </trkpt>
      <trkpt lat="43.057856038212776" lon="-1.489228997379541">
        <ele>1182</ele>
      </trkpt>
      <trkpt lat="43.057833993807435" lon="-1.489493027329445">
        <ele>1176</ele>
      </trkpt>
      <trkpt lat="43.057837011292577" lon="-1.489808019250631">
        <ele>1170</ele>
      </trkpt>
      <trkpt lat="43.057746989652514" lon="-1.490131979808211">
        <ele>1164</ele>
      </trkpt>
      <trkpt lat="43.057653028517962" lon="-1.490434985607863">
        <ele>1160</ele>
      </trkpt>
      <trkpt lat="43.057605000212789" lon="-1.490666996687651">
        <ele>1157</ele>
      </trkpt>
      <trkpt lat="43.057509027421474" lon="-1.490980982780457">
        <ele>1155</ele>
      </trkpt>
      <trkpt lat="43.057364020496607" lon="-1.491220034658909">
        <ele>1154</ele>
      </trkpt>
      <trkpt lat="43.057212978601456" lon="-1.49141700938344">
        <ele>1154</ele>
      </trkpt>
      <trkpt lat="43.057117005810142" lon="-1.491496972739697">
        <ele>1155</ele>
      </trkpt>
      <trkpt lat="43.056932017207146" lon="-1.491725966334343">
        <ele>1156</ele>
      </trkpt>
      <trkpt lat="43.056758008897305" lon="-1.491922019049525">
        <ele>1160</ele>
      </trkpt>
      <trkpt lat="43.056629011407495" lon="-1.492099966853857">
        <ele>1162</ele>
      </trkpt>
      <trkpt lat="43.056461038067937" lon="-1.49223399348557">
        <ele>1163</ele>
      </trkpt>
      <trkpt lat="43.056268002837896" lon="-1.492358967661858">
        <ele>1165</ele>
      </trkpt>
      <trkpt lat="43.056121990084648" lon="-1.492488970980048">
        <ele>1166</ele>
      </trkpt>
      <trkpt lat="43.055962985381484" lon="-1.492599025368691">
        <ele>1168</ele>
      </trkpt>
      <trkpt lat="43.055777996778488" lon="-1.492774961516261">
        <ele>1171</ele>
      </trkpt>
      <trkpt lat="43.055586973205209" lon="-1.492901025339961">
        <ele>1173</ele>
      </trkpt>
      <trkpt lat="43.055411037057638" lon="-1.492960033938289">
        <ele>1174</ele>
      </trkpt>
      <trkpt lat="43.05522495880723" lon="-1.493042008951306">
        <ele>1175</ele>
      </trkpt>
      <trkpt lat="43.05498699657619" lon="-1.493178969249129">
        <ele>1177</ele>
      </trkpt>
      <trkpt lat="43.054762026295066" lon="-1.49337301030755">
        <ele>1178</ele>
      </trkpt>
      <trkpt lat="43.054553987458348" lon="-1.493582976981998">
        <ele>1180</ele>
      </trkpt>
      <trkpt lat="43.054373022168875" lon="-1.493781041353941">
        <ele>1181</ele>
      </trkpt>
      <trkpt lat="43.054165989160538" lon="-1.493996037170291">
        <ele>1182</ele>
      </trkpt>
      <trkpt lat="43.054010001942515" lon="-1.494111958891153">
        <ele>1182</ele>
      </trkpt>
      <trkpt lat="43.053827024996281" lon="-1.494265012443066">
        <ele>1179</ele>
      </trkpt>
      <trkpt lat="43.053677994757891" lon="-1.494460981339216">
        <ele>1177</ele>
      </trkpt>
      <trkpt lat="43.053470039740205" lon="-1.494519989937544">
        <ele>1174</ele>
      </trkpt>
      <trkpt lat="43.053329978138208" lon="-1.494518984109163">
        <ele>1172</ele>
      </trkpt>
      <trkpt lat="43.053164016455412" lon="-1.494696009904146">
        <ele>1171</ele>
      </trkpt>
      <trkpt lat="43.052939968183637" lon="-1.494859959930182">
        <ele>1170</ele>
      </trkpt>
      <trkpt lat="43.052748022601008" lon="-1.494997004047036">
        <ele>1170</ele>
      </trkpt>
      <trkpt lat="43.052607038989663" lon="-1.495102029293776">
        <ele>1167</ele>
      </trkpt>
      <trkpt lat="43.052562028169632" lon="-1.495122984051704">
        <ele>1166</ele>
      </trkpt>
      <trkpt lat="43.052389025688171" lon="-1.495182998478413">
        <ele>1164</ele>
      </trkpt>
      <trkpt lat="43.052383996546268" lon="-1.495186015963554">
        <ele>1164</ele>
      </trkpt>
      <trkpt lat="43.052383996546268" lon="-1.495186015963554">
        <ele>1164</ele>
      </trkpt>
      <trkpt lat="43.052383996546268" lon="-1.495182998478413">
        <ele>1164</ele>
      </trkpt>
      <trkpt lat="43.052381984889507" lon="-1.495181992650032">
        <ele>1164</ele>
      </trkpt>
      <trkpt lat="43.052381984889507" lon="-1.495181992650032">
        <ele>1164</ele>
      </trkpt>
      <trkpt lat="43.052382990717888" lon="-1.49517897516489">
        <ele>1164</ele>
      </trkpt>
      <trkpt lat="43.052383996546268" lon="-1.495180986821652">
        <ele>1164</ele>
      </trkpt>
      <trkpt lat="43.052379973232746" lon="-1.495184004306793">
        <ele>1164</ele>
      </trkpt>
      <trkpt lat="43.052379973232746" lon="-1.495184004306793">
        <ele>1164</ele>
      </trkpt>
      <trkpt lat="43.052354995161295" lon="-1.495147040113807">
        <ele>1164</ele>
      </trkpt>
      <trkpt lat="43.052221974357963" lon="-1.494971020147204">
        <ele>1166</ele>
      </trkpt>
      <trkpt lat="43.052211999893188" lon="-1.494960961863399">
        <ele>1166</ele>
      </trkpt>
      <trkpt lat="43.052033968269825" lon="-1.494816038757563">
        <ele>1164</ele>
      </trkpt>
      <trkpt lat="43.051799023523927" lon="-1.494756024330854">
        <ele>1161</ele>
      </trkpt>
      <trkpt lat="43.051518984138966" lon="-1.49464001879096">
        <ele>1158</ele>
      </trkpt>
      <trkpt lat="43.051370037719607" lon="-1.494615040719509">
        <ele>1157</ele>
      </trkpt>
      <trkpt lat="43.051126040518284" lon="-1.494609005749226">
        <ele>1156</ele>
      </trkpt>
      <trkpt lat="43.050931999459863" lon="-1.494557959958911">
        <ele>1154</ele>
      </trkpt>
      <trkpt lat="43.050738964229822" lon="-1.494615962728858">
        <ele>1155</ele>
      </trkpt>
      <trkpt lat="43.050680961459875" lon="-1.494624009355903">
        <ele>1156</ele>
      </trkpt>
      <trkpt lat="43.050653971731663" lon="-1.494632977992296">
        <ele>1156</ele>
      </trkpt>
      <trkpt lat="43.050353983417153" lon="-1.494739009067416">
        <ele>1160</ele>
      </trkpt>
      <trkpt lat="43.050199002027512" lon="-1.494707996025682">
        <ele>1160</ele>
      </trkpt>
      <trkpt lat="43.05002398788929" lon="-1.494695004075766">
        <ele>1160</ele>
      </trkpt>
      <trkpt lat="43.049864983186126" lon="-1.494702966883779">
        <ele>1161</ele>
      </trkpt>
      <trkpt lat="43.04967999458313" lon="-1.494678994640708">
        <ele>1161</ele>
      </trkpt>
      <trkpt lat="43.049463992938399" lon="-1.494626021012664">
        <ele>1160</ele>
      </trkpt>
      <trkpt lat="43.049222007393837" lon="-1.494471039623022">
        <ele>1154</ele>
      </trkpt>
      <trkpt lat="43.049006005749106" lon="-1.494389986619353">
        <ele>1153</ele>
      </trkpt>
      <trkpt lat="43.048849012702703" lon="-1.494370959699154">
        <ele>1154</ele>
      </trkpt>
      <trkpt lat="43.048623036593199" lon="-1.494346987456083">
        <ele>1155</ele>
      </trkpt>
      <trkpt lat="43.048370992764831" lon="-1.49431899189949">
        <ele>1157</ele>
      </trkpt>
      <trkpt lat="43.048130013048649" lon="-1.494261994957924">
        <ele>1156</ele>
      </trkpt>
      <trkpt lat="43.047934966161847" lon="-1.494271969422698">
        <ele>1157</ele>
      </trkpt>
      <trkpt lat="43.047880986705422" lon="-1.494258977472782">
        <ele>1157</ele>
      </trkpt>
      <trkpt lat="43.047690968960524" lon="-1.494281021878123">
        <ele>1159</ele>
      </trkpt>
      <trkpt lat="43.047477984800935" lon="-1.494345981627703">
        <ele>1163</ele>
      </trkpt>
      <trkpt lat="43.047313028946519" lon="-1.494385963305831">
        <ele>1166</ele>
      </trkpt>
      <trkpt lat="43.047053022310138" lon="-1.494389986619353">
        <ele>1167</ele>
      </trkpt>
      <trkpt lat="43.046835009008646" lon="-1.494323015213013">
        <ele>1166</ele>
      </trkpt>
      <trkpt lat="43.046639040112495" lon="-1.494246991351247">
        <ele>1164</ele>
      </trkpt>
      <trkpt lat="43.046512976288795" lon="-1.494155041873455">
        <ele>1162</ele>
      </trkpt>
      <trkpt lat="43.046471988782287" lon="-1.494134003296495">
        <ele>1162</ele>
      </trkpt>
      <trkpt lat="43.046396970748901" lon="-1.494063008576632">
        <ele>1160</ele>
      </trkpt>
      <trkpt lat="43.046147022396326" lon="-1.493942979723215">
        <ele>1157</ele>
      </trkpt>
      <trkpt lat="43.045944012701511" lon="-1.493855975568295">
        <ele>1154</ele>
      </trkpt>
      <trkpt lat="43.045808980241418" lon="-1.49382303468883">
        <ele>1153</ele>
      </trkpt>
      <trkpt lat="43.045745026320219" lon="-1.493821023032069">
        <ele>1154</ele>
      </trkpt>
      <trkpt lat="43.045507986098528" lon="-1.493827980011702">
        <ele>1155</ele>
      </trkpt>
      <trkpt lat="43.045353004708886" lon="-1.493789004161954">
        <ele>1156</ele>
      </trkpt>
      <trkpt lat="43.045174973085523" lon="-1.49365296587348">
        <ele>1154</ele>
      </trkpt>
      <trkpt lat="43.045109007507563" lon="-1.493619019165635">
        <ele>1153</ele>
      </trkpt>
      <trkpt lat="43.04486601613462" lon="-1.493578031659126">
        <ele>1154</ele>
      </trkpt>
      <trkpt lat="43.044663006439805" lon="-1.493403017520905">
        <ele>1153</ele>
      </trkpt>
      <trkpt lat="43.044469971209764" lon="-1.493219034746289">
        <ele>1151</ele>
      </trkpt>
      <trkpt lat="43.044357988983393" lon="-1.493088025599718">
        <ele>1149</ele>
      </trkpt>
      <trkpt lat="43.044194038957357" lon="-1.492821983993053">
        <ele>1145</ele>
      </trkpt>
      <trkpt lat="43.044016007333994" lon="-1.492562983185053">
        <ele>1144</ele>
      </trkpt>
      <trkpt lat="43.043933026492596" lon="-1.492451000958681">
        <ele>1144</ele>
      </trkpt>
      <trkpt lat="43.043774021789432" lon="-1.492360979318619">
        <ele>1146</ele>
      </trkpt>
      <trkpt lat="43.043561037629843" lon="-1.492342036217451">
        <ele>1152</ele>
      </trkpt>
      <trkpt lat="43.043317040428519" lon="-1.492372965440154">
        <ele>1160</ele>
      </trkpt>
      <trkpt lat="43.043080000206828" lon="-1.492558959871531">
        <ele>1165</ele>
      </trkpt>
      <trkpt lat="43.042867016047239" lon="-1.492750989273191">
        <ele>1170</ele>
      </trkpt>
      <trkpt lat="43.042714968323708" lon="-1.492917034775019">
        <ele>1173</ele>
      </trkpt>
      <trkpt lat="43.042484968900681" lon="-1.493191039189696">
        <ele>1179</ele>
      </trkpt>
      <trkpt lat="43.042215993627906" lon="-1.493285000324249">
        <ele>1178</ele>
      </trkpt>
      <trkpt lat="43.042017007246614" lon="-1.493349960073829">
        <ele>1177</ele>
      </trkpt>
      <trkpt lat="43.041780972853303" lon="-1.493364963680506">
        <ele>1174</ele>
      </trkpt>
      <trkpt lat="43.041581986472011" lon="-1.493345014750958">
        <ele>1172</ele>
      </trkpt>
      <trkpt lat="43.041326003149152" lon="-1.493290029466152">
        <ele>1168</ele>
      </trkpt>
      <trkpt lat="43.041155012324452" lon="-1.493325987830758">
        <ele>1167</ele>
      </trkpt>
      <trkpt lat="43.041198011487722" lon="-1.493149967864156">
        <ele>1165</ele>
      </trkpt>
      <trkpt lat="43.041249979287386" lon="-1.493076961487532">
        <ele>1164</ele>
      </trkpt>
      <trkpt lat="43.041334971785545" lon="-1.492938995361328">
        <ele>1163</ele>
      </trkpt>
      <trkpt lat="43.041464975103736" lon="-1.492686029523611">
        <ele>1160</ele>
      </trkpt>
      <trkpt lat="43.041634038090706" lon="-1.49236299097538">
        <ele>1157</ele>
      </trkpt>
      <trkpt lat="43.041792036965489" lon="-1.492016986012459">
        <ele>1154</ele>
      </trkpt>
      <trkpt lat="43.041947018355131" lon="-1.491735018789768">
        <ele>1151</ele>
      </trkpt>
      <trkpt lat="43.042111974209547" lon="-1.491409968584776">
        <ele>1146</ele>
      </trkpt>
      <trkpt lat="43.042242983356118" lon="-1.491173012182117">
        <ele>1139</ele>
      </trkpt>
      <trkpt lat="43.042279025539756" lon="-1.49109598249197">
        <ele>1138</ele>
      </trkpt>
      <trkpt lat="43.042319007217884" lon="-1.490973019972444">
        <ele>1134</ele>
      </trkpt>
      <trkpt lat="43.042419003322721" lon="-1.490737991407514">
        <ele>1127</ele>
      </trkpt>
      <trkpt lat="43.042444987222552" lon="-1.49068602360785">
        <ele>1125</ele>
      </trkpt>
      <trkpt lat="43.042459990829229" lon="-1.490660039708018">
        <ele>1124</ele>
      </trkpt>
      <trkpt lat="43.042555041611195" lon="-1.490468010306358">
        <ele>1116</ele>
      </trkpt>
      <trkpt lat="43.042590999975801" lon="-1.49038796313107">
        <ele>1112</ele>
      </trkpt>
      <trkpt lat="43.042590999975801" lon="-1.490307999774814">
        <ele>1110</ele>
      </trkpt>
      <trkpt lat="43.042622013017535" lon="-1.490154024213553">
        <ele>1104</ele>
      </trkpt>
      <trkpt lat="43.04263299331069" lon="-1.490103984251618">
        <ele>1102</ele>
      </trkpt>
      <trkpt lat="43.042644979432225" lon="-1.490011028945446">
        <ele>1099</ele>
      </trkpt>
      <trkpt lat="43.04265302605927" lon="-1.489903992041946">
        <ele>1096</ele>
      </trkpt>
      <trkpt lat="43.042543977499008" lon="-1.489624036476016">
        <ele>1093</ele>
      </trkpt>
      <trkpt lat="43.042391007766128" lon="-1.489451033994556">
        <ele>1095</ele>
      </trkpt>
      <trkpt lat="43.042361000552773" lon="-1.489409962669015">
        <ele>1095</ele>
      </trkpt>
      <trkpt lat="43.042327975854278" lon="-1.489351037889719">
        <ele>1095</ele>
      </trkpt>
      <trkpt lat="43.042207024991512" lon="-1.489145010709763">
        <ele>1095</ele>
      </trkpt>
      <trkpt lat="43.042126977816224" lon="-1.488948035985231">
        <ele>1095</ele>
      </trkpt>
      <trkpt lat="43.042026981711388" lon="-1.488845022395253">
        <ele>1097</ele>
      </trkpt>
      <trkpt lat="43.041956992819905" lon="-1.488791964948177">
        <ele>1099</ele>
      </trkpt>
      <trkpt lat="43.041896978393197" lon="-1.48870998993516">
        <ele>1100</ele>
      </trkpt>
      <trkpt lat="43.041851967573166" lon="-1.48864503018558">
        <ele>1101</ele>
      </trkpt>
      <trkpt lat="43.041851967573166" lon="-1.48864503018558">
        <ele>1101</ele>
      </trkpt>
      <trkpt lat="43.041834030300379" lon="-1.488608988001943">
        <ele>1101</ele>
      </trkpt>
      <trkpt lat="43.041812991723418" lon="-1.488564983010292">
        <ele>1102</ele>
      </trkpt>
      <trkpt lat="43.041810980066657" lon="-1.48856196552515">
        <ele>1102</ele>
      </trkpt>
      <trkpt lat="43.041808968409896" lon="-1.488551991060376">
        <ele>1101</ele>
      </trkpt>
      <trkpt lat="43.041808968409896" lon="-1.488551991060376">
        <ele>1101</ele>
      </trkpt>
      <trkpt lat="43.041806034743786" lon="-1.488547967746854">
        <ele>1102</ele>
      </trkpt>
      <trkpt lat="43.041793964803219" lon="-1.488521983847022">
        <ele>1102</ele>
      </trkpt>
      <trkpt lat="43.041802011430264" lon="-1.488530030474067">
        <ele>1101</ele>
      </trkpt>
      <trkpt lat="43.041802011430264" lon="-1.488530030474067">
        <ele>1101</ele>
      </trkpt>
      <trkpt lat="43.041788013651967" lon="-1.488490970805287">
        <ele>1101</ele>
      </trkpt>
      <trkpt lat="43.041796982288361" lon="-1.488513015210629">
        <ele>1101</ele>
      </trkpt>
      <trkpt lat="43.041793964803219" lon="-1.488507986068726">
        <ele>1102</ele>
      </trkpt>
      <trkpt lat="43.041791031137109" lon="-1.488503040745854">
        <ele>1102</ele>
      </trkpt>
      <trkpt lat="43.041791031137109" lon="-1.488503040745854">
        <ele>1102</ele>
      </trkpt>
      <trkpt lat="43.041759012266994" lon="-1.48838703520596">
        <ele>1101</ele>
      </trkpt>
      <trkpt lat="43.041729005053639" lon="-1.488205986097455">
        <ele>1099</ele>
      </trkpt>
      <trkpt lat="43.041731016710401" lon="-1.488155024126172">
        <ele>1097</ele>
      </trkpt>
      <trkpt lat="43.041754988953471" lon="-1.48804597556591">
        <ele>1093</ele>
      </trkpt>
      <trkpt lat="43.041754988953471" lon="-1.48798000998795">
        <ele>1092</ele>
      </trkpt>
      <trkpt lat="43.041731016710401" lon="-1.487887976691127">
        <ele>1090</ele>
      </trkpt>
      <trkpt lat="43.041658010333776" lon="-1.487624030560255">
        <ele>1086</ele>
      </trkpt>
      <trkpt lat="43.041583998128772" lon="-1.487562004476786">
        <ele>1085</ele>
      </trkpt>
      <trkpt lat="43.041519038379192" lon="-1.487500984221697">
        <ele>1084</ele>
      </trkpt>
      <trkpt lat="43.041390962898731" lon="-1.487444993108511">
        <ele>1085</ele>
      </trkpt>
      <trkpt lat="43.041362967342138" lon="-1.487439963966608">
        <ele>1085</ele>
      </trkpt>
      <trkpt lat="43.041258025914431" lon="-1.487379027530551">
        <ele>1084</ele>
      </trkpt>
      <trkpt lat="43.041219972074032" lon="-1.487325970083475">
        <ele>1083</ele>
      </trkpt>
      <trkpt lat="43.041168004274368" lon="-1.487275008112192">
        <ele>1083</ele>
      </trkpt>
      <trkpt lat="43.041073959320784" lon="-1.487203007563949">
        <ele>1082</ele>
      </trkpt>
      <trkpt lat="43.040996007621288" lon="-1.487097982317209">
        <ele>1079</ele>
      </trkpt>
      <trkpt lat="43.040887964889407" lon="-1.486956998705864">
        <ele>1076</ele>
      </trkpt>
      <trkpt lat="43.040855024009943" lon="-1.486913999542594">
        <ele>1075</ele>
      </trkpt>
      <trkpt lat="43.040747987106442" lon="-1.486780978739262">
        <ele>1071</ele>
      </trkpt>
      <trkpt lat="43.04063499905169" lon="-1.486679976806045">
        <ele>1068</ele>
      </trkpt>
      <trkpt lat="43.0404859688133" lon="-1.486477972939611">
        <ele>1064</ele>
      </trkpt>
      <trkpt lat="43.040428971871734" lon="-1.486372025683522">
        <ele>1062</ele>
      </trkpt>
      <trkpt lat="43.04039997048676" lon="-1.486323997378349">
        <ele>1061</ele>
      </trkpt>
      <trkpt lat="43.040325958281755" lon="-1.486214026808739">
        <ele>1059</ele>
      </trkpt>
      <trkpt lat="43.040230991318822" lon="-1.486121993511915">
        <ele>1058</ele>
      </trkpt>
      <trkpt lat="43.040201989933848" lon="-1.486068014055491">
        <ele>1056</ele>
      </trkpt>
      <trkpt lat="43.040201989933848" lon="-1.486068014055491">
        <ele>1056</ele>
      </trkpt>
      <trkpt lat="43.040194027125835" lon="-1.486060973256826">
        <ele>1057</ele>
      </trkpt>
      <trkpt lat="43.040191009640694" lon="-1.486060973256826">
        <ele>1057</ele>
      </trkpt>
      <trkpt lat="43.040187992155552" lon="-1.486053010448813">
        <ele>1056</ele>
      </trkpt>
      <trkpt lat="43.040187992155552" lon="-1.486053010448813">
        <ele>1056</ele>
      </trkpt>
      <trkpt lat="43.040182963013649" lon="-1.486044963821769">
        <ele>1056</ele>
      </trkpt>
      <trkpt lat="43.040110962465405" lon="-1.486015962436795">
        <ele>1056</ele>
      </trkpt>
      <trkpt lat="43.039943994954228" lon="-1.485909009352326">
        <ele>1056</ele>
      </trkpt>
      <trkpt lat="43.039907030761242" lon="-1.485896017402411">
        <ele>1056</ele>
      </trkpt>
      <trkpt lat="43.039869982749224" lon="-1.485877996310592">
        <ele>1057</ele>
      </trkpt>
      <trkpt lat="43.039755988866091" lon="-1.485799960792065">
        <ele>1056</ele>
      </trkpt>
      <trkpt lat="43.039650963619351" lon="-1.485697031021118">
        <ele>1055</ele>
      </trkpt>
      <trkpt lat="43.039635038003325" lon="-1.485676998272538">
        <ele>1055</ele>
      </trkpt>
      <trkpt lat="43.039592038840055" lon="-1.485598962754011">
        <ele>1053</ele>
      </trkpt>
      <trkpt lat="43.039569994434714" lon="-1.485565016046166">
        <ele>1053</ele>
      </trkpt>
      <trkpt lat="43.039489025250077" lon="-1.485483963042498">
        <ele>1052</ele>
      </trkpt>
      <trkpt lat="43.039477039128542" lon="-1.485468037426472">
        <ele>1052</ele>
      </trkpt>
      <trkpt lat="43.039330020546913" lon="-1.485234014689922">
        <ele>1049</ele>
      </trkpt>
      <trkpt lat="43.039202028885484" lon="-1.485083978623152">
        <ele>1047</ele>
      </trkpt>
      <trkpt lat="43.039179984480143" lon="-1.485064029693604">
        <ele>1047</ele>
      </trkpt>
      <trkpt lat="43.039026008918881" lon="-1.484934026375413">
        <ele>1046</ele>
      </trkpt>
      <trkpt lat="43.038944033905864" lon="-1.484868982806802">
        <ele>1045</ele>
      </trkpt>
      <trkpt lat="43.038819981738925" lon="-1.484686005860567">
        <ele>1042</ele>
      </trkpt>
      <trkpt lat="43.038789974525571" lon="-1.484605958685279">
        <ele>1041</ele>
      </trkpt>
      <trkpt lat="43.038777988404036" lon="-1.484589027240872">
        <ele>1040</ele>
      </trkpt>
      <trkpt lat="43.038689978420734" lon="-1.48443496786058">
        <ele>1038</ele>
      </trkpt>
      <trkpt lat="43.038651002570987" lon="-1.48428300395608">
        <ele>1035</ele>
      </trkpt>
      <trkpt lat="43.038583025336266" lon="-1.484001958742738">
        <ele>1030</ele>
      </trkpt>
      <trkpt lat="43.038505995646119" lon="-1.483841026201844">
        <ele>1027</ele>
      </trkpt>
      <trkpt lat="43.038482023403049" lon="-1.483803978189826">
        <ele>1027</ele>
      </trkpt>
      <trkpt lat="43.03840197622776" lon="-1.483579007908702">
        <ele>1024</ele>
      </trkpt>
      <trkpt lat="43.038383033126593" lon="-1.483540032058954">
        <ele>1023</ele>
      </trkpt>
      <trkpt lat="43.038326036185026" lon="-1.483353031799197">
        <ele>1021</ele>
      </trkpt>
      <trkpt lat="43.038321007043123" lon="-1.483341967687011">
        <ele>1021</ele>
      </trkpt>
      <trkpt lat="43.038189997896552" lon="-1.4830800332129">
        <ele>1017</ele>
      </trkpt>
      <trkpt lat="43.038124032318592" lon="-1.482943994924426">
        <ele>1016</ele>
      </trkpt>
      <trkpt lat="43.037978019565344" lon="-1.48265297524631">
        <ele>1012</ele>
      </trkpt>
      <trkpt lat="43.03792898543179" lon="-1.482558008283377">
        <ele>1011</ele>
      </trkpt>
      <trkpt lat="43.03788598626852" lon="-1.482451977208257">
        <ele>1010</ele>
      </trkpt>
      <trkpt lat="43.037780039012432" lon="-1.482161963358522">
        <ele>1007</ele>
      </trkpt>
      <trkpt lat="43.037728993222117" lon="-1.481998013332486">
        <ele>1005</ele>
      </trkpt>
      <trkpt lat="43.037697980180383" lon="-1.481789974495769">
        <ele>1001</ele>
      </trkpt>
      <trkpt lat="43.037697980180383" lon="-1.481789974495769">
        <ele>1001</ele>
      </trkpt>
      <trkpt lat="43.037618016824126" lon="-1.481485040858388">
        <ele>1001</ele>
      </trkpt>
      <trkpt lat="43.037731004878879" lon="-1.481261998414993">
        <ele>998</ele>
      </trkpt>
      <trkpt lat="43.037743996828794" lon="-1.481249006465077">
        <ele>998</ele>
      </trkpt>
      <trkpt lat="43.037855979055166" lon="-1.481055971235037">
        <ele>994</ele>
      </trkpt>
      <trkpt lat="43.037916999310255" lon="-1.480953963473439">
        <ele>992</ele>
      </trkpt>
      <trkpt lat="43.037980031222105" lon="-1.480709966272116">
        <ele>988</ele>
      </trkpt>
      <trkpt lat="43.037993023172021" lon="-1.480604019016028">
        <ele>986</ele>
      </trkpt>
      <trkpt lat="43.037969972938299" lon="-1.480377959087491">
        <ele>984</ele>
      </trkpt>
      <trkpt lat="43.037883974611759" lon="-1.480196993798018">
        <ele>986</ele>
      </trkpt>
      <trkpt lat="43.037817003205419" lon="-1.479975041002035">
        <ele>985</ele>
      </trkpt>
      <trkpt lat="43.037789007648826" lon="-1.479888958856463">
        <ele>985</ele>
      </trkpt>
      <trkpt lat="43.037728993222117" lon="-1.479745041579008">
        <ele>984</ele>
      </trkpt>
      <trkpt lat="43.037645006552339" lon="-1.479504983872175">
        <ele>983</ele>
      </trkpt>
      <trkpt lat="43.037624973803759" lon="-1.479443041607738">
        <ele>983</ele>
      </trkpt>
      <trkpt lat="43.037582980468869" lon="-1.479112040251494">
        <ele>979</ele>
      </trkpt>
      <trkpt lat="43.037585997954011" lon="-1.479045990854502">
        <ele>979</ele>
      </trkpt>
      <trkpt lat="43.037616005167365" lon="-1.478914981707931">
        <ele>978</ele>
      </trkpt>
      <trkpt lat="43.037635032087564" lon="-1.478871982544661">
        <ele>977</ele>
      </trkpt>
      <trkpt lat="43.037710972130299" lon="-1.478499993681908">
        <ele>974</ele>
      </trkpt>
      <trkpt lat="43.037705020979047" lon="-1.478462023660541">
        <ele>975</ele>
      </trkpt>
      <trkpt lat="43.037708960473537" lon="-1.47846101783216">
        <ele>974</ele>
      </trkpt>
      <trkpt lat="43.037742991000414" lon="-1.478359010070562">
        <ele>973</ele>
      </trkpt>
      <trkpt lat="43.037747014313936" lon="-1.478312993422151">
        <ele>973</ele>
      </trkpt>
      <trkpt lat="43.037784984335303" lon="-1.478121969848871">
        <ele>971</ele>
      </trkpt>
      <trkpt lat="43.037815997377038" lon="-1.478015016764402">
        <ele>969</ele>
      </trkpt>
      <trkpt lat="43.037936026230454" lon="-1.47773003205657">
        <ele>963</ele>
      </trkpt>
      <trkpt lat="43.037936026230454" lon="-1.477483017370105">
        <ele>963</ele>
      </trkpt>
      <trkpt lat="43.037936026230454" lon="-1.477483017370105">
        <ele>963</ele>
      </trkpt>
      <trkpt lat="43.037883974611759" lon="-1.477265004068613">
        <ele>964</ele>
      </trkpt>
      <trkpt lat="43.037857990711927" lon="-1.477195015177131">
        <ele>965</ele>
      </trkpt>
      <trkpt lat="43.037800993770361" lon="-1.477128965780139">
        <ele>967</ele>
      </trkpt>
      <trkpt lat="43.037621034309268" lon="-1.476868037134409">
        <ele>974</ele>
      </trkpt>
      <trkpt lat="43.037450965493917" lon="-1.47665798664093">
        <ele>980</ele>
      </trkpt>
      <trkpt lat="43.037230018526316" lon="-1.476349029690027">
        <ele>979</ele>
      </trkpt>
      <trkpt lat="43.037095991894603" lon="-1.476086005568504">
        <ele>977</ele>
      </trkpt>
      <trkpt lat="43.03708903491497" lon="-1.475940998643637">
        <ele>975</ele>
      </trkpt>
      <trkpt lat="43.037086017429829" lon="-1.475845025852323">
        <ele>973</ele>
      </trkpt>
      <trkpt lat="43.037060033529997" lon="-1.475544031709433">
        <ele>968</ele>
      </trkpt>
      <trkpt lat="43.037076964974403" lon="-1.475477982312441">
        <ele>966</ele>
      </trkpt>
      <trkpt lat="43.037073025479913" lon="-1.47536700591445">
        <ele>964</ele>
      </trkpt>
      <trkpt lat="43.037118958309293" lon="-1.475090989843011">
        <ele>957</ele>
      </trkpt>
      <trkpt lat="43.037135973572731" lon="-1.475034998729825">
        <ele>955</ele>
      </trkpt>
      <trkpt lat="43.03715500049293" lon="-1.474946988746524">
        <ele>953</ele>
      </trkpt>
      <trkpt lat="43.037161035463214" lon="-1.474929973483086">
        <ele>952</ele>
      </trkpt>
      <trkpt lat="43.037191964685917" lon="-1.474780021235347">
        <ele>948</ele>
      </trkpt>
      <trkpt lat="43.037211997434497" lon="-1.474708020687103">
        <ele>947</ele>
      </trkpt>
      <trkpt lat="43.037242004647851" lon="-1.474606012925506">
        <ele>944</ele>
      </trkpt>
      <trkpt lat="43.037211997434497" lon="-1.474374001845717">
        <ele>940</ele>
      </trkpt>
      <trkpt lat="43.037189031019807" lon="-1.47414400242269">
        <ele>937</ele>
      </trkpt>
      <trkpt lat="43.037172015756369" lon="-1.474098991602659">
        <ele>937</ele>
      </trkpt>
      <trkpt lat="43.037129016593099" lon="-1.473998995497823">
        <ele>937</ele>
      </trkpt>
      <trkpt lat="43.037043018266559" lon="-1.473745023831725">
        <ele>937</ele>
      </trkpt>
      <trkpt lat="43.036991972476244" lon="-1.473634969443083">
        <ele>937</ele>
      </trkpt>
      <trkpt lat="43.036860963329673" lon="-1.47334897890687">
        <ele>938</ele>
      </trkpt>
      <trkpt lat="43.036817964166403" lon="-1.473287036642432">
        <ele>938</ele>
      </trkpt>
      <trkpt lat="43.036677986383438" lon="-1.473062988370657">
        <ele>937</ele>
      </trkpt>
      <trkpt lat="43.036600034683943" lon="-1.472943965345621">
        <ele>936</ele>
      </trkpt>
      <trkpt lat="43.036559969186783" lon="-1.472867019474506">
        <ele>935</ele>
      </trkpt>
      <trkpt lat="43.036521999165416" lon="-1.472738021984696">
        <ele>933</ele>
      </trkpt>
      <trkpt lat="43.036492997780442" lon="-1.472621010616422">
        <ele>930</ele>
      </trkpt>
      <trkpt lat="43.036468019708991" lon="-1.472515985369682">
        <ele>928</ele>
      </trkpt>
      <trkpt lat="43.036374980583787" lon="-1.472322028130293">
        <ele>926</ele>
      </trkpt>
      <trkpt lat="43.036314966157079" lon="-1.472218008711934">
        <ele>925</ele>
      </trkpt>
      <trkpt lat="43.036310020834208" lon="-1.472195964306593">
        <ele>925</ele>
      </trkpt>
      <trkpt lat="43.036310020834208" lon="-1.472195964306593">
        <ele>925</ele>
      </trkpt>
      <trkpt lat="43.036310020834208" lon="-1.472112983465195">
        <ele>923</ele>
      </trkpt>
      <trkpt lat="43.036210024729371" lon="-1.471901005133987">
        <ele>920</ele>
      </trkpt>
      <trkpt lat="43.036213964223862" lon="-1.471903016790748">
        <ele>920</ele>
      </trkpt>
      <trkpt lat="43.036213964223862" lon="-1.471903016790748">
        <ele>920</ele>
      </trkpt>
      <trkpt lat="43.03620901890099" lon="-1.471876027062535">
        <ele>919</ele>
      </trkpt>
      <trkpt lat="43.036159984767437" lon="-1.471634041517973">
        <ele>915</ele>
      </trkpt>
      <trkpt lat="43.036124026402831" lon="-1.471517030149698">
        <ele>914</ele>
      </trkpt>
      <trkpt lat="43.036100976169109" lon="-1.471424996852875">
        <ele>913</ele>
      </trkpt>
      <trkpt lat="43.036086978390813" lon="-1.471313014626503">
        <ele>911</ele>
      </trkpt>
      <trkpt lat="43.036021012812853" lon="-1.470938008278608">
        <ele>906</ele>
      </trkpt>
      <trkpt lat="43.035982036963105" lon="-1.470607006922364">
        <ele>906</ele>
      </trkpt>
      <trkpt lat="43.035980025306344" lon="-1.470578005537391">
        <ele>906</ele>
      </trkpt>
      <trkpt lat="43.03599301725626" lon="-1.470369966700673">
        <ele>906</ele>
      </trkpt>
      <trkpt lat="43.036006009206176" lon="-1.470268964767456">
        <ele>905</ele>
      </trkpt>
      <trkpt lat="43.035997962579131" lon="-1.47025303915143">
        <ele>905</ele>
      </trkpt>
      <trkpt lat="43.035997962579131" lon="-1.47025303915143">
        <ele>905</ele>
      </trkpt>
      <trkpt lat="43.035998968407512" lon="-1.470249015837908">
        <ele>905</ele>
      </trkpt>
      <trkpt lat="43.036002991721034" lon="-1.47023200057447">
        <ele>905</ele>
      </trkpt>
      <trkpt lat="43.036002991721034" lon="-1.47023200057447">
        <ele>905</ele>
      </trkpt>
      <trkpt lat="43.035970972850919" lon="-1.470226971432567">
        <ele>906</ele>
      </trkpt>
    </trkseg>
  </trk>

</gpx>