<?xml version="1.0" encoding="utf-8"?><gpx creator="Garmin Desktop App" version="1.1" xsi:schemaLocation="http://www.topografix.com/GPX/1/1 http://www.topografix.com/GPX/1/1/gpx.xsd http://www.garmin.com/xmlschemas/WaypointExtension/v1 http://www8.garmin.com/xmlschemas/WaypointExtensionv1.xsd http://www.garmin.com/xmlschemas/TrackPointExtension/v1 http://www.garmin.com/xmlschemas/TrackPointExtensionv1.xsd http://www.garmin.com/xmlschemas/GpxExtensions/v3 http://www8.garmin.com/xmlschemas/GpxExtensionsv3.xsd http://www.garmin.com/xmlschemas/ActivityExtension/v1 http://www8.garmin.com/xmlschemas/ActivityExtensionv1.xsd http://www.garmin.com/xmlschemas/AdventuresExtensions/v1 http://www8.garmin.com/xmlschemas/AdventuresExtensionv1.xsd http://www.garmin.com/xmlschemas/PressureExtension/v1 http://www.garmin.com/xmlschemas/PressureExtensionv1.xsd http://www.garmin.com/xmlschemas/TripExtensions/v1 http://www.garmin.com/xmlschemas/TripExtensionsv1.xsd http://www.garmin.com/xmlschemas/TripMetaDataExtensions/v1 http://www.garmin.com/xmlschemas/TripMetaDataExtensionsv1.xsd http://www.garmin.com/xmlschemas/ViaPointTransportationModeExtensions/v1 http://www.garmin.com/xmlschemas/ViaPointTransportationModeExtensionsv1.xsd http://www.garmin.com/xmlschemas/CreationTimeExtension/v1 http://www.garmin.com/xmlschemas/CreationTimeExtensionsv1.xsd http://www.garmin.com/xmlschemas/AccelerationExtension/v1 http://www.garmin.com/xmlschemas/AccelerationExtensionv1.xsd http://www.garmin.com/xmlschemas/PowerExtension/v1 http://www.garmin.com/xmlschemas/PowerExtensionv1.xsd http://www.garmin.com/xmlschemas/VideoExtension/v1 http://www.garmin.com/xmlschemas/VideoExtensionv1.xsd" xmlns="http://www.topografix.com/GPX/1/1" xmlns:xsi="http://www.w3.org/2001/XMLSchema-instance" xmlns:wptx1="http://www.garmin.com/xmlschemas/WaypointExtension/v1" xmlns:gpxtrx="http://www.garmin.com/xmlschemas/GpxExtensions/v3" xmlns:gpxtpx="http://www.garmin.com/xmlschemas/TrackPointExtension/v1" xmlns:gpxx="http://www.garmin.com/xmlschemas/GpxExtensions/v3" xmlns:trp="http://www.garmin.com/xmlschemas/TripExtensions/v1" xmlns:adv="http://www.garmin.com/xmlschemas/AdventuresExtensions/v1" xmlns:prs="http://www.garmin.com/xmlschemas/PressureExtension/v1" xmlns:tmd="http://www.garmin.com/xmlschemas/TripMetaDataExtensions/v1" xmlns:vptm="http://www.garmin.com/xmlschemas/ViaPointTransportationModeExtensions/v1" xmlns:ctx="http://www.garmin.com/xmlschemas/CreationTimeExtension/v1" xmlns:gpxacc="http://www.garmin.com/xmlschemas/AccelerationExtension/v1" xmlns:gpxpx="http://www.garmin.com/xmlschemas/PowerExtension/v1" xmlns:vidx1="http://www.garmin.com/xmlschemas/VideoExtension/v1">

  <metadata>
    <link href="http://www.garmin.com">
      <text>Garmin International</text>
    </link>
    <time>2026-05-09T07:23:26Z</time>
    <bounds maxlat="43.035970972850919" maxlon="-1.335662975907326" minlat="42.989312019199133" minlon="-1.470226971432567" />
  </metadata>

  <trk>
    <name>GR11_04_Urkiaga-Burguete</name>
    <extensions>
      <gpxx:TrackExtension>
        <gpxx:DisplayColor>Magenta</gpxx:DisplayColor>
      </gpxx:TrackExtension>
    </extensions>
    <trkseg>
      <trkpt lat="43.035970972850919" lon="-1.470226971432567">
        <ele>914</ele>
      </trkpt>
      <trkpt lat="43.03595001809299" lon="-1.470130998641253">
        <ele>914</ele>
      </trkpt>
      <trkpt lat="43.035901989787817" lon="-1.469914996996522">
        <ele>915</ele>
      </trkpt>
      <trkpt lat="43.035884974524379" lon="-1.469807960093021">
        <ele>916</ele>
      </trkpt>
      <trkpt lat="43.035813979804516" lon="-1.469558011740446">
        <ele>918</ele>
      </trkpt>
      <trkpt lat="43.035762012004852" lon="-1.46939498372376">
        <ele>921</ele>
      </trkpt>
      <trkpt lat="43.035670984536409" lon="-1.469241008162499">
        <ele>924</ele>
      </trkpt>
      <trkpt lat="43.035679031163454" lon="-1.469097007066011">
        <ele>926</ele>
      </trkpt>
      <trkpt lat="43.035711972042918" lon="-1.468989970162511">
        <ele>929</ele>
      </trkpt>
      <trkpt lat="43.035726975649595" lon="-1.468935990706086">
        <ele>933</ele>
      </trkpt>
      <trkpt lat="43.035715995356441" lon="-1.468874970450997">
        <ele>933</ele>
      </trkpt>
      <trkpt lat="43.03569202311337" lon="-1.468763994053006">
        <ele>935</ele>
      </trkpt>
      <trkpt lat="43.035641983151436" lon="-1.468617981299758">
        <ele>937</ele>
      </trkpt>
      <trkpt lat="43.035618010908365" lon="-1.468484038487077">
        <ele>941</ele>
      </trkpt>
      <trkpt lat="43.035608036443591" lon="-1.468401979655027">
        <ele>944</ele>
      </trkpt>
      <trkpt lat="43.035578029230237" lon="-1.468242974951863">
        <ele>945</ele>
      </trkpt>
      <trkpt lat="43.035527989268303" lon="-1.468053963035345">
        <ele>946</ele>
      </trkpt>
      <trkpt lat="43.035513991490006" lon="-1.467927983030677">
        <ele>950</ele>
      </trkpt>
      <trkpt lat="43.035508962348104" lon="-1.467889007180929">
        <ele>952</ele>
      </trkpt>
      <trkpt lat="43.035505022853613" lon="-1.467843996360898">
        <ele>956</ele>
      </trkpt>
      <trkpt lat="43.035496976226568" lon="-1.467704018577933">
        <ele>956</ele>
      </trkpt>
      <trkpt lat="43.035460012033582" lon="-1.467527998611331">
        <ele>958</ele>
      </trkpt>
      <trkpt lat="43.035452971234918" lon="-1.46735399030149">
        <ele>961</ele>
      </trkpt>
      <trkpt lat="43.035468980669975" lon="-1.467214012518525">
        <ele>963</ele>
      </trkpt>
      <trkpt lat="43.035463029518723" lon="-1.467081997543573">
        <ele>966</ele>
      </trkpt>
      <trkpt lat="43.035454982891679" lon="-1.467023994773626">
        <ele>967</ele>
      </trkpt>
      <trkpt lat="43.035422964021564" lon="-1.466889968141913">
        <ele>969</ele>
      </trkpt>
      <trkpt lat="43.03541399538517" lon="-1.466801958158612">
        <ele>972</ele>
      </trkpt>
      <trkpt lat="43.035435033962131" lon="-1.466628033667803">
        <ele>974</ele>
      </trkpt>
      <trkpt lat="43.035449031740427" lon="-1.466536000370979">
        <ele>974</ele>
      </trkpt>
      <trkpt lat="43.035546010360122" lon="-1.466354029253125">
        <ele>974</ele>
      </trkpt>
      <trkpt lat="43.035568976774812" lon="-1.466148002073169">
        <ele>974</ele>
      </trkpt>
      <trkpt lat="43.035570988431573" lon="-1.466126041486859">
        <ele>974</ele>
      </trkpt>
      <trkpt lat="43.035569982603192" lon="-1.465951027348638">
        <ele>976</ele>
      </trkpt>
      <trkpt lat="43.035570988431573" lon="-1.465887995436788">
        <ele>977</ele>
      </trkpt>
      <trkpt lat="43.035574005916715" lon="-1.46574298851192">
        <ele>979</ele>
      </trkpt>
      <trkpt lat="43.035581968724728" lon="-1.465663025155664">
        <ele>983</ele>
      </trkpt>
      <trkpt lat="43.035556990653276" lon="-1.465345015749335">
        <ele>985</ele>
      </trkpt>
      <trkpt lat="43.035553973168135" lon="-1.46531299687922">
        <ele>985</ele>
      </trkpt>
      <trkpt lat="43.03556595928967" lon="-1.465275026857853">
        <ele>985</ele>
      </trkpt>
      <trkpt lat="43.035573000088334" lon="-1.465129014104605">
        <ele>987</ele>
      </trkpt>
      <trkpt lat="43.035549027845263" lon="-1.464977972209454">
        <ele>989</ele>
      </trkpt>
      <trkpt lat="43.035546010360122" lon="-1.464808993041515">
        <ele>991</ele>
      </trkpt>
      <trkpt lat="43.035537963733077" lon="-1.46473104134202">
        <ele>992</ele>
      </trkpt>
      <trkpt lat="43.035557996481657" lon="-1.464682007208467">
        <ele>993</ele>
      </trkpt>
      <trkpt lat="43.035604013130069" lon="-1.464544963091612">
        <ele>995</ele>
      </trkpt>
      <trkpt lat="43.035638965666294" lon="-1.464416971430183">
        <ele>998</ele>
      </trkpt>
      <trkpt lat="43.035705015063286" lon="-1.464213961735368">
        <ele>1000</ele>
      </trkpt>
      <trkpt lat="43.035709038376808" lon="-1.464203987270594">
        <ele>1000</ele>
      </trkpt>
      <trkpt lat="43.035748014226556" lon="-1.464114971458912">
        <ele>1001</ele>
      </trkpt>
      <trkpt lat="43.035789001733065" lon="-1.463984968140721">
        <ele>1002</ele>
      </trkpt>
      <trkpt lat="43.035785984247923" lon="-1.463897963985801">
        <ele>1003</ele>
      </trkpt>
      <trkpt lat="43.03577802143991" lon="-1.463844990357757">
        <ele>1006</ele>
      </trkpt>
      <trkpt lat="43.035760000348091" lon="-1.463626977056265">
        <ele>1009</ele>
      </trkpt>
      <trkpt lat="43.035723958164454" lon="-1.463453974574804">
        <ele>1010</ele>
      </trkpt>
      <trkpt lat="43.03558599203825" lon="-1.463191034272313">
        <ele>1012</ele>
      </trkpt>
      <trkpt lat="43.035489013418555" lon="-1.463050972670317">
        <ele>1014</ele>
      </trkpt>
      <trkpt lat="43.035401003435254" lon="-1.46299397572875">
        <ele>1018</ele>
      </trkpt>
      <trkpt lat="43.035349035635591" lon="-1.462972015142441">
        <ele>1021</ele>
      </trkpt>
      <trkpt lat="43.03528499789536" lon="-1.462948964908719">
        <ele>1023</ele>
      </trkpt>
      <trkpt lat="43.035263959318399" lon="-1.46294703707099">
        <ele>1023</ele>
      </trkpt>
      <trkpt lat="43.035190030932426" lon="-1.462931027635932">
        <ele>1023</ele>
      </trkpt>
      <trkpt lat="43.035043012350798" lon="-1.462887022644281">
        <ele>1025</ele>
      </trkpt>
      <trkpt lat="43.034939998760819" lon="-1.462861960753799">
        <ele>1027</ele>
      </trkpt>
      <trkpt lat="43.034929018467665" lon="-1.462859027087688">
        <ele>1027</ele>
      </trkpt>
      <trkpt lat="43.034871015697718" lon="-1.462857015430927">
        <ele>1028</ele>
      </trkpt>
      <trkpt lat="43.034688038751483" lon="-1.462812004610896">
        <ele>1030</ele>
      </trkpt>
      <trkpt lat="43.034617966040969" lon="-1.462785014882684">
        <ele>1032</ele>
      </trkpt>
      <trkpt lat="43.034555017948151" lon="-1.4627789799124">
        <ele>1033</ele>
      </trkpt>
      <trkpt lat="43.034427026286721" lon="-1.462741009891033">
        <ele>1035</ele>
      </trkpt>
      <trkpt lat="43.034311020746827" lon="-1.46266900934279">
        <ele>1037</ele>
      </trkpt>
      <trkpt lat="43.034160984680057" lon="-1.462512016296387">
        <ele>1039</ele>
      </trkpt>
      <trkpt lat="43.034067023545504" lon="-1.462393999099731">
        <ele>1040</ele>
      </trkpt>
      <trkpt lat="43.033983958885074" lon="-1.462204987183213">
        <ele>1042</ele>
      </trkpt>
      <trkpt lat="43.033937020227313" lon="-1.462094010785222">
        <ele>1041</ele>
      </trkpt>
      <trkpt lat="43.033867031335831" lon="-1.461870968341827">
        <ele>1043</ele>
      </trkpt>
      <trkpt lat="43.033848004415631" lon="-1.461787987500429">
        <ele>1044</ele>
      </trkpt>
      <trkpt lat="43.033839035779238" lon="-1.461570980027318">
        <ele>1045</ele>
      </trkpt>
      <trkpt lat="43.033836018294096" lon="-1.461546001955867">
        <ele>1045</ele>
      </trkpt>
      <trkpt lat="43.03382596001029" lon="-1.461484981700778">
        <ele>1045</ele>
      </trkpt>
      <trkpt lat="43.033816991373897" lon="-1.461225980892777">
        <ele>1046</ele>
      </trkpt>
      <trkpt lat="43.033784972503781" lon="-1.460934039205313">
        <ele>1047</ele>
      </trkpt>
      <trkpt lat="43.0338220205158" lon="-1.460649976506829">
        <ele>1048</ele>
      </trkpt>
      <trkpt lat="43.033856973052025" lon="-1.460507987067103">
        <ele>1048</ele>
      </trkpt>
      <trkpt lat="43.033868037164211" lon="-1.460461970418692">
        <ele>1048</ele>
      </trkpt>
      <trkpt lat="43.033911036327481" lon="-1.460331967100501">
        <ele>1049</ele>
      </trkpt>
      <trkpt lat="43.033940959721804" lon="-1.460234988480806">
        <ele>1049</ele>
      </trkpt>
      <trkpt lat="43.033941965550184" lon="-1.460086964070797">
        <ele>1050</ele>
      </trkpt>
      <trkpt lat="43.033944983035326" lon="-1.460062991827726">
        <ele>1050</ele>
      </trkpt>
      <trkpt lat="43.033956969156861" lon="-1.459993002936244">
        <ele>1050</ele>
      </trkpt>
      <trkpt lat="43.033983958885074" lon="-1.459904992952943">
        <ele>1050</ele>
      </trkpt>
      <trkpt lat="43.03405998274684" lon="-1.459587989374995">
        <ele>1049</ele>
      </trkpt>
      <trkpt lat="43.034082027152181" lon="-1.459319014102221">
        <ele>1049</ele>
      </trkpt>
      <trkpt lat="43.034111028537154" lon="-1.459130002185702">
        <ele>1048</ele>
      </trkpt>
      <trkpt lat="43.034098036587238" lon="-1.458768993616104">
        <ele>1047</ele>
      </trkpt>
      <trkpt lat="43.03408001549542" lon="-1.458687018603087">
        <ele>1047</ele>
      </trkpt>
      <trkpt lat="43.0340810213238" lon="-1.458585010841489">
        <ele>1047</ele>
      </trkpt>
      <trkpt lat="43.034054031595588" lon="-1.458391975611448">
        <ele>1048</ele>
      </trkpt>
      <trkpt lat="43.033996028825641" lon="-1.458101961761713">
        <ele>1050</ele>
      </trkpt>
      <trkpt lat="43.033946994692087" lon="-1.45785897038877">
        <ele>1051</ele>
      </trkpt>
      <trkpt lat="43.033884968608618" lon="-1.457564011216164">
        <ele>1052</ele>
      </trkpt>
      <trkpt lat="43.033869965001941" lon="-1.457386985421181">
        <ele>1052</ele>
      </trkpt>
      <trkpt lat="43.033784972503781" lon="-1.457039974629879">
        <ele>1049</ele>
      </trkpt>
      <trkpt lat="43.033665027469397" lon="-1.45678399130702">
        <ele>1048</ele>
      </trkpt>
      <trkpt lat="43.03360995836556" lon="-1.456706039607525">
        <ele>1048</ele>
      </trkpt>
      <trkpt lat="43.033490013331175" lon="-1.456591039896011">
        <ele>1048</ele>
      </trkpt>
      <trkpt lat="43.033360010012984" lon="-1.456427006050944">
        <ele>1049</ele>
      </trkpt>
      <trkpt lat="43.0332210380584" lon="-1.456249980255961">
        <ele>1050</ele>
      </trkpt>
      <trkpt lat="43.03309396840632" lon="-1.45607496611774">
        <ele>1052</ele>
      </trkpt>
      <trkpt lat="43.032970000058413" lon="-1.455909004434943">
        <ele>1055</ele>
      </trkpt>
      <trkpt lat="43.032832033932209" lon="-1.455744970589876">
        <ele>1057</ele>
      </trkpt>
      <trkpt lat="43.032701024785638" lon="-1.455595018342137">
        <ele>1059</ele>
      </trkpt>
      <trkpt lat="43.032634975388646" lon="-1.455544978380203">
        <ele>1061</ele>
      </trkpt>
      <trkpt lat="43.032572027295828" lon="-1.455492004752159">
        <ele>1064</ele>
      </trkpt>
      <trkpt lat="43.032547971233726" lon="-1.455469038337469">
        <ele>1065</ele>
      </trkpt>
      <trkpt lat="43.032445963472128" lon="-1.45538697950542">
        <ele>1068</ele>
      </trkpt>
      <trkpt lat="43.032311014831066" lon="-1.455311961472035">
        <ele>1069</ele>
      </trkpt>
      <trkpt lat="43.03214798681438" lon="-1.455199979245663">
        <ele>1073</ele>
      </trkpt>
      <trkpt lat="43.032095013186336" lon="-1.45515002310276">
        <ele>1075</ele>
      </trkpt>
      <trkpt lat="43.03204296156764" lon="-1.455111969262362">
        <ele>1079</ele>
      </trkpt>
      <trkpt lat="43.031924022361636" lon="-1.455028988420963">
        <ele>1078</ele>
      </trkpt>
      <trkpt lat="43.031904995441437" lon="-1.455005016177893">
        <ele>1078</ele>
      </trkpt>
      <trkpt lat="43.031904995441437" lon="-1.455005016177893">
        <ele>1079</ele>
      </trkpt>
      <trkpt lat="43.031899966299534" lon="-1.45500099286437">
        <ele>1079</ele>
      </trkpt>
      <trkpt lat="43.031896026805043" lon="-1.45500099286437">
        <ele>1079</ele>
      </trkpt>
      <trkpt lat="43.031896026805043" lon="-1.45500099286437">
        <ele>1079</ele>
      </trkpt>
      <trkpt lat="43.031895020976663" lon="-1.455001998692751">
        <ele>1079</ele>
      </trkpt>
      <trkpt lat="43.031892003491521" lon="-1.455001998692751">
        <ele>1079</ele>
      </trkpt>
      <trkpt lat="43.031885968521237" lon="-1.454995041713119">
        <ele>1079</ele>
      </trkpt>
      <trkpt lat="43.031881023198366" lon="-1.454990012571216">
        <ele>1079</ele>
      </trkpt>
      <trkpt lat="43.031881023198366" lon="-1.454980038106442">
        <ele>1079</ele>
      </trkpt>
      <trkpt lat="43.031881023198366" lon="-1.454980038106442">
        <ele>1079</ele>
      </trkpt>
      <trkpt lat="43.031881023198366" lon="-1.454963022843003">
        <ele>1079</ele>
      </trkpt>
      <trkpt lat="43.031882029026747" lon="-1.454964028671384">
        <ele>1079</ele>
      </trkpt>
      <trkpt lat="43.031881023198366" lon="-1.454963022843003">
        <ele>1079</ele>
      </trkpt>
      <trkpt lat="43.031880017369986" lon="-1.454958999529481">
        <ele>1079</ele>
      </trkpt>
      <trkpt lat="43.031879011541605" lon="-1.454960005357862">
        <ele>1079</ele>
      </trkpt>
      <trkpt lat="43.031876999884844" lon="-1.454960005357862">
        <ele>1080</ele>
      </trkpt>
      <trkpt lat="43.031876999884844" lon="-1.454960005357862">
        <ele>1080</ele>
      </trkpt>
      <trkpt lat="43.031873982399702" lon="-1.454962017014623">
        <ele>1080</ele>
      </trkpt>
      <trkpt lat="43.031873982399702" lon="-1.454962017014623">
        <ele>1080</ele>
      </trkpt>
      <trkpt lat="43.031835006549954" lon="-1.454908037558198">
        <ele>1080</ele>
      </trkpt>
      <trkpt lat="43.031682958826423" lon="-1.454749032855034">
        <ele>1080</ele>
      </trkpt>
      <trkpt lat="43.031660998240113" lon="-1.454725982621312">
        <ele>1080</ele>
      </trkpt>
      <trkpt lat="43.031550021842122" lon="-1.454536970704794">
        <ele>1081</ele>
      </trkpt>
      <trkpt lat="43.031477015465498" lon="-1.454403027892113">
        <ele>1082</ele>
      </trkpt>
      <trkpt lat="43.031444996595383" lon="-1.454362962394953">
        <ele>1083</ele>
      </trkpt>
      <trkpt lat="43.03139504045248" lon="-1.454279981553555">
        <ele>1083</ele>
      </trkpt>
      <trkpt lat="43.031377019360662" lon="-1.454260032624006">
        <ele>1084</ele>
      </trkpt>
      <trkpt lat="43.031239975243807" lon="-1.45403397269547">
        <ele>1085</ele>
      </trkpt>
      <trkpt lat="43.03122203797102" lon="-1.453998014330864">
        <ele>1085</ele>
      </trkpt>
      <trkpt lat="43.031154982745647" lon="-1.453804979100823">
        <ele>1087</ele>
      </trkpt>
      <trkpt lat="43.0310969799757" lon="-1.453634994104505">
        <ele>1088</ele>
      </trkpt>
      <trkpt lat="43.031051969155669" lon="-1.453400971367955">
        <ele>1091</ele>
      </trkpt>
      <trkpt lat="43.031047023832798" lon="-1.453376999124885">
        <ele>1091</ele>
      </trkpt>
      <trkpt lat="43.031025985255837" lon="-1.453131996095181">
        <ele>1092</ele>
      </trkpt>
      <trkpt lat="43.031034031882882" lon="-1.453005010262132">
        <ele>1093</ele>
      </trkpt>
      <trkpt lat="43.031051969155669" lon="-1.452820021659136">
        <ele>1095</ele>
      </trkpt>
      <trkpt lat="43.031050963327289" lon="-1.452633021399379">
        <ele>1096</ele>
      </trkpt>
      <trkpt lat="43.031051969155669" lon="-1.452351976186037">
        <ele>1096</ele>
      </trkpt>
      <trkpt lat="43.031084993854165" lon="-1.452032960951328">
        <ele>1095</ele>
      </trkpt>
      <trkpt lat="43.031047023832798" lon="-1.451676981523633">
        <ele>1096</ele>
      </trkpt>
      <trkpt lat="43.030986003577709" lon="-1.451428038999438">
        <ele>1096</ele>
      </trkpt>
      <trkpt lat="43.030905034393072" lon="-1.451228968799114">
        <ele>1098</ele>
      </trkpt>
      <trkpt lat="43.030862035229802" lon="-1.451147999614477">
        <ele>1100</ele>
      </trkpt>
      <trkpt lat="43.030818030238152" lon="-1.45108999684453">
        <ele>1100</ele>
      </trkpt>
      <trkpt lat="43.03070998750627" lon="-1.450954964384437">
        <ele>1103</ele>
      </trkpt>
      <trkpt lat="43.030604040250182" lon="-1.450795037671924">
        <ele>1106</ele>
      </trkpt>
      <trkpt lat="43.030573027208447" lon="-1.450751032680273">
        <ele>1109</ele>
      </trkpt>
      <trkpt lat="43.030552994459867" lon="-1.450714990496635">
        <ele>1111</ele>
      </trkpt>
      <trkpt lat="43.030464984476566" lon="-1.450556991621852">
        <ele>1111</ele>
      </trkpt>
      <trkpt lat="43.030394995585084" lon="-1.450428999960423">
        <ele>1113</ele>
      </trkpt>
      <trkpt lat="43.030380997806787" lon="-1.450406033545733">
        <ele>1113</ele>
      </trkpt>
      <trkpt lat="43.030345039442182" lon="-1.45035800524056">
        <ele>1114</ele>
      </trkpt>
      <trkpt lat="43.030264992266893" lon="-1.450255997478962">
        <ele>1116</ele>
      </trkpt>
      <trkpt lat="43.030220987275243" lon="-1.450217021629214">
        <ele>1117</ele>
      </trkpt>
      <trkpt lat="43.030201038345695" lon="-1.450192965567112">
        <ele>1118</ele>
      </trkpt>
      <trkpt lat="43.030144041404128" lon="-1.450178967788816">
        <ele>1121</ele>
      </trkpt>
      <trkpt lat="43.030089978128672" lon="-1.450167987495661">
        <ele>1124</ele>
      </trkpt>
      <trkpt lat="43.030062988400459" lon="-1.450136974453926">
        <ele>1124</ele>
      </trkpt>
      <trkpt lat="43.029991993680596" lon="-1.450041001662612">
        <ele>1125</ele>
      </trkpt>
      <trkpt lat="43.029966009780765" lon="-1.449921978637576">
        <ele>1127</ele>
      </trkpt>
      <trkpt lat="43.02991496399045" lon="-1.44986498169601">
        <ele>1128</ele>
      </trkpt>
      <trkpt lat="43.029839023947716" lon="-1.449818965047598">
        <ele>1129</ele>
      </trkpt>
      <trkpt lat="43.029784960672259" lon="-1.449760040268302">
        <ele>1129</ele>
      </trkpt>
      <trkpt lat="43.029723018407822" lon="-1.449688961729407">
        <ele>1130</ele>
      </trkpt>
      <trkpt lat="43.02967800758779" lon="-1.449637999758124">
        <ele>1131</ele>
      </trkpt>
      <trkpt lat="43.029584968462586" lon="-1.449552001431584">
        <ele>1134</ele>
      </trkpt>
      <trkpt lat="43.029455970972776" lon="-1.449449993669987">
        <ele>1135</ele>
      </trkpt>
      <trkpt lat="43.029356980696321" lon="-1.449344968423247">
        <ele>1136</ele>
      </trkpt>
      <trkpt lat="43.029253967106342" lon="-1.449231980368495">
        <ele>1138</ele>
      </trkpt>
      <trkpt lat="43.029199987649918" lon="-1.449208008125424">
        <ele>1139</ele>
      </trkpt>
      <trkpt lat="43.029107032343745" lon="-1.449151011183858">
        <ele>1140</ele>
      </trkpt>
      <trkpt lat="43.029060009866953" lon="-1.44911102950573">
        <ele>1141</ele>
      </trkpt>
      <trkpt lat="43.028949033468962" lon="-1.44902897067368">
        <ele>1143</ele>
      </trkpt>
      <trkpt lat="43.028927994892001" lon="-1.449020002037287">
        <ele>1145</ele>
      </trkpt>
      <trkpt lat="43.028873009607196" lon="-1.448980020359159">
        <ele>1148</ele>
      </trkpt>
      <trkpt lat="43.028821041807532" lon="-1.448931992053986">
        <ele>1149</ele>
      </trkpt>
      <trkpt lat="43.028678968548775" lon="-1.448858985677362">
        <ele>1149</ele>
      </trkpt>
      <trkpt lat="43.028562963008881" lon="-1.448811963200569">
        <ele>1150</ele>
      </trkpt>
      <trkpt lat="43.028450980782509" lon="-1.448792014271021">
        <ele>1152</ele>
      </trkpt>
      <trkpt lat="43.028438994660974" lon="-1.448786985129118">
        <ele>1152</ele>
      </trkpt>
      <trkpt lat="43.028381997719407" lon="-1.448750020936132">
        <ele>1152</ele>
      </trkpt>
      <trkpt lat="43.028332041576505" lon="-1.448711967095733">
        <ele>1154</ele>
      </trkpt>
      <trkpt lat="43.028227016329765" lon="-1.448595961555839">
        <ele>1155</ele>
      </trkpt>
      <trkpt lat="43.028110004961491" lon="-1.448494037613273">
        <ele>1157</ele>
      </trkpt>
      <trkpt lat="43.028091983869672" lon="-1.448463024571538">
        <ele>1158</ele>
      </trkpt>
      <trkpt lat="43.028007997199893" lon="-1.448281975463033">
        <ele>1159</ele>
      </trkpt>
      <trkpt lat="43.027911018580198" lon="-1.44803998991847">
        <ele>1161</ele>
      </trkpt>
      <trkpt lat="43.027860978618264" lon="-1.447951979935169">
        <ele>1162</ele>
      </trkpt>
      <trkpt lat="43.027752013877034" lon="-1.447794986888766">
        <ele>1165</ele>
      </trkpt>
      <trkpt lat="43.027693005278707" lon="-1.447740001603961">
        <ele>1167</ele>
      </trkpt>
      <trkpt lat="43.027654029428959" lon="-1.447706976905465">
        <ele>1167</ele>
      </trkpt>
      <trkpt lat="43.027483960613608" lon="-1.44756599329412">
        <ele>1169</ele>
      </trkpt>
      <trkpt lat="43.027363009750843" lon="-1.447456022724509">
        <ele>1171</ele>
      </trkpt>
      <trkpt lat="43.027239041402936" lon="-1.447347979992628">
        <ele>1172</ele>
      </trkpt>
      <trkpt lat="43.027106020599604" lon="-1.44720003940165">
        <ele>1173</ele>
      </trkpt>
      <trkpt lat="43.027008036151528" lon="-1.447075987234712">
        <ele>1175</ele>
      </trkpt>
      <trkpt lat="43.026996972039342" lon="-1.447054026648402">
        <ele>1175</ele>
      </trkpt>
      <trkpt lat="43.026966964825988" lon="-1.447018990293145">
        <ele>1175</ele>
      </trkpt>
      <trkpt lat="43.026903010904789" lon="-1.446980014443398">
        <ele>1176</ele>
      </trkpt>
      <trkpt lat="43.026849031448364" lon="-1.446994012221694">
        <ele>1178</ele>
      </trkpt>
      <trkpt lat="43.02669296041131" lon="-1.446902984753251">
        <ele>1180</ele>
      </trkpt>
      <trkpt lat="43.026652978733182" lon="-1.446912959218025">
        <ele>1180</ele>
      </trkpt>
      <trkpt lat="43.026492968201637" lon="-1.446893010288477">
        <ele>1178</ele>
      </trkpt>
      <trkpt lat="43.026280989870429" lon="-1.446801982820034">
        <ele>1178</ele>
      </trkpt>
      <trkpt lat="43.026149980723858" lon="-1.446691006422043">
        <ele>1178</ele>
      </trkpt>
      <trkpt lat="43.026100024580956" lon="-1.446629986166954">
        <ele>1178</ele>
      </trkpt>
      <trkpt lat="43.025926016271114" lon="-1.446438040584326">
        <ele>1180</ele>
      </trkpt>
      <trkpt lat="43.025867007672787" lon="-1.44636201672256">
        <ele>1180</ele>
      </trkpt>
      <trkpt lat="43.025737004354596" lon="-1.446182979270816">
        <ele>1181</ele>
      </trkpt>
      <trkpt lat="43.025581017136574" lon="-1.445978041738272">
        <ele>1181</ele>
      </trkpt>
      <trkpt lat="43.025523014366627" lon="-1.445848038420081">
        <ele>1181</ele>
      </trkpt>
      <trkpt lat="43.025469034910202" lon="-1.445779977366328">
        <ele>1181</ele>
      </trkpt>
      <trkpt lat="43.025332996621728" lon="-1.445604041218758">
        <ele>1181</ele>
      </trkpt>
      <trkpt lat="43.025184972211719" lon="-1.445473032072187">
        <ele>1181</ele>
      </trkpt>
      <trkpt lat="43.025027979165316" lon="-1.445285025984049">
        <ele>1181</ele>
      </trkpt>
      <trkpt lat="43.024853970855474" lon="-1.445115962997079">
        <ele>1181</ele>
      </trkpt>
      <trkpt lat="43.024827986955643" lon="-1.445097019895911">
        <ele>1181</ele>
      </trkpt>
      <trkpt lat="43.024679040536284" lon="-1.445014039054513">
        <ele>1181</ele>
      </trkpt>
      <trkpt lat="43.024535039439797" lon="-1.444955030456185">
        <ele>1181</ele>
      </trkpt>
      <trkpt lat="43.024389026686549" lon="-1.44500800408423">
        <ele>1181</ele>
      </trkpt>
      <trkpt lat="43.024229016155005" lon="-1.445040022954345">
        <ele>1179</ele>
      </trkpt>
      <trkpt lat="43.024195991456509" lon="-1.445033987984061">
        <ele>1177</ele>
      </trkpt>
      <trkpt lat="43.024195991456509" lon="-1.445033987984061">
        <ele>1177</ele>
      </trkpt>
      <trkpt lat="43.024180987849832" lon="-1.445047985762358">
        <ele>1176</ele>
      </trkpt>
      <trkpt lat="43.024137988686562" lon="-1.44503097049892">
        <ele>1176</ele>
      </trkpt>
      <trkpt lat="43.024000022560358" lon="-1.444887975230813">
        <ele>1176</ele>
      </trkpt>
      <trkpt lat="43.023936990648508" lon="-1.444828966632485">
        <ele>1176</ele>
      </trkpt>
      <trkpt lat="43.023884017020464" lon="-1.444802982732654">
        <ele>1176</ele>
      </trkpt>
      <trkpt lat="43.023872030898929" lon="-1.444768030196428">
        <ele>1176</ele>
      </trkpt>
      <trkpt lat="43.023845963180065" lon="-1.444723019376397">
        <ele>1176</ele>
      </trkpt>
      <trkpt lat="43.02372601814568" lon="-1.444499976933003">
        <ele>1177</ele>
      </trkpt>
      <trkpt lat="43.023710008710623" lon="-1.444482039660215">
        <ele>1177</ele>
      </trkpt>
      <trkpt lat="43.023671032860875" lon="-1.444473993033171">
        <ele>1177</ele>
      </trkpt>
      <trkpt lat="43.023530971258879" lon="-1.444252962246537">
        <ele>1176</ele>
      </trkpt>
      <trkpt lat="43.023399962112308" lon="-1.444080965593457">
        <ele>1175</ele>
      </trkpt>
      <trkpt lat="43.023311030119658" lon="-1.443919027224183">
        <ele>1174</ele>
      </trkpt>
      <trkpt lat="43.023239029571414" lon="-1.443757005035877">
        <ele>1174</ele>
      </trkpt>
      <trkpt lat="43.023186977952719" lon="-1.443494986742735">
        <ele>1174</ele>
      </trkpt>
      <trkpt lat="43.023125035688281" lon="-1.443297006189823">
        <ele>1176</ele>
      </trkpt>
      <trkpt lat="43.023110032081604" lon="-1.443211007863283">
        <ele>1176</ele>
      </trkpt>
      <trkpt lat="43.02308295853436" lon="-1.443081004545093">
        <ele>1177</ele>
      </trkpt>
      <trkpt lat="43.022967036813498" lon="-1.442830972373486">
        <ele>1177</ele>
      </trkpt>
      <trkpt lat="43.022944992408156" lon="-1.442802976816893">
        <ele>1177</ele>
      </trkpt>
      <trkpt lat="43.02282303571701" lon="-1.442527966573834">
        <ele>1177</ele>
      </trkpt>
      <trkpt lat="43.02282202988863" lon="-1.442256979644299">
        <ele>1177</ele>
      </trkpt>
      <trkpt lat="43.022804008796811" lon="-1.442069979384542">
        <ele>1177</ele>
      </trkpt>
      <trkpt lat="43.022733014076948" lon="-1.441815001890063">
        <ele>1177</ele>
      </trkpt>
      <trkpt lat="43.022726979106665" lon="-1.441747024655342">
        <ele>1179</ele>
      </trkpt>
      <trkpt lat="43.022717004641891" lon="-1.44157100468874">
        <ele>1182</ele>
      </trkpt>
      <trkpt lat="43.022694038227201" lon="-1.441491041332483">
        <ele>1184</ele>
      </trkpt>
      <trkpt lat="43.022635029628873" lon="-1.441319966688752">
        <ele>1188</ele>
      </trkpt>
      <trkpt lat="43.022628994658589" lon="-1.441176971420646">
        <ele>1188</ele>
      </trkpt>
      <trkpt lat="43.022621031850576" lon="-1.441061971709132">
        <ele>1189</ele>
      </trkpt>
      <trkpt lat="43.022623965516686" lon="-1.440973961725831">
        <ele>1189</ele>
      </trkpt>
      <trkpt lat="43.02263000048697" lon="-1.440791990607977">
        <ele>1189</ele>
      </trkpt>
      <trkpt lat="43.02260703407228" lon="-1.440628040581942">
        <ele>1190</ele>
      </trkpt>
      <trkpt lat="43.022603010758758" lon="-1.440357975661755">
        <ele>1191</ele>
      </trkpt>
      <trkpt lat="43.022636035457253" lon="-1.440073996782303">
        <ele>1192</ele>
      </trkpt>
      <trkpt lat="43.022646009922028" lon="-1.439859000965953">
        <ele>1192</ele>
      </trkpt>
      <trkpt lat="43.022694960236549" lon="-1.439645010977984">
        <ele>1193</ele>
      </trkpt>
      <trkpt lat="43.022740976884961" lon="-1.439479971304536">
        <ele>1194</ele>
      </trkpt>
      <trkpt lat="43.022740976884961" lon="-1.439479971304536">
        <ele>1194</ele>
      </trkpt>
      <trkpt lat="43.022743994370103" lon="-1.439475025981665">
        <ele>1194</ele>
      </trkpt>
      <trkpt lat="43.022743994370103" lon="-1.439475025981665">
        <ele>1194</ele>
      </trkpt>
      <trkpt lat="43.022848013788462" lon="-1.439299006015062">
        <ele>1194</ele>
      </trkpt>
      <trkpt lat="43.022881038486958" lon="-1.439210996031761">
        <ele>1195</ele>
      </trkpt>
      <trkpt lat="43.022910039871931" lon="-1.439035981893539">
        <ele>1196</ele>
      </trkpt>
      <trkpt lat="43.022920014336705" lon="-1.438687965273857">
        <ele>1198</ele>
      </trkpt>
      <trkpt lat="43.022921020165086" lon="-1.43841496668756">
        <ele>1198</ele>
      </trkpt>
      <trkpt lat="43.022925965487957" lon="-1.438269037753344">
        <ele>1199</ele>
      </trkpt>
      <trkpt lat="43.022942980751395" lon="-1.438072985038161">
        <ele>1200</ele>
      </trkpt>
      <trkpt lat="43.022953039035201" lon="-1.438058987259865">
        <ele>1201</ele>
      </trkpt>
      <trkpt lat="43.022956978529692" lon="-1.438058987259865">
        <ele>1201</ele>
      </trkpt>
      <trkpt lat="43.022956978529692" lon="-1.438058987259865">
        <ele>1201</ele>
      </trkpt>
      <trkpt lat="43.023020010441542" lon="-1.437786994501948">
        <ele>1202</ele>
      </trkpt>
      <trkpt lat="43.023051023483276" lon="-1.437516007572413">
        <ele>1202</ele>
      </trkpt>
      <trkpt lat="43.023093016818166" lon="-1.437320038676262">
        <ele>1202</ele>
      </trkpt>
      <trkpt lat="43.023082036525011" lon="-1.43727402202785">
        <ele>1202</ele>
      </trkpt>
      <trkpt lat="43.023035014048219" lon="-1.437162039801478">
        <ele>1203</ele>
      </trkpt>
      <trkpt lat="43.023035014048219" lon="-1.437162039801478">
        <ele>1203</ele>
      </trkpt>
      <trkpt lat="43.02299402654171" lon="-1.437013009563088">
        <ele>1204</ele>
      </trkpt>
      <trkpt lat="43.022981034591794" lon="-1.436990965157747">
        <ele>1205</ele>
      </trkpt>
      <trkpt lat="43.022936023771763" lon="-1.436961041763425">
        <ele>1205</ele>
      </trkpt>
      <trkpt lat="43.022886989638209" lon="-1.436905972659588">
        <ele>1204</ele>
      </trkpt>
      <trkpt lat="43.022834016010165" lon="-1.436820980161429">
        <ele>1203</ele>
      </trkpt>
      <trkpt lat="43.022782970219851" lon="-1.43680396489799">
        <ele>1200</ele>
      </trkpt>
      <trkpt lat="43.022763021290302" lon="-1.436774041503668">
        <ele>1197</ele>
      </trkpt>
      <trkpt lat="43.022741982713342" lon="-1.436754008755088">
        <ele>1193</ele>
      </trkpt>
      <trkpt lat="43.022706024348736" lon="-1.436763983219862">
        <ele>1194</ele>
      </trkpt>
      <trkpt lat="43.022689009085298" lon="-1.436790972948074">
        <ele>1193</ele>
      </trkpt>
      <trkpt lat="43.022639974951744" lon="-1.436863979324698">
        <ele>1189</ele>
      </trkpt>
      <trkpt lat="43.022614996880293" lon="-1.43688602373004">
        <ele>1186</ele>
      </trkpt>
      <trkpt lat="43.022581972181797" lon="-1.436898009851575">
        <ele>1183</ele>
      </trkpt>
      <trkpt lat="43.022570991888642" lon="-1.436903961002827">
        <ele>1183</ele>
      </trkpt>
      <trkpt lat="43.022476024925709" lon="-1.436961963772774">
        <ele>1182</ele>
      </trkpt>
      <trkpt lat="43.02234903909266" lon="-1.436960035935044">
        <ele>1181</ele>
      </trkpt>
      <trkpt lat="43.022258011624217" lon="-1.436956012621522">
        <ele>1177</ele>
      </trkpt>
      <trkpt lat="43.022188022732735" lon="-1.436933968216181">
        <ele>1173</ele>
      </trkpt>
      <trkpt lat="43.022174024954438" lon="-1.436935979872942">
        <ele>1173</ele>
      </trkpt>
      <trkpt lat="43.022053996101022" lon="-1.436949977651238">
        <ele>1173</ele>
      </trkpt>
      <trkpt lat="43.022015020251274" lon="-1.436940003186464">
        <ele>1173</ele>
      </trkpt>
      <trkpt lat="43.021947965025902" lon="-1.436885017901659">
        <ele>1169</ele>
      </trkpt>
      <trkpt lat="43.021922986954451" lon="-1.436857022345066">
        <ele>1166</ele>
      </trkpt>
      <trkpt lat="43.021895997226238" lon="-1.436818968504667">
        <ele>1162</ele>
      </trkpt>
      <trkpt lat="43.021886022761464" lon="-1.436799019575119">
        <ele>1161</ele>
      </trkpt>
      <trkpt lat="43.021847968921065" lon="-1.436744034290314">
        <ele>1160</ele>
      </trkpt>
      <trkpt lat="43.021863978356123" lon="-1.436676979064941">
        <ele>1157</ele>
      </trkpt>
      <trkpt lat="43.021863978356123" lon="-1.436676979064941">
        <ele>1154</ele>
      </trkpt>
      <trkpt lat="43.021862972527742" lon="-1.436640014871955">
        <ele>1151</ele>
      </trkpt>
      <trkpt lat="43.021855009719729" lon="-1.436622999608517">
        <ele>1149</ele>
      </trkpt>
      <trkpt lat="43.021849980577826" lon="-1.436605984345079">
        <ele>1150</ele>
      </trkpt>
      <trkpt lat="43.021861966699362" lon="-1.436461983248591">
        <ele>1146</ele>
      </trkpt>
      <trkpt lat="43.021858027204871" lon="-1.43645997159183">
        <ele>1145</ele>
      </trkpt>
      <trkpt lat="43.021858027204871" lon="-1.43645997159183">
        <ele>1143</ele>
      </trkpt>
      <trkpt lat="43.021830031648278" lon="-1.436271965503693">
        <ele>1143</ele>
      </trkpt>
      <trkpt lat="43.021774962544441" lon="-1.436017993837595">
        <ele>1141</ele>
      </trkpt>
      <trkpt lat="43.021764988079667" lon="-1.435927972197533">
        <ele>1137</ele>
      </trkpt>
      <trkpt lat="43.021755013614893" lon="-1.435853037983179">
        <ele>1135</ele>
      </trkpt>
      <trkpt lat="43.021728023886681" lon="-1.43572898581624">
        <ele>1134</ele>
      </trkpt>
      <trkpt lat="43.021711008623242" lon="-1.435661008581519">
        <ele>1134</ele>
      </trkpt>
      <trkpt lat="43.021762976422906" lon="-1.435449030250311">
        <ele>1133</ele>
      </trkpt>
      <trkpt lat="43.021771023049951" lon="-1.435419023036957">
        <ele>1132</ele>
      </trkpt>
      <trkpt lat="43.021755013614893" lon="-1.435312991961837">
        <ele>1128</ele>
      </trkpt>
      <trkpt lat="43.021712014451623" lon="-1.435224981978536">
        <ele>1125</ele>
      </trkpt>
      <trkpt lat="43.02157798781991" lon="-1.435046028345823">
        <ele>1125</ele>
      </trkpt>
      <trkpt lat="43.02157798781991" lon="-1.435046028345823">
        <ele>1122</ele>
      </trkpt>
      <trkpt lat="43.021572958678007" lon="-1.434953995049">
        <ele>1118</ele>
      </trkpt>
      <trkpt lat="43.021563990041614" lon="-1.43491200171411">
        <ele>1116</ele>
      </trkpt>
      <trkpt lat="43.021529037505388" lon="-1.434778980910778">
        <ele>1115</ele>
      </trkpt>
      <trkpt lat="43.021435998380184" lon="-1.434671021997929">
        <ele>1114</ele>
      </trkpt>
      <trkpt lat="43.021384030580521" lon="-1.434639003127813">
        <ele>1113</ele>
      </trkpt>
      <trkpt lat="43.021371038630605" lon="-1.434612013399601">
        <ele>1112</ele>
      </trkpt>
      <trkpt lat="43.021341031417251" lon="-1.434543030336499">
        <ele>1109</ele>
      </trkpt>
      <trkpt lat="43.02131999284029" lon="-1.434508999809623">
        <ele>1106</ele>
      </trkpt>
      <trkpt lat="43.021265007555485" lon="-1.434446973726153">
        <ele>1103</ele>
      </trkpt>
      <trkpt lat="43.021196024492383" lon="-1.434473963454366">
        <ele>1102</ele>
      </trkpt>
      <trkpt lat="43.021171968430281" lon="-1.43446197733283">
        <ele>1099</ele>
      </trkpt>
      <trkpt lat="43.021128969267011" lon="-1.434449991211295">
        <ele>1096</ele>
      </trkpt>
      <trkpt lat="43.021044982597232" lon="-1.434444962069392">
        <ele>1092</ele>
      </trkpt>
      <trkpt lat="43.021035008132458" lon="-1.434431970119476">
        <ele>1092</ele>
      </trkpt>
      <trkpt lat="43.020971976220608" lon="-1.434401962906122">
        <ele>1091</ele>
      </trkpt>
      <trkpt lat="43.020971976220608" lon="-1.434401962906122">
        <ele>1087</ele>
      </trkpt>
      <trkpt lat="43.02097599953413" lon="-1.434431970119476">
        <ele>1084</ele>
      </trkpt>
      <trkpt lat="43.02097599953413" lon="-1.43443800508976">
        <ele>1084</ele>
      </trkpt>
      <trkpt lat="43.020966025069356" lon="-1.434444962069392">
        <ele>1084</ele>
      </trkpt>
      <trkpt lat="43.020928977057338" lon="-1.434416966512799">
        <ele>1084</ele>
      </trkpt>
      <trkpt lat="43.020833004266024" lon="-1.434391988441348">
        <ele>1086</ele>
      </trkpt>
      <trkpt lat="43.020813977345824" lon="-1.434358041733503">
        <ele>1086</ele>
      </trkpt>
      <trkpt lat="43.020577020943165" lon="-1.434320993721485">
        <ele>1085</ele>
      </trkpt>
      <trkpt lat="43.02054500207305" lon="-1.434313030913472">
        <ele>1085</ele>
      </trkpt>
      <trkpt lat="43.020488005131483" lon="-1.434286963194609">
        <ele>1084</ele>
      </trkpt>
      <trkpt lat="43.020325982943177" lon="-1.434273971244693">
        <ele>1080</ele>
      </trkpt>
      <trkpt lat="43.020278038457036" lon="-1.434265002608299">
        <ele>1076</ele>
      </trkpt>
      <trkpt lat="43.020230010151863" lon="-1.434260979294777">
        <ele>1074</ele>
      </trkpt>
      <trkpt lat="43.020186005160213" lon="-1.434222003445029">
        <ele>1075</ele>
      </trkpt>
      <trkpt lat="43.020167984068394" lon="-1.43418101593852">
        <ele>1075</ele>
      </trkpt>
      <trkpt lat="43.020083997398615" lon="-1.434058975428343">
        <ele>1077</ele>
      </trkpt>
      <trkpt lat="43.020005961880088" lon="-1.433950010687113">
        <ele>1076</ele>
      </trkpt>
      <trkpt lat="43.019931027665734" lon="-1.433854037895799">
        <ele>1073</ele>
      </trkpt>
      <trkpt lat="43.019890040159225" lon="-1.433820007368922">
        <ele>1070</ele>
      </trkpt>
      <trkpt lat="43.019802030175924" lon="-1.43383601680398">
        <ele>1063</ele>
      </trkpt>
      <trkpt lat="43.019692981615663" lon="-1.433642981573939">
        <ele>1062</ele>
      </trkpt>
      <trkpt lat="43.019692981615663" lon="-1.433642981573939">
        <ele>1062</ele>
      </trkpt>
      <trkpt lat="43.019570019096136" lon="-1.433383980765939">
        <ele>1060</ele>
      </trkpt>
      <trkpt lat="43.01949399523437" lon="-1.433308962732554">
        <ele>1057</ele>
      </trkpt>
      <trkpt lat="43.019425012171268" lon="-1.433250037953258">
        <ele>1053</ele>
      </trkpt>
      <trkpt lat="43.019415037706494" lon="-1.433242997154594">
        <ele>1054</ele>
      </trkpt>
      <trkpt lat="43.019352005794644" lon="-1.433202009648085">
        <ele>1054</ele>
      </trkpt>
      <trkpt lat="43.019331973046064" lon="-1.433176025748253">
        <ele>1054</ele>
      </trkpt>
      <trkpt lat="43.019262989982963" lon="-1.433035964146256">
        <ele>1051</ele>
      </trkpt>
      <trkpt lat="43.019259972497821" lon="-1.432940997183323">
        <ele>1048</ele>
      </trkpt>
      <trkpt lat="43.019270030781627" lon="-1.432875031605363">
        <ele>1045</ele>
      </trkpt>
      <trkpt lat="43.019280005246401" lon="-1.432767994701862">
        <ele>1041</ele>
      </trkpt>
      <trkpt lat="43.019283022731543" lon="-1.432757014408708">
        <ele>1041</ele>
      </trkpt>
      <trkpt lat="43.019294003024697" lon="-1.432613013312221">
        <ele>1041</ele>
      </trkpt>
      <trkpt lat="43.01921596750617" lon="-1.432411009445787">
        <ele>1038</ele>
      </trkpt>
      <trkpt lat="43.019230971112847" lon="-1.432375973090529">
        <ele>1035</ele>
      </trkpt>
      <trkpt lat="43.019244968891144" lon="-1.432357029989362">
        <ele>1034</ele>
      </trkpt>
      <trkpt lat="43.01925896666944" lon="-1.432322999462485">
        <ele>1033</ele>
      </trkpt>
      <trkpt lat="43.01919300109148" lon="-1.432214034721255">
        <ele>1033</ele>
      </trkpt>
      <trkpt lat="43.019161988049746" lon="-1.432066010311246">
        <ele>1033</ele>
      </trkpt>
      <trkpt lat="43.019139021635056" lon="-1.43203298561275">
        <ele>1032</ele>
      </trkpt>
      <trkpt lat="43.019146984443069" lon="-1.431983029469848">
        <ele>1031</ele>
      </trkpt>
      <trkpt lat="43.019056040793657" lon="-1.43175202421844">
        <ele>1030</ele>
      </trkpt>
      <trkpt lat="43.018994014710188" lon="-1.43166502006352">
        <ele>1029</ele>
      </trkpt>
      <trkpt lat="43.018984040245414" lon="-1.431656973436475">
        <ele>1029</ele>
      </trkpt>
      <trkpt lat="43.018971970304847" lon="-1.431574998423457">
        <ele>1030</ele>
      </trkpt>
      <trkpt lat="43.018958978354931" lon="-1.43153602257371">
        <ele>1030</ele>
      </trkpt>
      <trkpt lat="43.018888989463449" lon="-1.43145396374166">
        <ele>1029</ele>
      </trkpt>
      <trkpt lat="43.018792010843754" lon="-1.431320020928979">
        <ele>1028</ele>
      </trkpt>
      <trkpt lat="43.018723027780652" lon="-1.43121600151062">
        <ele>1026</ele>
      </trkpt>
      <trkpt lat="43.018715986981988" lon="-1.431079963222146">
        <ele>1023</ele>
      </trkpt>
      <trkpt lat="43.018714981153607" lon="-1.43102103844285">
        <ele>1021</ele>
      </trkpt>
      <trkpt lat="43.018749011680484" lon="-1.430933028459549">
        <ele>1018</ele>
      </trkpt>
      <trkpt lat="43.018766026943922" lon="-1.430720966309309">
        <ele>1018</ele>
      </trkpt>
      <trkpt lat="43.018765021115541" lon="-1.430704034864903">
        <ele>1017</ele>
      </trkpt>
      <trkpt lat="43.0187429767102" lon="-1.430627005174756">
        <ele>1015</ele>
      </trkpt>
      <trkpt lat="43.018739959225059" lon="-1.430577971041203">
        <ele>1011</ele>
      </trkpt>
      <trkpt lat="43.018733002245426" lon="-1.430455008521676">
        <ele>1007</ele>
      </trkpt>
      <trkpt lat="43.018731996417046" lon="-1.430329028517008">
        <ele>1007</ele>
      </trkpt>
      <trkpt lat="43.018636023625731" lon="-1.430220985785127">
        <ele>1003</ele>
      </trkpt>
      <trkpt lat="43.018607022240758" lon="-1.430190978571773">
        <ele>999</ele>
      </trkpt>
      <trkpt lat="43.018595958128572" lon="-1.430152002722025">
        <ele>997</ele>
      </trkpt>
      <trkpt lat="43.01856997422874" lon="-1.430109003558755">
        <ele>997</ele>
      </trkpt>
      <trkpt lat="43.018497973680496" lon="-1.43007698468864">
        <ele>996</ele>
      </trkpt>
      <trkpt lat="43.018420021981001" lon="-1.429979000240564">
        <ele>994</ele>
      </trkpt>
      <trkpt lat="43.018422033637762" lon="-1.429870035499334">
        <ele>990</ele>
      </trkpt>
      <trkpt lat="43.018454974517226" lon="-1.429823013022542">
        <ele>988</ele>
      </trkpt>
      <trkpt lat="43.01850400865078" lon="-1.429749000817537">
        <ele>987</ele>
      </trkpt>
      <trkpt lat="43.018578020855784" lon="-1.4296680316329">
        <ele>987</ele>
      </trkpt>
      <trkpt lat="43.018538039177656" lon="-1.42966702580452">
        <ele>987</ele>
      </trkpt>
      <trkpt lat="43.018521023914218" lon="-1.429641963914037">
        <ele>986</ele>
      </trkpt>
      <trkpt lat="43.018452040851116" lon="-1.429615980014205">
        <ele>985</ele>
      </trkpt>
      <trkpt lat="43.01839797757566" lon="-1.4295609947294">
        <ele>981</ele>
      </trkpt>
      <trkpt lat="43.01835497841239" lon="-1.42953903414309">
        <ele>977</ele>
      </trkpt>
      <trkpt lat="43.018233021721244" lon="-1.42951900139451">
        <ele>976</ele>
      </trkpt>
      <trkpt lat="43.018176024779677" lon="-1.429424034431577">
        <ele>975</ele>
      </trkpt>
      <trkpt lat="43.018158003687859" lon="-1.429340969771147">
        <ele>975</ele>
      </trkpt>
      <trkpt lat="43.018125984817743" lon="-1.429165033623576">
        <ele>973</ele>
      </trkpt>
      <trkpt lat="43.018107963725924" lon="-1.429126979783177">
        <ele>970</ele>
      </trkpt>
      <trkpt lat="43.018077034503222" lon="-1.429076017811894">
        <ele>966</ele>
      </trkpt>
      <trkpt lat="43.018058007583022" lon="-1.429056990891695">
        <ele>965</ele>
      </trkpt>
      <trkpt lat="43.017951976507902" lon="-1.428901003673673">
        <ele>965</ele>
      </trkpt>
      <trkpt lat="43.017867989838123" lon="-1.428822968155146">
        <ele>964</ele>
      </trkpt>
      <trkpt lat="43.01777696236968" lon="-1.428705034777522">
        <ele>963</ele>
      </trkpt>
      <trkpt lat="43.017663974314928" lon="-1.428682990372181">
        <ele>959</ele>
      </trkpt>
      <trkpt lat="43.017630027607083" lon="-1.428634040057659">
        <ele>956</ele>
      </trkpt>
      <trkpt lat="43.017626004293561" lon="-1.428619036450982">
        <ele>956</ele>
      </trkpt>
      <trkpt lat="43.017574958503246" lon="-1.428534965962172">
        <ele>956</ele>
      </trkpt>
      <trkpt lat="43.017576970160007" lon="-1.428533038124442">
        <ele>956</ele>
      </trkpt>
      <trkpt lat="43.017574958503246" lon="-1.428534965962172">
        <ele>956</ele>
      </trkpt>
      <trkpt lat="43.017551992088556" lon="-1.428513005375862">
        <ele>956</ele>
      </trkpt>
      <trkpt lat="43.017554003745317" lon="-1.42850998789072">
        <ele>956</ele>
      </trkpt>
      <trkpt lat="43.017533970996737" lon="-1.42848601564765">
        <ele>957</ele>
      </trkpt>
      <trkpt lat="43.017536988481879" lon="-1.42846598289907">
        <ele>957</ele>
      </trkpt>
      <trkpt lat="43.017463982105255" lon="-1.428377972915769">
        <ele>959</ele>
      </trkpt>
      <trkpt lat="43.017443027347326" lon="-1.428341008722782">
        <ele>959</ele>
      </trkpt>
      <trkpt lat="43.017419977113605" lon="-1.428313013166189">
        <ele>959</ele>
      </trkpt>
      <trkpt lat="43.017376977950335" lon="-1.428278982639313">
        <ele>959</ele>
      </trkpt>
      <trkpt lat="43.017311012372375" lon="-1.428112015128136">
        <ele>958</ele>
      </trkpt>
      <trkpt lat="43.017269019037485" lon="-1.427941024303436">
        <ele>956</ele>
      </trkpt>
      <trkpt lat="43.017210010439157" lon="-1.427716976031661">
        <ele>955</ele>
      </trkpt>
      <trkpt lat="43.0171749740839" lon="-1.427629971876741">
        <ele>954</ele>
      </trkpt>
      <trkpt lat="43.01717396825552" lon="-1.427569035440683">
        <ele>954</ele>
      </trkpt>
      <trkpt lat="43.017100039869547" lon="-1.427453029900789">
        <ele>954</ele>
      </trkpt>
      <trkpt lat="43.017092999070883" lon="-1.427420005202293">
        <ele>954</ele>
      </trkpt>
      <trkpt lat="43.017039019614458" lon="-1.427392009645701">
        <ele>953</ele>
      </trkpt>
      <trkpt lat="43.016993002966046" lon="-1.427371976897121">
        <ele>953</ele>
      </trkpt>
      <trkpt lat="43.016954027116299" lon="-1.427310034632683">
        <ele>952</ele>
      </trkpt>
      <trkpt lat="43.016889989376068" lon="-1.427134014666081">
        <ele>951</ele>
      </trkpt>
      <trkpt lat="43.016803991049528" lon="-1.426922958344221">
        <ele>949</ele>
      </trkpt>
      <trkpt lat="43.0167640093714" lon="-1.426866967231035">
        <ele>948</ele>
      </trkpt>
      <trkpt lat="43.016698965802789" lon="-1.426690025255084">
        <ele>946</ele>
      </trkpt>
      <trkpt lat="43.016644986346364" lon="-1.426604026928544">
        <ele>945</ele>
      </trkpt>
      <trkpt lat="43.016574997454882" lon="-1.426519034430385">
        <ele>944</ele>
      </trkpt>
      <trkpt lat="43.016480030491948" lon="-1.426305966451764">
        <ele>942</ele>
      </trkpt>
      <trkpt lat="43.016433008015156" lon="-1.426233965903521">
        <ele>942</ele>
      </trkpt>
      <trkpt lat="43.016363019123673" lon="-1.426085019484162">
        <ele>942</ele>
      </trkpt>
      <trkpt lat="43.016293030232191" lon="-1.426030034199357">
        <ele>942</ele>
      </trkpt>
      <trkpt lat="43.016178030520678" lon="-1.425875974819064">
        <ele>942</ele>
      </trkpt>
      <trkpt lat="43.016122961416841" lon="-1.425760975107551">
        <ele>941</ele>
      </trkpt>
      <trkpt lat="43.016091026365757" lon="-1.425738008692861">
        <ele>940</ele>
      </trkpt>
      <trkpt lat="43.016035035252571" lon="-1.425532987341285">
        <ele>938</ele>
      </trkpt>
      <trkpt lat="43.015941996127367" lon="-1.425431985408068">
        <ele>937</ele>
      </trkpt>
      <trkpt lat="43.015935039147735" lon="-1.425413964316249">
        <ele>937</ele>
      </trkpt>
      <trkpt lat="43.015922969207168" lon="-1.425383035093546">
        <ele>936</ele>
      </trkpt>
      <trkpt lat="43.015910983085632" lon="-1.425341041758657">
        <ele>934</ele>
      </trkpt>
      <trkpt lat="43.015902014449239" lon="-1.42530701123178">
        <ele>932</ele>
      </trkpt>
      <trkpt lat="43.015893967822194" lon="-1.425273986533284">
        <ele>931</ele>
      </trkpt>
      <trkpt lat="43.015862032771111" lon="-1.425067037343979">
        <ele>930</ele>
      </trkpt>
      <trkpt lat="43.015862032771111" lon="-1.425058990716934">
        <ele>929</ele>
      </trkpt>
      <trkpt lat="43.015862032771111" lon="-1.42500501126051">
        <ele>929</ele>
      </trkpt>
      <trkpt lat="43.015872007235885" lon="-1.424928987398744">
        <ele>929</ele>
      </trkpt>
      <trkpt lat="43.01579799503088" lon="-1.424819016829133">
        <ele>925</ele>
      </trkpt>
      <trkpt lat="43.015777040272951" lon="-1.424795966595411">
        <ele>923</ele>
      </trkpt>
      <trkpt lat="43.015720965340734" lon="-1.424736035987735">
        <ele>921</ele>
      </trkpt>
      <trkpt lat="43.015651982277632" lon="-1.424636039882898">
        <ele>921</ele>
      </trkpt>
      <trkpt lat="43.015651982277632" lon="-1.424636039882898">
        <ele>920</ele>
      </trkpt>
      <trkpt lat="43.015633961185813" lon="-1.424568984657526">
        <ele>918</ele>
      </trkpt>
      <trkpt lat="43.015661034733057" lon="-1.424518022686243">
        <ele>916</ele>
      </trkpt>
      <trkpt lat="43.015662962570786" lon="-1.424501007422805">
        <ele>915</ele>
      </trkpt>
      <trkpt lat="43.015666985884309" lon="-1.42446898855269">
        <ele>914</ele>
      </trkpt>
      <trkpt lat="43.015666985884309" lon="-1.42446898855269">
        <ele>914</ele>
      </trkpt>
      <trkpt lat="43.015687018632889" lon="-1.424347031861544">
        <ele>913</ele>
      </trkpt>
      <trkpt lat="43.015687018632889" lon="-1.424347031861544">
        <ele>912</ele>
      </trkpt>
      <trkpt lat="43.015686012804508" lon="-1.42432096414268">
        <ele>912</ele>
      </trkpt>
      <trkpt lat="43.015686012804508" lon="-1.42432096414268">
        <ele>912</ele>
      </trkpt>
      <trkpt lat="43.015690036118031" lon="-1.424310989677906">
        <ele>911</ele>
      </trkpt>
      <trkpt lat="43.015694981440902" lon="-1.424300009384751">
        <ele>911</ele>
      </trkpt>
      <trkpt lat="43.015694981440902" lon="-1.424300009384751">
        <ele>911</ele>
      </trkpt>
      <trkpt lat="43.015696993097663" lon="-1.42429699189961">
        <ele>911</ele>
      </trkpt>
      <trkpt lat="43.015696993097663" lon="-1.42429699189961">
        <ele>911</ele>
      </trkpt>
      <trkpt lat="43.015705961734056" lon="-1.424215016886592">
        <ele>911</ele>
      </trkpt>
      <trkpt lat="43.015720965340734" lon="-1.42416900023818">
        <ele>911</ele>
      </trkpt>
      <trkpt lat="43.015762036666274" lon="-1.424005972221494">
        <ele>911</ele>
      </trkpt>
      <trkpt lat="43.015728006139398" lon="-1.423787958920002">
        <ele>911</ele>
      </trkpt>
      <trkpt lat="43.015696993097663" lon="-1.423585033044219">
        <ele>911</ele>
      </trkpt>
      <trkpt lat="43.015696993097663" lon="-1.423585033044219">
        <ele>910</ele>
      </trkpt>
      <trkpt lat="43.015680983662605" lon="-1.423440026119351">
        <ele>909</ele>
      </trkpt>
      <trkpt lat="43.015662040561438" lon="-1.423342041671276">
        <ele>908</ele>
      </trkpt>
      <trkpt lat="43.015662040561438" lon="-1.423342041671276">
        <ele>908</ele>
      </trkpt>
      <trkpt lat="43.015659023076296" lon="-1.423155963420868">
        <ele>908</ele>
      </trkpt>
      <trkpt lat="43.015665980055928" lon="-1.423081029206514">
        <ele>909</ele>
      </trkpt>
      <trkpt lat="43.01564896479249" lon="-1.423021014779806">
        <ele>910</ele>
      </trkpt>
      <trkpt lat="43.015619963407516" lon="-1.422786992043257">
        <ele>910</ele>
      </trkpt>
      <trkpt lat="43.015588028356433" lon="-1.422717003151774">
        <ele>911</ele>
      </trkpt>
      <trkpt lat="43.015588028356433" lon="-1.422717003151774">
        <ele>912</ele>
      </trkpt>
      <trkpt lat="43.015571013092995" lon="-1.422700993716717">
        <ele>912</ele>
      </trkpt>
      <trkpt lat="43.01551703363657" lon="-1.422528997063637">
        <ele>912</ele>
      </trkpt>
      <trkpt lat="43.015510998666286" lon="-1.422479962930083">
        <ele>912</ele>
      </trkpt>
      <trkpt lat="43.015429023653269" lon="-1.422318024560809">
        <ele>910</ele>
      </trkpt>
      <trkpt lat="43.015413014218211" lon="-1.422292962670326">
        <ele>909</ele>
      </trkpt>
      <trkpt lat="43.015417959541082" lon="-1.422239989042282">
        <ele>906</ele>
      </trkpt>
      <trkpt lat="43.015388958156109" lon="-1.42219003289938">
        <ele>904</ele>
      </trkpt>
      <trkpt lat="43.01539096981287" lon="-1.422028010711074">
        <ele>906</ele>
      </trkpt>
      <trkpt lat="43.015362974256277" lon="-1.421822989359498">
        <ele>903</ele>
      </trkpt>
      <trkpt lat="43.015369009226561" lon="-1.421765992417932">
        <ele>900</ele>
      </trkpt>
      <trkpt lat="43.015364985913038" lon="-1.42146298661828">
        <ele>898</ele>
      </trkpt>
      <trkpt lat="43.015370015054941" lon="-1.421384029090405">
        <ele>898</ele>
      </trkpt>
      <trkpt lat="43.015417037531734" lon="-1.421326026320458">
        <ele>898</ele>
      </trkpt>
      <trkpt lat="43.015416031703353" lon="-1.421248996630311">
        <ele>898</ele>
      </trkpt>
      <trkpt lat="43.015416031703353" lon="-1.421208009123802">
        <ele>898</ele>
      </trkpt>
      <trkpt lat="43.015403039753437" lon="-1.421072976663709">
        <ele>900</ele>
      </trkpt>
      <trkpt lat="43.015318969264627" lon="-1.420930987223983">
        <ele>900</ele>
      </trkpt>
      <trkpt lat="43.015177985653281" lon="-1.420791009441018">
        <ele>900</ele>
      </trkpt>
      <trkpt lat="43.015141021460295" lon="-1.420748010277748">
        <ele>899</ele>
      </trkpt>
      <trkpt lat="43.015147978439927" lon="-1.420613983646035">
        <ele>898</ele>
      </trkpt>
      <trkpt lat="43.015174968168139" lon="-1.420491021126509">
        <ele>898</ele>
      </trkpt>
      <trkpt lat="43.015198018401861" lon="-1.420374009758234">
        <ele>896</ele>
      </trkpt>
      <trkpt lat="43.015236994251609" lon="-1.420220034196973">
        <ele>895</ele>
      </trkpt>
      <trkpt lat="43.015258032828569" lon="-1.420125989243388">
        <ele>895</ele>
      </trkpt>
      <trkpt lat="43.015219978988171" lon="-1.419964972883463">
        <ele>895</ele>
      </trkpt>
      <trkpt lat="43.015198018401861" lon="-1.419758023694158">
        <ele>897</ele>
      </trkpt>
      <trkpt lat="43.015188965946436" lon="-1.419580997899175">
        <ele>897</ele>
      </trkpt>
      <trkpt lat="43.015199024230242" lon="-1.419455017894507">
        <ele>896</ele>
      </trkpt>
      <trkpt lat="43.015225008130074" lon="-1.419300958514214">
        <ele>893</ele>
      </trkpt>
      <trkpt lat="43.015216961503029" lon="-1.419211020693183">
        <ele>889</ele>
      </trkpt>
      <trkpt lat="43.015176979824901" lon="-1.41896802932024">
        <ele>887</ele>
      </trkpt>
      <trkpt lat="43.015071032568812" lon="-1.418805001303554">
        <ele>887</ele>
      </trkpt>
      <trkpt lat="43.01500397734344" lon="-1.418687989935279">
        <ele>886</ele>
      </trkpt>
      <trkpt lat="43.014887971803546" lon="-1.418533008545637">
        <ele>885</ele>
      </trkpt>
      <trkpt lat="43.014855030924082" lon="-1.418380960822105">
        <ele>883</ele>
      </trkpt>
      <trkpt lat="43.014857964590192" lon="-1.418381966650486">
        <ele>883</ele>
      </trkpt>
      <trkpt lat="43.014877997338772" lon="-1.418350031599402">
        <ele>882</ele>
      </trkpt>
      <trkpt lat="43.014855030924082" lon="-1.418296974152327">
        <ele>881</ele>
      </trkpt>
      <trkpt lat="43.014855030924082" lon="-1.418296974152327">
        <ele>881</ele>
      </trkpt>
      <trkpt lat="43.01480901427567" lon="-1.418069992214441">
        <ele>881</ele>
      </trkpt>
      <trkpt lat="43.014769032597542" lon="-1.417936971411109">
        <ele>881</ele>
      </trkpt>
      <trkpt lat="43.014746988192201" lon="-1.417822977527976">
        <ele>880</ele>
      </trkpt>
      <trkpt lat="43.014786969870329" lon="-1.417659027501941">
        <ele>880</ele>
      </trkpt>
      <trkpt lat="43.014765009284019" lon="-1.417543021962047">
        <ele>879</ele>
      </trkpt>
      <trkpt lat="43.014810020104051" lon="-1.417332971468568">
        <ele>879</ele>
      </trkpt>
      <trkpt lat="43.014804990962148" lon="-1.417253008112311">
        <ele>878</ele>
      </trkpt>
      <trkpt lat="43.014829969033599" lon="-1.41705603338778">
        <ele>878</ele>
      </trkpt>
      <trkpt lat="43.014828963205218" lon="-1.416944973170757">
        <ele>877</ele>
      </trkpt>
      <trkpt lat="43.014829969033599" lon="-1.416923012584448">
        <ele>877</ele>
      </trkpt>
      <trkpt lat="43.014942035079002" lon="-1.416665017604828">
        <ele>876</ele>
      </trkpt>
      <trkpt lat="43.015049993991852" lon="-1.416440969333053">
        <ele>875</ele>
      </trkpt>
      <trkpt lat="43.015083018690348" lon="-1.416376009583473">
        <ele>875</ele>
      </trkpt>
      <trkpt lat="43.015109002590179" lon="-1.416299985721707">
        <ele>875</ele>
      </trkpt>
      <trkpt lat="43.015112020075321" lon="-1.416242988780141">
        <ele>875</ele>
      </trkpt>
      <trkpt lat="43.015068015083671" lon="-1.415967978537083">
        <ele>874</ele>
      </trkpt>
      <trkpt lat="43.015053011476994" lon="-1.415862031280994">
        <ele>873</ele>
      </trkpt>
      <trkpt lat="43.015049993991852" lon="-1.415800005197525">
        <ele>873</ele>
      </trkpt>
      <trkpt lat="43.015039013698697" lon="-1.41576899215579">
        <ele>873</ele>
      </trkpt>
      <trkpt lat="43.014985034242272" lon="-1.415559025481343">
        <ele>872</ele>
      </trkpt>
      <trkpt lat="43.014926025643945" lon="-1.415245961397886">
        <ele>870</ele>
      </trkpt>
      <trkpt lat="43.014942035079002" lon="-1.415176978334785">
        <ele>870</ele>
      </trkpt>
      <trkpt lat="43.014971958473325" lon="-1.415077988058329">
        <ele>870</ele>
      </trkpt>
      <trkpt lat="43.014976987615228" lon="-1.414742041379213">
        <ele>869</ele>
      </trkpt>
      <trkpt lat="43.014982016757131" lon="-1.414684038609266">
        <ele>869</ele>
      </trkpt>
      <trkpt lat="43.014988973736763" lon="-1.414518998935819">
        <ele>868</ele>
      </trkpt>
      <trkpt lat="43.015015041455626" lon="-1.414171988144517">
        <ele>867</ele>
      </trkpt>
      <trkpt lat="43.015020992606878" lon="-1.413925979286432">
        <ele>866</ele>
      </trkpt>
      <trkpt lat="43.014991991221905" lon="-1.413672007620335">
        <ele>865</ele>
      </trkpt>
      <trkpt lat="43.014890989288688" lon="-1.413342012092471">
        <ele>863</ele>
      </trkpt>
      <trkpt lat="43.014873974025249" lon="-1.413059961050749">
        <ele>862</ele>
      </trkpt>
      <trkpt lat="43.014912027865648" lon="-1.412706999108195">
        <ele>861</ele>
      </trkpt>
      <trkpt lat="43.014914961531758" lon="-1.412408016622067">
        <ele>859</ele>
      </trkpt>
      <trkpt lat="43.014902975410223" lon="-1.412377003580332">
        <ele>859</ele>
      </trkpt>
      <trkpt lat="43.014894006773829" lon="-1.412379015237093">
        <ele>859</ele>
      </trkpt>
      <trkpt lat="43.014891995117068" lon="-1.412370968610048">
        <ele>859</ele>
      </trkpt>
      <trkpt lat="43.014891995117068" lon="-1.412370968610048">
        <ele>858</ele>
      </trkpt>
      <trkpt lat="43.014898030087352" lon="-1.412346996366978">
        <ele>858</ele>
      </trkpt>
      <trkpt lat="43.014909010380507" lon="-1.412253035232425">
        <ele>858</ele>
      </trkpt>
      <trkpt lat="43.014923008158803" lon="-1.412197966128588">
        <ele>858</ele>
      </trkpt>
      <trkpt lat="43.014914961531758" lon="-1.412159996107221">
        <ele>858</ele>
      </trkpt>
      <trkpt lat="43.014813037589192" lon="-1.412021024152637">
        <ele>858</ele>
      </trkpt>
      <trkpt lat="43.014800967648625" lon="-1.411996968090534">
        <ele>858</ele>
      </trkpt>
      <trkpt lat="43.014655960723758" lon="-1.411776021122932">
        <ele>857</ele>
      </trkpt>
      <trkpt lat="43.014542972669005" lon="-1.411518026143313">
        <ele>857</ele>
      </trkpt>
      <trkpt lat="43.014407018199563" lon="-1.411315016448498">
        <ele>855</ele>
      </trkpt>
      <trkpt lat="43.014233009889722" lon="-1.411128016188741">
        <ele>855</ele>
      </trkpt>
      <trkpt lat="43.014210965484381" lon="-1.41110303811729">
        <ele>855</ele>
      </trkpt>
      <trkpt lat="43.014000998809934" lon="-1.41086800955236">
        <ele>854</ele>
      </trkpt>
      <trkpt lat="43.013850962743163" lon="-1.41063398681581">
        <ele>853</ele>
      </trkpt>
      <trkpt lat="43.013782985508442" lon="-1.410435000434518">
        <ele>852</ele>
      </trkpt>
      <trkpt lat="43.013662034645677" lon="-1.410196032375097">
        <ele>851</ele>
      </trkpt>
      <trkpt lat="43.013573018833995" lon="-1.410070974379778">
        <ele>850</ele>
      </trkpt>
      <trkpt lat="43.013487020507455" lon="-1.410004002973437">
        <ele>850</ele>
      </trkpt>
      <trkpt lat="43.013203041628003" lon="-1.409981036558747">
        <ele>848</ele>
      </trkpt>
      <trkpt lat="43.012952003628016" lon="-1.410076003521681">
        <ele>848</ele>
      </trkpt>
      <trkpt lat="43.012756034731865" lon="-1.41000802628696">
        <ele>847</ele>
      </trkpt>
      <trkpt lat="43.012671964243054" lon="-1.409898977726698">
        <ele>846</ele>
      </trkpt>
      <trkpt lat="43.012610021978617" lon="-1.409904006868601">
        <ele>846</ele>
      </trkpt>
      <trkpt lat="43.012472977861762" lon="-1.409919010475278">
        <ele>846</ele>
      </trkpt>
      <trkpt lat="43.012434002012014" lon="-1.409938037395477">
        <ele>846</ele>
      </trkpt>
      <trkpt lat="43.012356972321868" lon="-1.409970978274941">
        <ele>846</ele>
      </trkpt>
      <trkpt lat="43.012336017563939" lon="-1.410006014630199">
        <ele>845</ele>
      </trkpt>
      <trkpt lat="43.012378010898829" lon="-1.410033004358411">
        <ele>845</ele>
      </trkpt>
      <trkpt lat="43.012357978150249" lon="-1.410076003521681">
        <ele>844</ele>
      </trkpt>
      <trkpt lat="43.012352026998997" lon="-1.410093018785119">
        <ele>844</ele>
      </trkpt>
      <trkpt lat="43.012328976765275" lon="-1.410151021555066">
        <ele>844</ele>
      </trkpt>
      <trkpt lat="43.012216994538903" lon="-1.410195026546717">
        <ele>844</ele>
      </trkpt>
      <trkpt lat="43.012014990672469" lon="-1.410205001011491">
        <ele>844</ele>
      </trkpt>
      <trkpt lat="43.011991018429399" lon="-1.410198966041207">
        <ele>843</ele>
      </trkpt>
      <trkpt lat="43.011898985132575" lon="-1.410198966041207">
        <ele>843</ele>
      </trkpt>
      <trkpt lat="43.011707961559296" lon="-1.410350007936359">
        <ele>843</ele>
      </trkpt>
      <trkpt lat="43.011497994884849" lon="-1.410471964627504">
        <ele>843</ele>
      </trkpt>
      <trkpt lat="43.011413002386689" lon="-1.410469030961394">
        <ele>843</ele>
      </trkpt>
      <trkpt lat="43.011247040703893" lon="-1.410479005426168">
        <ele>843</ele>
      </trkpt>
      <trkpt lat="43.011190965771675" lon="-1.410470036789775">
        <ele>843</ele>
      </trkpt>
      <trkpt lat="43.010968007147312" lon="-1.410532984882593">
        <ele>842</ele>
      </trkpt>
      <trkpt lat="43.010881002992392" lon="-1.41054798848927">
        <ele>842</ele>
      </trkpt>
      <trkpt lat="43.010821994394064" lon="-1.410560980439186">
        <ele>841</ele>
      </trkpt>
      <trkpt lat="43.010725015774369" lon="-1.410626024007797">
        <ele>841</ele>
      </trkpt>
      <trkpt lat="43.010560981929302" lon="-1.410682015120983">
        <ele>841</ele>
      </trkpt>
      <trkpt lat="43.010356966406107" lon="-1.410694001242518">
        <ele>840</ele>
      </trkpt>
      <trkpt lat="43.01025303080678" lon="-1.410670028999448">
        <ele>840</ele>
      </trkpt>
      <trkpt lat="43.010194022208452" lon="-1.410642033442855">
        <ele>840</ele>
      </trkpt>
      <trkpt lat="43.010098971426487" lon="-1.410617977380753">
        <ele>840</ele>
      </trkpt>
      <trkpt lat="43.009843993932009" lon="-1.41054698266089">
        <ele>840</ele>
      </trkpt>
      <trkpt lat="43.009780962020159" lon="-1.410552011802793">
        <ele>840</ele>
      </trkpt>
      <trkpt lat="43.009719019755721" lon="-1.410571038722992">
        <ele>840</ele>
      </trkpt>
      <trkpt lat="43.009673003107309" lon="-1.410518987104297">
        <ele>840</ele>
      </trkpt>
      <trkpt lat="43.009448032826185" lon="-1.410330981016159">
        <ele>839</ele>
      </trkpt>
      <trkpt lat="43.009194983169436" lon="-1.410242971032858">
        <ele>838</ele>
      </trkpt>
      <trkpt lat="43.00892299041152" lon="-1.410158984363079">
        <ele>837</ele>
      </trkpt>
      <trkpt lat="43.008675975725055" lon="-1.410092012956739">
        <ele>836</ele>
      </trkpt>
      <trkpt lat="43.008454022929072" lon="-1.410035016015172">
        <ele>835</ele>
      </trkpt>
      <trkpt lat="43.008241038769484" lon="-1.409948011860251">
        <ele>835</ele>
      </trkpt>
      <trkpt lat="43.008078010752797" lon="-1.40992496162653">
        <ele>834</ele>
      </trkpt>
      <trkpt lat="43.007921017706394" lon="-1.409875005483627">
        <ele>833</ele>
      </trkpt>
      <trkpt lat="43.007613988593221" lon="-1.409784983843565">
        <ele>833</ele>
      </trkpt>
      <trkpt lat="43.007571995258331" lon="-1.409770986065269">
        <ele>832</ele>
      </trkpt>
      <trkpt lat="43.007510975003242" lon="-1.409693034365773">
        <ele>831</ele>
      </trkpt>
      <trkpt lat="43.007517009973526" lon="-1.409657998010516">
        <ele>831</ele>
      </trkpt>
      <trkpt lat="43.007501000538468" lon="-1.40964400023222">
        <ele>831</ele>
      </trkpt>
      <trkpt lat="43.007462024688721" lon="-1.409612987190485">
        <ele>831</ele>
      </trkpt>
      <trkpt lat="43.007303019985557" lon="-1.409546015784144">
        <ele>831</ele>
      </trkpt>
      <trkpt lat="43.007136974483728" lon="-1.409460017457604">
        <ele>832</ele>
      </trkpt>
      <trkpt lat="43.00705399364233" lon="-1.409421963617206">
        <ele>832</ele>
      </trkpt>
      <trkpt lat="43.006852995604277" lon="-1.409353986382484">
        <ele>833</ele>
      </trkpt>
      <trkpt lat="43.00666599534452" lon="-1.409364966675639">
        <ele>833</ele>
      </trkpt>
      <trkpt lat="43.006485030055046" lon="-1.409139996394515">
        <ele>829</ele>
      </trkpt>
      <trkpt lat="43.006482012569904" lon="-1.409088028594852">
        <ele>830</ele>
      </trkpt>
      <trkpt lat="43.006456028670073" lon="-1.408994989469647">
        <ele>831</ele>
      </trkpt>
      <trkpt lat="43.006341028958559" lon="-1.408855011686683">
        <ele>832</ele>
      </trkpt>
      <trkpt lat="43.006253018975258" lon="-1.408716961741447">
        <ele>834</ele>
      </trkpt>
      <trkpt lat="43.006241032853723" lon="-1.408647978678346">
        <ele>835</ele>
      </trkpt>
      <trkpt lat="43.006271040067077" lon="-1.408611014485359">
        <ele>835</ele>
      </trkpt>
      <trkpt lat="43.006314961239696" lon="-1.408583018928766">
        <ele>836</ele>
      </trkpt>
      <trkpt lat="43.006343962624669" lon="-1.408557035028935">
        <ele>838</ele>
      </trkpt>
      <trkpt lat="43.006367012858391" lon="-1.408512024208903">
        <ele>839</ele>
      </trkpt>
      <trkpt lat="43.006367012858391" lon="-1.408512024208903">
        <ele>839</ele>
      </trkpt>
      <trkpt lat="43.006464997306466" lon="-1.408477993682027">
        <ele>842</ele>
      </trkpt>
      <trkpt lat="43.006477989256382" lon="-1.408466007560492">
        <ele>843</ele>
      </trkpt>
      <trkpt lat="43.006552001461387" lon="-1.40844002366066">
        <ele>847</ele>
      </trkpt>
      <trkpt lat="43.00655803643167" lon="-1.40844002366066">
        <ele>846</ele>
      </trkpt>
      <trkpt lat="43.006587959825993" lon="-1.40841999091208">
        <ele>847</ele>
      </trkpt>
      <trkpt lat="43.006645040586591" lon="-1.408409010618925">
        <ele>847</ele>
      </trkpt>
      <trkpt lat="43.006701031699777" lon="-1.40835695900023">
        <ele>848</ele>
      </trkpt>
      <trkpt lat="43.00672902725637" lon="-1.408325023949146">
        <ele>848</ele>
      </trkpt>
      <trkpt lat="43.006759034469724" lon="-1.408293005079031">
        <ele>849</ele>
      </trkpt>
      <trkpt lat="43.00677202641964" lon="-1.408257968723774">
        <ele>850</ele>
      </trkpt>
      <trkpt lat="43.006787030026317" lon="-1.408215975388885">
        <ele>850</ele>
      </trkpt>
      <trkpt lat="43.0068379919976" lon="-1.408169036731124">
        <ele>854</ele>
      </trkpt>
      <trkpt lat="43.006857018917799" lon="-1.408145986497402">
        <ele>856</ele>
      </trkpt>
      <trkpt lat="43.006890965625644" lon="-1.408078009262681">
        <ele>858</ele>
      </trkpt>
      <trkpt lat="43.006918961182237" lon="-1.408052025362849">
        <ele>858</ele>
      </trkpt>
      <trkpt lat="43.006934970617294" lon="-1.408029980957508">
        <ele>858</ele>
      </trkpt>
      <trkpt lat="43.0069450289011" lon="-1.407970972359181">
        <ele>859</ele>
      </trkpt>
      <trkpt lat="43.006979981437325" lon="-1.407878017053008">
        <ele>861</ele>
      </trkpt>
      <trkpt lat="43.006992973387241" lon="-1.407853960990906">
        <ele>861</ele>
      </trkpt>
      <trkpt lat="43.007015017792583" lon="-1.407829988747835">
        <ele>862</ele>
      </trkpt>
      <trkpt lat="43.00703396089375" lon="-1.40779796987772">
        <ele>862</ele>
      </trkpt>
      <trkpt lat="43.007059022784233" lon="-1.407742984592915">
        <ele>863</ele>
      </trkpt>
      <trkpt lat="43.007070003077388" lon="-1.407671989873052">
        <ele>864</ele>
      </trkpt>
      <trkpt lat="43.007076038047671" lon="-1.407624967396259">
        <ele>864</ele>
      </trkpt>
      <trkpt lat="43.00707302056253" lon="-1.407548021525145">
        <ele>865</ele>
      </trkpt>
      <trkpt lat="43.0070969928056" lon="-1.407393040135503">
        <ele>867</ele>
      </trkpt>
      <trkpt lat="43.007093975320458" lon="-1.407356997951865">
        <ele>868</ele>
      </trkpt>
      <trkpt lat="43.007099004462361" lon="-1.407310981303453">
        <ele>869</ele>
      </trkpt>
      <trkpt lat="43.0070969928056" lon="-1.407268987968564">
        <ele>869</ele>
      </trkpt>
      <trkpt lat="43.007100010290742" lon="-1.407221965491772">
        <ele>870</ele>
      </trkpt>
      <trkpt lat="43.007113002240658" lon="-1.407077964395285">
        <ele>872</ele>
      </trkpt>
      <trkpt lat="43.007125994190574" lon="-1.406883001327515">
        <ele>874</ele>
      </trkpt>
      <trkpt lat="43.007124988362193" lon="-1.406707987189293">
        <ele>875</ele>
      </trkpt>
      <trkpt lat="43.007151978090405" lon="-1.406539008021355">
        <ele>877</ele>
      </trkpt>
      <trkpt lat="43.00718198530376" lon="-1.406383020803332">
        <ele>878</ele>
      </trkpt>
      <trkpt lat="43.007183996960521" lon="-1.406373968347907">
        <ele>878</ele>
      </trkpt>
      <trkpt lat="43.007220961153507" lon="-1.40618403442204">
        <ele>881</ele>
      </trkpt>
      <trkpt lat="43.007235964760184" lon="-1.406062999740243">
        <ele>882</ele>
      </trkpt>
      <trkpt lat="43.00724501721561" lon="-1.405981024727225">
        <ele>883</ele>
      </trkpt>
      <trkpt lat="43.007249962538481" lon="-1.405940037220717">
        <ele>884</ele>
      </trkpt>
      <trkpt lat="43.007250968366861" lon="-1.405887985602021">
        <ele>885</ele>
      </trkpt>
      <trkpt lat="43.007249962538481" lon="-1.405838029459119">
        <ele>885</ele>
      </trkpt>
      <trkpt lat="43.007262032479048" lon="-1.405672989785671">
        <ele>887</ele>
      </trkpt>
      <trkpt lat="43.007263038307428" lon="-1.405612975358963">
        <ele>887</ele>
      </trkpt>
      <trkpt lat="43.007262032479048" lon="-1.405427986755967">
        <ele>888</ele>
      </trkpt>
      <trkpt lat="43.007266977801919" lon="-1.405388005077839">
        <ele>889</ele>
      </trkpt>
      <trkpt lat="43.007258009165525" lon="-1.405202010646462">
        <ele>891</ele>
      </trkpt>
      <trkpt lat="43.007257003337145" lon="-1.405134033411741">
        <ele>892</ele>
      </trkpt>
      <trkpt lat="43.007247028872371" lon="-1.405012998729944">
        <ele>893</ele>
      </trkpt>
      <trkpt lat="43.007264966145158" lon="-1.404953990131617">
        <ele>894</ele>
      </trkpt>
      <trkpt lat="43.007293967530131" lon="-1.404920965433121">
        <ele>894</ele>
      </trkpt>
      <trkpt lat="43.007306037470698" lon="-1.404879977926612">
        <ele>895</ele>
      </trkpt>
      <trkpt lat="43.007315006107092" lon="-1.404773024842143">
        <ele>897</ele>
      </trkpt>
      <trkpt lat="43.007312994450331" lon="-1.404718039557338">
        <ele>898</ele>
      </trkpt>
      <trkpt lat="43.00733101554215" lon="-1.404634974896908">
        <ele>899</ele>
      </trkpt>
      <trkpt lat="43.007355993613601" lon="-1.404597004875541">
        <ele>900</ele>
      </trkpt>
      <trkpt lat="43.007434029132128" lon="-1.404478987678886">
        <ele>901</ele>
      </trkpt>
      <trkpt lat="43.007499994710088" lon="-1.404376979917288">
        <ele>904</ele>
      </trkpt>
      <trkpt lat="43.00750301219523" lon="-1.404370022937655">
        <ele>904</ele>
      </trkpt>
      <trkpt lat="43.007511980831623" lon="-1.404334986582398">
        <ele>904</ele>
      </trkpt>
      <trkpt lat="43.007566966116428" lon="-1.404214035719633">
        <ele>906</ele>
      </trkpt>
      <trkpt lat="43.007555985823274" lon="-1.404119990766048">
        <ele>908</ele>
      </trkpt>
      <trkpt lat="43.007536958903074" lon="-1.404076991602778">
        <ele>908</ele>
      </trkpt>
      <trkpt lat="43.007536036893725" lon="-1.40403600409627">
        <ele>910</ele>
      </trkpt>
      <trkpt lat="43.007531007751822" lon="-1.403999961912632">
        <ele>910</ele>
      </trkpt>
      <trkpt lat="43.007507035508752" lon="-1.403969032689929">
        <ele>911</ele>
      </trkpt>
      <trkpt lat="43.007507035508752" lon="-1.403910024091601">
        <ele>912</ele>
      </trkpt>
      <trkpt lat="43.007501000538468" lon="-1.403813967481256">
        <ele>914</ele>
      </trkpt>
      <trkpt lat="43.007511980831623" lon="-1.403769962489605">
        <ele>917</ele>
      </trkpt>
      <trkpt lat="43.007517009973526" lon="-1.403697039932013">
        <ele>920</ele>
      </trkpt>
      <trkpt lat="43.007498988881707" lon="-1.403584973886609">
        <ele>920</ele>
      </trkpt>
      <trkpt lat="43.007477028295398" lon="-1.40356401912868">
        <ele>920</ele>
      </trkpt>
      <trkpt lat="43.007455989718437" lon="-1.40354298055172">
        <ele>921</ele>
      </trkpt>
      <trkpt lat="43.007421959191561" lon="-1.403524037450552">
        <ele>921</ele>
      </trkpt>
      <trkpt lat="43.007384994998574" lon="-1.403508028015494">
        <ele>923</ele>
      </trkpt>
      <trkpt lat="43.007384994998574" lon="-1.403508028015494">
        <ele>924</ele>
      </trkpt>
      <trkpt lat="43.007379965856671" lon="-1.403509033843875">
        <ele>924</ele>
      </trkpt>
      <trkpt lat="43.007379965856671" lon="-1.403512973338366">
        <ele>924</ele>
      </trkpt>
      <trkpt lat="43.007379965856671" lon="-1.403512973338366">
        <ele>924</ele>
      </trkpt>
      <trkpt lat="43.007378038018942" lon="-1.403514984995127">
        <ele>924</ele>
      </trkpt>
      <trkpt lat="43.007378960028291" lon="-1.403519008308649">
        <ele>924</ele>
      </trkpt>
      <trkpt lat="43.007377032190561" lon="-1.403523031622171">
        <ele>924</ele>
      </trkpt>
      <trkpt lat="43.007377032190561" lon="-1.403523031622171">
        <ele>924</ele>
      </trkpt>
      <trkpt lat="43.007376026362181" lon="-1.403527976945043">
        <ele>924</ele>
      </trkpt>
      <trkpt lat="43.007283993065357" lon="-1.403438039124012">
        <ele>925</ele>
      </trkpt>
      <trkpt lat="43.007279969751835" lon="-1.403372995555401">
        <ele>926</ele>
      </trkpt>
      <trkpt lat="43.007249040529132" lon="-1.403289008885622">
        <ele>931</ele>
      </trkpt>
      <trkpt lat="43.007226996123791" lon="-1.403234023600817">
        <ele>933</ele>
      </trkpt>
      <trkpt lat="43.007208975031972" lon="-1.403192030265927">
        <ele>933</ele>
      </trkpt>
      <trkpt lat="43.007223978638649" lon="-1.403066972270608">
        <ele>934</ele>
      </trkpt>
      <trkpt lat="43.007221966981888" lon="-1.403033025562763">
        <ele>935</ele>
      </trkpt>
      <trkpt lat="43.00722599029541" lon="-1.403006035834551">
        <ele>936</ele>
      </trkpt>
      <trkpt lat="43.007240993902087" lon="-1.402959013357759">
        <ele>939</ele>
      </trkpt>
      <trkpt lat="43.007243005558848" lon="-1.402949038892984">
        <ele>939</ele>
      </trkpt>
      <trkpt lat="43.00724602304399" lon="-1.402915008366108">
        <ele>939</ele>
      </trkpt>
      <trkpt lat="43.007240993902087" lon="-1.402853988111019">
        <ele>939</ele>
      </trkpt>
      <trkpt lat="43.007216015830636" lon="-1.402754997834563">
        <ele>941</ele>
      </trkpt>
      <trkpt lat="43.007193971425295" lon="-1.402741000056267">
        <ele>942</ele>
      </trkpt>
      <trkpt lat="43.007169999182224" lon="-1.402719039469957">
        <ele>944</ele>
      </trkpt>
      <trkpt lat="43.007152983918786" lon="-1.402708981186152">
        <ele>945</ele>
      </trkpt>
      <trkpt lat="43.007072014734149" lon="-1.402649972587824">
        <ele>947</ele>
      </trkpt>
      <trkpt lat="43.007006971165538" lon="-1.402590963989496">
        <ele>948</ele>
      </trkpt>
      <trkpt lat="43.006981993094087" lon="-1.402556011453271">
        <ele>949</ele>
      </trkpt>
      <trkpt lat="43.006930025294423" lon="-1.402481999248266">
        <ele>951</ele>
      </trkpt>
      <trkpt lat="43.006926001980901" lon="-1.402471018955112">
        <ele>951</ele>
      </trkpt>
      <trkpt lat="43.006914015859365" lon="-1.402454003691673">
        <ele>952</ele>
      </trkpt>
      <trkpt lat="43.006888031959534" lon="-1.402441011741757">
        <ele>952</ele>
      </trkpt>
      <trkpt lat="43.00686095841229" lon="-1.402417039498687">
        <ele>953</ele>
      </trkpt>
      <trkpt lat="43.00677496008575" lon="-1.402344033122063">
        <ele>955</ele>
      </trkpt>
      <trkpt lat="43.006726009771228" lon="-1.402314025908709">
        <ele>958</ele>
      </trkpt>
      <trkpt lat="43.006698014214635" lon="-1.402305979281664">
        <ele>959</ele>
      </trkpt>
      <trkpt lat="43.006630036979914" lon="-1.402248982340097">
        <ele>961</ele>
      </trkpt>
      <trkpt lat="43.006584020331502" lon="-1.40221000649035">
        <ele>961</ele>
      </trkpt>
      <trkpt lat="43.006555018946528" lon="-1.402192991226912">
        <ele>963</ele>
      </trkpt>
      <trkpt lat="43.006510008126497" lon="-1.402181005105376">
        <ele>966</ele>
      </trkpt>
      <trkpt lat="43.006432978436351" lon="-1.402109004557133">
        <ele>968</ele>
      </trkpt>
      <trkpt lat="43.006413029506803" lon="-1.402099030092359">
        <ele>968</ele>
      </trkpt>
      <trkpt lat="43.006343962624669" lon="-1.402041027322412">
        <ele>969</ele>
      </trkpt>
      <trkpt lat="43.006287971511483" lon="-1.401998028159142">
        <ele>971</ele>
      </trkpt>
      <trkpt lat="43.006262993440032" lon="-1.401972966268659">
        <ele>971</ele>
      </trkpt>
      <trkpt lat="43.006230974569917" lon="-1.401942959055305">
        <ele>973</ele>
      </trkpt>
      <trkpt lat="43.00615101121366" lon="-1.401880010962486">
        <ele>975</ele>
      </trkpt>
      <trkpt lat="43.006121004000306" lon="-1.401855032891035">
        <ele>979</ele>
      </trkpt>
      <trkpt lat="43.006080016493797" lon="-1.401827959343791">
        <ele>980</ele>
      </trkpt>
      <trkpt lat="43.006052020937204" lon="-1.401814967393875">
        <ele>979</ele>
      </trkpt>
      <trkpt lat="43.006017990410328" lon="-1.401788983494043">
        <ele>979</ele>
      </trkpt>
      <trkpt lat="43.00599804148078" lon="-1.401771968230605">
        <ele>980</ele>
      </trkpt>
      <trkpt lat="43.005940960720181" lon="-1.401732992380858">
        <ele>981</ele>
      </trkpt>
      <trkpt lat="43.005916988477111" lon="-1.401711031794548">
        <ele>982</ele>
      </trkpt>
      <trkpt lat="43.005858985707164" lon="-1.401668032631278">
        <ele>983</ele>
      </trkpt>
      <trkpt lat="43.005823027342558" lon="-1.401621010154486">
        <ele>985</ele>
      </trkpt>
      <trkpt lat="43.005815986543894" lon="-1.401591002941132">
        <ele>986</ele>
      </trkpt>
      <trkpt lat="43.005810035392642" lon="-1.401540040969849">
        <ele>990</ele>
      </trkpt>
      <trkpt lat="43.005813974887133" lon="-1.401509027928114">
        <ele>992</ele>
      </trkpt>
      <trkpt lat="43.005791008472443" lon="-1.401375001296401">
        <ele>992</ele>
      </trkpt>
      <trkpt lat="43.005796959623694" lon="-1.401319010183215">
        <ele>992</ele>
      </trkpt>
      <trkpt lat="43.00580601207912" lon="-1.401198981329799">
        <ele>994</ele>
      </trkpt>
      <trkpt lat="43.005809029564261" lon="-1.401099991053343">
        <ele>996</ele>
      </trkpt>
      <trkpt lat="43.005805006250739" lon="-1.401035031303763">
        <ele>998</ele>
      </trkpt>
      <trkpt lat="43.005820009857416" lon="-1.400989014655352">
        <ele>1001</ele>
      </trkpt>
      <trkpt lat="43.005822021514177" lon="-1.400981973856688">
        <ele>1002</ele>
      </trkpt>
      <trkpt lat="43.005825961008668" lon="-1.400952972471714">
        <ele>1003</ele>
      </trkpt>
      <trkpt lat="43.005839958786964" lon="-1.400929000228643">
        <ele>1003</ele>
      </trkpt>
      <trkpt lat="43.005845993757248" lon="-1.400895975530148">
        <ele>1003</ele>
      </trkpt>
      <trkpt lat="43.005858985707164" lon="-1.400835039094091">
        <ele>1003</ele>
      </trkpt>
      <trkpt lat="43.00589301623404" lon="-1.400790028274059">
        <ele>1003</ele>
      </trkpt>
      <trkpt lat="43.005932997912169" lon="-1.400769995525479">
        <ele>1004</ele>
      </trkpt>
      <trkpt lat="43.005959987640381" lon="-1.400730013847351">
        <ele>1004</ele>
      </trkpt>
      <trkpt lat="43.005981026217341" lon="-1.400667987763882">
        <ele>1006</ele>
      </trkpt>
      <trkpt lat="43.006002986803651" lon="-1.400587018579245">
        <ele>1008</ele>
      </trkpt>
      <trkpt lat="43.006012039259076" lon="-1.400551982223988">
        <ele>1011</ele>
      </trkpt>
      <trkpt lat="43.006059983745217" lon="-1.400488028302789">
        <ele>1014</ele>
      </trkpt>
      <trkpt lat="43.006116980686784" lon="-1.400424996390939">
        <ele>1014</ele>
      </trkpt>
      <trkpt lat="43.006124021485448" lon="-1.400410998612642">
        <ele>1014</ele>
      </trkpt>
      <trkpt lat="43.006171965971589" lon="-1.400342015549541">
        <ele>1016</ele>
      </trkpt>
      <trkpt lat="43.006182024255395" lon="-1.400311002507806">
        <ele>1018</ele>
      </trkpt>
      <trkpt lat="43.006252013146877" lon="-1.400189967826009">
        <ele>1020</ele>
      </trkpt>
      <trkpt lat="43.006312027573586" lon="-1.400073962286115">
        <ele>1022</ele>
      </trkpt>
      <trkpt lat="43.006314961239696" lon="-1.400063987821341">
        <ele>1022</ele>
      </trkpt>
      <trkpt lat="43.006320996209979" lon="-1.40001998282969">
        <ele>1023</ele>
      </trkpt>
      <trkpt lat="43.006339017301798" lon="-1.399874975904822">
        <ele>1026</ele>
      </trkpt>
      <trkpt lat="43.006343962624669" lon="-1.399817978963256">
        <ele>1030</ele>
      </trkpt>
      <trkpt lat="43.00634203478694" lon="-1.399776991456747">
        <ele>1031</ele>
      </trkpt>
      <trkpt lat="43.006356032565236" lon="-1.399747990071774">
        <ele>1031</ele>
      </trkpt>
      <trkpt lat="43.006429960951209" lon="-1.399641958996654">
        <ele>1031</ele>
      </trkpt>
      <trkpt lat="43.006426021456718" lon="-1.399600971490145">
        <ele>1031</ele>
      </trkpt>
      <trkpt lat="43.00638796761632" lon="-1.399613963440061">
        <ele>1031</ele>
      </trkpt>
      <trkpt lat="43.006335999816656" lon="-1.399623015895486">
        <ele>1031</ele>
      </trkpt>
      <trkpt lat="43.006333988159895" lon="-1.399473985657096">
        <ele>1032</ele>
      </trkpt>
      <trkpt lat="43.006340023130178" lon="-1.399368038401008">
        <ele>1033</ele>
      </trkpt>
      <trkpt lat="43.006340023130178" lon="-1.399281034246087">
        <ele>1035</ele>
      </trkpt>
      <trkpt lat="43.006331976503134" lon="-1.399253038689494">
        <ele>1036</ele>
      </trkpt>
      <trkpt lat="43.006330970674753" lon="-1.399167040362954">
        <ele>1037</ele>
      </trkpt>
      <trkpt lat="43.006327031180263" lon="-1.399120017886162">
        <ele>1038</ele>
      </trkpt>
      <trkpt lat="43.006334993988276" lon="-1.398980040103197">
        <ele>1040</ele>
      </trkpt>
      <trkpt lat="43.006361983716488" lon="-1.398850958794355">
        <ele>1042</ele>
      </trkpt>
      <trkpt lat="43.006368018686771" lon="-1.398679967969656">
        <ele>1044</ele>
      </trkpt>
      <trkpt lat="43.00638796761632" lon="-1.398520963266492">
        <ele>1045</ele>
      </trkpt>
      <trkpt lat="43.006401965394616" lon="-1.398376040160656">
        <ele>1048</ele>
      </trkpt>
      <trkpt lat="43.006410012021661" lon="-1.398295992985368">
        <ele>1051</ele>
      </trkpt>
      <trkpt lat="43.006415041163564" lon="-1.398247964680195">
        <ele>1054</ele>
      </trkpt>
      <trkpt lat="43.006419986486435" lon="-1.398125002160668">
        <ele>1056</ele>
      </trkpt>
      <trkpt lat="43.006437001749873" lon="-1.398012014105916">
        <ele>1056</ele>
      </trkpt>
      <trkpt lat="43.006446976214647" lon="-1.397957028821111">
        <ele>1056</ele>
      </trkpt>
      <trkpt lat="43.006445970386267" lon="-1.397802969440818">
        <ele>1058</ele>
      </trkpt>
      <trkpt lat="43.006447982043028" lon="-1.397797018289566">
        <ele>1058</ele>
      </trkpt>
      <trkpt lat="43.006449993699789" lon="-1.397726023569703">
        <ele>1059</ele>
      </trkpt>
      <trkpt lat="43.006437001749873" lon="-1.397687969729304">
        <ele>1060</ele>
      </trkpt>
      <trkpt lat="43.006427027285099" lon="-1.397639019414783">
        <ele>1060</ele>
      </trkpt>
      <trkpt lat="43.006389979273081" lon="-1.39752502553165">
        <ele>1061</ele>
      </trkpt>
      <trkpt lat="43.006384028121829" lon="-1.397484038025141">
        <ele>1061</ele>
      </trkpt>
      <trkpt lat="43.006362989544868" lon="-1.397386975586414">
        <ele>1063</ele>
      </trkpt>
      <trkpt lat="43.006339017301798" lon="-1.39731103554368">
        <ele>1068</ele>
      </trkpt>
      <trkpt lat="43.006348991766572" lon="-1.397166028618813">
        <ele>1069</ele>
      </trkpt>
      <trkpt lat="43.006389979273081" lon="-1.396964024752379">
        <ele>1069</ele>
      </trkpt>
      <trkpt lat="43.006420992314816" lon="-1.396765960380435">
        <ele>1067</ele>
      </trkpt>
      <trkpt lat="43.00647396594286" lon="-1.396567979827523">
        <ele>1068</ele>
      </trkpt>
      <trkpt lat="43.006552001461387" lon="-1.396383997052908">
        <ele>1070</ele>
      </trkpt>
      <trkpt lat="43.006610004231334" lon="-1.396252987906337">
        <ele>1070</ele>
      </trkpt>
      <trkpt lat="43.006619978696108" lon="-1.396220969036222">
        <ele>1070</ele>
      </trkpt>
      <trkpt lat="43.006680998951197" lon="-1.396079985424876">
        <ele>1070</ele>
      </trkpt>
      <trkpt lat="43.006743025034666" lon="-1.395940007641912">
        <ele>1070</ele>
      </trkpt>
      <trkpt lat="43.006874034181237" lon="-1.395717971026897">
        <ele>1070</ele>
      </trkpt>
      <trkpt lat="43.006994985044003" lon="-1.395470034331083">
        <ele>1069</ele>
      </trkpt>
      <trkpt lat="43.007076038047671" lon="-1.395304994657636">
        <ele>1067</ele>
      </trkpt>
      <trkpt lat="43.007079977542162" lon="-1.395267024636269">
        <ele>1067</ele>
      </trkpt>
      <trkpt lat="43.007107973098755" lon="-1.395238023251295">
        <ele>1065</ele>
      </trkpt>
      <trkpt lat="43.007107973098755" lon="-1.395236011594534">
        <ele>1065</ele>
      </trkpt>
      <trkpt lat="43.007107973098755" lon="-1.395236011594534">
        <ele>1065</ele>
      </trkpt>
      <trkpt lat="43.007107973098755" lon="-1.395232994109392">
        <ele>1065</ele>
      </trkpt>
      <trkpt lat="43.007113002240658" lon="-1.395235005766153">
        <ele>1065</ele>
      </trkpt>
      <trkpt lat="43.007111996412277" lon="-1.395232994109392">
        <ele>1065</ele>
      </trkpt>
      <trkpt lat="43.007111996412277" lon="-1.395232994109392">
        <ele>1065</ele>
      </trkpt>
      <trkpt lat="43.007114008069038" lon="-1.395232994109392">
        <ele>1065</ele>
      </trkpt>
      <trkpt lat="43.00713898614049" lon="-1.395196029916406">
        <ele>1066</ele>
      </trkpt>
      <trkpt lat="43.007255997508764" lon="-1.395049011334777">
        <ele>1067</ele>
      </trkpt>
      <trkpt lat="43.007346019148827" lon="-1.394911967217922">
        <ele>1068</ele>
      </trkpt>
      <trkpt lat="43.007432017475367" lon="-1.394757991656661">
        <ele>1070</ele>
      </trkpt>
      <trkpt lat="43.007496977224946" lon="-1.394624970853329">
        <ele>1072</ele>
      </trkpt>
      <trkpt lat="43.007514998316765" lon="-1.394599992781878">
        <ele>1073</ele>
      </trkpt>
      <trkpt lat="43.007513992488384" lon="-1.394546013325453">
        <ele>1073</ele>
      </trkpt>
      <trkpt lat="43.007553974166512" lon="-1.394464960321784">
        <ele>1074</ele>
      </trkpt>
      <trkpt lat="43.007577024400234" lon="-1.394427996128798">
        <ele>1076</ele>
      </trkpt>
      <trkpt lat="43.007613988593221" lon="-1.394398994743824">
        <ele>1076</ele>
      </trkpt>
      <trkpt lat="43.007627986371517" lon="-1.39436898753047">
        <ele>1077</ele>
      </trkpt>
      <trkpt lat="43.007680959999561" lon="-1.394280977547169">
        <ele>1078</ele>
      </trkpt>
      <trkpt lat="43.007705016061664" lon="-1.394258011132479">
        <ele>1079</ele>
      </trkpt>
      <trkpt lat="43.007737034931779" lon="-1.394187016412616">
        <ele>1080</ele>
      </trkpt>
      <trkpt lat="43.007818004116416" lon="-1.394070005044341">
        <ele>1083</ele>
      </trkpt>
      <trkpt lat="43.007888998836279" lon="-1.393952993676066">
        <ele>1086</ele>
      </trkpt>
      <trkpt lat="43.007930992171168" lon="-1.393878981471062">
        <ele>1086</ele>
      </trkpt>
      <trkpt lat="43.00795597024262" lon="-1.393842017278075">
        <ele>1088</ele>
      </trkpt>
      <trkpt lat="43.008031994104385" lon="-1.393716037273407">
        <ele>1090</ele>
      </trkpt>
      <trkpt lat="43.008038029074669" lon="-1.393710002303124">
        <ele>1090</ele>
      </trkpt>
      <trkpt lat="43.00806300714612" lon="-1.393669014796615">
        <ele>1091</ele>
      </trkpt>
      <trkpt lat="43.008163003250957" lon="-1.393516967073083">
        <ele>1094</ele>
      </trkpt>
      <trkpt lat="43.008252019062638" lon="-1.393384030088782">
        <ele>1096</ele>
      </trkpt>
      <trkpt lat="43.008260987699032" lon="-1.393373971804977">
        <ele>1096</ele>
      </trkpt>
      <trkpt lat="43.008284959942102" lon="-1.393326027318835">
        <ele>1097</ele>
      </trkpt>
      <trkpt lat="43.008400965481997" lon="-1.393169034272432">
        <ele>1099</ele>
      </trkpt>
      <trkpt lat="43.008518982678652" lon="-1.392975999042392">
        <ele>1100</ele>
      </trkpt>
      <trkpt lat="43.008628031238914" lon="-1.39279997907579">
        <ele>1102</ele>
      </trkpt>
      <trkpt lat="43.008739007636905" lon="-1.392619013786316">
        <ele>1104</ele>
      </trkpt>
      <trkpt lat="43.008837997913361" lon="-1.39245699159801">
        <ele>1106</ele>
      </trkpt>
      <trkpt lat="43.008963977918029" lon="-1.392236966639757">
        <ele>1108</ele>
      </trkpt>
      <trkpt lat="43.009043019264936" lon="-1.392040997743607">
        <ele>1109</ele>
      </trkpt>
      <trkpt lat="43.009109990671277" lon="-1.391744026914239">
        <ele>1110</ele>
      </trkpt>
      <trkpt lat="43.009138992056251" lon="-1.391416965052486">
        <ele>1107</ele>
      </trkpt>
      <trkpt lat="43.009200012311339" lon="-1.391047993674874">
        <ele>1105</ele>
      </trkpt>
      <trkpt lat="43.009260026738048" lon="-1.390786981210113">
        <ele>1105</ele>
      </trkpt>
      <trkpt lat="43.009308977052569" lon="-1.390542984008789">
        <ele>1105</ele>
      </trkpt>
      <trkpt lat="43.009294979274273" lon="-1.390308039262891">
        <ele>1106</ele>
      </trkpt>
      <trkpt lat="43.009297996759415" lon="-1.390203014016151">
        <ele>1107</ele>
      </trkpt>
      <trkpt lat="43.009315012022853" lon="-1.389992963522673">
        <ele>1110</ele>
      </trkpt>
      <trkpt lat="43.009359017014503" lon="-1.389780985191464">
        <ele>1112</ele>
      </trkpt>
      <trkpt lat="43.009388018399477" lon="-1.389632960781455">
        <ele>1116</ele>
      </trkpt>
      <trkpt lat="43.009392963722348" lon="-1.3896219804883">
        <ele>1117</ele>
      </trkpt>
      <trkpt lat="43.009449038654566" lon="-1.389408996328712">
        <ele>1117</ele>
      </trkpt>
      <trkpt lat="43.009517015889287" lon="-1.389123005792499">
        <ele>1117</ele>
      </trkpt>
      <trkpt lat="43.009575018659234" lon="-1.388818994164467">
        <ele>1118</ele>
      </trkpt>
      <trkpt lat="43.009657999500632" lon="-1.388525040820241">
        <ele>1118</ele>
      </trkpt>
      <trkpt lat="43.009669985622168" lon="-1.388486986979842">
        <ele>1118</ele>
      </trkpt>
      <trkpt lat="43.009725976735353" lon="-1.3882249686867">
        <ele>1120</ele>
      </trkpt>
      <trkpt lat="43.009755983948708" lon="-1.387973008677363">
        <ele>1123</ele>
      </trkpt>
      <trkpt lat="43.009756989777088" lon="-1.387936966493726">
        <ele>1125</ele>
      </trkpt>
      <trkpt lat="43.009800994768739" lon="-1.387633960694075">
        <ele>1128</ele>
      </trkpt>
      <trkpt lat="43.009804012253881" lon="-1.387602025642991">
        <ele>1127</ele>
      </trkpt>
      <trkpt lat="43.009794037789106" lon="-1.387212015688419">
        <ele>1125</ele>
      </trkpt>
      <trkpt lat="43.009827984496951" lon="-1.386865004897118">
        <ele>1123</ele>
      </trkpt>
      <trkpt lat="43.009852040559053" lon="-1.386581026017666">
        <ele>1121</ele>
      </trkpt>
      <trkpt lat="43.009878024458885" lon="-1.38631297275424">
        <ele>1120</ele>
      </trkpt>
      <trkpt lat="43.009864026680589" lon="-1.386020025238395">
        <ele>1119</ele>
      </trkpt>
      <trkpt lat="43.009823961183429" lon="-1.385781979188323">
        <ele>1119</ele>
      </trkpt>
      <trkpt lat="43.009751960635185" lon="-1.385566983371973">
        <ele>1120</ele>
      </trkpt>
      <trkpt lat="43.009763024747372" lon="-1.385433962568641">
        <ele>1122</ele>
      </trkpt>
      <trkpt lat="43.009807029739022" lon="-1.3853860180825">
        <ele>1122</ele>
      </trkpt>
      <trkpt lat="43.009833013638854" lon="-1.385334972292185">
        <ele>1122</ele>
      </trkpt>
      <trkpt lat="43.00978297367692" lon="-1.385155012831092">
        <ele>1122</ele>
      </trkpt>
      <trkpt lat="43.009778028354049" lon="-1.385147972032428">
        <ele>1123</ele>
      </trkpt>
      <trkpt lat="43.009743997827172" lon="-1.385068008676171">
        <ele>1123</ele>
      </trkpt>
      <trkpt lat="43.009703010320663" lon="-1.384884025901556">
        <ele>1124</ele>
      </trkpt>
      <trkpt lat="43.009685995057225" lon="-1.384712029248476">
        <ele>1126</ele>
      </trkpt>
      <trkpt lat="43.009671997278929" lon="-1.384601974859834">
        <ele>1128</ele>
      </trkpt>
      <trkpt lat="43.009664034470916" lon="-1.384518994018436">
        <ele>1129</ele>
      </trkpt>
      <trkpt lat="43.009633021429181" lon="-1.384402988478541">
        <ele>1131</ele>
      </trkpt>
      <trkpt lat="43.009624974802136" lon="-1.384326964616776">
        <ele>1132</ele>
      </trkpt>
      <trkpt lat="43.009618017822504" lon="-1.384279020130634">
        <ele>1133</ele>
      </trkpt>
      <trkpt lat="43.009616006165743" lon="-1.384237026795745">
        <ele>1133</ele>
      </trkpt>
      <trkpt lat="43.009617011994123" lon="-1.384200984612107">
        <ele>1134</ele>
      </trkpt>
      <trkpt lat="43.009580969810486" lon="-1.384041979908943">
        <ele>1136</ele>
      </trkpt>
      <trkpt lat="43.009580969810486" lon="-1.38394801877439">
        <ele>1137</ele>
      </trkpt>
      <trkpt lat="43.009573007002473" lon="-1.383789014071226">
        <ele>1139</ele>
      </trkpt>
      <trkpt lat="43.009564960375428" lon="-1.383680971339345">
        <ele>1143</ele>
      </trkpt>
      <trkpt lat="43.009568983688951" lon="-1.383641995489597">
        <ele>1147</ele>
      </trkpt>
      <trkpt lat="43.009570995345712" lon="-1.383544011041522">
        <ele>1148</ele>
      </trkpt>
      <trkpt lat="43.009563032537699" lon="-1.383422976359725">
        <ele>1148</ele>
      </trkpt>
      <trkpt lat="43.009563032537699" lon="-1.383417025208473">
        <ele>1148</ele>
      </trkpt>
      <trkpt lat="43.009552974253893" lon="-1.383374026045203">
        <ele>1149</ele>
      </trkpt>
      <trkpt lat="43.009542999789119" lon="-1.383318034932017">
        <ele>1149</ele>
      </trkpt>
      <trkpt lat="43.009548028931022" lon="-1.38319599442184">
        <ele>1152</ele>
      </trkpt>
      <trkpt lat="43.009549034759402" lon="-1.383078983053565">
        <ele>1155</ele>
      </trkpt>
      <trkpt lat="43.009551968425512" lon="-1.383002959191799">
        <ele>1157</ele>
      </trkpt>
      <trkpt lat="43.009548028931022" lon="-1.3829580321908">
        <ele>1158</ele>
      </trkpt>
      <trkpt lat="43.009542999789119" lon="-1.382924001663923">
        <ele>1158</ele>
      </trkpt>
      <trkpt lat="43.009534031152725" lon="-1.382882008329034">
        <ele>1159</ele>
      </trkpt>
      <trkpt lat="43.009535036981106" lon="-1.38283004052937">
        <ele>1163</ele>
      </trkpt>
      <trkpt lat="43.009564960375428" lon="-1.38270297087729">
        <ele>1164</ele>
      </trkpt>
      <trkpt lat="43.009560015052557" lon="-1.38268101029098">
        <ele>1164</ele>
      </trkpt>
      <trkpt lat="43.009560015052557" lon="-1.382649997249246">
        <ele>1165</ele>
      </trkpt>
      <trkpt lat="43.009537970647216" lon="-1.38255100697279">
        <ele>1167</ele>
      </trkpt>
      <trkpt lat="43.009539982303977" lon="-1.38242301531136">
        <ele>1170</ele>
      </trkpt>
      <trkpt lat="43.009541993960738" lon="-1.38231698423624">
        <ele>1172</ele>
      </trkpt>
      <trkpt lat="43.009566972032189" lon="-1.382215982303023">
        <ele>1174</ele>
      </trkpt>
      <trkpt lat="43.009523972868919" lon="-1.382145993411541">
        <ele>1176</ele>
      </trkpt>
      <trkpt lat="43.009523972868919" lon="-1.382145993411541">
        <ele>1176</ele>
      </trkpt>
      <trkpt lat="43.009507963433862" lon="-1.382124032825232">
        <ele>1176</ele>
      </trkpt>
      <trkpt lat="43.009487008675933" lon="-1.382068963721395">
        <ele>1176</ele>
      </trkpt>
      <trkpt lat="43.009475022554398" lon="-1.381973996758461">
        <ele>1176</ele>
      </trkpt>
      <trkpt lat="43.009474016726017" lon="-1.381914988160133">
        <ele>1176</ele>
      </trkpt>
      <trkpt lat="43.009397992864251" lon="-1.381669985130429">
        <ele>1175</ele>
      </trkpt>
      <trkpt lat="43.009392041712999" lon="-1.381652969866991">
        <ele>1174</ele>
      </trkpt>
      <trkpt lat="43.009358011186123" lon="-1.381501005962491">
        <ele>1172</ele>
      </trkpt>
      <trkpt lat="43.009361028671265" lon="-1.381415007635951">
        <ele>1168</ele>
      </trkpt>
      <trkpt lat="43.009364968165755" lon="-1.381248962134123">
        <ele>1165</ele>
      </trkpt>
      <trkpt lat="43.009347030892968" lon="-1.381180984899402">
        <ele>1165</ele>
      </trkpt>
      <trkpt lat="43.009314006194472" lon="-1.381045030429959">
        <ele>1163</ele>
      </trkpt>
      <trkpt lat="43.009306965395808" lon="-1.380950985476375">
        <ele>1158</ele>
      </trkpt>
      <trkpt lat="43.009308977052569" lon="-1.380860963836312">
        <ele>1155</ele>
      </trkpt>
      <trkpt lat="43.009303025901318" lon="-1.380678992718458">
        <ele>1155</ele>
      </trkpt>
      <trkpt lat="43.009302020072937" lon="-1.380628030747175">
        <ele>1155</ele>
      </trkpt>
      <trkpt lat="43.00926698371768" lon="-1.380404988303781">
        <ele>1154</ele>
      </trkpt>
      <trkpt lat="43.009245023131371" lon="-1.380369029939175">
        <ele>1154</ele>
      </trkpt>
      <trkpt lat="43.009174028411508" lon="-1.380223017185926">
        <ele>1152</ele>
      </trkpt>
      <trkpt lat="43.009116025641561" lon="-1.379947001114488">
        <ele>1152</ele>
      </trkpt>
      <trkpt lat="43.009062968194485" lon="-1.379709960892797">
        <ele>1150</ele>
      </trkpt>
      <trkpt lat="43.009024998173118" lon="-1.37952296063304">
        <ele>1148</ele>
      </trkpt>
      <trkpt lat="43.008973030373454" lon="-1.379368985071778">
        <ele>1145</ele>
      </trkpt>
      <trkpt lat="43.008978981524706" lon="-1.379288015887141">
        <ele>1141</ele>
      </trkpt>
      <trkpt lat="43.008991973474622" lon="-1.37920000590384">
        <ele>1139</ele>
      </trkpt>
      <trkpt lat="43.009001025930047" lon="-1.37913596816361">
        <ele>1139</ele>
      </trkpt>
      <trkpt lat="43.008958026766777" lon="-1.379059022292495">
        <ele>1138</ele>
      </trkpt>
      <trkpt lat="43.008960038423538" lon="-1.378850983455777">
        <ele>1137</ele>
      </trkpt>
      <trkpt lat="43.008970012888312" lon="-1.378747969865799">
        <ele>1136</ele>
      </trkpt>
      <trkpt lat="43.008949980139732" lon="-1.378477988764644">
        <ele>1135</ele>
      </trkpt>
      <trkpt lat="43.0089430231601" lon="-1.378357959911227">
        <ele>1135</ele>
      </trkpt>
      <trkpt lat="43.008931959047914" lon="-1.378183029592037">
        <ele>1137</ele>
      </trkpt>
      <trkpt lat="43.008917961269617" lon="-1.378070041537285">
        <ele>1139</ele>
      </trkpt>
      <trkpt lat="43.008908992633224" lon="-1.378037016838789">
        <ele>1140</ele>
      </trkpt>
      <trkpt lat="43.008891977369785" lon="-1.377930985763669">
        <ele>1142</ele>
      </trkpt>
      <trkpt lat="43.008886026218534" lon="-1.37782596051693">
        <ele>1143</ele>
      </trkpt>
      <trkpt lat="43.008931037038565" lon="-1.377734011039138">
        <ele>1146</ele>
      </trkpt>
      <trkpt lat="43.008931037038565" lon="-1.377734011039138">
        <ele>1148</ele>
      </trkpt>
      <trkpt lat="43.008931037038565" lon="-1.377734011039138">
        <ele>1148</ele>
      </trkpt>
      <trkpt lat="43.008931037038565" lon="-1.377734011039138">
        <ele>1148</ele>
      </trkpt>
      <trkpt lat="43.008894994854927" lon="-1.377575006335974">
        <ele>1148</ele>
      </trkpt>
      <trkpt lat="43.008858030661941" lon="-1.37752203270793">
        <ele>1149</ele>
      </trkpt>
      <trkpt lat="43.008824000135064" lon="-1.377491019666195">
        <ele>1150</ele>
      </trkpt>
      <trkpt lat="43.008806984871626" lon="-1.377466963604093">
        <ele>1150</ele>
      </trkpt>
      <trkpt lat="43.008774966001511" lon="-1.377420024946332">
        <ele>1154</ele>
      </trkpt>
      <trkpt lat="43.008739007636905" lon="-1.377385994419456">
        <ele>1158</ele>
      </trkpt>
      <trkpt lat="43.008716963231564" lon="-1.37737400829792">
        <ele>1158</ele>
      </trkpt>
      <trkpt lat="43.008692990988493" lon="-1.377361016348004">
        <ele>1158</ele>
      </trkpt>
      <trkpt lat="43.008605986833572" lon="-1.377279963344336">
        <ele>1158</ele>
      </trkpt>
      <trkpt lat="43.008572040125728" lon="-1.377248028293252">
        <ele>1159</ele>
      </trkpt>
      <trkpt lat="43.008566005155444" lon="-1.37722103856504">
        <ele>1160</ele>
      </trkpt>
      <trkpt lat="43.008611015975475" lon="-1.377184996381402">
        <ele>1160</ele>
      </trkpt>
      <trkpt lat="43.008705982938409" lon="-1.377176027745009">
        <ele>1162</ele>
      </trkpt>
      <trkpt lat="43.00873096100986" lon="-1.377162029966712">
        <ele>1162</ele>
      </trkpt>
      <trkpt lat="43.008776977658272" lon="-1.377106038853526">
        <ele>1164</ele>
      </trkpt>
      <trkpt lat="43.008822994306684" lon="-1.377074019983411">
        <ele>1165</ele>
      </trkpt>
      <trkpt lat="43.008876973763108" lon="-1.377014005556703">
        <ele>1167</ele>
      </trkpt>
      <trkpt lat="43.008883008733392" lon="-1.376993972808123">
        <ele>1168</ele>
      </trkpt>
      <trkpt lat="43.008898012340069" lon="-1.37696597725153">
        <ele>1169</ele>
      </trkpt>
      <trkpt lat="43.008905975148082" lon="-1.376919038593769">
        <ele>1169</ele>
      </trkpt>
      <trkpt lat="43.008903963491321" lon="-1.376833962276578">
        <ele>1173</ele>
      </trkpt>
      <trkpt lat="43.008904969319701" lon="-1.376827005296946">
        <ele>1176</ele>
      </trkpt>
      <trkpt lat="43.008889965713024" lon="-1.37672801502049">
        <ele>1177</ele>
      </trkpt>
      <trkpt lat="43.008876973763108" lon="-1.37664201669395">
        <ele>1178</ele>
      </trkpt>
      <trkpt lat="43.008876973763108" lon="-1.37664201669395">
        <ele>1178</ele>
      </trkpt>
      <trkpt lat="43.008864987641573" lon="-1.376531040295959">
        <ele>1180</ele>
      </trkpt>
      <trkpt lat="43.008860964328051" lon="-1.376517964527011">
        <ele>1181</ele>
      </trkpt>
      <trkpt lat="43.00883699208498" lon="-1.376448981463909">
        <ele>1184</ele>
      </trkpt>
      <trkpt lat="43.008835986256599" lon="-1.376390978693962">
        <ele>1187</ele>
      </trkpt>
      <trkpt lat="43.008831962943077" lon="-1.376286037266254">
        <ele>1187</ele>
      </trkpt>
      <trkpt lat="43.008827017620206" lon="-1.376206995919347">
        <ele>1189</ele>
      </trkpt>
      <trkpt lat="43.008829029276967" lon="-1.37617195956409">
        <ele>1190</ele>
      </trkpt>
      <trkpt lat="43.008824000135064" lon="-1.376071041449904">
        <ele>1192</ele>
      </trkpt>
      <trkpt lat="43.008818970993161" lon="-1.37595696374774">
        <ele>1195</ele>
      </trkpt>
      <trkpt lat="43.008816037327051" lon="-1.375944977626205">
        <ele>1195</ele>
      </trkpt>
      <trkpt lat="43.008822994306684" lon="-1.375795025378466">
        <ele>1197</ele>
      </trkpt>
      <trkpt lat="43.008964983746409" lon="-1.375695029273629">
        <ele>1198</ele>
      </trkpt>
      <trkpt lat="43.009116025641561" lon="-1.375607019290328">
        <ele>1198</ele>
      </trkpt>
      <trkpt lat="43.009145027026534" lon="-1.37559100985527">
        <ele>1198</ele>
      </trkpt>
      <trkpt lat="43.009179979562759" lon="-1.375538036227226">
        <ele>1198</ele>
      </trkpt>
      <trkpt lat="43.009311994537711" lon="-1.375439967960119">
        <ele>1200</ele>
      </trkpt>
      <trkpt lat="43.009367985650897" lon="-1.375382971018553">
        <ele>1201</ele>
      </trkpt>
      <trkpt lat="43.009537970647216" lon="-1.375295966863632">
        <ele>1202</ele>
      </trkpt>
      <trkpt lat="43.009597985073924" lon="-1.375276017934084">
        <ele>1203</ele>
      </trkpt>
      <trkpt lat="43.009747015312314" lon="-1.375185996294022">
        <ele>1204</ele>
      </trkpt>
      <trkpt lat="43.009884981438518" lon="-1.375104021281004">
        <ele>1205</ele>
      </trkpt>
      <trkpt lat="43.010010961443186" lon="-1.375021962448955">
        <ele>1207</ele>
      </trkpt>
      <trkpt lat="43.01008396781981" lon="-1.374950967729092">
        <ele>1207</ele>
      </trkpt>
      <trkpt lat="43.01008396781981" lon="-1.374950967729092">
        <ele>1208</ele>
      </trkpt>
      <trkpt lat="43.010093020275235" lon="-1.374951973557472">
        <ele>1208</ele>
      </trkpt>
      <trkpt lat="43.010214976966381" lon="-1.374937975779176">
        <ele>1208</ele>
      </trkpt>
      <trkpt lat="43.010213971138" lon="-1.374939987435937">
        <ele>1208</ele>
      </trkpt>
      <trkpt lat="43.010215982794762" lon="-1.374938981607556">
        <ele>1208</ele>
      </trkpt>
      <trkpt lat="43.010215982794762" lon="-1.374938981607556">
        <ele>1208</ele>
      </trkpt>
      <trkpt lat="43.010219000279903" lon="-1.374937975779176">
        <ele>1208</ele>
      </trkpt>
      <trkpt lat="43.010271973907948" lon="-1.374917021021247">
        <ele>1208</ele>
      </trkpt>
      <trkpt lat="43.010486969724298" lon="-1.374931018799543">
        <ele>1208</ele>
      </trkpt>
      <trkpt lat="43.010665001347661" lon="-1.374915009364486">
        <ele>1206</ele>
      </trkpt>
      <trkpt lat="43.010709006339312" lon="-1.374907968565822">
        <ele>1202</ele>
      </trkpt>
      <trkpt lat="43.010762985795736" lon="-1.374906040728092">
        <ele>1199</ele>
      </trkpt>
      <trkpt lat="43.010788969695568" lon="-1.37490201741457">
        <ele>1198</ele>
      </trkpt>
      <trkpt lat="43.010803973302245" lon="-1.374904029071331">
        <ele>1198</ele>
      </trkpt>
      <trkpt lat="43.011020980775356" lon="-1.374898999929428">
        <ele>1198</ele>
      </trkpt>
      <trkpt lat="43.011101027950644" lon="-1.374890031293035">
        <ele>1194</ele>
      </trkpt>
      <trkpt lat="43.011172022670507" lon="-1.374869998544455">
        <ele>1191</ele>
      </trkpt>
      <trkpt lat="43.011357011273503" lon="-1.374866981059313">
        <ele>1188</ele>
      </trkpt>
      <trkpt lat="43.011506041511893" lon="-1.37486002407968">
        <ele>1185</ele>
      </trkpt>
      <trkpt lat="43.011535964906216" lon="-1.374862035736442">
        <ele>1182</ele>
      </trkpt>
      <trkpt lat="43.011592961847782" lon="-1.3748590182513">
        <ele>1179</ele>
      </trkpt>
      <trkpt lat="43.011682983487844" lon="-1.374854994937778">
        <ele>1179</ele>
      </trkpt>
      <trkpt lat="43.01173796877265" lon="-1.374822976067662">
        <ele>1179</ele>
      </trkpt>
      <trkpt lat="43.011902002617717" lon="-1.374831022694707">
        <ele>1175</ele>
      </trkpt>
      <trkpt lat="43.011963022872806" lon="-1.374831022694707">
        <ele>1171</ele>
      </trkpt>
      <trkpt lat="43.011986995115876" lon="-1.374842002987862">
        <ele>1170</ele>
      </trkpt>
      <trkpt lat="43.012007027864456" lon="-1.374851977452636">
        <ele>1169</ele>
      </trkpt>
      <trkpt lat="43.012180030345917" lon="-1.374843008816242">
        <ele>1167</ele>
      </trkpt>
      <trkpt lat="43.012243984267116" lon="-1.374833034351468">
        <ele>1164</ele>
      </trkpt>
      <trkpt lat="43.012271979823709" lon="-1.374832028523088">
        <ele>1161</ele>
      </trkpt>
      <trkpt lat="43.012286983430386" lon="-1.374832028523088">
        <ele>1160</ele>
      </trkpt>
      <trkpt lat="43.012379016727209" lon="-1.374819036573172">
        <ele>1157</ele>
      </trkpt>
      <trkpt lat="43.012425033375621" lon="-1.374822976067662">
        <ele>1157</ele>
      </trkpt>
      <trkpt lat="43.012693002820015" lon="-1.374801015481353">
        <ele>1155</ele>
      </trkpt>
      <trkpt lat="43.012742036953568" lon="-1.374819036573172">
        <ele>1154</ele>
      </trkpt>
      <trkpt lat="43.013016963377595" lon="-1.374908974394202">
        <ele>1154</ele>
      </trkpt>
      <trkpt lat="43.013193989172578" lon="-1.374925989657641">
        <ele>1153</ele>
      </trkpt>
      <trkpt lat="43.013278981670737" lon="-1.374944010749459">
        <ele>1153</ele>
      </trkpt>
      <trkpt lat="43.013338996097445" lon="-1.374944010749459">
        <ele>1152</ele>
      </trkpt>
      <trkpt lat="43.013516021892428" lon="-1.374991033226252">
        <ele>1151</ele>
      </trkpt>
      <trkpt lat="43.013770999386907" lon="-1.375137967988849">
        <ele>1148</ele>
      </trkpt>
      <trkpt lat="43.013899996876717" lon="-1.375217009335756">
        <ele>1148</ele>
      </trkpt>
      <trkpt lat="43.014137959107757" lon="-1.375297978520393">
        <ele>1148</ele>
      </trkpt>
      <trkpt lat="43.014376005157828" lon="-1.375368973240256">
        <ele>1148</ele>
      </trkpt>
      <trkpt lat="43.014593012630939" lon="-1.375452959910035">
        <ele>1147</ele>
      </trkpt>
      <trkpt lat="43.014770038425922" lon="-1.375513980165124">
        <ele>1144</ele>
      </trkpt>
      <trkpt lat="43.014850001782179" lon="-1.375544993206859">
        <ele>1140</ele>
      </trkpt>
      <trkpt lat="43.01513297483325" lon="-1.375586986541748">
        <ele>1139</ele>
      </trkpt>
      <trkpt lat="43.015184020623565" lon="-1.375588998198509">
        <ele>1138</ele>
      </trkpt>
      <trkpt lat="43.015416031703353" lon="-1.375466035678983">
        <ele>1138</ele>
      </trkpt>
      <trkpt lat="43.015596996992826" lon="-1.375321028754115">
        <ele>1138</ele>
      </trkpt>
      <trkpt lat="43.015819033607841" lon="-1.375249028205872">
        <ele>1139</ele>
      </trkpt>
      <trkpt lat="43.01601299084723" lon="-1.375150959938765">
        <ele>1139</ele>
      </trkpt>
      <trkpt lat="43.016266040503979" lon="-1.37496798299253">
        <ele>1138</ele>
      </trkpt>
      <trkpt lat="43.016278026625514" lon="-1.374954991042614">
        <ele>1138</ele>
      </trkpt>
      <trkpt lat="43.01644298247993" lon="-1.374734966084361">
        <ele>1138</ele>
      </trkpt>
      <trkpt lat="43.016634006053209" lon="-1.374511001631618">
        <ele>1138</ele>
      </trkpt>
      <trkpt lat="43.016783036291599" lon="-1.374356020241976">
        <ele>1137</ele>
      </trkpt>
      <trkpt lat="43.016864005476236" lon="-1.37421696446836">
        <ele>1137</ele>
      </trkpt>
      <trkpt lat="43.016927959397435" lon="-1.374072963371873">
        <ele>1137</ele>
      </trkpt>
      <trkpt lat="43.016926031559706" lon="-1.373755037784576">
        <ele>1137</ele>
      </trkpt>
      <trkpt lat="43.016796028241515" lon="-1.373462006449699">
        <ele>1136</ele>
      </trkpt>
      <trkpt lat="43.016707012429833" lon="-1.373243993148208">
        <ele>1136</ele>
      </trkpt>
      <trkpt lat="43.016644986346364" lon="-1.373014999553561">
        <ele>1136</ele>
      </trkpt>
      <trkpt lat="43.016642974689603" lon="-1.372919026762247">
        <ele>1136</ele>
      </trkpt>
      <trkpt lat="43.016637023538351" lon="-1.372820036485791">
        <ele>1136</ele>
      </trkpt>
      <trkpt lat="43.01661497913301" lon="-1.372585007920861">
        <ele>1135</ele>
      </trkpt>
      <trkpt lat="43.016629982739687" lon="-1.3723049685359">
        <ele>1135</ele>
      </trkpt>
      <trkpt lat="43.016641968861222" lon="-1.371972039341927">
        <ele>1133</ele>
      </trkpt>
      <trkpt lat="43.016640041023493" lon="-1.371951000764966">
        <ele>1132</ele>
      </trkpt>
      <trkpt lat="43.016666024923325" lon="-1.371696023270488">
        <ele>1131</ele>
      </trkpt>
      <trkpt lat="43.016731990501285" lon="-1.371397962793708">
        <ele>1129</ele>
      </trkpt>
      <trkpt lat="43.016824023798108" lon="-1.371173998340964">
        <ele>1127</ele>
      </trkpt>
      <trkpt lat="43.016967019066215" lon="-1.370922960340977">
        <ele>1125</ele>
      </trkpt>
      <trkpt lat="43.017139015719295" lon="-1.370768984779716">
        <ele>1122</ele>
      </trkpt>
      <trkpt lat="43.017154019325972" lon="-1.370759010314941">
        <ele>1122</ele>
      </trkpt>
      <trkpt lat="43.01738603040576" lon="-1.370511995628476">
        <ele>1120</ele>
      </trkpt>
      <trkpt lat="43.017551992088556" lon="-1.37036900036037">
        <ele>1117</ele>
      </trkpt>
      <trkpt lat="43.01775399595499" lon="-1.370123997330666">
        <ele>1115</ele>
      </trkpt>
      <trkpt lat="43.017885005101562" lon="-1.369892992079258">
        <ele>1113</ele>
      </trkpt>
      <trkpt lat="43.017936972901225" lon="-1.369800958782435">
        <ele>1112</ele>
      </trkpt>
      <trkpt lat="43.018035963177681" lon="-1.369641032069922">
        <ele>1111</ele>
      </trkpt>
      <trkpt lat="43.018093965947628" lon="-1.36934095993638">
        <ele>1110</ele>
      </trkpt>
      <trkpt lat="43.018103018403053" lon="-1.369237024337053">
        <ele>1110</ele>
      </trkpt>
      <trkpt lat="43.018110981211066" lon="-1.369051029905677">
        <ele>1110</ele>
      </trkpt>
      <trkpt lat="43.018111987039447" lon="-1.368849026039243">
        <ele>1111</ele>
      </trkpt>
      <trkpt lat="43.018111987039447" lon="-1.368811978027225">
        <ele>1111</ele>
      </trkpt>
      <trkpt lat="43.018078962340951" lon="-1.36860997416079">
        <ele>1114</ele>
      </trkpt>
      <trkpt lat="43.018067982047796" lon="-1.368553983047605">
        <ele>1115</ele>
      </trkpt>
      <trkpt lat="43.018045015633106" lon="-1.368389027193189">
        <ele>1118</ele>
      </trkpt>
      <trkpt lat="43.018048033118248" lon="-1.368217030540109">
        <ele>1120</ele>
      </trkpt>
      <trkpt lat="43.018051972612739" lon="-1.368193980306387">
        <ele>1120</ele>
      </trkpt>
      <trkpt lat="43.018089020624757" lon="-1.367978984490037">
        <ele>1123</ele>
      </trkpt>
      <trkpt lat="43.018076028674841" lon="-1.367833977565169">
        <ele>1123</ele>
      </trkpt>
      <trkpt lat="43.018079968169332" lon="-1.367752002552152">
        <ele>1122</ele>
      </trkpt>
      <trkpt lat="43.018145011737943" lon="-1.367627028375864">
        <ele>1118</ele>
      </trkpt>
      <trkpt lat="43.018169989809394" lon="-1.367586962878704">
        <ele>1114</ele>
      </trkpt>
      <trkpt lat="43.018295969814062" lon="-1.367370039224625">
        <ele>1113</ele>
      </trkpt>
      <trkpt lat="43.018434019759297" lon="-1.367196030914784">
        <ele>1113</ele>
      </trkpt>
      <trkpt lat="43.018641974776983" lon="-1.366925965994597">
        <ele>1113</ele>
      </trkpt>
      <trkpt lat="43.018810031935573" lon="-1.366727985441685">
        <ele>1112</ele>
      </trkpt>
      <trkpt lat="43.018981022760272" lon="-1.366440989077091">
        <ele>1110</ele>
      </trkpt>
      <trkpt lat="43.019057968631387" lon="-1.3662229757756">
        <ele>1109</ele>
      </trkpt>
      <trkpt lat="43.019168023020029" lon="-1.365933967754245">
        <ele>1108</ele>
      </trkpt>
      <trkpt lat="43.019230971112847" lon="-1.365719977766275">
        <ele>1108</ele>
      </trkpt>
      <trkpt lat="43.019251003861427" lon="-1.36557798832655">
        <ele>1108</ele>
      </trkpt>
      <trkpt lat="43.019252009689808" lon="-1.365545969456434">
        <ele>1108</ele>
      </trkpt>
      <trkpt lat="43.019300037994981" lon="-1.365322005003691">
        <ele>1110</ele>
      </trkpt>
      <trkpt lat="43.019314035773277" lon="-1.365285962820053">
        <ele>1111</ele>
      </trkpt>
      <trkpt lat="43.01930096000433" lon="-1.365269031375647">
        <ele>1111</ele>
      </trkpt>
      <trkpt lat="43.019118988886476" lon="-1.365031991153956">
        <ele>1110</ele>
      </trkpt>
      <trkpt lat="43.018928971141577" lon="-1.364808026701212">
        <ele>1108</ele>
      </trkpt>
      <trkpt lat="43.018777007237077" lon="-1.364580038934946">
        <ele>1105</ele>
      </trkpt>
      <trkpt lat="43.018626971170306" lon="-1.364422962069511">
        <ele>1104</ele>
      </trkpt>
      <trkpt lat="43.018408035859466" lon="-1.364205032587051">
        <ele>1103</ele>
      </trkpt>
      <trkpt lat="43.018241990357637" lon="-1.364048039540649">
        <ele>1101</ele>
      </trkpt>
      <trkpt lat="43.018091032281518" lon="-1.363872019574046">
        <ele>1099</ele>
      </trkpt>
      <trkpt lat="43.018005033954978" lon="-1.363641014322639">
        <ele>1096</ele>
      </trkpt>
      <trkpt lat="43.017954993993044" lon="-1.363462982699275">
        <ele>1092</ele>
      </trkpt>
      <trkpt lat="43.017914006486535" lon="-1.363361980766058">
        <ele>1089</ele>
      </trkpt>
      <trkpt lat="43.017800012603402" lon="-1.363040031865239">
        <ele>1088</ele>
      </trkpt>
      <trkpt lat="43.017702028155327" lon="-1.362755969166756">
        <ele>1088</ele>
      </trkpt>
      <trkpt lat="43.017607983201742" lon="-1.362508032470942">
        <ele>1086</ele>
      </trkpt>
      <trkpt lat="43.017449984326959" lon="-1.362246014177799">
        <ele>1084</ele>
      </trkpt>
      <trkpt lat="43.017291985452175" lon="-1.362020038068295">
        <ele>1080</ele>
      </trkpt>
      <trkpt lat="43.017244962975383" lon="-1.361942002549768">
        <ele>1079</ele>
      </trkpt>
      <trkpt lat="43.017162987962365" lon="-1.361819040030241">
        <ele>1078</ele>
      </trkpt>
      <trkpt lat="43.017077995464206" lon="-1.361575964838266">
        <ele>1075</ele>
      </trkpt>
      <trkpt lat="43.017127029597759" lon="-1.36138703674078">
        <ele>1073</ele>
      </trkpt>
      <trkpt lat="43.017149996012449" lon="-1.36130397208035">
        <ele>1071</ele>
      </trkpt>
      <trkpt lat="43.017168017104268" lon="-1.361220991238952">
        <ele>1068</ele>
      </trkpt>
      <trkpt lat="43.017186038196087" lon="-1.361130969598889">
        <ele>1064</ele>
      </trkpt>
      <trkpt lat="43.01725703291595" lon="-1.360863000154495">
        <ele>1063</ele>
      </trkpt>
      <trkpt lat="43.017315035685897" lon="-1.360700977966189">
        <ele>1062</ele>
      </trkpt>
      <trkpt lat="43.017455013468862" lon="-1.360544990748167">
        <ele>1060</ele>
      </trkpt>
      <trkpt lat="43.017542017623782" lon="-1.360442982986569">
        <ele>1056</ele>
      </trkpt>
      <trkpt lat="43.017574036493897" lon="-1.360420016571879">
        <ele>1053</ele>
      </trkpt>
      <trkpt lat="43.01766699180007" lon="-1.360353967174888">
        <ele>1053</ele>
      </trkpt>
      <trkpt lat="43.017766987904906" lon="-1.360324965789914">
        <ele>1052</ele>
      </trkpt>
      <trkpt lat="43.017805041745305" lon="-1.36025195941329">
        <ele>1051</ele>
      </trkpt>
      <trkpt lat="43.017757013440132" lon="-1.360113993287087">
        <ele>1048</ele>
      </trkpt>
      <trkpt lat="43.017699010670185" lon="-1.359995976090431">
        <ele>1045</ele>
      </trkpt>
      <trkpt lat="43.017665985971689" lon="-1.359917018562555">
        <ele>1042</ele>
      </trkpt>
      <trkpt lat="43.017631033435464" lon="-1.359775029122829">
        <ele>1040</ele>
      </trkpt>
      <trkpt lat="43.017749972641468" lon="-1.359547963365912">
        <ele>1039</ele>
      </trkpt>
      <trkpt lat="43.017907971516252" lon="-1.359358029440045">
        <ele>1038</ele>
      </trkpt>
      <trkpt lat="43.018044009804726" lon="-1.359203970059753">
        <ele>1036</ele>
      </trkpt>
      <trkpt lat="43.018113998696208" lon="-1.359140016138554">
        <ele>1036</ele>
      </trkpt>
      <trkpt lat="43.01826898008585" lon="-1.359002972021699">
        <ele>1034</ele>
      </trkpt>
      <trkpt lat="43.018423961475492" lon="-1.358847990632057">
        <ele>1032</ele>
      </trkpt>
      <trkpt lat="43.018508031964302" lon="-1.358755035325885">
        <ele>1030</ele>
      </trkpt>
      <trkpt lat="43.018667036667466" lon="-1.358545990660787">
        <ele>1028</ele>
      </trkpt>
      <trkpt lat="43.018754040822387" lon="-1.358387991786003">
        <ele>1025</ele>
      </trkpt>
      <trkpt lat="43.018819000571966" lon="-1.358307022601366">
        <ele>1024</ele>
      </trkpt>
      <trkpt lat="43.018855964764953" lon="-1.3582500256598">
        <ele>1023</ele>
      </trkpt>
      <trkpt lat="43.018885971978307" lon="-1.358172995969653">
        <ele>1018</ele>
      </trkpt>
      <trkpt lat="43.018894018605351" lon="-1.358160004019737">
        <ele>1018</ele>
      </trkpt>
      <trkpt lat="43.018936011940241" lon="-1.358084985986352">
        <ele>1015</ele>
      </trkpt>
      <trkpt lat="43.019053023308516" lon="-1.357950959354639">
        <ele>1016</ele>
      </trkpt>
      <trkpt lat="43.019144972786307" lon="-1.357706040143967">
        <ele>1014</ele>
      </trkpt>
      <trkpt lat="43.01917003467679" lon="-1.357510993257165">
        <ele>1011</ele>
      </trkpt>
      <trkpt lat="43.019111026078463" lon="-1.357338996604085">
        <ele>1011</ele>
      </trkpt>
      <trkpt lat="43.019069032743573" lon="-1.357208993285894">
        <ele>1009</ele>
      </trkpt>
      <trkpt lat="43.018971970304847" lon="-1.357054011896253">
        <ele>1008</ele>
      </trkpt>
      <trkpt lat="43.018853031098843" lon="-1.356923002749682">
        <ele>1007</ele>
      </trkpt>
      <trkpt lat="43.0187429767102" lon="-1.356824012473226">
        <ele>1005</ele>
      </trkpt>
      <trkpt lat="43.0185910128057" lon="-1.356728039681912">
        <ele>1003</ele>
      </trkpt>
      <trkpt lat="43.018558993935585" lon="-1.356709012761712">
        <ele>1003</ele>
      </trkpt>
      <trkpt lat="43.018287001177669" lon="-1.356610022485256">
        <ele>1001</ele>
      </trkpt>
      <trkpt lat="43.018069993704557" lon="-1.35651396587491">
        <ele>999</ele>
      </trkpt>
      <trkpt lat="43.01801098510623" lon="-1.356509020552039">
        <ele>999</ele>
      </trkpt>
      <trkpt lat="43.017962034791708" lon="-1.356509020552039">
        <ele>999</ele>
      </trkpt>
      <trkpt lat="43.017739998176694" lon="-1.35644800029695">
        <ele>998</ele>
      </trkpt>
      <trkpt lat="43.017501030117273" lon="-1.356373988091946">
        <ele>997</ele>
      </trkpt>
      <trkpt lat="43.017296008765697" lon="-1.356277009472251">
        <ele>995</ele>
      </trkpt>
      <trkpt lat="43.017148990184069" lon="-1.356151029467583">
        <ele>992</ele>
      </trkpt>
      <trkpt lat="43.016998032107949" lon="-1.356029994785786">
        <ele>990</ele>
      </trkpt>
      <trkpt lat="43.016890995204449" lon="-1.355959000065923">
        <ele>987</ele>
      </trkpt>
      <trkpt lat="43.01680700853467" lon="-1.35590803809464">
        <ele>986</ele>
      </trkpt>
      <trkpt lat="43.016751017421484" lon="-1.355892028659582">
        <ele>984</ele>
      </trkpt>
      <trkpt lat="43.016685973852873" lon="-1.355860009789467">
        <ele>980</ele>
      </trkpt>
      <trkpt lat="43.016654038801789" lon="-1.355848023667932">
        <ele>980</ele>
      </trkpt>
      <trkpt lat="43.016569968312979" lon="-1.355804018676281">
        <ele>979</ele>
      </trkpt>
      <trkpt lat="43.016363019123673" lon="-1.355668986216188">
        <ele>978</ele>
      </trkpt>
      <trkpt lat="43.016204014420509" lon="-1.355525990948081">
        <ele>975</ele>
      </trkpt>
      <trkpt lat="43.016160009428859" lon="-1.35545901954174">
        <ele>972</ele>
      </trkpt>
      <trkpt lat="43.016143999993801" lon="-1.355442004278302">
        <ele>970</ele>
      </trkpt>
      <trkpt lat="43.016089014708996" lon="-1.355376038700342">
        <ele>967</ele>
      </trkpt>
      <trkpt lat="43.015938978642225" lon="-1.355248969048262">
        <ele>967</ele>
      </trkpt>
      <trkpt lat="43.015905031934381" lon="-1.355227008461952">
        <ele>966</ele>
      </trkpt>
      <trkpt lat="43.01575499586761" lon="-1.355159031227231">
        <ele>965</ele>
      </trkpt>
      <trkpt lat="43.015580987557769" lon="-1.35498502291739">
        <ele>961</ele>
      </trkpt>
      <trkpt lat="43.015547962859273" lon="-1.354920985177159">
        <ele>957</ele>
      </trkpt>
      <trkpt lat="43.015518039464951" lon="-1.354869017377496">
        <ele>954</ele>
      </trkpt>
      <trkpt lat="43.01539096981287" lon="-1.354581015184522">
        <ele>953</ele>
      </trkpt>
      <trkpt lat="43.015341013669968" lon="-1.354482024908066">
        <ele>953</ele>
      </trkpt>
      <trkpt lat="43.015290973708034" lon="-1.354270968586206">
        <ele>950</ele>
      </trkpt>
      <trkpt lat="43.015263983979821" lon="-1.354214977473021">
        <ele>948</ele>
      </trkpt>
      <trkpt lat="43.0151960067451" lon="-1.354101989418268">
        <ele>943</ele>
      </trkpt>
      <trkpt lat="43.015158036723733" lon="-1.354034012183547">
        <ele>943</ele>
      </trkpt>
      <trkpt lat="43.015029039233923" lon="-1.353733018040657">
        <ele>942</ele>
      </trkpt>
      <trkpt lat="43.014861987903714" lon="-1.353550963103771">
        <ele>939</ele>
      </trkpt>
      <trkpt lat="43.014790993183851" lon="-1.353391958400607">
        <ele>936</ele>
      </trkpt>
      <trkpt lat="43.014643974602222" lon="-1.353100016713142">
        <ele>933</ele>
      </trkpt>
      <trkpt lat="43.014568034559488" lon="-1.352931959554553">
        <ele>931</ele>
      </trkpt>
      <trkpt lat="43.014542972669005" lon="-1.352888038381934">
        <ele>930</ele>
      </trkpt>
      <trkpt lat="43.014413975179195" lon="-1.352673964574933">
        <ele>930</ele>
      </trkpt>
      <trkpt lat="43.014342980459332" lon="-1.35245100595057">
        <ele>929</ele>
      </trkpt>
      <trkpt lat="43.014309033751488" lon="-1.352340029552579">
        <ele>929</ele>
      </trkpt>
      <trkpt lat="43.014194034039974" lon="-1.352055966854096">
        <ele>929</ele>
      </trkpt>
      <trkpt lat="43.014183975756168" lon="-1.35204004123807">
        <ele>929</ele>
      </trkpt>
      <trkpt lat="43.014147011563182" lon="-1.35189101099968">
        <ele>929</ele>
      </trkpt>
      <trkpt lat="43.014150029048324" lon="-1.351766036823392">
        <ele>929</ele>
      </trkpt>
      <trkpt lat="43.01416302099824" lon="-1.351708034053445">
        <ele>929</ele>
      </trkpt>
      <trkpt lat="43.014155980199575" lon="-1.351641984656453">
        <ele>929</ele>
      </trkpt>
      <trkpt lat="43.014149023219943" lon="-1.351545006036758">
        <ele>929</ele>
      </trkpt>
      <trkpt lat="43.014119016006589" lon="-1.351382983848453">
        <ele>929</ele>
      </trkpt>
      <trkpt lat="43.014088002964854" lon="-1.351321963593364">
        <ele>928</ele>
      </trkpt>
      <trkpt lat="43.014055984094739" lon="-1.35116396471858">
        <ele>928</ele>
      </trkpt>
      <trkpt lat="43.014063024893403" lon="-1.350952992215753">
        <ele>927</ele>
      </trkpt>
      <trkpt lat="43.014072999358177" lon="-1.350659038871527">
        <ele>926</ele>
      </trkpt>
      <trkpt lat="43.014047015458345" lon="-1.350592989474535">
        <ele>925</ele>
      </trkpt>
      <trkpt lat="43.013997981324792" lon="-1.350315967574716">
        <ele>925</ele>
      </trkpt>
      <trkpt lat="43.013978032395244" lon="-1.350241033360362">
        <ele>925</ele>
      </trkpt>
      <trkpt lat="43.013979038223624" lon="-1.350197028368712">
        <ele>925</ele>
      </trkpt>
      <trkpt lat="43.013946013525128" lon="-1.350128967314959">
        <ele>925</ele>
      </trkpt>
      <trkpt lat="43.013826990500093" lon="-1.349863009527326">
        <ele>924</ele>
      </trkpt>
      <trkpt lat="43.013767981901765" lon="-1.349619012326002">
        <ele>923</ele>
      </trkpt>
      <trkpt lat="43.013746021315455" lon="-1.349317012354732">
        <ele>922</ele>
      </trkpt>
      <trkpt lat="43.013654993847013" lon="-1.349068991839886">
        <ele>921</ele>
      </trkpt>
      <trkpt lat="43.013630015775561" lon="-1.348997997120023">
        <ele>921</ele>
      </trkpt>
      <trkpt lat="43.01356203854084" lon="-1.348779983818531">
        <ele>920</ele>
      </trkpt>
      <trkpt lat="43.013523984700441" lon="-1.348597006872296">
        <ele>919</ele>
      </trkpt>
      <trkpt lat="43.013503029942513" lon="-1.348513020202518">
        <ele>919</ele>
      </trkpt>
      <trkpt lat="43.013448966667056" lon="-1.348428027704358">
        <ele>919</ele>
      </trkpt>
      <trkpt lat="43.013403033837676" lon="-1.348206996917725">
        <ele>918</ele>
      </trkpt>
      <trkpt lat="43.013303959742188" lon="-1.348021002486348">
        <ele>918</ele>
      </trkpt>
      <trkpt lat="43.013245034962893" lon="-1.347945984452963">
        <ele>918</ele>
      </trkpt>
      <trkpt lat="43.013082006946206" lon="-1.347737023606896">
        <ele>918</ele>
      </trkpt>
      <trkpt lat="43.012953009456396" lon="-1.347601991146803">
        <ele>916</ele>
      </trkpt>
      <trkpt lat="43.012864999473095" lon="-1.347480034455657">
        <ele>916</ele>
      </trkpt>
      <trkpt lat="43.012754023075104" lon="-1.347356988117099">
        <ele>916</ele>
      </trkpt>
      <trkpt lat="43.012693002820015" lon="-1.347160013392568">
        <ele>915</ele>
      </trkpt>
      <trkpt lat="43.012668024748564" lon="-1.347052976489067">
        <ele>915</ele>
      </trkpt>
      <trkpt lat="43.012515977025032" lon="-1.346745025366545">
        <ele>914</ele>
      </trkpt>
      <trkpt lat="43.012379016727209" lon="-1.346446964889765">
        <ele>913</ele>
      </trkpt>
      <trkpt lat="43.012239038944244" lon="-1.346170026808977">
        <ele>913</ele>
      </trkpt>
      <trkpt lat="43.012126972898841" lon="-1.345926029607654">
        <ele>913</ele>
      </trkpt>
      <trkpt lat="43.012094032019377" lon="-1.345672979950905">
        <ele>912</ele>
      </trkpt>
      <trkpt lat="43.012006022036076" lon="-1.345378020778298">
        <ele>912</ele>
      </trkpt>
      <trkpt lat="43.011976014822721" lon="-1.345153972506523">
        <ele>911</ele>
      </trkpt>
      <trkpt lat="43.01195003092289" lon="-1.344998991116881">
        <ele>911</ele>
      </trkpt>
      <trkpt lat="43.011948019266129" lon="-1.34499597363174">
        <ele>911</ele>
      </trkpt>
      <trkpt lat="43.011902002617717" lon="-1.34495398029685">
        <ele>911</ele>
      </trkpt>
      <trkpt lat="43.01186503842473" lon="-1.344878040254116">
        <ele>911</ele>
      </trkpt>
      <trkpt lat="43.011832013726234" lon="-1.344748036935926">
        <ele>911</ele>
      </trkpt>
      <trkpt lat="43.011640990152955" lon="-1.344524994492531">
        <ele>911</ele>
      </trkpt>
      <trkpt lat="43.011474022641778" lon="-1.344345035031438">
        <ele>911</ele>
      </trkpt>
      <trkpt lat="43.011339996010065" lon="-1.344164991751313">
        <ele>911</ele>
      </trkpt>
      <trkpt lat="43.011214016005397" lon="-1.344044962897897">
        <ele>911</ele>
      </trkpt>
      <trkpt lat="43.011060962453485" lon="-1.343902973458171">
        <ele>909</ele>
      </trkpt>
      <trkpt lat="43.010989967733622" lon="-1.343852011486888">
        <ele>909</ele>
      </trkpt>
      <trkpt lat="43.010885026305914" lon="-1.343781016767025">
        <ele>909</ele>
      </trkpt>
      <trkpt lat="43.01079198718071" lon="-1.343679009005427">
        <ele>909</ele>
      </trkpt>
      <trkpt lat="43.010717974975705" lon="-1.343608014285564">
        <ele>909</ele>
      </trkpt>
      <trkpt lat="43.010545978322625" lon="-1.343454960733652">
        <ele>910</ele>
      </trkpt>
      <trkpt lat="43.010427039116621" lon="-1.343322023749352">
        <ele>910</ele>
      </trkpt>
      <trkpt lat="43.010398959740996" lon="-1.343290004879236">
        <ele>910</ele>
      </trkpt>
      <trkpt lat="43.010375993326306" lon="-1.34325304068625">
        <ele>908</ele>
      </trkpt>
      <trkpt lat="43.010196033865213" lon="-1.343065034598112">
        <ele>907</ele>
      </trkpt>
      <trkpt lat="43.010137025266886" lon="-1.342920027673245">
        <ele>907</ele>
      </trkpt>
      <trkpt lat="43.009959999471903" lon="-1.342768985778093">
        <ele>906</ele>
      </trkpt>
      <trkpt lat="43.009734023362398" lon="-1.342593971639872">
        <ele>905</ele>
      </trkpt>
      <trkpt lat="43.009650958701968" lon="-1.342514008283615">
        <ele>905</ele>
      </trkpt>
      <trkpt lat="43.009544005617499" lon="-1.342434966936708">
        <ele>905</ele>
      </trkpt>
      <trkpt lat="43.009406039491296" lon="-1.342297000810504">
        <ele>905</ele>
      </trkpt>
      <trkpt lat="43.009387012571096" lon="-1.342285014688969">
        <ele>905</ele>
      </trkpt>
      <trkpt lat="43.009261032566428" lon="-1.342178983613849">
        <ele>905</ele>
      </trkpt>
      <trkpt lat="43.009006977081299" lon="-1.341948984190822">
        <ele>905</ele>
      </trkpt>
      <trkpt lat="43.008850989863276" lon="-1.341862985864282">
        <ele>904</ele>
      </trkpt>
      <trkpt lat="43.008683016523719" lon="-1.341830966994166">
        <ele>904</ele>
      </trkpt>
      <trkpt lat="43.008511019870639" lon="-1.341774975880981">
        <ele>904</ele>
      </trkpt>
      <trkpt lat="43.008460979908705" lon="-1.341586969792843">
        <ele>904</ele>
      </trkpt>
      <trkpt lat="43.008276997134089" lon="-1.341445986181498">
        <ele>904</ele>
      </trkpt>
      <trkpt lat="43.008251013234258" lon="-1.341421008110046">
        <ele>904</ele>
      </trkpt>
      <trkpt lat="43.008046997711062" lon="-1.341309025883675">
        <ele>904</ele>
      </trkpt>
      <trkpt lat="43.007843988016248" lon="-1.341120013967156">
        <ele>903</ele>
      </trkpt>
      <trkpt lat="43.007682971656322" lon="-1.340953968465328">
        <ele>903</ele>
      </trkpt>
      <trkpt lat="43.007594961673021" lon="-1.340872999280691">
        <ele>903</ele>
      </trkpt>
      <trkpt lat="43.007488008588552" lon="-1.340728998184204">
        <ele>902</ele>
      </trkpt>
      <trkpt lat="43.007321963086724" lon="-1.340514002367854">
        <ele>901</ele>
      </trkpt>
      <trkpt lat="43.007271001115441" lon="-1.340460022911429">
        <ele>900</ele>
      </trkpt>
      <trkpt lat="43.007221966981888" lon="-1.340413000434637">
        <ele>900</ele>
      </trkpt>
      <trkpt lat="43.007172010838985" lon="-1.340373018756509">
        <ele>900</ele>
      </trkpt>
      <trkpt lat="43.007125994190574" lon="-1.340344017371535">
        <ele>900</ele>
      </trkpt>
      <trkpt lat="43.006974030286074" lon="-1.340238992124796">
        <ele>900</ele>
      </trkpt>
      <trkpt lat="43.006758028641343" lon="-1.340098008513451">
        <ele>900</ele>
      </trkpt>
      <trkpt lat="43.006628025323153" lon="-1.33994503878057">
        <ele>900</ele>
      </trkpt>
      <trkpt lat="43.006610004231334" lon="-1.339917965233326">
        <ele>900</ele>
      </trkpt>
      <trkpt lat="43.006573040038347" lon="-1.339857028797269">
        <ele>899</ele>
      </trkpt>
      <trkpt lat="43.006546972319484" lon="-1.339822998270392">
        <ele>899</ele>
      </trkpt>
      <trkpt lat="43.00630196928978" lon="-1.339582018554211">
        <ele>899</ele>
      </trkpt>
      <trkpt lat="43.006268022581935" lon="-1.339566009119153">
        <ele>899</ele>
      </trkpt>
      <trkpt lat="43.006178000941873" lon="-1.339466013014317">
        <ele>898</ele>
      </trkpt>
      <trkpt lat="43.006092002615333" lon="-1.339392000809312">
        <ele>898</ele>
      </trkpt>
      <trkpt lat="43.005983959883451" lon="-1.3393650110811">
        <ele>898</ele>
      </trkpt>
      <trkpt lat="43.005798971280456" lon="-1.339312959462404">
        <ele>898</ele>
      </trkpt>
      <trkpt lat="43.005689000710845" lon="-1.339275995269418">
        <ele>898</ele>
      </trkpt>
      <trkpt lat="43.005513986572623" lon="-1.339154038578272">
        <ele>897</ele>
      </trkpt>
      <trkpt lat="43.005353976041079" lon="-1.339015988633037">
        <ele>897</ele>
      </trkpt>
      <trkpt lat="43.005202012136579" lon="-1.338821025565267">
        <ele>896</ele>
      </trkpt>
      <trkpt lat="43.005155995488167" lon="-1.338765034452081">
        <ele>896</ele>
      </trkpt>
      <trkpt lat="43.004842009395361" lon="-1.338663026690483">
        <ele>896</ele>
      </trkpt>
      <trkpt lat="43.004741007462144" lon="-1.338621033355594">
        <ele>896</ele>
      </trkpt>
      <trkpt lat="43.004547972232103" lon="-1.33857199922204">
        <ele>896</ele>
      </trkpt>
      <trkpt lat="43.004533974453807" lon="-1.338563030585647">
        <ele>896</ele>
      </trkpt>
      <trkpt lat="43.004360971972346" lon="-1.338535035029054">
        <ele>896</ele>
      </trkpt>
      <trkpt lat="43.00417497754097" lon="-1.33859203197062">
        <ele>897</ele>
      </trkpt>
      <trkpt lat="43.003967022523284" lon="-1.33863402530551">
        <ele>897</ele>
      </trkpt>
      <trkpt lat="43.003746997565031" lon="-1.338651962578297">
        <ele>898</ele>
      </trkpt>
      <trkpt lat="43.00359302200377" lon="-1.338649028912187">
        <ele>898</ele>
      </trkpt>
      <trkpt lat="43.003391018137336" lon="-1.338675012812018">
        <ele>898</ele>
      </trkpt>
      <trkpt lat="43.003362016752362" lon="-1.338675012812018">
        <ele>898</ele>
      </trkpt>
      <trkpt lat="43.003290016204119" lon="-1.338666966184974">
        <ele>896</ele>
      </trkpt>
      <trkpt lat="43.003170993179083" lon="-1.338694039732218">
        <ele>902</ele>
      </trkpt>
      <trkpt lat="43.00303696654737" lon="-1.338722035288811">
        <ele>902</ele>
      </trkpt>
      <trkpt lat="43.002908974885941" lon="-1.338758999481797">
        <ele>902</ele>
      </trkpt>
      <trkpt lat="43.002763967961073" lon="-1.338803004473448">
        <ele>902</ele>
      </trkpt>
      <trkpt lat="43.002616027370095" lon="-1.338835023343563">
        <ele>902</ele>
      </trkpt>
      <trkpt lat="43.002474037930369" lon="-1.338873999193311">
        <ele>902</ele>
      </trkpt>
      <trkpt lat="43.002318972721696" lon="-1.338918004184961">
        <ele>902</ele>
      </trkpt>
      <trkpt lat="43.002150999382138" lon="-1.338962009176612">
        <ele>902</ele>
      </trkpt>
      <trkpt lat="43.001972967758775" lon="-1.338998973369598">
        <ele>902</ele>
      </trkpt>
      <trkpt lat="43.001738023012877" lon="-1.33906502276659">
        <ele>902</ele>
      </trkpt>
      <trkpt lat="43.00157499499619" lon="-1.339056976139545">
        <ele>902</ele>
      </trkpt>
      <trkpt lat="43.001377014443278" lon="-1.339010959491134">
        <ele>901</ele>
      </trkpt>
      <trkpt lat="43.001175010576844" lon="-1.33900098502636">
        <ele>901</ele>
      </trkpt>
      <trkpt lat="43.000980969518423" lon="-1.33897902444005">
        <ele>901</ele>
      </trkpt>
      <trkpt lat="43.000785000622272" lon="-1.338953962549567">
        <ele>901</ele>
      </trkpt>
      <trkpt lat="43.000654997304082" lon="-1.338937031105161">
        <ele>900</ele>
      </trkpt>
      <trkpt lat="43.000471014529467" lon="-1.338900988921523">
        <ele>900</ele>
      </trkpt>
      <trkpt lat="43.000298012048006" lon="-1.338838962838054">
        <ele>900</ele>
      </trkpt>
      <trkpt lat="43.000126015394926" lon="-1.338753970339894">
        <ele>900</ele>
      </trkpt>
      <trkpt lat="42.999957036226988" lon="-1.33869999088347">
        <ele>900</ele>
      </trkpt>
      <trkpt lat="42.999788979068398" lon="-1.338616004213691">
        <ele>900</ele>
      </trkpt>
      <trkpt lat="42.999633997678757" lon="-1.338564958423376">
        <ele>900</ele>
      </trkpt>
      <trkpt lat="42.999480022117496" lon="-1.338545009493828">
        <ele>900</ele>
      </trkpt>
      <trkpt lat="42.999288998544216" lon="-1.338512990623713">
        <ele>900</ele>
      </trkpt>
      <trkpt lat="42.999097974970937" lon="-1.338487006723881">
        <ele>900</ele>
      </trkpt>
      <trkpt lat="42.998935030773282" lon="-1.338447025045753">
        <ele>900</ele>
      </trkpt>
      <trkpt lat="42.99876001663506" lon="-1.338437972590327">
        <ele>900</ele>
      </trkpt>
      <trkpt lat="42.998592965304852" lon="-1.338403020054102">
        <ele>900</ele>
      </trkpt>
      <trkpt lat="42.998434966430068" lon="-1.338368989527226">
        <ele>899</ele>
      </trkpt>
      <trkpt lat="42.998232040554285" lon="-1.338330013677478">
        <ele>899</ele>
      </trkpt>
      <trkpt lat="42.99803196452558" lon="-1.338307969272137">
        <ele>899</ele>
      </trkpt>
      <trkpt lat="42.997860973700881" lon="-1.338351974263787">
        <ele>899</ele>
      </trkpt>
      <trkpt lat="42.997683025896549" lon="-1.338392961770296">
        <ele>899</ele>
      </trkpt>
      <trkpt lat="42.997556962072849" lon="-1.33842003531754">
        <ele>898</ele>
      </trkpt>
      <trkpt lat="42.997402986511588" lon="-1.338451970368624">
        <ele>898</ele>
      </trkpt>
      <trkpt lat="42.997143985703588" lon="-1.338501004502177">
        <ele>897</ele>
      </trkpt>
      <trkpt lat="42.996968971565366" lon="-1.33852799423039">
        <ele>896</ele>
      </trkpt>
      <trkpt lat="42.996822036802769" lon="-1.338495975360274">
        <ele>896</ele>
      </trkpt>
      <trkpt lat="42.996664037927985" lon="-1.33846202865243">
        <ele>895</ele>
      </trkpt>
      <trkpt lat="42.99648298881948" lon="-1.338447025045753">
        <ele>895</ele>
      </trkpt>
      <trkpt lat="42.996332030743361" lon="-1.338435038924217">
        <ele>894</ele>
      </trkpt>
      <trkpt lat="42.996177971363068" lon="-1.33846496231854">
        <ele>894</ele>
      </trkpt>
      <trkpt lat="42.995977979153395" lon="-1.338468985632062">
        <ele>893</ele>
      </trkpt>
      <trkpt lat="42.995771029964089" lon="-1.338478960096836">
        <ele>892</ele>
      </trkpt>
      <trkpt lat="42.995562991127372" lon="-1.338495975360274">
        <ele>892</ele>
      </trkpt>
      <trkpt lat="42.995378002524376" lon="-1.338510978966951">
        <ele>891</ele>
      </trkpt>
      <trkpt lat="42.995200976729393" lon="-1.33852799423039">
        <ele>890</ele>
      </trkpt>
      <trkpt lat="42.995044989511371" lon="-1.338542997837067">
        <ele>890</ele>
      </trkpt>
      <trkpt lat="42.994881039485335" lon="-1.338552972301841">
        <ele>889</ele>
      </trkpt>
      <trkpt lat="42.994731003418565" lon="-1.338566970080137">
        <ele>889</ele>
      </trkpt>
      <trkpt lat="42.99457099288702" lon="-1.338608963415027">
        <ele>888</ele>
      </trkpt>
      <trkpt lat="42.99437602981925" lon="-1.33867803029716">
        <ele>887</ele>
      </trkpt>
      <trkpt lat="42.994202021509409" lon="-1.338782971724868">
        <ele>887</ele>
      </trkpt>
      <trkpt lat="42.994037987664342" lon="-1.338891014456749">
        <ele>887</ele>
      </trkpt>
      <trkpt lat="42.993920976296067" lon="-1.339059993624687">
        <ele>886</ele>
      </trkpt>
      <trkpt lat="42.993784015998244" lon="-1.339203994721174">
        <ele>886</ele>
      </trkpt>
      <trkpt lat="42.993634985759854" lon="-1.339327041059732">
        <ele>886</ele>
      </trkpt>
      <trkpt lat="42.993515962734818" lon="-1.339417984709144">
        <ele>885</ele>
      </trkpt>
      <trkpt lat="42.993341032415628" lon="-1.339440029114485">
        <ele>885</ele>
      </trkpt>
      <trkpt lat="42.993170963600278" lon="-1.339444974437356">
        <ele>884</ele>
      </trkpt>
      <trkpt lat="42.993029979988933" lon="-1.339456960558891">
        <ele>884</ele>
      </trkpt>
      <trkpt lat="42.992896037176251" lon="-1.339502977207303">
        <ele>884</ele>
      </trkpt>
      <trkpt lat="42.992757987231016" lon="-1.339542958885431">
        <ele>884</ele>
      </trkpt>
      <trkpt lat="42.992584984749556" lon="-1.339591993018985">
        <ele>883</ele>
      </trkpt>
      <trkpt lat="42.992441989481449" lon="-1.339639015495777">
        <ele>883</ele>
      </trkpt>
      <trkpt lat="42.992326989769936" lon="-1.339683020487428">
        <ele>883</ele>
      </trkpt>
      <trkpt lat="42.992177037522197" lon="-1.339716967195272">
        <ele>883</ele>
      </trkpt>
      <trkpt lat="42.99201400950551" lon="-1.339742029085755">
        <ele>882</ele>
      </trkpt>
      <trkpt lat="42.991890041157603" lon="-1.339736999943852">
        <ele>882</ele>
      </trkpt>
      <trkpt lat="42.99175500869751" lon="-1.339672962203622">
        <ele>882</ele>
      </trkpt>
      <trkpt lat="42.991614025086164" lon="-1.339641027152538">
        <ele>882</ele>
      </trkpt>
      <trkpt lat="42.991469018161297" lon="-1.339614037424326">
        <ele>881</ele>
      </trkpt>
      <trkpt lat="42.991320993751287" lon="-1.339562991634011">
        <ele>881</ele>
      </trkpt>
      <trkpt lat="42.991160983219743" lon="-1.339518986642361">
        <ele>881</ele>
      </trkpt>
      <trkpt lat="42.991044977679849" lon="-1.339459978044033">
        <ele>881</ele>
      </trkpt>
      <trkpt lat="42.990946993231773" lon="-1.339317988604307">
        <ele>881</ele>
      </trkpt>
      <trkpt lat="42.990923020988703" lon="-1.339106010273099">
        <ele>881</ele>
      </trkpt>
      <trkpt lat="42.990920003503561" lon="-1.33882898837328">
        <ele>880</ele>
      </trkpt>
      <trkpt lat="42.990907011553645" lon="-1.338581973686814">
        <ele>880</ele>
      </trkpt>
      <trkpt lat="42.99087599851191" lon="-1.338307969272137">
        <ele>880</ele>
      </trkpt>
      <trkpt lat="42.990849008783698" lon="-1.338049974292517">
        <ele>880</ele>
      </trkpt>
      <trkpt lat="42.990821013227105" lon="-1.337817963212729">
        <ele>881</ele>
      </trkpt>
      <trkpt lat="42.9907470010221" lon="-1.337543958798051">
        <ele>881</ele>
      </trkpt>
      <trkpt lat="42.990672988817096" lon="-1.337321000173688">
        <ele>881</ele>
      </trkpt>
      <trkpt lat="42.99059797078371" lon="-1.337106004357338">
        <ele>881</ele>
      </trkpt>
      <trkpt lat="42.990542985498905" lon="-1.336964014917612">
        <ele>881</ele>
      </trkpt>
      <trkpt lat="42.990395966917276" lon="-1.336801992729306">
        <ele>882</ele>
      </trkpt>
      <trkpt lat="42.990259006619453" lon="-1.336666960269213">
        <ele>882</ele>
      </trkpt>
      <trkpt lat="42.990088015794754" lon="-1.336520025506616">
        <ele>883</ele>
      </trkpt>
      <trkpt lat="42.989934962242842" lon="-1.336355991661549">
        <ele>883</ele>
      </trkpt>
      <trkpt lat="42.989749973639846" lon="-1.336254989728332">
        <ele>883</ele>
      </trkpt>
      <trkpt lat="42.989569008350372" lon="-1.33616697974503">
        <ele>883</ele>
      </trkpt>
      <trkpt lat="42.989455014467239" lon="-1.336063966155052">
        <ele>883</ele>
      </trkpt>
      <trkpt lat="42.989382008090615" lon="-1.33586497977376">
        <ele>883</ele>
      </trkpt>
      <trkpt lat="42.989312019199133" lon="-1.335662975907326">
        <ele>884</ele>
      </trkpt>
    </trkseg>
  </trk>

</gpx>