<?xml version="1.0" encoding="utf-8"?><gpx creator="Garmin Desktop App" version="1.1" xsi:schemaLocation="http://www.topografix.com/GPX/1/1 http://www.topografix.com/GPX/1/1/gpx.xsd http://www.garmin.com/xmlschemas/WaypointExtension/v1 http://www8.garmin.com/xmlschemas/WaypointExtensionv1.xsd http://www.garmin.com/xmlschemas/TrackPointExtension/v1 http://www.garmin.com/xmlschemas/TrackPointExtensionv1.xsd http://www.garmin.com/xmlschemas/GpxExtensions/v3 http://www8.garmin.com/xmlschemas/GpxExtensionsv3.xsd http://www.garmin.com/xmlschemas/ActivityExtension/v1 http://www8.garmin.com/xmlschemas/ActivityExtensionv1.xsd http://www.garmin.com/xmlschemas/AdventuresExtensions/v1 http://www8.garmin.com/xmlschemas/AdventuresExtensionv1.xsd http://www.garmin.com/xmlschemas/PressureExtension/v1 http://www.garmin.com/xmlschemas/PressureExtensionv1.xsd http://www.garmin.com/xmlschemas/TripExtensions/v1 http://www.garmin.com/xmlschemas/TripExtensionsv1.xsd http://www.garmin.com/xmlschemas/TripMetaDataExtensions/v1 http://www.garmin.com/xmlschemas/TripMetaDataExtensionsv1.xsd http://www.garmin.com/xmlschemas/ViaPointTransportationModeExtensions/v1 http://www.garmin.com/xmlschemas/ViaPointTransportationModeExtensionsv1.xsd http://www.garmin.com/xmlschemas/CreationTimeExtension/v1 http://www.garmin.com/xmlschemas/CreationTimeExtensionsv1.xsd http://www.garmin.com/xmlschemas/AccelerationExtension/v1 http://www.garmin.com/xmlschemas/AccelerationExtensionv1.xsd http://www.garmin.com/xmlschemas/PowerExtension/v1 http://www.garmin.com/xmlschemas/PowerExtensionv1.xsd http://www.garmin.com/xmlschemas/VideoExtension/v1 http://www.garmin.com/xmlschemas/VideoExtensionv1.xsd" xmlns="http://www.topografix.com/GPX/1/1" xmlns:xsi="http://www.w3.org/2001/XMLSchema-instance" xmlns:wptx1="http://www.garmin.com/xmlschemas/WaypointExtension/v1" xmlns:gpxtrx="http://www.garmin.com/xmlschemas/GpxExtensions/v3" xmlns:gpxtpx="http://www.garmin.com/xmlschemas/TrackPointExtension/v1" xmlns:gpxx="http://www.garmin.com/xmlschemas/GpxExtensions/v3" xmlns:trp="http://www.garmin.com/xmlschemas/TripExtensions/v1" xmlns:adv="http://www.garmin.com/xmlschemas/AdventuresExtensions/v1" xmlns:prs="http://www.garmin.com/xmlschemas/PressureExtension/v1" xmlns:tmd="http://www.garmin.com/xmlschemas/TripMetaDataExtensions/v1" xmlns:vptm="http://www.garmin.com/xmlschemas/ViaPointTransportationModeExtensions/v1" xmlns:ctx="http://www.garmin.com/xmlschemas/CreationTimeExtension/v1" xmlns:gpxacc="http://www.garmin.com/xmlschemas/AccelerationExtension/v1" xmlns:gpxpx="http://www.garmin.com/xmlschemas/PowerExtension/v1" xmlns:vidx1="http://www.garmin.com/xmlschemas/VideoExtension/v1">

  <metadata>
    <link href="http://www.garmin.com">
      <text>Garmin International</text>
    </link>
    <time>2026-05-10T12:41:26Z</time>
    <bounds maxlat="42.822910035029054" maxlon="-0.287590976804495" minlat="42.771653020754457" minlon="-0.339302038773894" />
  </metadata>

  <trk>
    <name>GR11_13_SallentGallego-Respomuso</name>
    <extensions>
      <gpxx:TrackExtension>
        <gpxx:DisplayColor>Black</gpxx:DisplayColor>
      </gpxx:TrackExtension>
    </extensions>
    <trkseg>
      <trkpt lat="42.771688979119062" lon="-0.332256965339184">
        <ele>1287</ele>
      </trkpt>
      <trkpt lat="42.771674981340766" lon="-0.332148000597954">
        <ele>1285</ele>
      </trkpt>
      <trkpt lat="42.771653020754457" lon="-0.331964017823339">
        <ele>1284</ele>
      </trkpt>
      <trkpt lat="42.771737007424235" lon="-0.331813981756568">
        <ele>1283</ele>
      </trkpt>
      <trkpt lat="42.771846977993846" lon="-0.331736030057073">
        <ele>1282</ele>
      </trkpt>
      <trkpt lat="42.771892994642258" lon="-0.331674003973603">
        <ele>1281</ele>
      </trkpt>
      <trkpt lat="42.771969018504024" lon="-0.331590017303824">
        <ele>1281</ele>
      </trkpt>
      <trkpt lat="42.772028027102351" lon="-0.331470994278789">
        <ele>1280</ele>
      </trkpt>
      <trkpt lat="42.772055016830564" lon="-0.331436041742563">
        <ele>1280</ele>
      </trkpt>
      <trkpt lat="42.772146966308355" lon="-0.331267984583974">
        <ele>1280</ele>
      </trkpt>
      <trkpt lat="42.772158030420542" lon="-0.331251975148916">
        <ele>1280</ele>
      </trkpt>
      <trkpt lat="42.772249979898334" lon="-0.331102022901177">
        <ele>1279</ele>
      </trkpt>
      <trkpt lat="42.772300019860268" lon="-0.330959027633071">
        <ele>1279</ele>
      </trkpt>
      <trkpt lat="42.772309994325042" lon="-0.330924997106195">
        <ele>1279</ele>
      </trkpt>
      <trkpt lat="42.772340001538396" lon="-0.330852996557951">
        <ele>1280</ele>
      </trkpt>
      <trkpt lat="42.772395992651582" lon="-0.330798011273146">
        <ele>1280</ele>
      </trkpt>
      <trkpt lat="42.77241300791502" lon="-0.33078895881772">
        <ele>1280</ele>
      </trkpt>
      <trkpt lat="42.772406972944736" lon="-0.330599024891853">
        <ele>1280</ele>
      </trkpt>
      <trkpt lat="42.77249900624156" lon="-0.33048402518034">
        <ele>1281</ele>
      </trkpt>
      <trkpt lat="42.772669997066259" lon="-0.33037799410522">
        <ele>1281</ele>
      </trkpt>
      <trkpt lat="42.77277996763587" lon="-0.330309011042118">
        <ele>1279</ele>
      </trkpt>
      <trkpt lat="42.772834030911326" lon="-0.330256037414074">
        <ele>1279</ele>
      </trkpt>
      <trkpt lat="42.773023964837193" lon="-0.330138020217419">
        <ele>1279</ele>
      </trkpt>
      <trkpt lat="42.773215994238853" lon="-0.330028971657157">
        <ele>1279</ele>
      </trkpt>
      <trkpt lat="42.773224040865898" lon="-0.330025032162666">
        <ele>1279</ele>
      </trkpt>
      <trkpt lat="42.773353038355708" lon="-0.329951019957662">
        <ele>1279</ele>
      </trkpt>
      <trkpt lat="42.773482035845518" lon="-0.329935010522604">
        <ele>1279</ele>
      </trkpt>
      <trkpt lat="42.773614972829819" lon="-0.329827973619103">
        <ele>1280</ele>
      </trkpt>
      <trkpt lat="42.773633999750018" lon="-0.32979997806251">
        <ele>1280</ele>
      </trkpt>
      <trkpt lat="42.773758973926306" lon="-0.329642985016108">
        <ele>1280</ele>
      </trkpt>
      <trkpt lat="42.773779006674886" lon="-0.329479034990072">
        <ele>1280</ele>
      </trkpt>
      <trkpt lat="42.77385301887989" lon="-0.329345008358359">
        <ele>1280</ele>
      </trkpt>
      <trkpt lat="42.773943962529302" lon="-0.329069998115301">
        <ele>1280</ele>
      </trkpt>
      <trkpt lat="42.774085029959679" lon="-0.328884003683925">
        <ele>1280</ele>
      </trkpt>
      <trkpt lat="42.774128029122949" lon="-0.328861959278584">
        <ele>1280</ele>
      </trkpt>
      <trkpt lat="42.774251997470856" lon="-0.328834969550371">
        <ele>1280</ele>
      </trkpt>
      <trkpt lat="42.774267001077533" lon="-0.328822983428836">
        <ele>1281</ele>
      </trkpt>
      <trkpt lat="42.774435980245471" lon="-0.328760035336018">
        <ele>1281</ele>
      </trkpt>
      <trkpt lat="42.774503035470843" lon="-0.328704966232181">
        <ele>1280</ele>
      </trkpt>
      <trkpt lat="42.774657011032104" lon="-0.328554008156061">
        <ele>1281</ele>
      </trkpt>
      <trkpt lat="42.774823978543282" lon="-0.328429033979774">
        <ele>1281</ele>
      </trkpt>
      <trkpt lat="42.774923974648118" lon="-0.328302970156074">
        <ele>1281</ele>
      </trkpt>
      <trkpt lat="42.774968985468149" lon="-0.328272040933371">
        <ele>1282</ele>
      </trkpt>
      <trkpt lat="42.775174006819725" lon="-0.328075988218188">
        <ele>1282</ele>
      </trkpt>
      <trkpt lat="42.775161014869809" lon="-0.328045981004834">
        <ele>1282</ele>
      </trkpt>
      <trkpt lat="42.775166966021061" lon="-0.328009016811848">
        <ele>1282</ele>
      </trkpt>
      <trkpt lat="42.775214994326234" lon="-0.328002981841564">
        <ele>1282</ele>
      </trkpt>
      <trkpt lat="42.775348015129566" lon="-0.327987978234887">
        <ele>1282</ele>
      </trkpt>
      <trkpt lat="42.775403000414371" lon="-0.327982027083635">
        <ele>1282</ele>
      </trkpt>
      <trkpt lat="42.775651020929217" lon="-0.327906003221869">
        <ele>1282</ele>
      </trkpt>
      <trkpt lat="42.775827962905169" lon="-0.327818999066949">
        <ele>1283</ele>
      </trkpt>
      <trkpt lat="42.776042958721519" lon="-0.327711040154099">
        <ele>1283</ele>
      </trkpt>
      <trkpt lat="42.77623800560832" lon="-0.327614983543754">
        <ele>1284</ele>
      </trkpt>
      <trkpt lat="42.77638996951282" lon="-0.327530996873975">
        <ele>1284</ele>
      </trkpt>
      <trkpt lat="42.776488959789276" lon="-0.327509036287665">
        <ele>1284</ele>
      </trkpt>
      <trkpt lat="42.776661040261388" lon="-0.327512975782156">
        <ele>1285</ele>
      </trkpt>
      <trkpt lat="42.776801018044353" lon="-0.327547006309032">
        <ele>1287</ele>
      </trkpt>
      <trkpt lat="42.776940995827317" lon="-0.327593022957444">
        <ele>1288</ele>
      </trkpt>
      <trkpt lat="42.777078961953521" lon="-0.327590005472302">
        <ele>1289</ele>
      </trkpt>
      <trkpt lat="42.777277026325464" lon="-0.327556980773807">
        <ele>1290</ele>
      </trkpt>
      <trkpt lat="42.777467966079712" lon="-0.327526973560452">
        <ele>1291</ele>
      </trkpt>
      <trkpt lat="42.777610961347818" lon="-0.327554969117045">
        <ele>1292</ele>
      </trkpt>
      <trkpt lat="42.777635017409921" lon="-0.327564021572471">
        <ele>1292</ele>
      </trkpt>
      <trkpt lat="42.777664018794894" lon="-0.327571984380484">
        <ele>1292</ele>
      </trkpt>
      <trkpt lat="42.777711041271687" lon="-0.327591011300683">
        <ele>1293</ele>
      </trkpt>
      <trkpt lat="42.77778597548604" lon="-0.327579025179148">
        <ele>1293</ele>
      </trkpt>
      <trkpt lat="42.777868034318089" lon="-0.327504007145762">
        <ele>1294</ele>
      </trkpt>
      <trkpt lat="42.777920002117753" lon="-0.32747601158917">
        <ele>1294</ele>
      </trkpt>
      <trkpt lat="42.777983034029603" lon="-0.327410968020558">
        <ele>1294</ele>
      </trkpt>
      <trkpt lat="42.778014969080687" lon="-0.327385989949107">
        <ele>1294</ele>
      </trkpt>
      <trkpt lat="42.778222002089024" lon="-0.327233020216227">
        <ele>1294</ele>
      </trkpt>
      <trkpt lat="42.778306994587183" lon="-0.327118020504713">
        <ele>1294</ele>
      </trkpt>
      <trkpt lat="42.778397016227245" lon="-0.327055994421244">
        <ele>1293</ele>
      </trkpt>
      <trkpt lat="42.778526013717055" lon="-0.327142998576164">
        <ele>1292</ele>
      </trkpt>
      <trkpt lat="42.778571024537086" lon="-0.327313989400864">
        <ele>1290</ele>
      </trkpt>
      <trkpt lat="42.77864302508533" lon="-0.327534014359117">
        <ele>1290</ele>
      </trkpt>
      <trkpt lat="42.778647970408201" lon="-0.327553963288665">
        <ele>1290</ele>
      </trkpt>
      <trkpt lat="42.778669008985162" lon="-0.327717997133732">
        <ele>1290</ele>
      </trkpt>
      <trkpt lat="42.778670014813542" lon="-0.327751021832228">
        <ele>1291</ele>
      </trkpt>
      <trkpt lat="42.778672026470304" lon="-0.327762002125382">
        <ele>1291</ele>
      </trkpt>
      <trkpt lat="42.778689041733742" lon="-0.327777005732059">
        <ele>1292</ele>
      </trkpt>
      <trkpt lat="42.778689041733742" lon="-0.32780097797513">
        <ele>1292</ele>
      </trkpt>
      <trkpt lat="42.778693987056613" lon="-0.327844982966781">
        <ele>1291</ele>
      </trkpt>
      <trkpt lat="42.778770010918379" lon="-0.328062996268272">
        <ele>1293</ele>
      </trkpt>
      <trkpt lat="42.778847040608525" lon="-0.328145977109671">
        <ele>1293</ele>
      </trkpt>
      <trkpt lat="42.778994981199503" lon="-0.3282739687711">
        <ele>1294</ele>
      </trkpt>
      <trkpt lat="42.779119033366442" lon="-0.328376982361078">
        <ele>1294</ele>
      </trkpt>
      <trkpt lat="42.779269991442561" lon="-0.328468009829521">
        <ele>1295</ele>
      </trkpt>
      <trkpt lat="42.779290024191141" lon="-0.328494999557734">
        <ele>1295</ele>
      </trkpt>
      <trkpt lat="42.779317013919353" lon="-0.328561970964074">
        <ele>1295</ele>
      </trkpt>
      <trkpt lat="42.779425978660583" lon="-0.328697003424168">
        <ele>1296</ele>
      </trkpt>
      <trkpt lat="42.779464032500982" lon="-0.328785013407469">
        <ele>1297</ele>
      </trkpt>
      <trkpt lat="42.779547013342381" lon="-0.328957010060549">
        <ele>1299</ele>
      </trkpt>
      <trkpt lat="42.779610967263579" lon="-0.329160019755363">
        <ele>1301</ele>
      </trkpt>
      <trkpt lat="42.779638962820172" lon="-0.329301003366709">
        <ele>1303</ele>
      </trkpt>
      <trkpt lat="42.779687996953726" lon="-0.329448021948338">
        <ele>1304</ele>
      </trkpt>
      <trkpt lat="42.779707023873925" lon="-0.329499989748001">
        <ele>1305</ele>
      </trkpt>
      <trkpt lat="42.779727978631854" lon="-0.329580958932638">
        <ele>1306</ele>
      </trkpt>
      <trkpt lat="42.779775001108646" lon="-0.329658994451165">
        <ele>1307</ele>
      </trkpt>
      <trkpt lat="42.779802996665239" lon="-0.329685984179378">
        <ele>1308</ele>
      </trkpt>
      <trkpt lat="42.779871979728341" lon="-0.329825961962342">
        <ele>1309</ele>
      </trkpt>
      <trkpt lat="42.779915984719992" lon="-0.329886982217431">
        <ele>1309</ele>
      </trkpt>
      <trkpt lat="42.779949009418488" lon="-0.329934004694223">
        <ele>1310</ele>
      </trkpt>
      <trkpt lat="42.780130980536342" lon="-0.330043975263834">
        <ele>1312</ele>
      </trkpt>
      <trkpt lat="42.780246986076236" lon="-0.330103989690542">
        <ele>1313</ele>
      </trkpt>
      <trkpt lat="42.780256038531661" lon="-0.330103989690542">
        <ele>1314</ele>
      </trkpt>
      <trkpt lat="42.780415965244174" lon="-0.330086974427104">
        <ele>1316</ele>
      </trkpt>
      <trkpt lat="42.780553009361029" lon="-0.330022014677525">
        <ele>1318</ele>
      </trkpt>
      <trkpt lat="42.780563989654183" lon="-0.330015979707241">
        <ele>1319</ele>
      </trkpt>
      <trkpt lat="42.780611012130976" lon="-0.329975998029113">
        <ele>1319</ele>
      </trkpt>
      <trkpt lat="42.780682006850839" lon="-0.329810958355665">
        <ele>1321</ele>
      </trkpt>
      <trkpt lat="42.780737997964025" lon="-0.329638039693236">
        <ele>1322</ele>
      </trkpt>
      <trkpt lat="42.780783008784056" lon="-0.329587999731302">
        <ele>1323</ele>
      </trkpt>
      <trkpt lat="42.780830031260848" lon="-0.329566039144993">
        <ele>1324</ele>
      </trkpt>
      <trkpt lat="42.780859032645822" lon="-0.329565033316612">
        <ele>1325</ele>
      </trkpt>
      <trkpt lat="42.780989035964012" lon="-0.329633010551333">
        <ele>1327</ele>
      </trkpt>
      <trkpt lat="42.781117027625442" lon="-0.329682966694236">
        <ele>1329</ele>
      </trkpt>
      <trkpt lat="42.781215012073517" lon="-0.329628987237811">
        <ele>1331</ele>
      </trkpt>
      <trkpt lat="42.781267985701561" lon="-0.329556986689568">
        <ele>1332</ele>
      </trkpt>
      <trkpt lat="42.781340992078185" lon="-0.329359006136656">
        <ele>1334</ele>
      </trkpt>
      <trkpt lat="42.781413998454809" lon="-0.329276025295258">
        <ele>1335</ele>
      </trkpt>
      <trkpt lat="42.781469989567995" lon="-0.329234031960368">
        <ele>1335</ele>
      </trkpt>
      <trkpt lat="42.781617008149624" lon="-0.329172005876899">
        <ele>1335</ele>
      </trkpt>
      <trkpt lat="42.781733013689518" lon="-0.329115008935332">
        <ele>1336</ele>
      </trkpt>
      <trkpt lat="42.781824041157961" lon="-0.329000009223819">
        <ele>1337</ele>
      </trkpt>
      <trkpt lat="42.781937029212713" lon="-0.328871011734009">
        <ele>1339</ele>
      </trkpt>
      <trkpt lat="42.782053034752607" lon="-0.328794987872243">
        <ele>1340</ele>
      </trkpt>
      <trkpt lat="42.782092010602355" lon="-0.32889598980546">
        <ele>1342</ele>
      </trkpt>
      <trkpt lat="42.782137021422386" lon="-0.329017024487257">
        <ele>1344</ele>
      </trkpt>
      <trkpt lat="42.782151019200683" lon="-0.329063041135669">
        <ele>1344</ele>
      </trkpt>
      <trkpt lat="42.782200975343585" lon="-0.329122971743345">
        <ele>1346</ele>
      </trkpt>
      <trkpt lat="42.782200975343585" lon="-0.329122971743345">
        <ele>1346</ele>
      </trkpt>
      <trkpt lat="42.782241962850094" lon="-0.329117020592093">
        <ele>1347</ele>
      </trkpt>
      <trkpt lat="42.782316980883479" lon="-0.329035967588425">
        <ele>1347</ele>
      </trkpt>
      <trkpt lat="42.782386969774961" lon="-0.328929014503956">
        <ele>1348</ele>
      </trkpt>
      <trkpt lat="42.782443966716528" lon="-0.328803034499288">
        <ele>1348</ele>
      </trkpt>
      <trkpt lat="42.782485038042068" lon="-0.328711001202464">
        <ele>1349</ele>
      </trkpt>
      <trkpt lat="42.782538011670113" lon="-0.328561970964074">
        <ele>1351</ele>
      </trkpt>
      <trkpt lat="42.782558966428041" lon="-0.328372959047556">
        <ele>1352</ele>
      </trkpt>
      <trkpt lat="42.782641025260091" lon="-0.32837999984622">
        <ele>1355</ele>
      </trkpt>
      <trkpt lat="42.782649993896484" lon="-0.328352004289627">
        <ele>1356</ele>
      </trkpt>
      <trkpt lat="42.782672038301826" lon="-0.328298024833202">
        <ele>1357</ele>
      </trkpt>
      <trkpt lat="42.782690981402993" lon="-0.328258965164423">
        <ele>1358</ele>
      </trkpt>
      <trkpt lat="42.782773962244391" lon="-0.32823096960783">
        <ele>1359</ele>
      </trkpt>
      <trkpt lat="42.782845040783286" lon="-0.328201968222857">
        <ele>1361</ele>
      </trkpt>
      <trkpt lat="42.782878987491131" lon="-0.328156035393476">
        <ele>1362</ele>
      </trkpt>
      <trkpt lat="42.782910000532866" lon="-0.328077999874949">
        <ele>1365</ele>
      </trkpt>
      <trkpt lat="42.782952999696136" lon="-0.327961994335055">
        <ele>1366</ele>
      </trkpt>
      <trkpt lat="42.782988036051393" lon="-0.327789997681975">
        <ele>1367</ele>
      </trkpt>
      <trkpt lat="42.782980995252728" lon="-0.327746998518705">
        <ele>1368</ele>
      </trkpt>
      <trkpt lat="42.782961968332529" lon="-0.327639039605856">
        <ele>1370</ele>
      </trkpt>
      <trkpt lat="42.782973032444715" lon="-0.327594028785825">
        <ele>1370</ele>
      </trkpt>
      <trkpt lat="42.782991975545883" lon="-0.327475005760789">
        <ele>1371</ele>
      </trkpt>
      <trkpt lat="42.783085014671087" lon="-0.327334022149444">
        <ele>1373</ele>
      </trkpt>
      <trkpt lat="42.783093983307481" lon="-0.327189015224576">
        <ele>1375</ele>
      </trkpt>
      <trkpt lat="42.78308903798461" lon="-0.327182980254292">
        <ele>1376</ele>
      </trkpt>
      <trkpt lat="42.78309197165072" lon="-0.32709295861423">
        <ele>1377</ele>
      </trkpt>
      <trkpt lat="42.783137988299131" lon="-0.327015006914735">
        <ele>1379</ele>
      </trkpt>
      <trkpt lat="42.783251982182264" lon="-0.326968990266323">
        <ele>1382</ele>
      </trkpt>
      <trkpt lat="42.783267991617322" lon="-0.326972007751465">
        <ele>1382</ele>
      </trkpt>
      <trkpt lat="42.783368993550539" lon="-0.326966978609562">
        <ele>1383</ele>
      </trkpt>
      <trkpt lat="42.78347896412015" lon="-0.326988017186522">
        <ele>1385</ele>
      </trkpt>
      <trkpt lat="42.783501008525491" lon="-0.326998997479677">
        <ele>1385</ele>
      </trkpt>
      <trkpt lat="42.783561022952199" lon="-0.327035039663315">
        <ele>1387</ele>
      </trkpt>
      <trkpt lat="42.783593041822314" lon="-0.327077032998204">
        <ele>1388</ele>
      </trkpt>
      <trkpt lat="42.783639980480075" lon="-0.327144004404545">
        <ele>1389</ele>
      </trkpt>
      <trkpt lat="42.783687002956867" lon="-0.327173005789518">
        <ele>1391</ele>
      </trkpt>
      <trkpt lat="42.78369496576488" lon="-0.327062029391527">
        <ele>1393</ele>
      </trkpt>
      <trkpt lat="42.783662024885416" lon="-0.326987011358142">
        <ele>1395</ele>
      </trkpt>
      <trkpt lat="42.783638974651694" lon="-0.32689799554646">
        <ele>1397</ele>
      </trkpt>
      <trkpt lat="42.783690020442009" lon="-0.32676899805665">
        <ele>1399</ele>
      </trkpt>
      <trkpt lat="42.783705024048686" lon="-0.326721975579858">
        <ele>1399</ele>
      </trkpt>
      <trkpt lat="42.783721033483744" lon="-0.326695991680026">
        <ele>1399</ele>
      </trkpt>
      <trkpt lat="42.783845001831651" lon="-0.326605970039964">
        <ele>1400</ele>
      </trkpt>
      <trkpt lat="42.783934017643332" lon="-0.326546039432287">
        <ele>1402</ele>
      </trkpt>
      <trkpt lat="42.783981962129474" lon="-0.32657596282661">
        <ele>1405</ele>
      </trkpt>
      <trkpt lat="42.784010963514447" lon="-0.326692974194884">
        <ele>1407</ele>
      </trkpt>
      <trkpt lat="42.784025967121124" lon="-0.326792970299721">
        <ele>1409</ele>
      </trkpt>
      <trkpt lat="42.78410098515451" lon="-0.326924985274673">
        <ele>1411</ele>
      </trkpt>
      <trkpt lat="42.784281028434634" lon="-0.3270030207932">
        <ele>1411</ele>
      </trkpt>
      <trkpt lat="42.784456964582205" lon="-0.32713302411139">
        <ele>1412</ele>
      </trkpt>
      <trkpt lat="42.784501975402236" lon="-0.32717501744628">
        <ele>1412</ele>
      </trkpt>
      <trkpt lat="42.784646982327104" lon="-0.327337039634585">
        <ele>1412</ele>
      </trkpt>
      <trkpt lat="42.784716971218586" lon="-0.327403005212545">
        <ele>1412</ele>
      </trkpt>
      <trkpt lat="42.784815039485693" lon="-0.327481962740421">
        <ele>1412</ele>
      </trkpt>
      <trkpt lat="42.784940013661981" lon="-0.327596962451935">
        <ele>1412</ele>
      </trkpt>
      <trkpt lat="42.785122990608215" lon="-0.327739035710692">
        <ele>1412</ele>
      </trkpt>
      <trkpt lat="42.785213012248278" lon="-0.327813969925046">
        <ele>1412</ele>
      </trkpt>
      <trkpt lat="42.785273026674986" lon="-0.327857974916697">
        <ele>1412</ele>
      </trkpt>
      <trkpt lat="42.785414010286331" lon="-0.327899968251586">
        <ele>1412</ele>
      </trkpt>
      <trkpt lat="42.785443011671305" lon="-0.327898040413857">
        <ele>1411</ele>
      </trkpt>
      <trkpt lat="42.7856470271945" lon="-0.327936010435224">
        <ele>1411</ele>
      </trkpt>
      <trkpt lat="42.785826986655593" lon="-0.327982027083635">
        <ele>1412</ele>
      </trkpt>
      <trkpt lat="42.786008035764098" lon="-0.327925030142069">
        <ele>1412</ele>
      </trkpt>
      <trkpt lat="42.786082969978452" lon="-0.327873984351754">
        <ele>1413</ele>
      </trkpt>
      <trkpt lat="42.786172991618514" lon="-0.327816987410188">
        <ele>1413</ele>
      </trkpt>
      <trkpt lat="42.786297965794802" lon="-0.327695030719042">
        <ele>1414</ele>
      </trkpt>
      <trkpt lat="42.786368038505316" lon="-0.327630992978811">
        <ele>1414</ele>
      </trkpt>
      <trkpt lat="42.786401985213161" lon="-0.327608026564121">
        <ele>1414</ele>
      </trkpt>
      <trkpt lat="42.786469962447882" lon="-0.327593022957444">
        <ele>1414</ele>
      </trkpt>
      <trkpt lat="42.786520002409816" lon="-0.327556980773807">
        <ele>1414</ele>
      </trkpt>
      <trkpt lat="42.786545986309648" lon="-0.327540971338749">
        <ele>1415</ele>
      </trkpt>
      <trkpt lat="42.786618992686272" lon="-0.327508030459285">
        <ele>1415</ele>
      </trkpt>
      <trkpt lat="42.786842035129666" lon="-0.327438963577151">
        <ele>1415</ele>
      </trkpt>
      <trkpt lat="42.786869024857879" lon="-0.327421026304364">
        <ele>1416</ele>
      </trkpt>
      <trkpt lat="42.786901965737343" lon="-0.327385989949107">
        <ele>1416</ele>
      </trkpt>
      <trkpt lat="42.787026017904282" lon="-0.327337961643934">
        <ele>1416</ele>
      </trkpt>
      <trkpt lat="42.787047978490591" lon="-0.327329998835921">
        <ele>1416</ele>
      </trkpt>
      <trkpt lat="42.787309996783733" lon="-0.327320024371147">
        <ele>1415</ele>
      </trkpt>
      <trkpt lat="42.787465984001756" lon="-0.327251963317394">
        <ele>1414</ele>
      </trkpt>
      <trkpt lat="42.787508983165026" lon="-0.327251963317394">
        <ele>1413</ele>
      </trkpt>
      <trkpt lat="42.787553993985057" lon="-0.327254980802536">
        <ele>1413</ele>
      </trkpt>
      <trkpt lat="42.787580983713269" lon="-0.327251963317394">
        <ele>1413</ele>
      </trkpt>
      <trkpt lat="42.787618031725287" lon="-0.327265039086342">
        <ele>1413</ele>
      </trkpt>
      <trkpt lat="42.787779970094562" lon="-0.327299991622567">
        <ele>1413</ele>
      </trkpt>
      <trkpt lat="42.787859011441469" lon="-0.327254980802536">
        <ele>1414</ele>
      </trkpt>
      <trkpt lat="42.788014998659492" lon="-0.3272620216012">
        <ele>1415</ele>
      </trkpt>
      <trkpt lat="42.788143996149302" lon="-0.32728398218751">
        <ele>1416</ele>
      </trkpt>
      <trkpt lat="42.788424035534263" lon="-0.327227991074324">
        <ele>1418</ele>
      </trkpt>
      <trkpt lat="42.788551021367311" lon="-0.327279958873987">
        <ele>1419</ele>
      </trkpt>
      <trkpt lat="42.788646994158626" lon="-0.327289011329412">
        <ele>1420</ele>
      </trkpt>
      <trkpt lat="42.788795018568635" lon="-0.327329998835921">
        <ele>1421</ele>
      </trkpt>
      <trkpt lat="42.788857966661453" lon="-0.327351037412882">
        <ele>1422</ele>
      </trkpt>
      <trkpt lat="42.789012026041746" lon="-0.327368974685669">
        <ele>1424</ele>
      </trkpt>
      <trkpt lat="42.789156027138233" lon="-0.327399987727404">
        <ele>1425</ele>
      </trkpt>
      <trkpt lat="42.789273038506508" lon="-0.327467964962125">
        <ele>1426</ele>
      </trkpt>
      <trkpt lat="42.789401030167937" lon="-0.327539965510368">
        <ele>1426</ele>
      </trkpt>
      <trkpt lat="42.789588030427694" lon="-0.327661000192165">
        <ele>1427</ele>
      </trkpt>
      <trkpt lat="42.789670005440712" lon="-0.327721014618874">
        <ele>1427</ele>
      </trkpt>
      <trkpt lat="42.78977201320231" lon="-0.327885970473289">
        <ele>1428</ele>
      </trkpt>
      <trkpt lat="42.789780981838703" lon="-0.327885970473289">
        <ele>1428</ele>
      </trkpt>
      <trkpt lat="42.789845019578934" lon="-0.327865015715361">
        <ele>1429</ele>
      </trkpt>
      <trkpt lat="42.78988097794354" lon="-0.327820004895329">
        <ele>1429</ele>
      </trkpt>
      <trkpt lat="42.789903022348881" lon="-0.327815981581807">
        <ele>1429</ele>
      </trkpt>
      <trkpt lat="42.790110977366567" lon="-0.327785974368453">
        <ele>1429</ele>
      </trkpt>
      <trkpt lat="42.790164034813643" lon="-0.327818999066949">
        <ele>1429</ele>
      </trkpt>
      <trkpt lat="42.790277022868395" lon="-0.327913966029882">
        <ele>1430</ele>
      </trkpt>
      <trkpt lat="42.790325973182917" lon="-0.327964005991817">
        <ele>1430</ele>
      </trkpt>
      <trkpt lat="42.79035204090178" lon="-0.327998036518693">
        <ele>1430</ele>
      </trkpt>
      <trkpt lat="42.790305018424988" lon="-0.327921006828547">
        <ele>1430</ele>
      </trkpt>
      <trkpt lat="42.790305018424988" lon="-0.327925030142069">
        <ele>1430</ele>
      </trkpt>
      <trkpt lat="42.790366960689425" lon="-0.327996024861932">
        <ele>1430</ele>
      </trkpt>
      <trkpt lat="42.790401997044683" lon="-0.328191993758082">
        <ele>1430</ele>
      </trkpt>
      <trkpt lat="42.79054700396955" lon="-0.328310010954738">
        <ele>1430</ele>
      </trkpt>
      <trkpt lat="42.790681030601263" lon="-0.328438002616167">
        <ele>1430</ele>
      </trkpt>
      <trkpt lat="42.790798963978887" lon="-0.328534981235862">
        <ele>1430</ele>
      </trkpt>
      <trkpt lat="42.790829977020621" lon="-0.328613016754389">
        <ele>1430</ele>
      </trkpt>
      <trkpt lat="42.790913041681051" lon="-0.328729022294283">
        <ele>1430</ele>
      </trkpt>
      <trkpt lat="42.791085038334131" lon="-0.328884003683925">
        <ele>1430</ele>
      </trkpt>
      <trkpt lat="42.791184028610587" lon="-0.328974025323987">
        <ele>1430</ele>
      </trkpt>
      <trkpt lat="42.791213029995561" lon="-0.328994980081916">
        <ele>1430</ele>
      </trkpt>
      <trkpt lat="42.791459960862994" lon="-0.329053988680243">
        <ele>1431</ele>
      </trkpt>
      <trkpt lat="42.791605973616242" lon="-0.329065974801779">
        <ele>1431</ele>
      </trkpt>
      <trkpt lat="42.791713010519743" lon="-0.329120960086584">
        <ele>1431</ele>
      </trkpt>
      <trkpt lat="42.791942004114389" lon="-0.329206958413124">
        <ele>1431</ele>
      </trkpt>
      <trkpt lat="42.792080976068974" lon="-0.329307038336992">
        <ele>1431</ele>
      </trkpt>
      <trkpt lat="42.792191030457616" lon="-0.329445004463196">
        <ele>1431</ele>
      </trkpt>
      <trkpt lat="42.792206034064293" lon="-0.329450033605099">
        <ele>1431</ele>
      </trkpt>
      <trkpt lat="42.792250961065292" lon="-0.329474005848169">
        <ele>1431</ele>
      </trkpt>
      <trkpt lat="42.792291026562452" lon="-0.329492026939988">
        <ele>1431</ele>
      </trkpt>
      <trkpt lat="42.792440978810191" lon="-0.329607026651502">
        <ele>1432</ele>
      </trkpt>
      <trkpt lat="42.792603000998497" lon="-0.329653965309262">
        <ele>1433</ele>
      </trkpt>
      <trkpt lat="42.792618004605174" lon="-0.329664023593068">
        <ele>1434</ele>
      </trkpt>
      <trkpt lat="42.792644994333386" lon="-0.329678021371365">
        <ele>1434</ele>
      </trkpt>
      <trkpt lat="42.792841969057918" lon="-0.329784974455833">
        <ele>1435</ele>
      </trkpt>
      <trkpt lat="42.792946994304657" lon="-0.329895028844476">
        <ele>1437</ele>
      </trkpt>
      <trkpt lat="42.792956968769431" lon="-0.329903997480869">
        <ele>1437</ele>
      </trkpt>
      <trkpt lat="42.793046990409493" lon="-0.329986978322268">
        <ele>1438</ele>
      </trkpt>
      <trkpt lat="42.79308102093637" lon="-0.330020003020763">
        <ele>1439</ele>
      </trkpt>
      <trkpt lat="42.7931899856776" lon="-0.330115975812078">
        <ele>1440</ele>
      </trkpt>
      <trkpt lat="42.793359970673919" lon="-0.330217983573675">
        <ele>1441</ele>
      </trkpt>
      <trkpt lat="42.793409004807472" lon="-0.330253019928932">
        <ele>1441</ele>
      </trkpt>
      <trkpt lat="42.79355401173234" lon="-0.330394003540277">
        <ele>1441</ele>
      </trkpt>
      <trkpt lat="42.793682003393769" lon="-0.330581003800035">
        <ele>1441</ele>
      </trkpt>
      <trkpt lat="42.79368401505053" lon="-0.33059298992157">
        <ele>1441</ele>
      </trkpt>
      <trkpt lat="42.793745035305619" lon="-0.330659039318562">
        <ele>1441</ele>
      </trkpt>
      <trkpt lat="42.793804965913296" lon="-0.330723999068141">
        <ele>1441</ele>
      </trkpt>
      <trkpt lat="42.793977968394756" lon="-0.330864982679486">
        <ele>1440</ele>
      </trkpt>
      <trkpt lat="42.794081987813115" lon="-0.330960033461452">
        <ele>1440</ele>
      </trkpt>
      <trkpt lat="42.794195981696248" lon="-0.331067992374301">
        <ele>1440</ele>
      </trkpt>
      <trkpt lat="42.794282985851169" lon="-0.331096993759274">
        <ele>1440</ele>
      </trkpt>
      <trkpt lat="42.794426986947656" lon="-0.331183997914195">
        <ele>1440</ele>
      </trkpt>
      <trkpt lat="42.794508961960673" lon="-0.331234037876129">
        <ele>1440</ele>
      </trkpt>
      <trkpt lat="42.794594960287213" lon="-0.331375021487474">
        <ele>1440</ele>
      </trkpt>
      <trkpt lat="42.794706020504236" lon="-0.331434030085802">
        <ele>1440</ele>
      </trkpt>
      <trkpt lat="42.794896038249135" lon="-0.331508964300156">
        <ele>1441</ele>
      </trkpt>
      <trkpt lat="42.794924033805728" lon="-0.331536959856749">
        <ele>1441</ele>
      </trkpt>
      <trkpt lat="42.794970972463489" lon="-0.33162597566843">
        <ele>1442</ele>
      </trkpt>
      <trkpt lat="42.795113967731595" lon="-0.331723960116506">
        <ele>1442</ele>
      </trkpt>
      <trkpt lat="42.795118996873498" lon="-0.331728989258409">
        <ele>1442</ele>
      </trkpt>
      <trkpt lat="42.795284958556294" lon="-0.33185999840498">
        <ele>1441</ele>
      </trkpt>
      <trkpt lat="42.795432982966304" lon="-0.331953037530184">
        <ele>1440</ele>
      </trkpt>
      <trkpt lat="42.795569021254778" lon="-0.332034006714821">
        <ele>1439</ele>
      </trkpt>
      <trkpt lat="42.79565803706646" lon="-0.332069965079427">
        <ele>1438</ele>
      </trkpt>
      <trkpt lat="42.795716961845756" lon="-0.332060996443033">
        <ele>1437</ele>
      </trkpt>
      <trkpt lat="42.795806983485818" lon="-0.332166021689773">
        <ele>1436</ele>
      </trkpt>
      <trkpt lat="42.79587303288281" lon="-0.332169039174914">
        <ele>1435</ele>
      </trkpt>
      <trkpt lat="42.796007981523871" lon="-0.332242967560887">
        <ele>1434</ele>
      </trkpt>
      <trkpt lat="42.796053998172283" lon="-0.33229099586606">
        <ele>1434</ele>
      </trkpt>
      <trkpt lat="42.796232029795647" lon="-0.332340029999614">
        <ele>1432</ele>
      </trkpt>
      <trkpt lat="42.796277962625027" lon="-0.332315973937511">
        <ele>1431</ele>
      </trkpt>
      <trkpt lat="42.79630403034389" lon="-0.332296025007963">
        <ele>1430</ele>
      </trkpt>
      <trkpt lat="42.796496981754899" lon="-0.332199968397617">
        <ele>1429</ele>
      </trkpt>
      <trkpt lat="42.796523971483111" lon="-0.332209020853043">
        <ele>1429</ele>
      </trkpt>
      <trkpt lat="42.796720024198294" lon="-0.332292001694441">
        <ele>1427</ele>
      </trkpt>
      <trkpt lat="42.796763023361564" lon="-0.332314968109131">
        <ele>1427</ele>
      </trkpt>
      <trkpt lat="42.796914987266064" lon="-0.33252602443099">
        <ele>1425</ele>
      </trkpt>
      <trkpt lat="42.796983970329165" lon="-0.332652004435658">
        <ele>1425</ele>
      </trkpt>
      <trkpt lat="42.797042978927493" lon="-0.332701960578561">
        <ele>1425</ele>
      </trkpt>
      <trkpt lat="42.79714297503233" lon="-0.332796005532146">
        <ele>1425</ele>
      </trkpt>
      <trkpt lat="42.797259986400604" lon="-0.332922991365194">
        <ele>1425</ele>
      </trkpt>
      <trkpt lat="42.797304997220635" lon="-0.332991974428296">
        <ele>1427</ele>
      </trkpt>
      <trkpt lat="42.797407004982233" lon="-0.333120971918106">
        <ele>1428</ele>
      </trkpt>
      <trkpt lat="42.797522004693747" lon="-0.33321401104331">
        <ele>1430</ele>
      </trkpt>
      <trkpt lat="42.797617977485061" lon="-0.333285005763173">
        <ele>1431</ele>
      </trkpt>
      <trkpt lat="42.79783096164465" lon="-0.333434036001563">
        <ele>1431</ele>
      </trkpt>
      <trkpt lat="42.797924000769854" lon="-0.333507964387536">
        <ele>1431</ele>
      </trkpt>
      <trkpt lat="42.798115024343133" lon="-0.333530008792877">
        <ele>1432</ele>
      </trkpt>
      <trkpt lat="42.798185013234615" lon="-0.3335340321064">
        <ele>1433</ele>
      </trkpt>
      <trkpt lat="42.798208985477686" lon="-0.333543000742793">
        <ele>1433</ele>
      </trkpt>
      <trkpt lat="42.79836799018085" lon="-0.333602009341121">
        <ele>1434</ele>
      </trkpt>
      <trkpt lat="42.798432027921081" lon="-0.333621958270669">
        <ele>1435</ele>
      </trkpt>
      <trkpt lat="42.798581980168819" lon="-0.333604020997882">
        <ele>1435</ele>
      </trkpt>
      <trkpt lat="42.798723969608545" lon="-0.333632016554475">
        <ele>1435</ele>
      </trkpt>
      <trkpt lat="42.798857996240258" lon="-0.333681972697377">
        <ele>1437</ele>
      </trkpt>
      <trkpt lat="42.798907030373812" lon="-0.333734024316072">
        <ele>1438</ele>
      </trkpt>
      <trkpt lat="42.798972995951772" lon="-0.333862015977502">
        <ele>1440</ele>
      </trkpt>
      <trkpt lat="42.799006020650268" lon="-0.333920018747449">
        <ele>1441</ele>
      </trkpt>
      <trkpt lat="42.799099981784821" lon="-0.33405102789402">
        <ele>1442</ele>
      </trkpt>
      <trkpt lat="42.799196960404515" lon="-0.334157980978489">
        <ele>1444</ele>
      </trkpt>
      <trkpt lat="42.799294022843242" lon="-0.33424599096179">
        <ele>1446</ele>
      </trkpt>
      <trkpt lat="42.799411034211516" lon="-0.334372976794839">
        <ele>1446</ele>
      </trkpt>
      <trkpt lat="42.799546988680959" lon="-0.334494011476636">
        <ele>1447</ele>
      </trkpt>
      <trkpt lat="42.79967900365591" lon="-0.334600964561105">
        <ele>1448</ele>
      </trkpt>
      <trkpt lat="42.799791991710663" lon="-0.334704983979464">
        <ele>1450</ele>
      </trkpt>
      <trkpt lat="42.799910008907318" lon="-0.334805985912681">
        <ele>1452</ele>
      </trkpt>
      <trkpt lat="42.799949990585446" lon="-0.334836998954415">
        <ele>1452</ele>
      </trkpt>
      <trkpt lat="42.800027020275593" lon="-0.334942024201155">
        <ele>1455</ele>
      </trkpt>
      <trkpt lat="42.800051998347044" lon="-0.335000026971102">
        <ele>1456</ele>
      </trkpt>
      <trkpt lat="42.800117963925004" lon="-0.335107985883951">
        <ele>1458</ele>
      </trkpt>
      <trkpt lat="42.800160041078925" lon="-0.335157020017505">
        <ele>1459</ele>
      </trkpt>
      <trkpt lat="42.800248973071575" lon="-0.335220973938704">
        <ele>1460</ele>
      </trkpt>
      <trkpt lat="42.800390040501952" lon="-0.335290040820837">
        <ele>1461</ele>
      </trkpt>
      <trkpt lat="42.800513003021479" lon="-0.335362041369081">
        <ele>1462</ele>
      </trkpt>
      <trkpt lat="42.800723975524306" lon="-0.335443010553718">
        <ele>1463</ele>
      </trkpt>
      <trkpt lat="42.800861019641161" lon="-0.335523979738355">
        <ele>1463</ele>
      </trkpt>
      <trkpt lat="42.800948023796082" lon="-0.335597991943359">
        <ele>1460</ele>
      </trkpt>
      <trkpt lat="42.801062017679214" lon="-0.335617018863559">
        <ele>1459</ele>
      </trkpt>
      <trkpt lat="42.801083978265524" lon="-0.335610983893275">
        <ele>1459</ele>
      </trkpt>
      <trkpt lat="42.801138963550329" lon="-0.335579970851541">
        <ele>1459</ele>
      </trkpt>
      <trkpt lat="42.801189003512263" lon="-0.33553596585989">
        <ele>1459</ele>
      </trkpt>
      <trkpt lat="42.801335016265512" lon="-0.335439993068576">
        <ele>1459</ele>
      </trkpt>
      <trkpt lat="42.801345996558666" lon="-0.335432030260563">
        <ele>1459</ele>
      </trkpt>
      <trkpt lat="42.801474994048476" lon="-0.335333961993456">
        <ele>1458</ele>
      </trkpt>
      <trkpt lat="42.801555963233113" lon="-0.335190966725349">
        <ele>1457</ele>
      </trkpt>
      <trkpt lat="42.801563004031777" lon="-0.335145033895969">
        <ele>1456</ele>
      </trkpt>
      <trkpt lat="42.801585970446467" lon="-0.335077978670597">
        <ele>1456</ele>
      </trkpt>
      <trkpt lat="42.801636010408401" lon="-0.335070015862584">
        <ele>1455</ele>
      </trkpt>
      <trkpt lat="42.801865004003048" lon="-0.335158025845885">
        <ele>1455</ele>
      </trkpt>
      <trkpt lat="42.801938010379672" lon="-0.335244024172425">
        <ele>1454</ele>
      </trkpt>
      <trkpt lat="42.802068013697863" lon="-0.335390958935022">
        <ele>1454</ele>
      </trkpt>
      <trkpt lat="42.802092991769314" lon="-0.335408980026841">
        <ele>1454</ele>
      </trkpt>
      <trkpt lat="42.802182007580996" lon="-0.335487015545368">
        <ele>1453</ele>
      </trkpt>
      <trkpt lat="42.802242022007704" lon="-0.335537977516651">
        <ele>1453</ele>
      </trkpt>
      <trkpt lat="42.80244997702539" lon="-0.335590029135346">
        <ele>1451</ele>
      </trkpt>
      <trkpt lat="42.802455006167293" lon="-0.335589023306966">
        <ele>1450</ele>
      </trkpt>
      <trkpt lat="42.802489958703518" lon="-0.335612995550036">
        <ele>1450</ele>
      </trkpt>
      <trkpt lat="42.80253597535193" lon="-0.335681978613138">
        <ele>1450</ele>
      </trkpt>
      <trkpt lat="42.802688023075461" lon="-0.335816005244851">
        <ele>1450</ele>
      </trkpt>
      <trkpt lat="42.802694980055094" lon="-0.335824973881245">
        <ele>1450</ele>
      </trkpt>
      <trkpt lat="42.802829006686807" lon="-0.335968974977732">
        <ele>1452</ele>
      </trkpt>
      <trkpt lat="42.802917016670108" lon="-0.336118005216122">
        <ele>1454</ele>
      </trkpt>
      <trkpt lat="42.803039979189634" lon="-0.336206015199423">
        <ele>1456</ele>
      </trkpt>
      <trkpt lat="42.803134024143219" lon="-0.33626401796937">
        <ele>1457</ele>
      </trkpt>
      <trkpt lat="42.803193032741547" lon="-0.336291007697582">
        <ele>1457</ele>
      </trkpt>
      <trkpt lat="42.803338039666414" lon="-0.336292013525963">
        <ele>1455</ele>
      </trkpt>
      <trkpt lat="42.803491009399295" lon="-0.336293019354343">
        <ele>1454</ele>
      </trkpt>
      <trkpt lat="42.803741041570902" lon="-0.336284972727299">
        <ele>1454</ele>
      </trkpt>
      <trkpt lat="42.803984032943845" lon="-0.336280027404428">
        <ele>1453</ele>
      </trkpt>
      <trkpt lat="42.804068019613624" lon="-0.336298970505595">
        <ele>1453</ele>
      </trkpt>
      <trkpt lat="42.804183019325137" lon="-0.336339036002755">
        <ele>1453</ele>
      </trkpt>
      <trkpt lat="42.804259965196252" lon="-0.336409024894238">
        <ele>1455</ele>
      </trkpt>
      <trkpt lat="42.804415030404925" lon="-0.336463004350662">
        <ele>1458</ele>
      </trkpt>
      <trkpt lat="42.804449982941151" lon="-0.33645998686552">
        <ele>1461</ele>
      </trkpt>
      <trkpt lat="42.804475966840982" lon="-0.336452024057508">
        <ele>1462</ele>
      </trkpt>
      <trkpt lat="42.804613010957837" lon="-0.336440037935972">
        <ele>1465</ele>
      </trkpt>
      <trkpt lat="42.804699009284377" lon="-0.336478007957339">
        <ele>1465</ele>
      </trkpt>
      <trkpt lat="42.804811997339129" lon="-0.336535004898906">
        <ele>1465</ele>
      </trkpt>
      <trkpt lat="42.804811997339129" lon="-0.336535004898906">
        <ele>1465</ele>
      </trkpt>
      <trkpt lat="42.804821971803904" lon="-0.336604993790388">
        <ele>1465</ele>
      </trkpt>
      <trkpt lat="42.80491903424263" lon="-0.336784031242132">
        <ele>1465</ele>
      </trkpt>
      <trkpt lat="42.805066974833608" lon="-0.336917974054813">
        <ele>1466</ele>
      </trkpt>
      <trkpt lat="42.805076027289033" lon="-0.336927026510239">
        <ele>1466</ele>
      </trkpt>
      <trkpt lat="42.80522296205163" lon="-0.337090976536274">
        <ele>1466</ele>
      </trkpt>
      <trkpt lat="42.805340979248285" lon="-0.337199019268155">
        <ele>1467</ele>
      </trkpt>
      <trkpt lat="42.805471988394856" lon="-0.337337991222739">
        <ele>1469</ele>
      </trkpt>
      <trkpt lat="42.805600985884666" lon="-0.337436981499195">
        <ele>1470</ele>
      </trkpt>
      <trkpt lat="42.805640967562795" lon="-0.337460031732917">
        <ele>1471</ele>
      </trkpt>
      <trkpt lat="42.805740963667631" lon="-0.337491966784">
        <ele>1472</ele>
      </trkpt>
      <trkpt lat="42.805817993357778" lon="-0.337558016180992">
        <ele>1473</ele>
      </trkpt>
      <trkpt lat="42.805854035541415" lon="-0.337679972872138">
        <ele>1475</ele>
      </trkpt>
      <trkpt lat="42.805906003341079" lon="-0.337758008390665">
        <ele>1476</ele>
      </trkpt>
      <trkpt lat="42.805929975584149" lon="-0.337792038917542">
        <ele>1477</ele>
      </trkpt>
      <trkpt lat="42.806017985567451" lon="-0.33787895925343">
        <ele>1480</ele>
      </trkpt>
      <trkpt lat="42.806077999994159" lon="-0.337935034185648">
        <ele>1482</ele>
      </trkpt>
      <trkpt lat="42.806095015257597" lon="-0.337950959801674">
        <ele>1486</ele>
      </trkpt>
      <trkpt lat="42.806108007207513" lon="-0.337967975065112">
        <ele>1487</ele>
      </trkpt>
      <trkpt lat="42.806129967793822" lon="-0.33802698366344">
        <ele>1488</ele>
      </trkpt>
      <trkpt lat="42.806113958358765" lon="-0.338094038888812">
        <ele>1488</ele>
      </trkpt>
      <trkpt lat="42.806131979450583" lon="-0.338171990588307">
        <ele>1488</ele>
      </trkpt>
      <trkpt lat="42.806191993877292" lon="-0.338239967823029">
        <ele>1488</ele>
      </trkpt>
      <trkpt lat="42.806242033839226" lon="-0.338382041081786">
        <ele>1488</ele>
      </trkpt>
      <trkpt lat="42.806263994425535" lon="-0.338420011103153">
        <ele>1488</ele>
      </trkpt>
      <trkpt lat="42.806314034387469" lon="-0.3384970407933">
        <ele>1489</ele>
      </trkpt>
      <trkpt lat="42.806314034387469" lon="-0.3384970407933">
        <ele>1489</ele>
      </trkpt>
      <trkpt lat="42.806430039927363" lon="-0.338549008592963">
        <ele>1490</ele>
      </trkpt>
      <trkpt lat="42.806525006890297" lon="-0.338583961129189">
        <ele>1490</ele>
      </trkpt>
      <trkpt lat="42.806626008823514" lon="-0.338595025241375">
        <ele>1491</ele>
      </trkpt>
      <trkpt lat="42.806697003543377" lon="-0.338617991656065">
        <ele>1491</ele>
      </trkpt>
      <trkpt lat="42.806862965226173" lon="-0.338546996936202">
        <ele>1490</ele>
      </trkpt>
      <trkpt lat="42.806913005188107" lon="-0.338538028299809">
        <ele>1489</ele>
      </trkpt>
      <trkpt lat="42.807039991021156" lon="-0.33856300637126">
        <ele>1489</ele>
      </trkpt>
      <trkpt lat="42.807077039033175" lon="-0.338611034676433">
        <ele>1489</ele>
      </trkpt>
      <trkpt lat="42.807105034589767" lon="-0.338684041053057">
        <ele>1491</ele>
      </trkpt>
      <trkpt lat="42.807159014046192" lon="-0.338814966380596">
        <ele>1492</ele>
      </trkpt>
      <trkpt lat="42.807189021259546" lon="-0.338882021605968">
        <ele>1493</ele>
      </trkpt>
      <trkpt lat="42.807250041514635" lon="-0.338982017710805">
        <ele>1494</ele>
      </trkpt>
      <trkpt lat="42.807290023192763" lon="-0.338979000225663">
        <ele>1495</ele>
      </trkpt>
      <trkpt lat="42.807335034012794" lon="-0.338999032974243">
        <ele>1496</ele>
      </trkpt>
      <trkpt lat="42.807437041774392" lon="-0.339006995782256">
        <ele>1498</ele>
      </trkpt>
      <trkpt lat="42.807468976825476" lon="-0.339001966640353">
        <ele>1502</ele>
      </trkpt>
      <trkpt lat="42.80747702345252" lon="-0.338995009660721">
        <ele>1503</ele>
      </trkpt>
      <trkpt lat="42.807497978210449" lon="-0.338984029367566">
        <ele>1504</ele>
      </trkpt>
      <trkpt lat="42.807575007900596" lon="-0.339083019644022">
        <ele>1505</ele>
      </trkpt>
      <trkpt lat="42.807604009285569" lon="-0.339144039899111">
        <ele>1505</ele>
      </trkpt>
      <trkpt lat="42.8076490201056" lon="-0.339276976883411">
        <ele>1506</ele>
      </trkpt>
      <trkpt lat="42.807719008997083" lon="-0.339302038773894">
        <ele>1508</ele>
      </trkpt>
      <trkpt lat="42.807744992896914" lon="-0.339300027117133">
        <ele>1508</ele>
      </trkpt>
      <trkpt lat="42.807783968746662" lon="-0.339288963004947">
        <ele>1508</ele>
      </trkpt>
      <trkpt lat="42.807868039235473" lon="-0.33922903239727">
        <ele>1511</ele>
      </trkpt>
      <trkpt lat="42.807883964851499" lon="-0.339115038514137">
        <ele>1513</ele>
      </trkpt>
      <trkpt lat="42.807900980114937" lon="-0.339053012430668">
        <ele>1516</ele>
      </trkpt>
      <trkpt lat="42.807898968458176" lon="-0.339041026309133">
        <ele>1517</ele>
      </trkpt>
      <trkpt lat="42.807898968458176" lon="-0.339041026309133">
        <ele>1518</ele>
      </trkpt>
      <trkpt lat="42.807910032570362" lon="-0.339040020480752">
        <ele>1518</ele>
      </trkpt>
      <trkpt lat="42.807910032570362" lon="-0.339040020480752">
        <ele>1518</ele>
      </trkpt>
      <trkpt lat="42.807911038398743" lon="-0.339039014652371">
        <ele>1518</ele>
      </trkpt>
      <trkpt lat="42.807911960408092" lon="-0.339039014652371">
        <ele>1518</ele>
      </trkpt>
      <trkpt lat="42.807911960408092" lon="-0.339039014652371">
        <ele>1518</ele>
      </trkpt>
      <trkpt lat="42.807911960408092" lon="-0.339038008823991">
        <ele>1518</ele>
      </trkpt>
      <trkpt lat="42.807911960408092" lon="-0.33903599716723">
        <ele>1518</ele>
      </trkpt>
      <trkpt lat="42.807922018691897" lon="-0.339040020480752">
        <ele>1518</ele>
      </trkpt>
      <trkpt lat="42.807922018691897" lon="-0.339040020480752">
        <ele>1518</ele>
      </trkpt>
      <trkpt lat="42.807954959571362" lon="-0.338942036032677">
        <ele>1520</ele>
      </trkpt>
      <trkpt lat="42.807956971228123" lon="-0.338933989405632">
        <ele>1521</ele>
      </trkpt>
      <trkpt lat="42.807956971228123" lon="-0.338933989405632">
        <ele>1521</ele>
      </trkpt>
      <trkpt lat="42.808008017018437" lon="-0.338900964707136">
        <ele>1521</ele>
      </trkpt>
      <trkpt lat="42.808044981211424" lon="-0.338937006890774">
        <ele>1523</ele>
      </trkpt>
      <trkpt lat="42.808084962889552" lon="-0.33897003158927">
        <ele>1524</ele>
      </trkpt>
      <trkpt lat="42.808084962889552" lon="-0.33897003158927">
        <ele>1525</ele>
      </trkpt>
      <trkpt lat="42.808084040880203" lon="-0.33897003158927">
        <ele>1525</ele>
      </trkpt>
      <trkpt lat="42.808082029223442" lon="-0.33897003158927">
        <ele>1525</ele>
      </trkpt>
      <trkpt lat="42.808080017566681" lon="-0.338971959426999">
        <ele>1525</ele>
      </trkpt>
      <trkpt lat="42.808073982596397" lon="-0.338985035195947">
        <ele>1525</ele>
      </trkpt>
      <trkpt lat="42.808074988424778" lon="-0.33905896358192">
        <ele>1526</ele>
      </trkpt>
      <trkpt lat="42.808133997023106" lon="-0.339129036292434">
        <ele>1528</ele>
      </trkpt>
      <trkpt lat="42.80816400423646" lon="-0.339210005477071">
        <ele>1529</ele>
      </trkpt>
      <trkpt lat="42.808170961216092" lon="-0.339243030175567">
        <ele>1531</ele>
      </trkpt>
      <trkpt lat="42.808201974257827" lon="-0.339258033782244">
        <ele>1532</ele>
      </trkpt>
      <trkpt lat="42.808259977027774" lon="-0.339261973276734">
        <ele>1533</ele>
      </trkpt>
      <trkpt lat="42.80831404030323" lon="-0.339232971891761">
        <ele>1533</ele>
      </trkpt>
      <trkpt lat="42.80840297229588" lon="-0.339200031012297">
        <ele>1535</ele>
      </trkpt>
      <trkpt lat="42.808470027521253" lon="-0.339170023798943">
        <ele>1536</ele>
      </trkpt>
      <trkpt lat="42.808641018345952" lon="-0.339133981615305">
        <ele>1537</ele>
      </trkpt>
      <trkpt lat="42.808655016124249" lon="-0.339139010757208">
        <ele>1538</ele>
      </trkpt>
      <trkpt lat="42.808792982250452" lon="-0.339161977171898">
        <ele>1539</ele>
      </trkpt>
      <trkpt lat="42.808943018317223" lon="-0.339045971632004">
        <ele>1541</ele>
      </trkpt>
      <trkpt lat="42.80900496058166" lon="-0.339044965803623">
        <ele>1544</ele>
      </trkpt>
      <trkpt lat="42.809051983058453" lon="-0.339072039350867">
        <ele>1547</ele>
      </trkpt>
      <trkpt lat="42.809063969179988" lon="-0.339074973016977">
        <ele>1547</ele>
      </trkpt>
      <trkpt lat="42.809108980000019" lon="-0.339076984673738">
        <ele>1546</ele>
      </trkpt>
      <trkpt lat="42.809108980000019" lon="-0.339081007987261">
        <ele>1545</ele>
      </trkpt>
      <trkpt lat="42.809186009690166" lon="-0.339095005765557">
        <ele>1546</ele>
      </trkpt>
      <trkpt lat="42.80919698998332" lon="-0.339105986058712">
        <ele>1546</ele>
      </trkpt>
      <trkpt lat="42.80930302105844" lon="-0.339112021028996">
        <ele>1545</ele>
      </trkpt>
      <trkpt lat="42.809364041313529" lon="-0.339061981067061">
        <ele>1544</ele>
      </trkpt>
      <trkpt lat="42.809423971921206" lon="-0.338879004120827">
        <ele>1543</ele>
      </trkpt>
      <trkpt lat="42.809467976912856" lon="-0.33884103409946">
        <ele>1543</ele>
      </trkpt>
      <trkpt lat="42.809622958302498" lon="-0.338856959715486">
        <ele>1543</ele>
      </trkpt>
      <trkpt lat="42.809670986607671" lon="-0.338871963322163">
        <ele>1543</ele>
      </trkpt>
      <trkpt lat="42.809670986607671" lon="-0.338871963322163">
        <ele>1543</ele>
      </trkpt>
      <trkpt lat="42.809681966900826" lon="-0.338871963322163">
        <ele>1543</ele>
      </trkpt>
      <trkpt lat="42.809813981875777" lon="-0.338880009949207">
        <ele>1543</ele>
      </trkpt>
      <trkpt lat="42.80984197743237" lon="-0.338861988857389">
        <ele>1543</ele>
      </trkpt>
      <trkpt lat="42.810065019875765" lon="-0.338753024116158">
        <ele>1544</ele>
      </trkpt>
      <trkpt lat="42.810083962976933" lon="-0.338745983317494">
        <ele>1544</ele>
      </trkpt>
      <trkpt lat="42.810154035687447" lon="-0.338719999417663">
        <ele>1544</ele>
      </trkpt>
      <trkpt lat="42.810328966006637" lon="-0.338670965284109">
        <ele>1543</ele>
      </trkpt>
      <trkpt lat="42.810496017336845" lon="-0.338686974719167">
        <ele>1543</ele>
      </trkpt>
      <trkpt lat="42.81059299595654" lon="-0.338723016902804">
        <ele>1544</ele>
      </trkpt>
      <trkpt lat="42.81059299595654" lon="-0.338723016902804">
        <ele>1544</ele>
      </trkpt>
      <trkpt lat="42.810672959312797" lon="-0.338717987760901">
        <ele>1545</ele>
      </trkpt>
      <trkpt lat="42.810775972902775" lon="-0.338709019124508">
        <ele>1545</ele>
      </trkpt>
      <trkpt lat="42.81091402284801" lon="-0.338710024952888">
        <ele>1546</ele>
      </trkpt>
      <trkpt lat="42.81091402284801" lon="-0.338710024952888">
        <ele>1546</ele>
      </trkpt>
      <trkpt lat="42.810972025617957" lon="-0.338681023567915">
        <ele>1546</ele>
      </trkpt>
      <trkpt lat="42.811049977317452" lon="-0.338646993041039">
        <ele>1545</ele>
      </trkpt>
      <trkpt lat="42.811160031706095" lon="-0.338610028848052">
        <ele>1546</ele>
      </trkpt>
      <trkpt lat="42.811330016702414" lon="-0.338523024693131">
        <ele>1546</ele>
      </trkpt>
      <trkpt lat="42.811532020568848" lon="-0.338436020538211">
        <ele>1546</ele>
      </trkpt>
      <trkpt lat="42.811697982251644" lon="-0.338474996387959">
        <ele>1547</ele>
      </trkpt>
      <trkpt lat="42.811730001121759" lon="-0.338498968631029">
        <ele>1547</ele>
      </trkpt>
      <trkpt lat="42.811813987791538" lon="-0.338529981672764">
        <ele>1548</ele>
      </trkpt>
      <trkpt lat="42.811900991946459" lon="-0.338557977229357">
        <ele>1550</ele>
      </trkpt>
      <trkpt lat="42.812055973336101" lon="-0.338517995551229">
        <ele>1551</ele>
      </trkpt>
      <trkpt lat="42.812082041054964" lon="-0.338497962802649">
        <ele>1552</ele>
      </trkpt>
      <trkpt lat="42.812151024118066" lon="-0.338468961417675">
        <ele>1554</ele>
      </trkpt>
      <trkpt lat="42.81220399774611" lon="-0.338459992781281">
        <ele>1557</ele>
      </trkpt>
      <trkpt lat="42.812249008566141" lon="-0.338437026366591">
        <ele>1561</ele>
      </trkpt>
      <trkpt lat="42.812285972759128" lon="-0.33841397613287">
        <ele>1562</ele>
      </trkpt>
      <trkpt lat="42.812441037967801" lon="-0.338312974199653">
        <ele>1560</ele>
      </trkpt>
      <trkpt lat="42.812581015750766" lon="-0.338046010583639">
        <ele>1559</ele>
      </trkpt>
      <trkpt lat="42.812703978270292" lon="-0.33789798617363">
        <ele>1559</ele>
      </trkpt>
      <trkpt lat="42.812840016558766" lon="-0.337825985625386">
        <ele>1559</ele>
      </trkpt>
      <trkpt lat="42.813053000718355" lon="-0.337802013382316">
        <ele>1558</ele>
      </trkpt>
      <trkpt lat="42.813147967681289" lon="-0.337759014219046">
        <ele>1558</ele>
      </trkpt>
      <trkpt lat="42.813264979049563" lon="-0.337734036147594">
        <ele>1557</ele>
      </trkpt>
      <trkpt lat="42.813327005133033" lon="-0.337718026712537">
        <ele>1554</ele>
      </trkpt>
      <trkpt lat="42.813355000689626" lon="-0.337697993963957">
        <ele>1554</ele>
      </trkpt>
      <trkpt lat="42.813635962083936" lon="-0.337573019787669">
        <ele>1554</ele>
      </trkpt>
      <trkpt lat="42.813861016184092" lon="-0.337548963725567">
        <ele>1555</ele>
      </trkpt>
      <trkpt lat="42.813972998410463" lon="-0.337601015344262">
        <ele>1556</ele>
      </trkpt>
      <trkpt lat="42.81402999535203" lon="-0.337608978152275">
        <ele>1557</ele>
      </trkpt>
      <trkpt lat="42.814056985080242" lon="-0.337584000080824">
        <ele>1557</ele>
      </trkpt>
      <trkpt lat="42.814267035573721" lon="-0.337595986202359">
        <ele>1559</ele>
      </trkpt>
      <trkpt lat="42.814342975616455" lon="-0.337608978152275">
        <ele>1559</ele>
      </trkpt>
      <trkpt lat="42.814442971721292" lon="-0.337649965658784">
        <ele>1561</ele>
      </trkpt>
      <trkpt lat="42.814550008624792" lon="-0.337634040042758">
        <ele>1562</ele>
      </trkpt>
      <trkpt lat="42.814786965027452" lon="-0.337549969553947">
        <ele>1563</ele>
      </trkpt>
      <trkpt lat="42.814962984994054" lon="-0.337498001754284">
        <ele>1565</ele>
      </trkpt>
      <trkpt lat="42.815057029947639" lon="-0.33742600120604">
        <ele>1567</ele>
      </trkpt>
      <trkpt lat="42.815078990533948" lon="-0.337399011477828">
        <ele>1568</ele>
      </trkpt>
      <trkpt lat="42.815101034939289" lon="-0.337367998436093">
        <ele>1569</ele>
      </trkpt>
      <trkpt lat="42.815172029659152" lon="-0.337277976796031">
        <ele>1571</ele>
      </trkpt>
      <trkpt lat="42.815283006057143" lon="-0.337229026481509">
        <ele>1573</ele>
      </trkpt>
      <trkpt lat="42.815372021868825" lon="-0.337172029539943">
        <ele>1575</ele>
      </trkpt>
      <trkpt lat="42.815436981618404" lon="-0.337161971256137">
        <ele>1577</ele>
      </trkpt>
      <trkpt lat="42.815459026023746" lon="-0.337154008448124">
        <ele>1578</ele>
      </trkpt>
      <trkpt lat="42.815517028793693" lon="-0.337192984297872">
        <ele>1580</ele>
      </trkpt>
      <trkpt lat="42.815558016300201" lon="-0.337207987904549">
        <ele>1582</ele>
      </trkpt>
      <trkpt lat="42.815562039613724" lon="-0.337206982076168">
        <ele>1583</ele>
      </trkpt>
      <trkpt lat="42.815579976886511" lon="-0.337212011218071">
        <ele>1583</ele>
      </trkpt>
      <trkpt lat="42.815607972443104" lon="-0.337208993732929">
        <ele>1583</ele>
      </trkpt>
      <trkpt lat="42.815691037103534" lon="-0.337207987904549">
        <ele>1585</ele>
      </trkpt>
      <trkpt lat="42.815767982974648" lon="-0.337237995117903">
        <ele>1587</ele>
      </trkpt>
      <trkpt lat="42.815796984359622" lon="-0.337244030088186">
        <ele>1590</ele>
      </trkpt>
      <trkpt lat="42.815878037363291" lon="-0.337264984846115">
        <ele>1591</ele>
      </trkpt>
      <trkpt lat="42.816008040681481" lon="-0.337334973737597">
        <ele>1591</ele>
      </trkpt>
      <trkpt lat="42.816126979887486" lon="-0.337373027577996">
        <ele>1591</ele>
      </trkpt>
      <trkpt lat="42.81622102484107" lon="-0.337436981499195">
        <ele>1591</ele>
      </trkpt>
      <trkpt lat="42.816404001787305" lon="-0.337579976767302">
        <ele>1591</ele>
      </trkpt>
      <trkpt lat="42.816426968201995" lon="-0.337607972323895">
        <ele>1591</ele>
      </trkpt>
      <trkpt lat="42.816542973741889" lon="-0.337740993127227">
        <ele>1592</ele>
      </trkpt>
      <trkpt lat="42.816626038402319" lon="-0.337734958156943">
        <ele>1593</ele>
      </trkpt>
      <trkpt lat="42.816659985110164" lon="-0.33770402893424">
        <ele>1594</ele>
      </trkpt>
      <trkpt lat="42.816765010356903" lon="-0.337587017565966">
        <ele>1595</ele>
      </trkpt>
      <trkpt lat="42.816868023946881" lon="-0.337501019239426">
        <ele>1597</ele>
      </trkpt>
      <trkpt lat="42.816946981474757" lon="-0.337456008419394">
        <ele>1599</ele>
      </trkpt>
      <trkpt lat="42.816959973424673" lon="-0.337458020076156">
        <ele>1599</ele>
      </trkpt>
      <trkpt lat="42.817044965922832" lon="-0.337435975670815">
        <ele>1601</ele>
      </trkpt>
      <trkpt lat="42.817160971462727" lon="-0.337385013699532">
        <ele>1602</ele>
      </trkpt>
      <trkpt lat="42.817249987274408" lon="-0.337299015372992">
        <ele>1603</ele>
      </trkpt>
      <trkpt lat="42.817335985600948" lon="-0.337228020653129">
        <ele>1605</ele>
      </trkpt>
      <trkpt lat="42.817400023341179" lon="-0.337129030376673">
        <ele>1607</ele>
      </trkpt>
      <trkpt lat="42.817442016676068" lon="-0.337015958502889">
        <ele>1609</ele>
      </trkpt>
      <trkpt lat="42.817454002797604" lon="-0.336985029280186">
        <ele>1609</ele>
      </trkpt>
      <trkpt lat="42.817481998354197" lon="-0.336842034012079">
        <ele>1612</ele>
      </trkpt>
      <trkpt lat="42.817486021667719" lon="-0.336834993213415">
        <ele>1612</ele>
      </trkpt>
      <trkpt lat="42.817521980032325" lon="-0.336814038455486">
        <ele>1614</ele>
      </trkpt>
      <trkpt lat="42.81753103248775" lon="-0.336812026798725">
        <ele>1615</ele>
      </trkpt>
      <trkpt lat="42.817556010559201" lon="-0.336799034848809">
        <ele>1615</ele>
      </trkpt>
      <trkpt lat="42.817642008885741" lon="-0.336699038743973">
        <ele>1618</ele>
      </trkpt>
      <trkpt lat="42.817706968635321" lon="-0.336655033752322">
        <ele>1619</ele>
      </trkpt>
      <trkpt lat="42.817719038575888" lon="-0.3366510104388">
        <ele>1619</ele>
      </trkpt>
      <trkpt lat="42.817818028852344" lon="-0.336572974920273">
        <ele>1621</ele>
      </trkpt>
      <trkpt lat="42.817916013300419" lon="-0.336542967706919">
        <ele>1622</ele>
      </trkpt>
      <trkpt lat="42.818024978041649" lon="-0.336440959945321">
        <ele>1623</ele>
      </trkpt>
      <trkpt lat="42.818096978589892" lon="-0.336339036002755">
        <ele>1624</ele>
      </trkpt>
      <trkpt lat="42.818106031045318" lon="-0.336328977718949">
        <ele>1625</ele>
      </trkpt>
      <trkpt lat="42.818170990794897" lon="-0.336294025182724">
        <ele>1626</ele>
      </trkpt>
      <trkpt lat="42.818309962749481" lon="-0.336312968283892">
        <ele>1628</ele>
      </trkpt>
      <trkpt lat="42.818323038518429" lon="-0.33630701713264">
        <ele>1628</ele>
      </trkpt>
      <trkpt lat="42.818451030179858" lon="-0.336201991885901">
        <ele>1631</ele>
      </trkpt>
      <trkpt lat="42.818462010473013" lon="-0.336190005764365">
        <ele>1631</ele>
      </trkpt>
      <trkpt lat="42.818559994921088" lon="-0.336081041023135">
        <ele>1633</ele>
      </trkpt>
      <trkpt lat="42.818639958277345" lon="-0.33600602298975">
        <ele>1634</ele>
      </trkpt>
      <trkpt lat="42.818662002682686" lon="-0.335998982191086">
        <ele>1635</ele>
      </trkpt>
      <trkpt lat="42.818824024870992" lon="-0.335912983864546">
        <ele>1636</ele>
      </trkpt>
      <trkpt lat="42.818898959085345" lon="-0.335883982479572">
        <ele>1636</ele>
      </trkpt>
      <trkpt lat="42.818919997662306" lon="-0.335873002186418">
        <ele>1637</ele>
      </trkpt>
      <trkpt lat="42.818965008482337" lon="-0.335860010236502">
        <ele>1639</ele>
      </trkpt>
      <trkpt lat="42.818965008482337" lon="-0.335860010236502">
        <ele>1639</ele>
      </trkpt>
      <trkpt lat="42.818965008482337" lon="-0.335860010236502">
        <ele>1639</ele>
      </trkpt>
      <trkpt lat="42.818965008482337" lon="-0.335860010236502">
        <ele>1639</ele>
      </trkpt>
      <trkpt lat="42.819083025678992" lon="-0.335741993039846">
        <ele>1639</ele>
      </trkpt>
      <trkpt lat="42.819137005135417" lon="-0.335657000541687">
        <ele>1639</ele>
      </trkpt>
      <trkpt lat="42.819137005135417" lon="-0.335657000541687">
        <ele>1639</ele>
      </trkpt>
      <trkpt lat="42.81918603926897" lon="-0.335506964474916">
        <ele>1639</ele>
      </trkpt>
      <trkpt lat="42.819195007905364" lon="-0.335466982796788">
        <ele>1639</ele>
      </trkpt>
      <trkpt lat="42.819303972646594" lon="-0.33527503721416">
        <ele>1639</ele>
      </trkpt>
      <trkpt lat="42.819325011223555" lon="-0.335249975323677">
        <ele>1639</ele>
      </trkpt>
      <trkpt lat="42.819363987073302" lon="-0.335137993097305">
        <ele>1639</ele>
      </trkpt>
      <trkpt lat="42.819435987621546" lon="-0.335029028356075">
        <ele>1639</ele>
      </trkpt>
      <trkpt lat="42.819457026198506" lon="-0.334930038079619">
        <ele>1638</ele>
      </trkpt>
      <trkpt lat="42.819474963471293" lon="-0.334771033376455">
        <ele>1637</ele>
      </trkpt>
      <trkpt lat="42.819497007876635" lon="-0.3346530161798">
        <ele>1637</ele>
      </trkpt>
      <trkpt lat="42.819554004818201" lon="-0.334493005648255">
        <ele>1636</ele>
      </trkpt>
      <trkpt lat="42.81957202591002" lon="-0.334453023970127">
        <ele>1636</ele>
      </trkpt>
      <trkpt lat="42.819645032286644" lon="-0.334332995116711">
        <ele>1635</ele>
      </trkpt>
      <trkpt lat="42.819660035893321" lon="-0.334215983748436">
        <ele>1635</ele>
      </trkpt>
      <trkpt lat="42.819759026169777" lon="-0.33413995988667">
        <ele>1634</ele>
      </trkpt>
      <trkpt lat="42.819891041144729" lon="-0.334056979045272">
        <ele>1633</ele>
      </trkpt>
      <trkpt lat="42.820034958422184" lon="-0.333961006253958">
        <ele>1632</ele>
      </trkpt>
      <trkpt lat="42.82008902169764" lon="-0.333882970735431">
        <ele>1632</ele>
      </trkpt>
      <trkpt lat="42.820204021409154" lon="-0.333708040416241">
        <ele>1632</ele>
      </trkpt>
      <trkpt lat="42.820280967280269" lon="-0.333553981035948">
        <ele>1632</ele>
      </trkpt>
      <trkpt lat="42.820293037220836" lon="-0.333540989086032">
        <ele>1632</ele>
      </trkpt>
      <trkpt lat="42.820410970598459" lon="-0.33340604044497">
        <ele>1633</ele>
      </trkpt>
      <trkpt lat="42.820449024438858" lon="-0.333305038511753">
        <ele>1633</ele>
      </trkpt>
      <trkpt lat="42.820552038028836" lon="-0.333184003829956">
        <ele>1633</ele>
      </trkpt>
      <trkpt lat="42.820634013041854" lon="-0.333110997453332">
        <ele>1633</ele>
      </trkpt>
      <trkpt lat="42.820795029401779" lon="-0.332879992201924">
        <ele>1634</ele>
      </trkpt>
      <trkpt lat="42.82092897221446" lon="-0.332709001377225">
        <ele>1634</ele>
      </trkpt>
      <trkpt lat="42.820953028276563" lon="-0.332662984728813">
        <ele>1634</ele>
      </trkpt>
      <trkpt lat="42.821027962490916" lon="-0.33248201943934">
        <ele>1635</ele>
      </trkpt>
      <trkpt lat="42.821038020774722" lon="-0.332451006397605">
        <ele>1635</ele>
      </trkpt>
      <trkpt lat="42.821084959432483" lon="-0.332358973100781">
        <ele>1635</ele>
      </trkpt>
      <trkpt lat="42.821111027151346" lon="-0.332258976995945">
        <ele>1636</ele>
      </trkpt>
      <trkpt lat="42.82114002853632" lon="-0.332190999761224">
        <ele>1636</ele>
      </trkpt>
      <trkpt lat="42.821216974407434" lon="-0.331978015601635">
        <ele>1636</ele>
      </trkpt>
      <trkpt lat="42.821246981620789" lon="-0.33188397064805">
        <ele>1637</ele>
      </trkpt>
      <trkpt lat="42.821267014369369" lon="-0.331820016726851">
        <ele>1636</ele>
      </trkpt>
      <trkpt lat="42.821282017976046" lon="-0.331741981208324">
        <ele>1637</ele>
      </trkpt>
      <trkpt lat="42.821328034624457" lon="-0.331574007868767">
        <ele>1637</ele>
      </trkpt>
      <trkpt lat="42.821366004645824" lon="-0.331424977630377">
        <ele>1637</ele>
      </trkpt>
      <trkpt lat="42.821387965232134" lon="-0.331396982073784">
        <ele>1637</ele>
      </trkpt>
      <trkpt lat="42.821415038779378" lon="-0.331325987353921">
        <ele>1638</ele>
      </trkpt>
      <trkpt lat="42.821427024900913" lon="-0.331296985968947">
        <ele>1638</ele>
      </trkpt>
      <trkpt lat="42.821513023227453" lon="-0.331137981265783">
        <ele>1638</ele>
      </trkpt>
      <trkpt lat="42.821596004068851" lon="-0.331003032624722">
        <ele>1639</ele>
      </trkpt>
      <trkpt lat="42.821602039039135" lon="-0.330987023189664">
        <ele>1640</ele>
      </trkpt>
      <trkpt lat="42.82163598574698" lon="-0.330823995172977">
        <ele>1641</ele>
      </trkpt>
      <trkpt lat="42.821659035980701" lon="-0.330784013494849">
        <ele>1641</ele>
      </trkpt>
      <trkpt lat="42.821740005165339" lon="-0.330624002963305">
        <ele>1642</ele>
      </trkpt>
      <trkpt lat="42.821787027642131" lon="-0.330560971051455">
        <ele>1643</ele>
      </trkpt>
      <trkpt lat="42.821805970743299" lon="-0.330519983544946">
        <ele>1643</ele>
      </trkpt>
      <trkpt lat="42.821917030960321" lon="-0.330342035740614">
        <ele>1645</ele>
      </trkpt>
      <trkpt lat="42.821966987103224" lon="-0.330236004665494">
        <ele>1646</ele>
      </trkpt>
      <trkpt lat="42.822008980438113" lon="-0.33009703271091">
        <ele>1648</ele>
      </trkpt>
      <trkpt lat="42.822070000693202" lon="-0.329983038827777">
        <ele>1649</ele>
      </trkpt>
      <trkpt lat="42.822105037048459" lon="-0.329889999702573">
        <ele>1651</ele>
      </trkpt>
      <trkpt lat="42.822134038433433" lon="-0.329781034961343">
        <ele>1652</ele>
      </trkpt>
      <trkpt lat="42.822142001241446" lon="-0.329642985016108">
        <ele>1654</ele>
      </trkpt>
      <trkpt lat="42.822138983756304" lon="-0.329571990296245">
        <ele>1655</ele>
      </trkpt>
      <trkpt lat="42.822137977927923" lon="-0.329439975321293">
        <ele>1656</ele>
      </trkpt>
      <trkpt lat="42.822140995413065" lon="-0.329298991709948">
        <ele>1658</ele>
      </trkpt>
      <trkpt lat="42.822137977927923" lon="-0.329203018918633">
        <ele>1659</ele>
      </trkpt>
      <trkpt lat="42.822142001241446" lon="-0.329068992286921">
        <ele>1660</ele>
      </trkpt>
      <trkpt lat="42.822153987362981" lon="-0.328976036980748">
        <ele>1662</ele>
      </trkpt>
      <trkpt lat="42.822164967656136" lon="-0.328944018110633">
        <ele>1662</ele>
      </trkpt>
      <trkpt lat="42.82217301428318" lon="-0.328823989257216">
        <ele>1663</ele>
      </trkpt>
      <trkpt lat="42.822198998183012" lon="-0.328741008415818">
        <ele>1665</ele>
      </trkpt>
      <trkpt lat="42.822229005396366" lon="-0.328683005645871">
        <ele>1666</ele>
      </trkpt>
      <trkpt lat="42.822243003174663" lon="-0.328585021197796">
        <ele>1667</ele>
      </trkpt>
      <trkpt lat="42.822260018438101" lon="-0.328404977917671">
        <ele>1668</ele>
      </trkpt>
      <trkpt lat="42.822263035923243" lon="-0.328383017331362">
        <ele>1669</ele>
      </trkpt>
      <trkpt lat="42.822329001501203" lon="-0.328229041770101">
        <ele>1670</ele>
      </trkpt>
      <trkpt lat="42.822382980957627" lon="-0.328116975724697">
        <ele>1670</ele>
      </trkpt>
      <trkpt lat="42.822444001212716" lon="-0.328025026246905">
        <ele>1672</ele>
      </trkpt>
      <trkpt lat="42.822488006204367" lon="-0.327896028757095">
        <ele>1673</ele>
      </trkpt>
      <trkpt lat="42.822563024237752" lon="-0.327818999066949">
        <ele>1674</ele>
      </trkpt>
      <trkpt lat="42.822666959837079" lon="-0.327693019062281">
        <ele>1676</ele>
      </trkpt>
      <trkpt lat="42.822675006464124" lon="-0.327655971050262">
        <ele>1676</ele>
      </trkpt>
      <trkpt lat="42.822700990363955" lon="-0.327470982447267">
        <ele>1677</ele>
      </trkpt>
      <trkpt lat="42.822721023112535" lon="-0.327367968857288">
        <ele>1678</ele>
      </trkpt>
      <trkpt lat="42.822723034769297" lon="-0.327250035479665">
        <ele>1680</ele>
      </trkpt>
      <trkpt lat="42.822705013677478" lon="-0.327121037989855">
        <ele>1681</ele>
      </trkpt>
      <trkpt lat="42.822704007849097" lon="-0.326976031064987">
        <ele>1681</ele>
      </trkpt>
      <trkpt lat="42.822716999799013" lon="-0.326944012194872">
        <ele>1682</ele>
      </trkpt>
      <trkpt lat="42.822809033095837" lon="-0.32679095864296">
        <ele>1682</ele>
      </trkpt>
      <trkpt lat="42.822857983410358" lon="-0.326717030256987">
        <ele>1683</ele>
      </trkpt>
      <trkpt lat="42.822907017543912" lon="-0.326614016667008">
        <ele>1685</ele>
      </trkpt>
      <trkpt lat="42.822910035029054" lon="-0.326527012512088">
        <ele>1685</ele>
      </trkpt>
      <trkpt lat="42.822892013937235" lon="-0.326477978378534">
        <ele>1685</ele>
      </trkpt>
      <trkpt lat="42.822896959260106" lon="-0.326408995315433">
        <ele>1685</ele>
      </trkpt>
      <trkpt lat="42.822853960096836" lon="-0.326240016147494">
        <ele>1686</ele>
      </trkpt>
      <trkpt lat="42.822821019217372" lon="-0.326185030862689">
        <ele>1687</ele>
      </trkpt>
      <trkpt lat="42.822798974812031" lon="-0.326100960373878">
        <ele>1688</ele>
      </trkpt>
      <trkpt lat="42.822735020890832" lon="-0.325998030602932">
        <ele>1690</ele>
      </trkpt>
      <trkpt lat="42.822726974263787" lon="-0.325993001461029">
        <ele>1690</ele>
      </trkpt>
      <trkpt lat="42.822682969272137" lon="-0.325956037268043">
        <ele>1691</ele>
      </trkpt>
      <trkpt lat="42.82266603782773" lon="-0.325899040326476">
        <ele>1692</ele>
      </trkpt>
      <trkpt lat="42.822611974552274" lon="-0.325793009251356">
        <ele>1694</ele>
      </trkpt>
      <trkpt lat="42.822597976773977" lon="-0.325708016753197">
        <ele>1695</ele>
      </trkpt>
      <trkpt lat="42.8225829731673" lon="-0.325612965971231">
        <ele>1697</ele>
      </trkpt>
      <trkpt lat="42.822565035894513" lon="-0.325534008443356">
        <ele>1700</ele>
      </trkpt>
      <trkpt lat="42.822550032287836" lon="-0.325510036200285">
        <ele>1701</ele>
      </trkpt>
      <trkpt lat="42.822540979832411" lon="-0.325467037037015">
        <ele>1702</ele>
      </trkpt>
      <trkpt lat="42.822531005367637" lon="-0.325418002903461">
        <ele>1703</ele>
      </trkpt>
      <trkpt lat="42.822512984275818" lon="-0.325356982648373">
        <ele>1704</ele>
      </trkpt>
      <trkpt lat="42.822481971234083" lon="-0.325282970443368">
        <ele>1705</ele>
      </trkpt>
      <trkpt lat="42.822475014254451" lon="-0.325278025120497">
        <ele>1707</ele>
      </trkpt>
      <trkpt lat="42.822451964020729" lon="-0.325257992371917">
        <ele>1707</ele>
      </trkpt>
      <trkpt lat="42.822381975129247" lon="-0.325237037613988">
        <ele>1708</ele>
      </trkpt>
      <trkpt lat="42.82234501093626" lon="-0.325188003480434">
        <ele>1710</ele>
      </trkpt>
      <trkpt lat="42.822325984016061" lon="-0.325168976560235">
        <ele>1712</ele>
      </trkpt>
      <trkpt lat="42.822321960702538" lon="-0.325153972953558">
        <ele>1713</ele>
      </trkpt>
      <trkpt lat="42.822321960702538" lon="-0.325153972953558">
        <ele>1714</ele>
      </trkpt>
      <trkpt lat="42.822308968752623" lon="-0.325118014588952">
        <ele>1714</ele>
      </trkpt>
      <trkpt lat="42.822248032316566" lon="-0.325017012655735">
        <ele>1716</ele>
      </trkpt>
      <trkpt lat="42.822200004011393" lon="-0.324935959652066">
        <ele>1718</ele>
      </trkpt>
      <trkpt lat="42.822198998183012" lon="-0.324935037642717">
        <ele>1719</ele>
      </trkpt>
      <trkpt lat="42.82219497486949" lon="-0.32492003403604">
        <ele>1720</ele>
      </trkpt>
      <trkpt lat="42.822188017889857" lon="-0.324901007115841">
        <ele>1722</ele>
      </trkpt>
      <trkpt lat="42.822148958221078" lon="-0.324821965768933">
        <ele>1724</ele>
      </trkpt>
      <trkpt lat="42.822117023169994" lon="-0.324781984090805">
        <ele>1726</ele>
      </trkpt>
      <trkpt lat="42.822103025391698" lon="-0.32475097104907">
        <ele>1728</ele>
      </trkpt>
      <trkpt lat="42.822077963501215" lon="-0.324733033776283">
        <ele>1730</ele>
      </trkpt>
      <trkpt lat="42.82204401679337" lon="-0.324710989370942">
        <ele>1731</ele>
      </trkpt>
      <trkpt lat="42.822004035115242" lon="-0.324666984379292">
        <ele>1733</ele>
      </trkpt>
      <trkpt lat="42.821965981274843" lon="-0.324628008529544">
        <ele>1735</ele>
      </trkpt>
      <trkpt lat="42.821951983496547" lon="-0.32461903989315">
        <ele>1736</ele>
      </trkpt>
      <trkpt lat="42.821823991835117" lon="-0.324596995487809">
        <ele>1738</ele>
      </trkpt>
      <trkpt lat="42.821703962981701" lon="-0.324478978291154">
        <ele>1740</ele>
      </trkpt>
      <trkpt lat="42.821666998788714" lon="-0.324432039633393">
        <ele>1742</ele>
      </trkpt>
      <trkpt lat="42.821616036817431" lon="-0.324389962479472">
        <ele>1743</ele>
      </trkpt>
      <trkpt lat="42.821544958278537" lon="-0.32429801300168">
        <ele>1744</ele>
      </trkpt>
      <trkpt lat="42.821531966328621" lon="-0.324280997738242">
        <ele>1746</ele>
      </trkpt>
      <trkpt lat="42.821521991863847" lon="-0.324256019666791">
        <ele>1747</ele>
      </trkpt>
      <trkpt lat="42.821473041549325" lon="-0.324174966663122">
        <ele>1749</ele>
      </trkpt>
      <trkpt lat="42.821431970223784" lon="-0.324098020792007">
        <ele>1750</ele>
      </trkpt>
      <trkpt lat="42.821412021294236" lon="-0.324041023850441">
        <ele>1752</ele>
      </trkpt>
      <trkpt lat="42.821380002424121" lon="-0.323964999988675">
        <ele>1754</ele>
      </trkpt>
      <trkpt lat="42.821352006867528" lon="-0.323917977511883">
        <ele>1754</ele>
      </trkpt>
      <trkpt lat="42.82127003185451" lon="-0.323731983080506">
        <ele>1755</ele>
      </trkpt>
      <trkpt lat="42.821265002712607" lon="-0.323666017502546">
        <ele>1756</ele>
      </trkpt>
      <trkpt lat="42.821209011599422" lon="-0.323555963113904">
        <ele>1757</ele>
      </trkpt>
      <trkpt lat="42.821174981072545" lon="-0.323451021686196">
        <ele>1757</ele>
      </trkpt>
      <trkpt lat="42.821172969415784" lon="-0.32343802973628">
        <ele>1757</ele>
      </trkpt>
      <trkpt lat="42.821155032142997" lon="-0.32326796092093">
        <ele>1759</ele>
      </trkpt>
      <trkpt lat="42.821103986352682" lon="-0.323139969259501">
        <ele>1760</ele>
      </trkpt>
      <trkpt lat="42.821041960269213" lon="-0.323082972317934">
        <ele>1760</ele>
      </trkpt>
      <trkpt lat="42.821004996076226" lon="-0.322968978434801">
        <ele>1761</ele>
      </trkpt>
      <trkpt lat="42.820989992469549" lon="-0.322918016463518">
        <ele>1761</ele>
      </trkpt>
      <trkpt lat="42.821007007732987" lon="-0.322850039228797">
        <ele>1762</ele>
      </trkpt>
      <trkpt lat="42.821015976369381" lon="-0.32270603813231">
        <ele>1763</ele>
      </trkpt>
      <trkpt lat="42.821061993017793" lon="-0.322522977367044">
        <ele>1764</ele>
      </trkpt>
      <trkpt lat="42.821061993017793" lon="-0.322522977367044">
        <ele>1764</ele>
      </trkpt>
      <trkpt lat="42.821067022159696" lon="-0.322462962940335">
        <ele>1764</ele>
      </trkpt>
      <trkpt lat="42.821084959432483" lon="-0.322331031784415">
        <ele>1766</ele>
      </trkpt>
      <trkpt lat="42.821125024929643" lon="-0.322243021801114">
        <ele>1767</ele>
      </trkpt>
      <trkpt lat="42.821156959980726" lon="-0.322117041796446">
        <ele>1769</ele>
      </trkpt>
      <trkpt lat="42.821160983294249" lon="-0.32210698351264">
        <ele>1770</ele>
      </trkpt>
      <trkpt lat="42.821190990507603" lon="-0.321964994072914">
        <ele>1772</ele>
      </trkpt>
      <trkpt lat="42.821233989670873" lon="-0.321878995746374">
        <ele>1774</ele>
      </trkpt>
      <trkpt lat="42.821268020197749" lon="-0.321792997419834">
        <ele>1776</ele>
      </trkpt>
      <trkpt lat="42.82127195969224" lon="-0.321772964671254">
        <ele>1778</ele>
      </trkpt>
      <trkpt lat="42.821289980784059" lon="-0.321743041276932">
        <ele>1778</ele>
      </trkpt>
      <trkpt lat="42.821316970512271" lon="-0.321673974394798">
        <ele>1780</ele>
      </trkpt>
      <trkpt lat="42.82135502435267" lon="-0.321603985503316">
        <ele>1782</ele>
      </trkpt>
      <trkpt lat="42.821401041001081" lon="-0.321538019925356">
        <ele>1782</ele>
      </trkpt>
      <trkpt lat="42.821457032114267" lon="-0.321381026878953">
        <ele>1784</ele>
      </trkpt>
      <trkpt lat="42.821504976600409" lon="-0.321285976096988">
        <ele>1784</ele>
      </trkpt>
      <trkpt lat="42.821505982428789" lon="-0.32113803550601">
        <ele>1786</ele>
      </trkpt>
      <trkpt lat="42.821520986035466" lon="-0.321093024685979">
        <ele>1787</ele>
      </trkpt>
      <trkpt lat="42.821518974378705" lon="-0.32101197168231">
        <ele>1787</ele>
      </trkpt>
      <trkpt lat="42.821505982428789" lon="-0.32092303968966">
        <ele>1788</ele>
      </trkpt>
      <trkpt lat="42.821513023227453" lon="-0.320852966979146">
        <ele>1790</ele>
      </trkpt>
      <trkpt lat="42.821501959115267" lon="-0.320674013346434">
        <ele>1791</ele>
      </trkpt>
      <trkpt lat="42.821479998528957" lon="-0.320617016404867">
        <ele>1792</ele>
      </trkpt>
      <trkpt lat="42.821461977437139" lon="-0.320569993928075">
        <ele>1793</ele>
      </trkpt>
      <trkpt lat="42.821457032114267" lon="-0.320440996438265">
        <ele>1794</ele>
      </trkpt>
      <trkpt lat="42.821450997143984" lon="-0.320377964526415">
        <ele>1794</ele>
      </trkpt>
      <trkpt lat="42.821362987160683" lon="-0.320267993956804">
        <ele>1795</ele>
      </trkpt>
      <trkpt lat="42.82126902602613" lon="-0.320191970095038">
        <ele>1796</ele>
      </trkpt>
      <trkpt lat="42.821246981620789" lon="-0.320161040872335">
        <ele>1796</ele>
      </trkpt>
      <trkpt lat="42.82120699994266" lon="-0.320118041709065">
        <ele>1796</ele>
      </trkpt>
      <trkpt lat="42.821095017716289" lon="-0.320047968998551">
        <ele>1798</ele>
      </trkpt>
      <trkpt lat="42.820977000519633" lon="-0.319959037005901">
        <ele>1799</ele>
      </trkpt>
      <trkpt lat="42.820912962779403" lon="-0.319873038679361">
        <ele>1800</ele>
      </trkpt>
      <trkpt lat="42.820868035778403" lon="-0.319817969575524">
        <ele>1800</ele>
      </trkpt>
      <trkpt lat="42.820858983322978" lon="-0.319793997332454">
        <ele>1801</ele>
      </trkpt>
      <trkpt lat="42.820858983322978" lon="-0.319793997332454">
        <ele>1801</ele>
      </trkpt>
      <trkpt lat="42.820857977494597" lon="-0.319787040352821">
        <ele>1801</ele>
      </trkpt>
      <trkpt lat="42.820848003029823" lon="-0.319771030917764">
        <ele>1801</ele>
      </trkpt>
      <trkpt lat="42.820801986381412" lon="-0.319580007344484">
        <ele>1802</ele>
      </trkpt>
      <trkpt lat="42.820794023573399" lon="-0.319514041766524">
        <ele>1802</ele>
      </trkpt>
      <trkpt lat="42.820771979168057" lon="-0.319465007632971">
        <ele>1803</ele>
      </trkpt>
      <trkpt lat="42.820743983611465" lon="-0.319427037611604">
        <ele>1803</ele>
      </trkpt>
      <trkpt lat="42.82069100998342" lon="-0.319423014298081">
        <ele>1804</ele>
      </trkpt>
      <trkpt lat="42.820611968636513" lon="-0.319424020126462">
        <ele>1804</ele>
      </trkpt>
      <trkpt lat="42.820527981966734" lon="-0.319388983771205">
        <ele>1806</ele>
      </trkpt>
      <trkpt lat="42.820413988083601" lon="-0.319375991821289">
        <ele>1807</ele>
      </trkpt>
      <trkpt lat="42.820385992527008" lon="-0.319374985992908">
        <ele>1807</ele>
      </trkpt>
      <trkpt lat="42.820280967280269" lon="-0.319258980453014">
        <ele>1808</ele>
      </trkpt>
      <trkpt lat="42.820271998643875" lon="-0.319246994331479">
        <ele>1808</ele>
      </trkpt>
      <trkpt lat="42.820213995873928" lon="-0.319252023473382">
        <ele>1809</ele>
      </trkpt>
      <trkpt lat="42.820187006145716" lon="-0.31922897323966">
        <ele>1809</ele>
      </trkpt>
      <trkpt lat="42.820168985053897" lon="-0.319106010720134">
        <ele>1811</ele>
      </trkpt>
      <trkpt lat="42.820172002539039" lon="-0.318977013230324">
        <ele>1813</ele>
      </trkpt>
      <trkpt lat="42.820183988660574" lon="-0.318871987983584">
        <ele>1816</ele>
      </trkpt>
      <trkpt lat="42.820178959518671" lon="-0.318753970786929">
        <ele>1817</ele>
      </trkpt>
      <trkpt lat="42.820186000317335" lon="-0.318680964410305">
        <ele>1819</ele>
      </trkpt>
      <trkpt lat="42.820187006145716" lon="-0.318671995773911">
        <ele>1820</ele>
      </trkpt>
      <trkpt lat="42.82019698061049" lon="-0.318601001054049">
        <ele>1821</ele>
      </trkpt>
      <trkpt lat="42.820208966732025" lon="-0.318481978029013">
        <ele>1822</ele>
      </trkpt>
      <trkpt lat="42.820207960903645" lon="-0.318396985530853">
        <ele>1824</ele>
      </trkpt>
      <trkpt lat="42.820198992267251" lon="-0.318363038823009">
        <ele>1826</ele>
      </trkpt>
      <trkpt lat="42.820198992267251" lon="-0.318363038823009">
        <ele>1827</ele>
      </trkpt>
      <trkpt lat="42.82019698061049" lon="-0.318326996639371">
        <ele>1829</ele>
      </trkpt>
      <trkpt lat="42.820193963125348" lon="-0.318265976384282">
        <ele>1831</ele>
      </trkpt>
      <trkpt lat="42.820192035287619" lon="-0.31815298832953">
        <ele>1832</ele>
      </trkpt>
      <trkpt lat="42.820198992267251" lon="-0.318010998889804">
        <ele>1834</ele>
      </trkpt>
      <trkpt lat="42.820195974782109" lon="-0.317898010835052">
        <ele>1835</ele>
      </trkpt>
      <trkpt lat="42.820210978388786" lon="-0.317794997245073">
        <ele>1837</ele>
      </trkpt>
      <trkpt lat="42.820210978388786" lon="-0.317715033888817">
        <ele>1839</ele>
      </trkpt>
      <trkpt lat="42.820209972560406" lon="-0.317699024453759">
        <ele>1841</ele>
      </trkpt>
      <trkpt lat="42.820203015580773" lon="-0.317641021683812">
        <ele>1843</ele>
      </trkpt>
      <trkpt lat="42.820221036672592" lon="-0.317540019750595">
        <ele>1845</ele>
      </trkpt>
      <trkpt lat="42.820236962288618" lon="-0.317457038909197">
        <ele>1846</ele>
      </trkpt>
      <trkpt lat="42.820264035835862" lon="-0.317413033917546">
        <ele>1848</ele>
      </trkpt>
      <trkpt lat="42.820279961451888" lon="-0.317347990348935">
        <ele>1850</ele>
      </trkpt>
      <trkpt lat="42.820281973108649" lon="-0.3173360042274">
        <ele>1851</ele>
      </trkpt>
      <trkpt lat="42.820289013907313" lon="-0.317295016720891">
        <ele>1853</ele>
      </trkpt>
      <trkpt lat="42.820318015292287" lon="-0.317180017009377">
        <ele>1855</ele>
      </trkpt>
      <trkpt lat="42.820318015292287" lon="-0.317097958177328">
        <ele>1856</ele>
      </trkpt>
      <trkpt lat="42.820332013070583" lon="-0.317011959850788">
        <ele>1858</ele>
      </trkpt>
      <trkpt lat="42.82036897726357" lon="-0.316937025636435">
        <ele>1858</ele>
      </trkpt>
      <trkpt lat="42.820403007790446" lon="-0.316708032041788">
        <ele>1859</ele>
      </trkpt>
      <trkpt lat="42.820393033325672" lon="-0.316582974046469">
        <ele>1861</ele>
      </trkpt>
      <trkpt lat="42.820386998355389" lon="-0.316514996811748">
        <ele>1861</ele>
      </trkpt>
      <trkpt lat="42.820382975041866" lon="-0.316441990435123">
        <ele>1861</ele>
      </trkpt>
      <trkpt lat="42.820376018062234" lon="-0.316422963514924">
        <ele>1862</ele>
      </trkpt>
      <trkpt lat="42.820371994748712" lon="-0.316349035128951">
        <ele>1863</ele>
      </trkpt>
      <trkpt lat="42.820363026112318" lon="-0.316277034580708">
        <ele>1864</ele>
      </trkpt>
      <trkpt lat="42.820365959778428" lon="-0.316224982962012">
        <ele>1864</ele>
      </trkpt>
      <trkpt lat="42.820380963385105" lon="-0.316139990463853">
        <ele>1864</ele>
      </trkpt>
      <trkpt lat="42.820394039154053" lon="-0.316066984087229">
        <ele>1865</ele>
      </trkpt>
      <trkpt lat="42.820382975041866" lon="-0.315978974103928">
        <ele>1866</ele>
      </trkpt>
      <trkpt lat="42.820379035547376" lon="-0.315904961898923">
        <ele>1866</ele>
      </trkpt>
      <trkpt lat="42.820373000577092" lon="-0.315852994099259">
        <ele>1866</ele>
      </trkpt>
      <trkpt lat="42.820361014455557" lon="-0.315696001052856">
        <ele>1867</ele>
      </trkpt>
      <trkpt lat="42.820365959778428" lon="-0.315677979961038">
        <ele>1867</ele>
      </trkpt>
      <trkpt lat="42.820352967828512" lon="-0.315587036311626">
        <ele>1867</ele>
      </trkpt>
      <trkpt lat="42.820330001413822" lon="-0.315530961379409">
        <ele>1868</ele>
      </trkpt>
      <trkpt lat="42.820336958393455" lon="-0.315488968044519">
        <ele>1868</ele>
      </trkpt>
      <trkpt lat="42.820336036384106" lon="-0.315445968881249">
        <ele>1868</ele>
      </trkpt>
      <trkpt lat="42.820336036384106" lon="-0.315402969717979">
        <ele>1868</ele>
      </trkpt>
      <trkpt lat="42.820309968665242" lon="-0.315213035792112">
        <ele>1868</ele>
      </trkpt>
      <trkpt lat="42.820280967280269" lon="-0.315105998888612">
        <ele>1869</ele>
      </trkpt>
      <trkpt lat="42.820269986987114" lon="-0.315075991675258">
        <ele>1869</ele>
      </trkpt>
      <trkpt lat="42.820234028622508" lon="-0.314979013055563">
        <ele>1869</ele>
      </trkpt>
      <trkpt lat="42.820222964510322" lon="-0.314921010285616">
        <ele>1870</ele>
      </trkpt>
      <trkpt lat="42.820215001702309" lon="-0.314885973930359">
        <ele>1870</ele>
      </trkpt>
      <trkpt lat="42.820172002539039" lon="-0.314763011410832">
        <ele>1871</ele>
      </trkpt>
      <trkpt lat="42.820164039731026" lon="-0.314734010025859">
        <ele>1871</ele>
      </trkpt>
      <trkpt lat="42.820150963962078" lon="-0.314699979498982">
        <ele>1871</ele>
      </trkpt>
      <trkpt lat="42.820135960355401" lon="-0.314592020586133">
        <ele>1872</ele>
      </trkpt>
      <trkpt lat="42.820121962577105" lon="-0.314489006996155">
        <ele>1874</ele>
      </trkpt>
      <trkpt lat="42.820118023082614" lon="-0.314440978690982">
        <ele>1876</ele>
      </trkpt>
      <trkpt lat="42.820122968405485" lon="-0.314441984519362">
        <ele>1876</ele>
      </trkpt>
      <trkpt lat="42.820150963962078" lon="-0.31439202837646">
        <ele>1878</ele>
      </trkpt>
      <trkpt lat="42.820156998932362" lon="-0.314367972314358">
        <ele>1878</ele>
      </trkpt>
      <trkpt lat="42.820161022245884" lon="-0.314334025606513">
        <ele>1879</ele>
      </trkpt>
      <trkpt lat="42.820159010589123" lon="-0.314320027828217">
        <ele>1879</ele>
      </trkpt>
      <trkpt lat="42.820147024467587" lon="-0.314216008409858">
        <ele>1880</ele>
      </trkpt>
      <trkpt lat="42.820146018639207" lon="-0.314054992049932">
        <ele>1882</ele>
      </trkpt>
      <trkpt lat="42.820140989497304" lon="-0.314010987058282">
        <ele>1882</ele>
      </trkpt>
      <trkpt lat="42.820155993103981" lon="-0.313931023702025">
        <ele>1883</ele>
      </trkpt>
      <trkpt lat="42.820158004760742" lon="-0.313822980970144">
        <ele>1885</ele>
      </trkpt>
      <trkpt lat="42.820160016417503" lon="-0.313733965158463">
        <ele>1886</ele>
      </trkpt>
      <trkpt lat="42.820159010589123" lon="-0.313729019835591">
        <ele>1887</ele>
      </trkpt>
      <trkpt lat="42.820152975618839" lon="-0.31364000402391">
        <ele>1889</ele>
      </trkpt>
      <trkpt lat="42.820161022245884" lon="-0.313603039830923">
        <ele>1891</ele>
      </trkpt>
      <trkpt lat="42.820161022245884" lon="-0.313603039830923">
        <ele>1891</ele>
      </trkpt>
      <trkpt lat="42.820152975618839" lon="-0.313566997647285">
        <ele>1892</ele>
      </trkpt>
      <trkpt lat="42.820149036124349" lon="-0.313535984605551">
        <ele>1892</ele>
      </trkpt>
      <trkpt lat="42.820134032517672" lon="-0.313403969630599">
        <ele>1893</ele>
      </trkpt>
      <trkpt lat="42.820134032517672" lon="-0.313272960484028">
        <ele>1894</ele>
      </trkpt>
      <trkpt lat="42.820135960355401" lon="-0.313188973814249">
        <ele>1895</ele>
      </trkpt>
      <trkpt lat="42.820135038346052" lon="-0.313191991299391">
        <ele>1895</ele>
      </trkpt>
      <trkpt lat="42.820140989497304" lon="-0.313108004629612">
        <ele>1898</ele>
      </trkpt>
      <trkpt lat="42.820168985053897" lon="-0.312998034060001">
        <ele>1900</ele>
      </trkpt>
      <trkpt lat="42.820190023630857" lon="-0.312904994934797">
        <ele>1902</ele>
      </trkpt>
      <trkpt lat="42.820194968953729" lon="-0.312869036570191">
        <ele>1902</ele>
      </trkpt>
      <trkpt lat="42.820155993103981" lon="-0.31273802742362">
        <ele>1904</ele>
      </trkpt>
      <trkpt lat="42.820149036124349" lon="-0.312668038532138">
        <ele>1906</ele>
      </trkpt>
      <trkpt lat="42.820162028074265" lon="-0.312541974708438">
        <ele>1907</ele>
      </trkpt>
      <trkpt lat="42.820141995325685" lon="-0.312410965561867">
        <ele>1909</ele>
      </trkpt>
      <trkpt lat="42.820149958133698" lon="-0.312279034405947">
        <ele>1911</ele>
      </trkpt>
      <trkpt lat="42.820168985053897" lon="-0.312228994444013">
        <ele>1913</ele>
      </trkpt>
      <trkpt lat="42.820165967568755" lon="-0.312197981402278">
        <ele>1914</ele>
      </trkpt>
      <trkpt lat="42.820164961740375" lon="-0.312197981402278">
        <ele>1914</ele>
      </trkpt>
      <trkpt lat="42.820149036124349" lon="-0.312017016112804">
        <ele>1916</ele>
      </trkpt>
      <trkpt lat="42.820133026689291" lon="-0.311854993924499">
        <ele>1917</ele>
      </trkpt>
      <trkpt lat="42.820121040567756" lon="-0.311762960627675">
        <ele>1918</ele>
      </trkpt>
      <trkpt lat="42.820098996162415" lon="-0.311653995886445">
        <ele>1920</ele>
      </trkpt>
      <trkpt lat="42.820102013647556" lon="-0.311613008379936">
        <ele>1920</ele>
      </trkpt>
      <trkpt lat="42.820091033354402" lon="-0.311517035588622">
        <ele>1923</ele>
      </trkpt>
      <trkpt lat="42.82008902169764" lon="-0.311422990635037">
        <ele>1924</ele>
      </trkpt>
      <trkpt lat="42.820082986727357" lon="-0.311317965388298">
        <ele>1926</ele>
      </trkpt>
      <trkpt lat="42.820078963413835" lon="-0.311286030337214">
        <ele>1928</ele>
      </trkpt>
      <trkpt lat="42.820075023919344" lon="-0.311274966225028">
        <ele>1929</ele>
      </trkpt>
      <trkpt lat="42.82006798312068" lon="-0.311176981776953">
        <ele>1931</ele>
      </trkpt>
      <trkpt lat="42.820058008655906" lon="-0.311038009822369">
        <ele>1931</ele>
      </trkpt>
      <trkpt lat="42.820049040019512" lon="-0.310943964868784">
        <ele>1933</ele>
      </trkpt>
      <trkpt lat="42.820043005049229" lon="-0.31091102398932">
        <ele>1934</ele>
      </trkpt>
      <trkpt lat="42.820034958422184" lon="-0.310881016775966">
        <ele>1934</ele>
      </trkpt>
      <trkpt lat="42.820034036412835" lon="-0.310745984315872">
        <ele>1936</ele>
      </trkpt>
      <trkpt lat="42.820007968693972" lon="-0.310664009302855">
        <ele>1938</ele>
      </trkpt>
      <trkpt lat="42.820000005885959" lon="-0.310579016804695">
        <ele>1939</ele>
      </trkpt>
      <trkpt lat="42.819992965087295" lon="-0.310529982671142">
        <ele>1941</ele>
      </trkpt>
      <trkpt lat="42.819992965087295" lon="-0.310529982671142">
        <ele>1942</ele>
      </trkpt>
      <trkpt lat="42.819985002279282" lon="-0.310340970754623">
        <ele>1943</ele>
      </trkpt>
      <trkpt lat="42.819969998672605" lon="-0.310243992134929">
        <ele>1945</ele>
      </trkpt>
      <trkpt lat="42.819973016157746" lon="-0.310081969946623">
        <ele>1946</ele>
      </trkpt>
      <trkpt lat="42.819979973137379" lon="-0.309996977448463">
        <ele>1948</ele>
      </trkpt>
      <trkpt lat="42.819964969530702" lon="-0.309921037405729">
        <ele>1950</ele>
      </trkpt>
      <trkpt lat="42.819945020601153" lon="-0.309819029644132">
        <ele>1951</ele>
      </trkpt>
      <trkpt lat="42.819891963154078" lon="-0.309755997732282">
        <ele>1953</ele>
      </trkpt>
      <trkpt lat="42.819888023659587" lon="-0.309735964983702">
        <ele>1954</ele>
      </trkpt>
      <trkpt lat="42.81985399313271" lon="-0.309652984142303">
        <ele>1955</ele>
      </trkpt>
      <trkpt lat="42.819834966212511" lon="-0.309562962502241">
        <ele>1956</ele>
      </trkpt>
      <trkpt lat="42.819818034768105" lon="-0.309456009417772">
        <ele>1958</ele>
      </trkpt>
      <trkpt lat="42.819825997576118" lon="-0.309402029961348">
        <ele>1959</ele>
      </trkpt>
      <trkpt lat="42.819805964827538" lon="-0.309256017208099">
        <ele>1961</ele>
      </trkpt>
      <trkpt lat="42.819795990362763" lon="-0.309117967262864">
        <ele>1962</ele>
      </trkpt>
      <trkpt lat="42.819792972877622" lon="-0.308989975601435">
        <ele>1963</ele>
      </trkpt>
      <trkpt lat="42.81979096122086" lon="-0.308894002810121">
        <ele>1964</ele>
      </trkpt>
      <trkpt lat="42.819794984534383" lon="-0.308871036395431">
        <ele>1965</ele>
      </trkpt>
      <trkpt lat="42.819799007847905" lon="-0.308760982006788">
        <ele>1966</ele>
      </trkpt>
      <trkpt lat="42.819802025333047" lon="-0.308748995885253">
        <ele>1966</ele>
      </trkpt>
      <trkpt lat="42.819794984534383" lon="-0.30872100032866">
        <ele>1967</ele>
      </trkpt>
      <trkpt lat="42.819824991747737" lon="-0.308595020323992">
        <ele>1968</ele>
      </trkpt>
      <trkpt lat="42.819827003404498" lon="-0.308570964261889">
        <ele>1968</ele>
      </trkpt>
      <trkpt lat="42.81983102671802" lon="-0.30850600451231">
        <ele>1968</ele>
      </trkpt>
      <trkpt lat="42.819836977869272" lon="-0.308465017005801">
        <ele>1968</ele>
      </trkpt>
      <trkpt lat="42.819834966212511" lon="-0.308411037549376">
        <ele>1969</ele>
      </trkpt>
      <trkpt lat="42.819824991747737" lon="-0.308387987315655">
        <ele>1969</ele>
      </trkpt>
      <trkpt lat="42.819860028102994" lon="-0.308294026181102">
        <ele>1970</ele>
      </trkpt>
      <trkpt lat="42.819882994517684" lon="-0.308237029239535">
        <ele>1972</ele>
      </trkpt>
      <trkpt lat="42.819932028651237" lon="-0.308128986507654">
        <ele>1973</ele>
      </trkpt>
      <trkpt lat="42.819975027814507" lon="-0.30799001455307">
        <ele>1974</ele>
      </trkpt>
      <trkpt lat="42.819976033642888" lon="-0.307980962097645">
        <ele>1974</ele>
      </trkpt>
      <trkpt lat="42.819991037249565" lon="-0.307899992913008">
        <ele>1976</ele>
      </trkpt>
      <trkpt lat="42.82002498395741" lon="-0.307770995423198">
        <ele>1977</ele>
      </trkpt>
      <trkpt lat="42.820038981735706" lon="-0.307740988209844">
        <ele>1978</ele>
      </trkpt>
      <trkpt lat="42.820066977292299" lon="-0.307690026238561">
        <ele>1978</ele>
      </trkpt>
      <trkpt lat="42.820078041404486" lon="-0.307634035125375">
        <ele>1978</ele>
      </trkpt>
      <trkpt lat="42.820098996162415" lon="-0.307598998770118">
        <ele>1979</ele>
      </trkpt>
      <trkpt lat="42.820103019475937" lon="-0.307528004050255">
        <ele>1980</ele>
      </trkpt>
      <trkpt lat="42.820126991719007" lon="-0.307433037087321">
        <ele>1981</ele>
      </trkpt>
      <trkpt lat="42.82015398144722" lon="-0.307274032384157">
        <ele>1982</ele>
      </trkpt>
      <trkpt lat="42.82017502002418" lon="-0.307136988267303">
        <ele>1984</ele>
      </trkpt>
      <trkpt lat="42.820158004760742" lon="-0.307042021304369">
        <ele>1985</ele>
      </trkpt>
      <trkpt lat="42.820150963962078" lon="-0.307017965242267">
        <ele>1985</ele>
      </trkpt>
      <trkpt lat="42.820134032517672" lon="-0.306949988007545">
        <ele>1986</ele>
      </trkpt>
      <trkpt lat="42.820096984505653" lon="-0.306771034374833">
        <ele>1986</ele>
      </trkpt>
      <trkpt lat="42.820061026141047" lon="-0.306643964722753">
        <ele>1987</ele>
      </trkpt>
      <trkpt lat="42.820050967857242" lon="-0.30659400857985">
        <ele>1987</ele>
      </trkpt>
      <trkpt lat="42.820032024756074" lon="-0.306468028575182">
        <ele>1988</ele>
      </trkpt>
      <trkpt lat="42.820034958422184" lon="-0.306354034692049">
        <ele>1988</ele>
      </trkpt>
      <trkpt lat="42.82002598978579" lon="-0.30624900944531">
        <ele>1988</ele>
      </trkpt>
      <trkpt lat="42.819991037249565" lon="-0.306183965876698">
        <ele>1989</ele>
      </trkpt>
      <trkpt lat="42.819986008107662" lon="-0.306110959500074">
        <ele>1989</ele>
      </trkpt>
      <trkpt lat="42.819993970915675" lon="-0.306041976436973">
        <ele>1989</ele>
      </trkpt>
      <trkpt lat="42.820001011714339" lon="-0.305982967838645">
        <ele>1989</ele>
      </trkpt>
      <trkpt lat="42.820008974522352" lon="-0.305823963135481">
        <ele>1989</ele>
      </trkpt>
      <trkpt lat="42.820006962865591" lon="-0.305720027536154">
        <ele>1990</ele>
      </trkpt>
      <trkpt lat="42.820005035027862" lon="-0.305652972310781">
        <ele>1990</ele>
      </trkpt>
      <trkpt lat="42.819974021986127" lon="-0.30547603033483">
        <ele>1991</ele>
      </trkpt>
      <trkpt lat="42.819923982024193" lon="-0.305356001481414">
        <ele>1991</ele>
      </trkpt>
      <trkpt lat="42.819862961769104" lon="-0.305208982899785">
        <ele>1992</ele>
      </trkpt>
      <trkpt lat="42.819856004789472" lon="-0.305189033970237">
        <ele>1992</ele>
      </trkpt>
      <trkpt lat="42.81980998814106" lon="-0.305034974589944">
        <ele>1992</ele>
      </trkpt>
      <trkpt lat="42.81976799480617" lon="-0.304933972656727">
        <ele>1993</ele>
      </trkpt>
      <trkpt lat="42.8197249956429" lon="-0.3048110101372">
        <ele>1993</ele>
      </trkpt>
      <trkpt lat="42.819714015349746" lon="-0.304778991267085">
        <ele>1993</ele>
      </trkpt>
      <trkpt lat="42.819676967337728" lon="-0.304600037634373">
        <ele>1993</ele>
      </trkpt>
      <trkpt lat="42.819662969559431" lon="-0.304460981860757">
        <ele>1993</ele>
      </trkpt>
      <trkpt lat="42.819621982052922" lon="-0.304339025169611">
        <ele>1994</ele>
      </trkpt>
      <trkpt lat="42.819582000374794" lon="-0.304275993257761">
        <ele>1995</ele>
      </trkpt>
      <trkpt lat="42.819582000374794" lon="-0.304241962730885">
        <ele>1995</ele>
      </trkpt>
      <trkpt lat="42.819545958191156" lon="-0.304092010483146">
        <ele>1995</ele>
      </trkpt>
      <trkpt lat="42.819517962634563" lon="-0.304031996056437">
        <ele>1995</ele>
      </trkpt>
      <trkpt lat="42.819476975128055" lon="-0.303934011608362">
        <ele>1995</ele>
      </trkpt>
      <trkpt lat="42.819470018148422" lon="-0.303895035758615">
        <ele>1995</ele>
      </trkpt>
      <trkpt lat="42.819450991228223" lon="-0.303852036595345">
        <ele>1995</ele>
      </trkpt>
      <trkpt lat="42.819430036470294" lon="-0.303810965269804">
        <ele>1996</ele>
      </trkpt>
      <trkpt lat="42.819413021206856" lon="-0.303769977763295">
        <ele>1996</ele>
      </trkpt>
      <trkpt lat="42.819371027871966" lon="-0.303707029670477">
        <ele>1998</ele>
      </trkpt>
      <trkpt lat="42.819333979859948" lon="-0.303611978888512">
        <ele>1999</ele>
      </trkpt>
      <trkpt lat="42.819283017888665" lon="-0.303518017753959">
        <ele>2001</ele>
      </trkpt>
      <trkpt lat="42.819269020110369" lon="-0.303483987227082">
        <ele>2002</ele>
      </trkpt>
      <trkpt lat="42.819233983755112" lon="-0.303453980013728">
        <ele>2004</ele>
      </trkpt>
      <trkpt lat="42.819198025390506" lon="-0.303411986678839">
        <ele>2005</ele>
      </trkpt>
      <trkpt lat="42.819175980985165" lon="-0.303398994728923">
        <ele>2006</ele>
      </trkpt>
      <trkpt lat="42.819181010127068" lon="-0.303400000557303">
        <ele>2007</ele>
      </trkpt>
      <trkpt lat="42.819127030670643" lon="-0.303361024707556">
        <ele>2007</ele>
      </trkpt>
      <trkpt lat="42.819091994315386" lon="-0.30334803275764">
        <ele>2008</ele>
      </trkpt>
      <trkpt lat="42.818962996825576" lon="-0.303279971703887">
        <ele>2009</ele>
      </trkpt>
      <trkpt lat="42.818851014599204" lon="-0.303261028602719">
        <ele>2012</ele>
      </trkpt>
      <trkpt lat="42.818802986294031" lon="-0.30326496809721">
        <ele>2013</ele>
      </trkpt>
      <trkpt lat="42.818758981302381" lon="-0.303231021389365">
        <ele>2014</ele>
      </trkpt>
      <trkpt lat="42.818700978532434" lon="-0.303170001134276">
        <ele>2015</ele>
      </trkpt>
      <trkpt lat="42.818643981590867" lon="-0.303057013079524">
        <ele>2016</ele>
      </trkpt>
      <trkpt lat="42.818572986871004" lon="-0.302908988669515">
        <ele>2017</ele>
      </trkpt>
      <trkpt lat="42.818533005192876" lon="-0.302860038354993">
        <ele>2017</ele>
      </trkpt>
      <trkpt lat="42.818528981879354" lon="-0.302742021158338">
        <ele>2017</ele>
      </trkpt>
      <trkpt lat="42.818497968837619" lon="-0.302593996748328">
        <ele>2017</ele>
      </trkpt>
      <trkpt lat="42.818475002422929" lon="-0.302525013685226">
        <ele>2018</ele>
      </trkpt>
      <trkpt lat="42.81843401491642" lon="-0.302341030910611">
        <ele>2018</ele>
      </trkpt>
      <trkpt lat="42.818418005481362" lon="-0.302181020379066">
        <ele>2018</ele>
      </trkpt>
      <trkpt lat="42.818407025188208" lon="-0.30206099152565">
        <ele>2018</ele>
      </trkpt>
      <trkpt lat="42.818353967741132" lon="-0.301924031227827">
        <ele>2018</ele>
      </trkpt>
      <trkpt lat="42.818333012983203" lon="-0.301852030679584">
        <ele>2019</ele>
      </trkpt>
      <trkpt lat="42.818321026861668" lon="-0.301713980734348">
        <ele>2021</ele>
      </trkpt>
      <trkpt lat="42.818320021033287" lon="-0.301678022369742">
        <ele>2021</ele>
      </trkpt>
      <trkpt lat="42.818318009376526" lon="-0.30152203515172">
        <ele>2023</ele>
      </trkpt>
      <trkpt lat="42.818294037133455" lon="-0.30139597132802">
        <ele>2024</ele>
      </trkpt>
      <trkpt lat="42.818275010213256" lon="-0.30130703933537">
        <ele>2025</ele>
      </trkpt>
      <trkpt lat="42.818267969414592" lon="-0.301229003816843">
        <ele>2026</ele>
      </trkpt>
      <trkpt lat="42.818266963586211" lon="-0.301112998276949">
        <ele>2028</ele>
      </trkpt>
      <trkpt lat="42.818249026313424" lon="-0.301016019657254">
        <ele>2029</ele>
      </trkpt>
      <trkpt lat="42.81821901910007" lon="-0.300935972481966">
        <ele>2030</ele>
      </trkpt>
      <trkpt lat="42.818147018551826" lon="-0.300838993862271">
        <ele>2032</ele>
      </trkpt>
      <trkpt lat="42.818109970539808" lon="-0.300730029121041">
        <ele>2033</ele>
      </trkpt>
      <trkpt lat="42.818102007731795" lon="-0.300677977502346">
        <ele>2033</ele>
      </trkpt>
      <trkpt lat="42.818079041317105" lon="-0.300597008317709">
        <ele>2035</ele>
      </trkpt>
      <trkpt lat="42.818082980811596" lon="-0.300525007769465">
        <ele>2036</ele>
      </trkpt>
      <trkpt lat="42.818088009953499" lon="-0.300438003614545">
        <ele>2037</ele>
      </trkpt>
      <trkpt lat="42.818079041317105" lon="-0.300370026379824">
        <ele>2039</ele>
      </trkpt>
      <trkpt lat="42.818059008568525" lon="-0.300273969769478">
        <ele>2040</ele>
      </trkpt>
      <trkpt lat="42.818061020225286" lon="-0.300268018618226">
        <ele>2041</ele>
      </trkpt>
      <trkpt lat="42.818059008568525" lon="-0.300244968384504">
        <ele>2041</ele>
      </trkpt>
      <trkpt lat="42.818046016618609" lon="-0.300203980877995">
        <ele>2042</ele>
      </trkpt>
      <trkpt lat="42.818015003576875" lon="-0.300123011693358">
        <ele>2042</ele>
      </trkpt>
      <trkpt lat="42.818008968606591" lon="-0.300013963133097">
        <ele>2042</ele>
      </trkpt>
      <trkpt lat="42.818010980263352" lon="-0.300008011981845">
        <ele>2043</ele>
      </trkpt>
      <trkpt lat="42.818007962778211" lon="-0.299992002546787">
        <ele>2043</ele>
      </trkpt>
      <trkpt lat="42.818006034940481" lon="-0.299904998391867">
        <ele>2044</ele>
      </trkpt>
      <trkpt lat="42.818006034940481" lon="-0.299904998391867">
        <ele>2044</ele>
      </trkpt>
      <trkpt lat="42.818006034940481" lon="-0.299904998391867">
        <ele>2044</ele>
      </trkpt>
      <trkpt lat="42.818005029112101" lon="-0.29989100061357">
        <ele>2045</ele>
      </trkpt>
      <trkpt lat="42.817973010241985" lon="-0.299801984801888">
        <ele>2047</ele>
      </trkpt>
      <trkpt lat="42.817953983321786" lon="-0.299728978425264">
        <ele>2049</ele>
      </trkpt>
      <trkpt lat="42.817963035777211" lon="-0.299618002027273">
        <ele>2050</ele>
      </trkpt>
      <trkpt lat="42.817973010241985" lon="-0.299538038671017">
        <ele>2052</ele>
      </trkpt>
      <trkpt lat="42.817946020513773" lon="-0.299498979002237">
        <ele>2053</ele>
      </trkpt>
      <trkpt lat="42.817910984158516" lon="-0.299425972625613">
        <ele>2055</ele>
      </trkpt>
      <trkpt lat="42.817887011915445" lon="-0.299329999834299">
        <ele>2056</ele>
      </trkpt>
      <trkpt lat="42.81787795946002" lon="-0.299211982637644">
        <ele>2058</ele>
      </trkpt>
      <trkpt lat="42.81787502579391" lon="-0.29911600984633">
        <ele>2060</ele>
      </trkpt>
      <trkpt lat="42.817861028015614" lon="-0.299022970721126">
        <ele>2061</ele>
      </trkpt>
      <trkpt lat="42.817853987216949" lon="-0.298969997093081">
        <ele>2063</ele>
      </trkpt>
      <trkpt lat="42.817839989438653" lon="-0.298915011808276">
        <ele>2063</ele>
      </trkpt>
      <trkpt lat="42.817802019417286" lon="-0.298760030418634">
        <ele>2064</ele>
      </trkpt>
      <trkpt lat="42.817806964740157" lon="-0.298718037083745">
        <ele>2065</ele>
      </trkpt>
      <trkpt lat="42.817782992497087" lon="-0.298685012385249">
        <ele>2067</ele>
      </trkpt>
      <trkpt lat="42.817738987505436" lon="-0.298620974645019">
        <ele>2068</ele>
      </trkpt>
      <trkpt lat="42.817705040797591" lon="-0.298569006845355">
        <ele>2070</ele>
      </trkpt>
      <trkpt lat="42.817699005827308" lon="-0.298559032380581">
        <ele>2070</ele>
      </trkpt>
      <trkpt lat="42.817664975300431" lon="-0.298477979376912">
        <ele>2072</ele>
      </trkpt>
      <trkpt lat="42.817668998613954" lon="-0.298459036275744">
        <ele>2074</ele>
      </trkpt>
      <trkpt lat="42.817668998613954" lon="-0.298461969941854">
        <ele>2074</ele>
      </trkpt>
      <trkpt lat="42.81763999722898" lon="-0.298391981050372">
        <ele>2076</ele>
      </trkpt>
      <trkpt lat="42.817594986408949" lon="-0.298292990773916">
        <ele>2078</ele>
      </trkpt>
      <trkpt lat="42.817565985023975" lon="-0.29821696691215">
        <ele>2079</ele>
      </trkpt>
      <trkpt lat="42.817555004730821" lon="-0.298134991899133">
        <ele>2080</ele>
      </trkpt>
      <trkpt lat="42.817559028044343" lon="-0.298054022714496">
        <ele>2082</ele>
      </trkpt>
      <trkpt lat="42.817570008337498" lon="-0.297990990802646">
        <ele>2084</ele>
      </trkpt>
      <trkpt lat="42.817563973367214" lon="-0.297873979434371">
        <ele>2086</ele>
      </trkpt>
      <trkpt lat="42.817521980032325" lon="-0.297669963911176">
        <ele>2086</ele>
      </trkpt>
      <trkpt lat="42.817502031102777" lon="-0.297632999718189">
        <ele>2086</ele>
      </trkpt>
      <trkpt lat="42.817460959777236" lon="-0.297538032755256">
        <ele>2086</ele>
      </trkpt>
      <trkpt lat="42.8174680005759" lon="-0.297508025541902">
        <ele>2086</ele>
      </trkpt>
      <trkpt lat="42.817448973655701" lon="-0.297411968931556">
        <ele>2087</ele>
      </trkpt>
      <trkpt lat="42.817450985312462" lon="-0.297338040545583">
        <ele>2088</ele>
      </trkpt>
      <trkpt lat="42.81744796782732" lon="-0.297272996976972">
        <ele>2089</ele>
      </trkpt>
      <trkpt lat="42.817450985312462" lon="-0.297195967286825">
        <ele>2090</ele>
      </trkpt>
      <trkpt lat="42.81744696199894" lon="-0.297105023637414">
        <ele>2091</ele>
      </trkpt>
      <trkpt lat="42.817460037767887" lon="-0.296967979520559">
        <ele>2092</ele>
      </trkpt>
      <trkpt lat="42.817473029717803" lon="-0.296933026984334">
        <ele>2092</ele>
      </trkpt>
      <trkpt lat="42.8174680005759" lon="-0.296912994235754">
        <ele>2092</ele>
      </trkpt>
      <trkpt lat="42.817443022504449" lon="-0.296832025051117">
        <ele>2093</ele>
      </trkpt>
      <trkpt lat="42.817469006404281" lon="-0.296746026724577">
        <ele>2094</ele>
      </trkpt>
      <trkpt lat="42.817476969212294" lon="-0.296622980386019">
        <ele>2096</ele>
      </trkpt>
      <trkpt lat="42.817462971433997" lon="-0.2965600322932">
        <ele>2097</ele>
      </trkpt>
      <trkpt lat="42.81744503416121" lon="-0.296487025916576">
        <ele>2098</ele>
      </trkpt>
      <trkpt lat="42.81742500141263" lon="-0.296436985954642">
        <ele>2098</ele>
      </trkpt>
      <trkpt lat="42.817393988370895" lon="-0.296395998448133">
        <ele>2098</ele>
      </trkpt>
      <trkpt lat="42.817350989207625" lon="-0.296253003180027">
        <ele>2099</ele>
      </trkpt>
      <trkpt lat="42.817314025014639" lon="-0.296159964054823">
        <ele>2100</ele>
      </trkpt>
      <trkpt lat="42.817314025014639" lon="-0.296098021790385">
        <ele>2102</ele>
      </trkpt>
      <trkpt lat="42.817306984215975" lon="-0.296080000698566">
        <ele>2103</ele>
      </trkpt>
      <trkpt lat="42.817257028073072" lon="-0.295962989330292">
        <ele>2105</ele>
      </trkpt>
      <trkpt lat="42.817216040566564" lon="-0.295911021530628">
        <ele>2105</ele>
      </trkpt>
      <trkpt lat="42.81718896701932" lon="-0.295840026810765">
        <ele>2107</ele>
      </trkpt>
      <trkpt lat="42.817214028909802" lon="-0.295704994350672">
        <ele>2108</ele>
      </trkpt>
      <trkpt lat="42.817229032516479" lon="-0.295574991032481">
        <ele>2110</ele>
      </trkpt>
      <trkpt lat="42.817260967567563" lon="-0.295396959409118">
        <ele>2137</ele>
      </trkpt>
      <trkpt lat="42.817286029458046" lon="-0.295235021039844">
        <ele>2137</ele>
      </trkpt>
      <trkpt lat="42.8173160366714" lon="-0.295108035206795">
        <ele>2136</ele>
      </trkpt>
      <trkpt lat="42.817334979772568" lon="-0.295057995244861">
        <ele>2137</ele>
      </trkpt>
      <trkpt lat="42.817330034449697" lon="-0.29486496001482">
        <ele>2138</ele>
      </trkpt>
      <trkpt lat="42.817314025014639" lon="-0.294783990830183">
        <ele>2138</ele>
      </trkpt>
      <trkpt lat="42.81731897033751" lon="-0.294761024415493">
        <ele>2139</ele>
      </trkpt>
      <trkpt lat="42.817328022792935" lon="-0.294738980010152">
        <ele>2139</ele>
      </trkpt>
      <trkpt lat="42.817345960065722" lon="-0.294662034139037">
        <ele>2140</ele>
      </trkpt>
      <trkpt lat="42.8173609636724" lon="-0.294494982808828">
        <ele>2140</ele>
      </trkpt>
      <trkpt lat="42.817365992814302" lon="-0.294479979202151">
        <ele>2141</ele>
      </trkpt>
      <trkpt lat="42.817365992814302" lon="-0.294479979202151">
        <ele>2141</ele>
      </trkpt>
      <trkpt lat="42.817417960613966" lon="-0.294361962005496">
        <ele>2141</ele>
      </trkpt>
      <trkpt lat="42.817434975877404" lon="-0.294332960620523">
        <ele>2141</ele>
      </trkpt>
      <trkpt lat="42.81744696199894" lon="-0.294275963678956">
        <ele>2143</ele>
      </trkpt>
      <trkpt lat="42.817462971433997" lon="-0.294053005054593">
        <ele>2142</ele>
      </trkpt>
      <trkpt lat="42.817466994747519" lon="-0.293944962322712">
        <ele>2143</ele>
      </trkpt>
      <trkpt lat="42.817494990304112" lon="-0.293861981481314">
        <ele>2143</ele>
      </trkpt>
      <trkpt lat="42.817484010010958" lon="-0.293720997869968">
        <ele>2144</ele>
      </trkpt>
      <trkpt lat="42.817521980032325" lon="-0.293592000380158">
        <ele>2146</ele>
      </trkpt>
      <trkpt lat="42.817536983639002" lon="-0.293624019250274">
        <ele>2146</ele>
      </trkpt>
      <trkpt lat="42.817588029429317" lon="-0.293821999803185">
        <ele>2149</ele>
      </trkpt>
      <trkpt lat="42.817612001672387" lon="-0.293932976201177">
        <ele>2149</ele>
      </trkpt>
      <trkpt lat="42.817633040249348" lon="-0.294155012816191">
        <ele>2149</ele>
      </trkpt>
      <trkpt lat="42.817633962258697" lon="-0.294174961745739">
        <ele>2150</ele>
      </trkpt>
      <trkpt lat="42.817645026370883" lon="-0.294291973114014">
        <ele>2150</ele>
      </trkpt>
      <trkpt lat="42.817564979195595" lon="-0.294209998100996">
        <ele>2148</ele>
      </trkpt>
      <trkpt lat="42.817536983639002" lon="-0.294203041121364">
        <ele>2147</ele>
      </trkpt>
      <trkpt lat="42.817558022215962" lon="-0.294211003929377">
        <ele>2143</ele>
      </trkpt>
      <trkpt lat="42.817577971145511" lon="-0.294231958687305">
        <ele>2142</ele>
      </trkpt>
      <trkpt lat="42.817590041086078" lon="-0.294270012527704">
        <ele>2145</ele>
      </trkpt>
      <trkpt lat="42.817603033035994" lon="-0.294290967285633">
        <ele>2150</ele>
      </trkpt>
      <trkpt lat="42.817584006115794" lon="-0.294376965612173">
        <ele>2151</ele>
      </trkpt>
      <trkpt lat="42.81757696531713" lon="-0.294407978653908">
        <ele>2151</ele>
      </trkpt>
      <trkpt lat="42.817563973367214" lon="-0.294494982808828">
        <ele>2153</ele>
      </trkpt>
      <trkpt lat="42.817572019994259" lon="-0.294599002227187">
        <ele>2155</ele>
      </trkpt>
      <trkpt lat="42.81757595948875" lon="-0.294634038582444">
        <ele>2158</ele>
      </trkpt>
      <trkpt lat="42.817648965865374" lon="-0.294573018327355">
        <ele>2161</ele>
      </trkpt>
      <trkpt lat="42.817673021927476" lon="-0.294351987540722">
        <ele>2161</ele>
      </trkpt>
      <trkpt lat="42.817722978070378" lon="-0.294246962293983">
        <ele>2161</ele>
      </trkpt>
      <trkpt lat="42.817761031910777" lon="-0.293962983414531">
        <ele>2161</ele>
      </trkpt>
      <trkpt lat="42.817759020254016" lon="-0.293737007305026">
        <ele>2161</ele>
      </trkpt>
      <trkpt lat="42.817752985283732" lon="-0.293475994840264">
        <ele>2161</ele>
      </trkpt>
      <trkpt lat="42.817772012203932" lon="-0.293354038149118">
        <ele>2161</ele>
      </trkpt>
      <trkpt lat="42.817820040509105" lon="-0.293252030387521">
        <ele>2160</ele>
      </trkpt>
      <trkpt lat="42.817837977781892" lon="-0.293159997090697">
        <ele>2161</ele>
      </trkpt>
      <trkpt lat="42.817885000258684" lon="-0.292998980730772">
        <ele>2161</ele>
      </trkpt>
      <trkpt lat="42.8178979922086" lon="-0.292951036244631">
        <ele>2161</ele>
      </trkpt>
      <trkpt lat="42.81792095862329" lon="-0.292835030704737">
        <ele>2162</ele>
      </trkpt>
      <trkpt lat="42.817912995815277" lon="-0.292761018499732">
        <ele>2162</ele>
      </trkpt>
      <trkpt lat="42.817912995815277" lon="-0.292528001591563">
        <ele>2162</ele>
      </trkpt>
      <trkpt lat="42.817885000258684" lon="-0.292367991060019">
        <ele>2162</ele>
      </trkpt>
      <trkpt lat="42.817892041057348" lon="-0.292310994118452">
        <ele>2162</ele>
      </trkpt>
      <trkpt lat="42.817849041894078" lon="-0.292099015787244">
        <ele>2163</ele>
      </trkpt>
      <trkpt lat="42.817834038287401" lon="-0.291881002485752">
        <ele>2163</ele>
      </trkpt>
      <trkpt lat="42.817831020802259" lon="-0.291840014979243">
        <ele>2163</ele>
      </trkpt>
      <trkpt lat="42.817800007760525" lon="-0.291628958657384">
        <ele>2163</ele>
      </trkpt>
      <trkpt lat="42.817765977233648" lon="-0.291458973661065">
        <ele>2163</ele>
      </trkpt>
      <trkpt lat="42.817757008597255" lon="-0.291418991982937">
        <ele>2163</ele>
      </trkpt>
      <trkpt lat="42.817701017484069" lon="-0.291239032521844">
        <ele>2164</ele>
      </trkpt>
      <trkpt lat="42.817680984735489" lon="-0.291199972853065">
        <ele>2164</ele>
      </trkpt>
      <trkpt lat="42.817685008049011" lon="-0.291128978133202">
        <ele>2165</ele>
      </trkpt>
      <trkpt lat="42.817667992785573" lon="-0.291041973978281">
        <ele>2165</ele>
      </trkpt>
      <trkpt lat="42.817718032747507" lon="-0.290871988981962">
        <ele>2165</ele>
      </trkpt>
      <trkpt lat="42.817744016647339" lon="-0.290766041725874">
        <ele>2162</ele>
      </trkpt>
      <trkpt lat="42.817742004990578" lon="-0.290677025914192">
        <ele>2160</ele>
      </trkpt>
      <trkpt lat="42.817753991112113" lon="-0.290536964312196">
        <ele>2156</ele>
      </trkpt>
      <trkpt lat="42.817754996940494" lon="-0.290463035926223">
        <ele>2153</ele>
      </trkpt>
      <trkpt lat="42.817756002768874" lon="-0.290422970429063">
        <ele>2152</ele>
      </trkpt>
      <trkpt lat="42.817727001383901" lon="-0.290315011516213">
        <ele>2151</ele>
      </trkpt>
      <trkpt lat="42.81772599555552" lon="-0.290146032348275">
        <ele>2151</ele>
      </trkpt>
      <trkpt lat="42.817733958363533" lon="-0.290061961859465">
        <ele>2150</ele>
      </trkpt>
      <trkpt lat="42.817722978070378" lon="-0.289947967976332">
        <ele>2150</ele>
      </trkpt>
      <trkpt lat="42.817697999998927" lon="-0.289763985201716">
        <ele>2148</ele>
      </trkpt>
      <trkpt lat="42.817708980292082" lon="-0.289708999916911">
        <ele>2147</ele>
      </trkpt>
      <trkpt lat="42.817714009433985" lon="-0.289614032953978">
        <ele>2146</ele>
      </trkpt>
      <trkpt lat="42.817722978070378" lon="-0.289544966071844">
        <ele>2146</ele>
      </trkpt>
      <trkpt lat="42.817732030525804" lon="-0.289345979690552">
        <ele>2145</ele>
      </trkpt>
      <trkpt lat="42.817730018869042" lon="-0.28929702937603">
        <ele>2144</ele>
      </trkpt>
      <trkpt lat="42.817740999162197" lon="-0.289096031337976">
        <ele>2142</ele>
      </trkpt>
      <trkpt lat="42.817739993333817" lon="-0.289064012467861">
        <ele>2142</ele>
      </trkpt>
      <trkpt lat="42.817693976685405" lon="-0.288893021643162">
        <ele>2141</ele>
      </trkpt>
      <trkpt lat="42.817665981128812" lon="-0.288701998069882">
        <ele>2141</ele>
      </trkpt>
      <trkpt lat="42.817633040249348" lon="-0.288594961166382">
        <ele>2141</ele>
      </trkpt>
      <trkpt lat="42.817601021379232" lon="-0.288536958396435">
        <ele>2141</ele>
      </trkpt>
      <trkpt lat="42.817529020830989" lon="-0.288365967571735">
        <ele>2142</ele>
      </trkpt>
      <trkpt lat="42.817500019446015" lon="-0.288247028365731">
        <ele>2143</ele>
      </trkpt>
      <trkpt lat="42.817493984475732" lon="-0.288236970081925">
        <ele>2143</ele>
      </trkpt>
      <trkpt lat="42.817460959777236" lon="-0.288163041695952">
        <ele>2143</ele>
      </trkpt>
      <trkpt lat="42.817433970049024" lon="-0.288136973977089">
        <ele>2143</ele>
      </trkpt>
      <trkpt lat="42.817297009751201" lon="-0.288111995905638">
        <ele>2143</ele>
      </trkpt>
      <trkpt lat="42.817172035574913" lon="-0.288058016449213">
        <ele>2143</ele>
      </trkpt>
      <trkpt lat="42.817095005884767" lon="-0.287913009524345">
        <ele>2143</ele>
      </trkpt>
      <trkpt lat="42.81706097535789" lon="-0.287856012582779">
        <ele>2143</ele>
      </trkpt>
      <trkpt lat="42.816925020888448" lon="-0.28781502507627">
        <ele>2142</ele>
      </trkpt>
      <trkpt lat="42.816883027553558" lon="-0.287723997607827">
        <ele>2142</ele>
      </trkpt>
      <trkpt lat="42.816880010068417" lon="-0.287590976804495">
        <ele>2142</ele>
      </trkpt>
    </trkseg>
  </trk>

</gpx>