<?xml version="1.0" encoding="utf-8"?><gpx creator="Garmin Desktop App" version="1.1" xsi:schemaLocation="http://www.topografix.com/GPX/1/1 http://www.topografix.com/GPX/1/1/gpx.xsd http://www.garmin.com/xmlschemas/WaypointExtension/v1 http://www8.garmin.com/xmlschemas/WaypointExtensionv1.xsd http://www.garmin.com/xmlschemas/TrackPointExtension/v1 http://www.garmin.com/xmlschemas/TrackPointExtensionv1.xsd http://www.garmin.com/xmlschemas/GpxExtensions/v3 http://www8.garmin.com/xmlschemas/GpxExtensionsv3.xsd http://www.garmin.com/xmlschemas/ActivityExtension/v1 http://www8.garmin.com/xmlschemas/ActivityExtensionv1.xsd http://www.garmin.com/xmlschemas/AdventuresExtensions/v1 http://www8.garmin.com/xmlschemas/AdventuresExtensionv1.xsd http://www.garmin.com/xmlschemas/PressureExtension/v1 http://www.garmin.com/xmlschemas/PressureExtensionv1.xsd http://www.garmin.com/xmlschemas/TripExtensions/v1 http://www.garmin.com/xmlschemas/TripExtensionsv1.xsd http://www.garmin.com/xmlschemas/TripMetaDataExtensions/v1 http://www.garmin.com/xmlschemas/TripMetaDataExtensionsv1.xsd http://www.garmin.com/xmlschemas/ViaPointTransportationModeExtensions/v1 http://www.garmin.com/xmlschemas/ViaPointTransportationModeExtensionsv1.xsd http://www.garmin.com/xmlschemas/CreationTimeExtension/v1 http://www.garmin.com/xmlschemas/CreationTimeExtensionsv1.xsd http://www.garmin.com/xmlschemas/AccelerationExtension/v1 http://www.garmin.com/xmlschemas/AccelerationExtensionv1.xsd http://www.garmin.com/xmlschemas/PowerExtension/v1 http://www.garmin.com/xmlschemas/PowerExtensionv1.xsd http://www.garmin.com/xmlschemas/VideoExtension/v1 http://www.garmin.com/xmlschemas/VideoExtensionv1.xsd" xmlns="http://www.topografix.com/GPX/1/1" xmlns:xsi="http://www.w3.org/2001/XMLSchema-instance" xmlns:wptx1="http://www.garmin.com/xmlschemas/WaypointExtension/v1" xmlns:gpxtrx="http://www.garmin.com/xmlschemas/GpxExtensions/v3" xmlns:gpxtpx="http://www.garmin.com/xmlschemas/TrackPointExtension/v1" xmlns:gpxx="http://www.garmin.com/xmlschemas/GpxExtensions/v3" xmlns:trp="http://www.garmin.com/xmlschemas/TripExtensions/v1" xmlns:adv="http://www.garmin.com/xmlschemas/AdventuresExtensions/v1" xmlns:prs="http://www.garmin.com/xmlschemas/PressureExtension/v1" xmlns:tmd="http://www.garmin.com/xmlschemas/TripMetaDataExtensions/v1" xmlns:vptm="http://www.garmin.com/xmlschemas/ViaPointTransportationModeExtensions/v1" xmlns:ctx="http://www.garmin.com/xmlschemas/CreationTimeExtension/v1" xmlns:gpxacc="http://www.garmin.com/xmlschemas/AccelerationExtension/v1" xmlns:gpxpx="http://www.garmin.com/xmlschemas/PowerExtension/v1" xmlns:vidx1="http://www.garmin.com/xmlschemas/VideoExtension/v1">

  <metadata>
    <link href="http://www.garmin.com">
      <text>Garmin International</text>
    </link>
    <time>2026-05-10T12:41:37Z</time>
    <bounds maxlat="42.816968020051718" maxlon="-0.224131001159549" minlat="42.762527978047729" minlon="-0.287791974842548" />
  </metadata>

  <trk>
    <name>GR11_14_Respomuso-BalnearioPanticosa</name>
    <extensions>
      <gpxx:TrackExtension>
        <gpxx:DisplayColor>Magenta</gpxx:DisplayColor>
      </gpxx:TrackExtension>
    </extensions>
    <trkseg>
      <trkpt lat="42.816939018666744" lon="-0.287791974842548">
        <ele>2137</ele>
      </trkpt>
      <trkpt lat="42.816968020051718" lon="-0.287677980959415">
        <ele>2139</ele>
      </trkpt>
      <trkpt lat="42.816912028938532" lon="-0.287500033155084">
        <ele>2138</ele>
      </trkpt>
      <trkpt lat="42.81684497371316" lon="-0.287345973774791">
        <ele>2137</ele>
      </trkpt>
      <trkpt lat="42.816838016733527" lon="-0.287225022912025">
        <ele>2137</ele>
      </trkpt>
      <trkpt lat="42.816817983984947" lon="-0.287162996828556">
        <ele>2137</ele>
      </trkpt>
      <trkpt lat="42.816794011741877" lon="-0.287141958251596">
        <ele>2135</ele>
      </trkpt>
      <trkpt lat="42.816712036728859" lon="-0.287139024585485">
        <ele>2135</ele>
      </trkpt>
      <trkpt lat="42.81669300980866" lon="-0.28712603263557">
        <ele>2135</ele>
      </trkpt>
      <trkpt lat="42.816679012030363" lon="-0.287010027095675">
        <ele>2138</ele>
      </trkpt>
      <trkpt lat="42.816677000373602" lon="-0.286865020170808">
        <ele>2141</ele>
      </trkpt>
      <trkpt lat="42.816670965403318" lon="-0.286718001589179">
        <ele>2144</ele>
      </trkpt>
      <trkpt lat="42.816646993160248" lon="-0.286640971899033">
        <ele>2148</ele>
      </trkpt>
      <trkpt lat="42.816656967625022" lon="-0.286459000781178">
        <ele>2151</ele>
      </trkpt>
      <trkpt lat="42.816664008423686" lon="-0.286435028538108">
        <ele>2152</ele>
      </trkpt>
      <trkpt lat="42.816645987331867" lon="-0.286394041031599">
        <ele>2154</ele>
      </trkpt>
      <trkpt lat="42.816652022302151" lon="-0.286278035491705">
        <ele>2157</ele>
      </trkpt>
      <trkpt lat="42.816666020080447" lon="-0.286152977496386">
        <ele>2161</ele>
      </trkpt>
      <trkpt lat="42.816718993708491" lon="-0.286063961684704">
        <ele>2163</ele>
      </trkpt>
      <trkpt lat="42.816756963729858" lon="-0.28603496029973">
        <ele>2165</ele>
      </trkpt>
      <trkpt lat="42.816788982599974" lon="-0.286014005541801">
        <ele>2166</ele>
      </trkpt>
      <trkpt lat="42.816746989265084" lon="-0.285918032750487">
        <ele>2169</ele>
      </trkpt>
      <trkpt lat="42.816723017022014" lon="-0.285784006118774">
        <ele>2171</ele>
      </trkpt>
      <trkpt lat="42.816701978445053" lon="-0.285749975591898">
        <ele>2171</ele>
      </trkpt>
      <trkpt lat="42.816603993996978" lon="-0.285821976140141">
        <ele>2170</ele>
      </trkpt>
      <trkpt lat="42.816531993448734" lon="-0.285853995010257">
        <ele>2170</ele>
      </trkpt>
      <trkpt lat="42.816508021205664" lon="-0.285742012783885">
        <ele>2168</ele>
      </trkpt>
      <trkpt lat="42.816413976252079" lon="-0.285572027787566">
        <ele>2167</ele>
      </trkpt>
      <trkpt lat="42.816362008452415" lon="-0.285463985055685">
        <ele>2167</ele>
      </trkpt>
      <trkpt lat="42.816338958218694" lon="-0.285159973427653">
        <ele>2167</ele>
      </trkpt>
      <trkpt lat="42.816236028447747" lon="-0.284930979833007">
        <ele>2166</ele>
      </trkpt>
      <trkpt lat="42.816190011799335" lon="-0.284716989845037">
        <ele>2169</ele>
      </trkpt>
      <trkpt lat="42.816186994314194" lon="-0.284504005685449">
        <ele>2172</ele>
      </trkpt>
      <trkpt lat="42.816174002364278" lon="-0.284434016793966">
        <ele>2172</ele>
      </trkpt>
      <trkpt lat="42.816139971837401" lon="-0.284217009320855">
        <ele>2173</ele>
      </trkpt>
      <trkpt lat="42.816079035401344" lon="-0.283978041261435">
        <ele>2170</ele>
      </trkpt>
      <trkpt lat="42.816020026803017" lon="-0.283773019909859">
        <ele>2169</ele>
      </trkpt>
      <trkpt lat="42.815996976569295" lon="-0.28371199965477">
        <ele>2169</ele>
      </trkpt>
      <trkpt lat="42.81596202403307" lon="-0.283679980784655">
        <ele>2169</ele>
      </trkpt>
      <trkpt lat="42.815907038748264" lon="-0.283687021583319">
        <ele>2168</ele>
      </trkpt>
      <trkpt lat="42.81587703153491" lon="-0.283649973571301">
        <ele>2168</ele>
      </trkpt>
      <trkpt lat="42.815867979079485" lon="-0.283607980236411">
        <ele>2168</ele>
      </trkpt>
      <trkpt lat="42.815870996564627" lon="-0.283493986353278">
        <ele>2167</ele>
      </trkpt>
      <trkpt lat="42.815896980464458" lon="-0.2833909727633">
        <ele>2167</ele>
      </trkpt>
      <trkpt lat="42.815896980464458" lon="-0.283170025795698">
        <ele>2167</ele>
      </trkpt>
      <trkpt lat="42.81587895937264" lon="-0.283111017197371">
        <ele>2167</ele>
      </trkpt>
      <trkpt lat="42.815788015723228" lon="-0.283005991950631">
        <ele>2167</ele>
      </trkpt>
      <trkpt lat="42.815677961334586" lon="-0.282901972532272">
        <ele>2167</ele>
      </trkpt>
      <trkpt lat="42.81559799797833" lon="-0.282931979745626">
        <ele>2166</ele>
      </trkpt>
      <trkpt lat="42.815433964133263" lon="-0.282918987795711">
        <ele>2165</ele>
      </trkpt>
      <trkpt lat="42.815392976626754" lon="-0.282901972532272">
        <ele>2167</ele>
      </trkpt>
      <trkpt lat="42.815336985513568" lon="-0.282735005021095">
        <ele>2167</ele>
      </trkpt>
      <trkpt lat="42.815334973856807" lon="-0.282701980322599">
        <ele>2167</ele>
      </trkpt>
      <trkpt lat="42.815318964421749" lon="-0.282560996711254">
        <ele>2167</ele>
      </trkpt>
      <trkpt lat="42.815306978300214" lon="-0.282507017254829">
        <ele>2168</ele>
      </trkpt>
      <trkpt lat="42.815292980521917" lon="-0.282411966472864">
        <ele>2169</ele>
      </trkpt>
      <trkpt lat="42.815288035199046" lon="-0.282390005886555">
        <ele>2170</ele>
      </trkpt>
      <trkpt lat="42.81527403742075" lon="-0.282355975359678">
        <ele>2170</ele>
      </trkpt>
      <trkpt lat="42.815292980521917" lon="-0.282341977581382">
        <ele>2169</ele>
      </trkpt>
      <trkpt lat="42.81529700383544" lon="-0.28233896009624">
        <ele>2167</ele>
      </trkpt>
      <trkpt lat="42.815291974693537" lon="-0.282328985631466">
        <ele>2163</ele>
      </trkpt>
      <trkpt lat="42.815323993563652" lon="-0.282289003953338">
        <ele>2159</ele>
      </trkpt>
      <trkpt lat="42.815289041027427" lon="-0.28220702894032">
        <ele>2157</ele>
      </trkpt>
      <trkpt lat="42.815258027985692" lon="-0.282097980380058">
        <ele>2154</ele>
      </trkpt>
      <trkpt lat="42.815192984417081" lon="-0.282003013417125">
        <ele>2150</ele>
      </trkpt>
      <trkpt lat="42.815164988860488" lon="-0.281867980957031">
        <ele>2149</ele>
      </trkpt>
      <trkpt lat="42.815121989697218" lon="-0.281724985688925">
        <ele>2148</ele>
      </trkpt>
      <trkpt lat="42.815077984705567" lon="-0.281565980985761">
        <ele>2147</ele>
      </trkpt>
      <trkpt lat="42.815006989985704" lon="-0.28145500458777">
        <ele>2148</ele>
      </trkpt>
      <trkpt lat="42.814969019964337" lon="-0.281329024583101">
        <ele>2147</ele>
      </trkpt>
      <trkpt lat="42.814904982224107" lon="-0.281204972416162">
        <ele>2145</ele>
      </trkpt>
      <trkpt lat="42.814880004152656" lon="-0.281012021005154">
        <ele>2145</ele>
      </trkpt>
      <trkpt lat="42.814898025244474" lon="-0.280972039327025">
        <ele>2145</ele>
      </trkpt>
      <trkpt lat="42.814900036901236" lon="-0.280957035720348">
        <ele>2145</ele>
      </trkpt>
      <trkpt lat="42.814895007759333" lon="-0.280714966356754">
        <ele>2145</ele>
      </trkpt>
      <trkpt lat="42.814896013587713" lon="-0.28050902299583">
        <ele>2144</ele>
      </trkpt>
      <trkpt lat="42.814915040507913" lon="-0.28031699359417">
        <ele>2145</ele>
      </trkpt>
      <trkpt lat="42.814929038286209" lon="-0.280113983899355">
        <ele>2146</ele>
      </trkpt>
      <trkpt lat="42.814941024407744" lon="-0.280003007501364">
        <ele>2147</ele>
      </trkpt>
      <trkpt lat="42.814926020801067" lon="-0.279966965317726">
        <ele>2147</ele>
      </trkpt>
      <trkpt lat="42.814757963642478" lon="-0.279850037768483">
        <ele>2146</ele>
      </trkpt>
      <trkpt lat="42.814687974750996" lon="-0.279775019735098">
        <ele>2148</ele>
      </trkpt>
      <trkpt lat="42.814648998901248" lon="-0.279766973108053">
        <ele>2149</ele>
      </trkpt>
      <trkpt lat="42.814560988917947" lon="-0.279659014195204">
        <ele>2153</ele>
      </trkpt>
      <trkpt lat="42.814512038603425" lon="-0.279596988111734">
        <ele>2154</ele>
      </trkpt>
      <trkpt lat="42.81450399197638" lon="-0.27958701364696">
        <ele>2154</ele>
      </trkpt>
      <trkpt lat="42.814333001151681" lon="-0.279519958421588">
        <ele>2159</ele>
      </trkpt>
      <trkpt lat="42.814271980896592" lon="-0.279518030583858">
        <ele>2160</ele>
      </trkpt>
      <trkpt lat="42.814257983118296" lon="-0.279508978128433">
        <ele>2161</ele>
      </trkpt>
      <trkpt lat="42.814177013933659" lon="-0.279358020052314">
        <ele>2164</ele>
      </trkpt>
      <trkpt lat="42.814195035025477" lon="-0.279250983148813">
        <ele>2166</ele>
      </trkpt>
      <trkpt lat="42.814216995611787" lon="-0.279238997027278">
        <ele>2166</ele>
      </trkpt>
      <trkpt lat="42.814305005595088" lon="-0.279175965115428">
        <ele>2168</ele>
      </trkpt>
      <trkpt lat="42.814418999478221" lon="-0.279143024235964">
        <ele>2170</ele>
      </trkpt>
      <trkpt lat="42.814469039440155" lon="-0.279187029227614">
        <ele>2170</ele>
      </trkpt>
      <trkpt lat="42.814464010298252" lon="-0.27917998842895">
        <ele>2167</ele>
      </trkpt>
      <trkpt lat="42.814536010846496" lon="-0.279085021466017">
        <ele>2167</ele>
      </trkpt>
      <trkpt lat="42.814640030264854" lon="-0.278972033411264">
        <ele>2168</ele>
      </trkpt>
      <trkpt lat="42.814680011942983" lon="-0.27876902371645">
        <ele>2167</ele>
      </trkpt>
      <trkpt lat="42.814629971981049" lon="-0.278500970453024">
        <ele>2164</ele>
      </trkpt>
      <trkpt lat="42.814531987532973" lon="-0.278408015146852">
        <ele>2166</ele>
      </trkpt>
      <trkpt lat="42.814507009461522" lon="-0.27836300432682">
        <ele>2167</ele>
      </trkpt>
      <trkpt lat="42.814470967277884" lon="-0.278355963528156">
        <ele>2167</ele>
      </trkpt>
      <trkpt lat="42.814414976164699" lon="-0.278323022648692">
        <ele>2170</ele>
      </trkpt>
      <trkpt lat="42.814321015030146" lon="-0.27825596742332">
        <ele>2172</ele>
      </trkpt>
      <trkpt lat="42.814285978674889" lon="-0.278246998786926">
        <ele>2174</ele>
      </trkpt>
      <trkpt lat="42.814230993390083" lon="-0.27821003459394">
        <ele>2177</ele>
      </trkpt>
      <trkpt lat="42.814207021147013" lon="-0.278136022388935">
        <ele>2179</ele>
      </trkpt>
      <trkpt lat="42.814177013933659" lon="-0.278109032660723">
        <ele>2179</ele>
      </trkpt>
      <trkpt lat="42.814086992293596" lon="-0.277987997978926">
        <ele>2180</ele>
      </trkpt>
      <trkpt lat="42.81409302726388" lon="-0.277956984937191">
        <ele>2181</ele>
      </trkpt>
      <trkpt lat="42.814113982021809" lon="-0.277800997719169">
        <ele>2180</ele>
      </trkpt>
      <trkpt lat="42.814120016992092" lon="-0.277636963874102">
        <ele>2177</ele>
      </trkpt>
      <trkpt lat="42.814123034477234" lon="-0.277615003287792">
        <ele>2177</ele>
      </trkpt>
      <trkpt lat="42.814163016155362" lon="-0.27745901606977">
        <ele>2175</ele>
      </trkpt>
      <trkpt lat="42.81422303058207" lon="-0.277347033843398">
        <ele>2172</ele>
      </trkpt>
      <trkpt lat="42.814236022531986" lon="-0.277255000546575">
        <ele>2172</ele>
      </trkpt>
      <trkpt lat="42.814276004210114" lon="-0.277216024696827">
        <ele>2173</ele>
      </trkpt>
      <trkpt lat="42.814280027523637" lon="-0.27726799249649">
        <ele>2171</ele>
      </trkpt>
      <trkpt lat="42.814324032515287" lon="-0.277157016098499">
        <ele>2167</ele>
      </trkpt>
      <trkpt lat="42.814371977001429" lon="-0.27707202360034">
        <ele>2167</ele>
      </trkpt>
      <trkpt lat="42.814371977001429" lon="-0.277058025822043">
        <ele>2167</ele>
      </trkpt>
      <trkpt lat="42.814400978386402" lon="-0.276888040825725">
        <ele>2165</ele>
      </trkpt>
      <trkpt lat="42.814401984214783" lon="-0.276779998093843">
        <ele>2162</ele>
      </trkpt>
      <trkpt lat="42.814430985599756" lon="-0.276577994227409">
        <ele>2159</ele>
      </trkpt>
      <trkpt lat="42.814444983378053" lon="-0.276481015607715">
        <ele>2159</ele>
      </trkpt>
      <trkpt lat="42.814466021955013" lon="-0.276442961767316">
        <ele>2159</ele>
      </trkpt>
      <trkpt lat="42.814464010298252" lon="-0.276410020887852">
        <ele>2159</ele>
      </trkpt>
      <trkpt lat="42.814448000863194" lon="-0.276396023109555">
        <ele>2158</ele>
      </trkpt>
      <trkpt lat="42.814300982281566" lon="-0.276269959285855">
        <ele>2158</ele>
      </trkpt>
      <trkpt lat="42.814291007816792" lon="-0.276025040075183">
        <ele>2159</ele>
      </trkpt>
      <trkpt lat="42.814249014481902" lon="-0.275877015665174">
        <ele>2158</ele>
      </trkpt>
      <trkpt lat="42.814198974519968" lon="-0.275852959603071">
        <ele>2155</ele>
      </trkpt>
      <trkpt lat="42.81417902559042" lon="-0.275785988196731">
        <ele>2154</ele>
      </trkpt>
      <trkpt lat="42.814109958708286" lon="-0.275835022330284">
        <ele>2154</ele>
      </trkpt>
      <trkpt lat="42.81405103392899" lon="-0.275864023715258">
        <ele>2154</ele>
      </trkpt>
      <trkpt lat="42.814040975645185" lon="-0.275862012058496">
        <ele>2154</ele>
      </trkpt>
      <trkpt lat="42.813909966498613" lon="-0.275889001786709">
        <ele>2149</ele>
      </trkpt>
      <trkpt lat="42.813761020079255" lon="-0.275938035920262">
        <ele>2146</ele>
      </trkpt>
      <trkpt lat="42.813646020367742" lon="-0.275963013991714">
        <ele>2144</ele>
      </trkpt>
      <trkpt lat="42.813529008999467" lon="-0.27587098069489">
        <ele>2142</ele>
      </trkpt>
      <trkpt lat="42.81345097348094" lon="-0.275548025965691">
        <ele>2138</ele>
      </trkpt>
      <trkpt lat="42.81345197930932" lon="-0.275549031794071">
        <ele>2137</ele>
      </trkpt>
      <trkpt lat="42.813358018174767" lon="-0.275548025965691">
        <ele>2137</ele>
      </trkpt>
      <trkpt lat="42.813347037881613" lon="-0.275516007095575">
        <ele>2136</ele>
      </trkpt>
      <trkpt lat="42.813349971547723" lon="-0.27546102181077">
        <ele>2135</ele>
      </trkpt>
      <trkpt lat="42.813333962112665" lon="-0.275376029312611">
        <ele>2133</ele>
      </trkpt>
      <trkpt lat="42.813338991254568" lon="-0.275322971865535">
        <ele>2133</ele>
      </trkpt>
      <trkpt lat="42.813333962112665" lon="-0.275253988802433">
        <ele>2132</ele>
      </trkpt>
      <trkpt lat="42.813087031245232" lon="-0.274878982454538">
        <ele>2109</ele>
      </trkpt>
      <trkpt lat="42.813017964363098" lon="-0.27501099742949">
        <ele>2110</ele>
      </trkpt>
      <trkpt lat="42.813000027090311" lon="-0.275035975500941">
        <ele>2110</ele>
      </trkpt>
      <trkpt lat="42.812939006835222" lon="-0.275075035169721">
        <ele>2111</ele>
      </trkpt>
      <trkpt lat="42.812883015722036" lon="-0.275127002969384">
        <ele>2112</ele>
      </trkpt>
      <trkpt lat="42.812856025993824" lon="-0.275180982425809">
        <ele>2114</ele>
      </trkpt>
      <trkpt lat="42.812853008508682" lon="-0.27524602599442">
        <ele>2113</ele>
      </trkpt>
      <trkpt lat="42.812853008508682" lon="-0.275260023772717">
        <ele>2114</ele>
      </trkpt>
      <trkpt lat="42.812853008508682" lon="-0.275275027379394">
        <ele>2114</ele>
      </trkpt>
      <trkpt lat="42.812791988253593" lon="-0.275447024032474">
        <ele>2116</ele>
      </trkpt>
      <trkpt lat="42.812786959111691" lon="-0.275462027639151">
        <ele>2116</ele>
      </trkpt>
      <trkpt lat="42.812724011018872" lon="-0.275555988773704">
        <ele>2119</ele>
      </trkpt>
      <trkpt lat="42.812640024349093" lon="-0.275626983493567">
        <ele>2122</ele>
      </trkpt>
      <trkpt lat="42.812632983550429" lon="-0.275639975443482">
        <ele>2123</ele>
      </trkpt>
      <trkpt lat="42.812609011307359" lon="-0.275662019848824">
        <ele>2123</ele>
      </trkpt>
      <trkpt lat="42.812512032687664" lon="-0.275760004296899">
        <ele>2127</ele>
      </trkpt>
      <trkpt lat="42.812495017424226" lon="-0.275785988196731">
        <ele>2128</ele>
      </trkpt>
      <trkpt lat="42.812397032976151" lon="-0.276002995669842">
        <ele>2132</ele>
      </trkpt>
      <trkpt lat="42.812367025762796" lon="-0.276143979281187">
        <ele>2136</ele>
      </trkpt>
      <trkpt lat="42.81231296248734" lon="-0.276274988427758">
        <ele>2139</ele>
      </trkpt>
      <trkpt lat="42.812227969989181" lon="-0.276388982310891">
        <ele>2141</ele>
      </trkpt>
      <trkpt lat="42.812186982482672" lon="-0.276434998959303">
        <ele>2141</ele>
      </trkpt>
      <trkpt lat="42.81213803216815" lon="-0.276451008394361">
        <ele>2142</ele>
      </trkpt>
      <trkpt lat="42.811991013586521" lon="-0.276563996449113">
        <ele>2146</ele>
      </trkpt>
      <trkpt lat="42.811867967247963" lon="-0.276683019474149">
        <ele>2148</ele>
      </trkpt>
      <trkpt lat="42.811737963929772" lon="-0.276812016963959">
        <ele>2146</ele>
      </trkpt>
      <trkpt lat="42.811649031937122" lon="-0.276914024725556">
        <ele>2145</ele>
      </trkpt>
      <trkpt lat="42.811636039987206" lon="-0.276918970048428">
        <ele>2145</ele>
      </trkpt>
      <trkpt lat="42.811623970046639" lon="-0.276925005018711">
        <ele>2145</ele>
      </trkpt>
      <trkpt lat="42.811612989753485" lon="-0.276926010847092">
        <ele>2145</ele>
      </trkpt>
      <trkpt lat="42.811577031388879" lon="-0.276931961998343">
        <ele>2146</ele>
      </trkpt>
      <trkpt lat="42.811429006978869" lon="-0.276907989755273">
        <ele>2147</ele>
      </trkpt>
      <trkpt lat="42.811419032514095" lon="-0.27690103277564">
        <ele>2147</ele>
      </trkpt>
      <trkpt lat="42.811368992552161" lon="-0.276894997805357">
        <ele>2148</ele>
      </trkpt>
      <trkpt lat="42.811348959803581" lon="-0.276893991976976">
        <ele>2148</ele>
      </trkpt>
      <trkpt lat="42.811337979510427" lon="-0.276889968663454">
        <ele>2148</ele>
      </trkpt>
      <trkpt lat="42.811274025589228" lon="-0.276863984763622">
        <ele>2149</ele>
      </trkpt>
      <trkpt lat="42.811169000342488" lon="-0.276825008913875">
        <ele>2149</ele>
      </trkpt>
      <trkpt lat="42.810984011739492" lon="-0.276743033900857">
        <ele>2150</ele>
      </trkpt>
      <trkpt lat="42.810971019789577" lon="-0.276738004758954">
        <ele>2150</ele>
      </trkpt>
      <trkpt lat="42.81095702201128" lon="-0.27673096396029">
        <ele>2150</ele>
      </trkpt>
      <trkpt lat="42.810945035889745" lon="-0.276716966181993">
        <ele>2150</ele>
      </trkpt>
      <trkpt lat="42.810939000919461" lon="-0.276703974232078">
        <ele>2150</ele>
      </trkpt>
      <trkpt lat="42.810889966785908" lon="-0.276590986177325">
        <ele>2151</ele>
      </trkpt>
      <trkpt lat="42.810879992321134" lon="-0.276573970913887">
        <ele>2151</ele>
      </trkpt>
      <trkpt lat="42.810872029513121" lon="-0.2765560336411">
        <ele>2151</ele>
      </trkpt>
      <trkpt lat="42.810865994542837" lon="-0.276541030034423">
        <ele>2151</ele>
      </trkpt>
      <trkpt lat="42.810861971229315" lon="-0.276523008942604">
        <ele>2151</ele>
      </trkpt>
      <trkpt lat="42.810784019529819" lon="-0.276409015059471">
        <ele>2152</ele>
      </trkpt>
      <trkpt lat="42.810774967074394" lon="-0.276394011452794">
        <ele>2152</ele>
      </trkpt>
      <trkpt lat="42.810752000659704" lon="-0.276361992582679">
        <ele>2152</ele>
      </trkpt>
      <trkpt lat="42.810691986232996" lon="-0.276354029774666">
        <ele>2153</ele>
      </trkpt>
      <trkpt lat="42.810659967362881" lon="-0.276326034218073">
        <ele>2153</ele>
      </trkpt>
      <trkpt lat="42.810641024261713" lon="-0.276335002854466">
        <ele>2154</ele>
      </trkpt>
      <trkpt lat="42.81063599511981" lon="-0.276342965662479">
        <ele>2154</ele>
      </trkpt>
      <trkpt lat="42.810556031763554" lon="-0.276294015347958">
        <ele>2156</ele>
      </trkpt>
      <trkpt lat="42.810547985136509" lon="-0.276282029226422">
        <ele>2156</ele>
      </trkpt>
      <trkpt lat="42.810542033985257" lon="-0.276267025619745">
        <ele>2156</ele>
      </trkpt>
      <trkpt lat="42.810533987358212" lon="-0.276249004527926">
        <ele>2156</ele>
      </trkpt>
      <trkpt lat="42.8105260245502" lon="-0.27623500674963">
        <ele>2156</ele>
      </trkpt>
      <trkpt lat="42.810409013181925" lon="-0.276103997603059">
        <ele>2156</ele>
      </trkpt>
      <trkpt lat="42.810396021232009" lon="-0.276094023138285">
        <ele>2156</ele>
      </trkpt>
      <trkpt lat="42.810384035110474" lon="-0.276092011481524">
        <ele>2156</ele>
      </trkpt>
      <trkpt lat="42.810254031792283" lon="-0.276068039238453">
        <ele>2157</ele>
      </trkpt>
      <trkpt lat="42.810044987127185" lon="-0.275995032861829">
        <ele>2161</ele>
      </trkpt>
      <trkpt lat="42.810029983520508" lon="-0.275988997891545">
        <ele>2161</ele>
      </trkpt>
      <trkpt lat="42.810014979913831" lon="-0.275982040911913">
        <ele>2161</ele>
      </trkpt>
      <trkpt lat="42.810000982135534" lon="-0.275978017598391">
        <ele>2161</ele>
      </trkpt>
      <trkpt lat="42.809988996013999" lon="-0.275968965142965">
        <ele>2162</ele>
      </trkpt>
      <trkpt lat="42.809849018231034" lon="-0.275933006778359">
        <ele>2166</ele>
      </trkpt>
      <trkpt lat="42.809836026281118" lon="-0.275928983464837">
        <ele>2166</ele>
      </trkpt>
      <trkpt lat="42.809824040159583" lon="-0.275926971808076">
        <ele>2166</ele>
      </trkpt>
      <trkpt lat="42.809810964390635" lon="-0.275925965979695">
        <ele>2166</ele>
      </trkpt>
      <trkpt lat="42.809637961909175" lon="-0.275809038430452">
        <ele>2169</ele>
      </trkpt>
      <trkpt lat="42.809621030464768" lon="-0.275795962661505">
        <ele>2169</ele>
      </trkpt>
      <trkpt lat="42.809444004669785" lon="-0.275820018723607">
        <ele>2170</ele>
      </trkpt>
      <trkpt lat="42.80925901606679" lon="-0.275867963209748">
        <ele>2173</ele>
      </trkpt>
      <trkpt lat="42.809232026338577" lon="-0.275880033150315">
        <ele>2173</ele>
      </trkpt>
      <trkpt lat="42.80917301774025" lon="-0.275886990129948">
        <ele>2174</ele>
      </trkpt>
      <trkpt lat="42.809070004150271" lon="-0.276016993448138">
        <ele>2174</ele>
      </trkpt>
      <trkpt lat="42.809050977230072" lon="-0.276038032025099">
        <ele>2174</ele>
      </trkpt>
      <trkpt lat="42.808955004438758" lon="-0.276015987619758">
        <ele>2172</ele>
      </trkpt>
      <trkpt lat="42.808876968920231" lon="-0.275988997891545">
        <ele>2171</ele>
      </trkpt>
      <trkpt lat="42.808805974200368" lon="-0.275943987071514">
        <ele>2171</ele>
      </trkpt>
      <trkpt lat="42.808588966727257" lon="-0.275879027321935">
        <ele>2171</ele>
      </trkpt>
      <trkpt lat="42.808344969525933" lon="-0.275825969874859">
        <ele>2171</ele>
      </trkpt>
      <trkpt lat="42.80818697065115" lon="-0.275738965719938">
        <ele>2171</ele>
      </trkpt>
      <trkpt lat="42.808135002851486" lon="-0.275714993476868">
        <ele>2172</ele>
      </trkpt>
      <trkpt lat="42.808070965111256" lon="-0.275668976828456">
        <ele>2173</ele>
      </trkpt>
      <trkpt lat="42.807919001206756" lon="-0.275510977953672">
        <ele>2176</ele>
      </trkpt>
      <trkpt lat="42.807759996503592" lon="-0.275390027090907">
        <ele>2177</ele>
      </trkpt>
      <trkpt lat="42.807579031214118" lon="-0.275329006835818">
        <ele>2177</ele>
      </trkpt>
      <trkpt lat="42.807417009025812" lon="-0.275230016559362">
        <ele>2179</ele>
      </trkpt>
      <trkpt lat="42.807236965745687" lon="-0.27511702850461">
        <ele>2181</ele>
      </trkpt>
      <trkpt lat="42.807165971025825" lon="-0.275058019906282">
        <ele>2183</ele>
      </trkpt>
      <trkpt lat="42.807035967707634" lon="-0.274986019358039">
        <ele>2187</ele>
      </trkpt>
      <trkpt lat="42.806964972987771" lon="-0.27488199993968">
        <ele>2188</ele>
      </trkpt>
      <trkpt lat="42.806923985481262" lon="-0.274850986897945">
        <ele>2187</ele>
      </trkpt>
      <trkpt lat="42.806915016844869" lon="-0.274845035746694">
        <ele>2187</ele>
      </trkpt>
      <trkpt lat="42.806905964389443" lon="-0.274840006604791">
        <ele>2187</ele>
      </trkpt>
      <trkpt lat="42.806893978267908" lon="-0.274830032140017">
        <ele>2187</ele>
      </trkpt>
      <trkpt lat="42.806880986317992" lon="-0.27481796219945">
        <ele>2187</ele>
      </trkpt>
      <trkpt lat="42.806774033233523" lon="-0.274696005508304">
        <ele>2189</ele>
      </trkpt>
      <trkpt lat="42.806761963292956" lon="-0.274685025215149">
        <ele>2190</ele>
      </trkpt>
      <trkpt lat="42.806743020191789" lon="-0.274552004411817">
        <ele>2192</ele>
      </trkpt>
      <trkpt lat="42.806742014363408" lon="-0.27453800663352">
        <ele>2193</ele>
      </trkpt>
      <trkpt lat="42.806735979393125" lon="-0.274519985541701">
        <ele>2193</ele>
      </trkpt>
      <trkpt lat="42.806731034070253" lon="-0.274507999420166">
        <ele>2194</ele>
      </trkpt>
      <trkpt lat="42.806645035743713" lon="-0.274497019127011">
        <ele>2200</ele>
      </trkpt>
      <trkpt lat="42.806606981903315" lon="-0.274530965834856">
        <ele>2202</ele>
      </trkpt>
      <trkpt lat="42.806598013266921" lon="-0.27453700080514">
        <ele>2203</ele>
      </trkpt>
      <trkpt lat="42.806583009660244" lon="-0.274547981098294">
        <ele>2203</ele>
      </trkpt>
      <trkpt lat="42.80651000328362" lon="-0.274558961391449">
        <ele>2205</ele>
      </trkpt>
      <trkpt lat="42.806499022990465" lon="-0.274558961391449">
        <ele>2206</ele>
      </trkpt>
      <trkpt lat="42.806444959715009" lon="-0.274588968604803">
        <ele>2208</ele>
      </trkpt>
      <trkpt lat="42.806393997743726" lon="-0.274497019127011">
        <ele>2211</ele>
      </trkpt>
      <trkpt lat="42.806350998580456" lon="-0.274545969441533">
        <ele>2212</ele>
      </trkpt>
      <trkpt lat="42.806333983317018" lon="-0.274542029947042">
        <ele>2212</ele>
      </trkpt>
      <trkpt lat="42.806298024952412" lon="-0.274487966671586">
        <ele>2212</ele>
      </trkpt>
      <trkpt lat="42.80631504021585" lon="-0.274441028013825">
        <ele>2213</ele>
      </trkpt>
      <trkpt lat="42.806323003023863" lon="-0.274395011365414">
        <ele>2214</ele>
      </trkpt>
      <trkpt lat="42.80631504021585" lon="-0.274386964738369">
        <ele>2214</ele>
      </trkpt>
      <trkpt lat="42.806269023567438" lon="-0.274328039959073">
        <ele>2217</ele>
      </trkpt>
      <trkpt lat="42.806252008304" lon="-0.274254027754068">
        <ele>2217</ele>
      </trkpt>
      <trkpt lat="42.806157041341066" lon="-0.274189990013838">
        <ele>2220</ele>
      </trkpt>
      <trkpt lat="42.805942967534065" lon="-0.274222008883953">
        <ele>2225</ele>
      </trkpt>
      <trkpt lat="42.805729983374476" lon="-0.274209016934037">
        <ele>2227</ele>
      </trkpt>
      <trkpt lat="42.805716991424561" lon="-0.274202981963754">
        <ele>2227</ele>
      </trkpt>
      <trkpt lat="42.805696036666632" lon="-0.274218991398811">
        <ele>2227</ele>
      </trkpt>
      <trkpt lat="42.805637028068304" lon="-0.27425603941083">
        <ele>2227</ele>
      </trkpt>
      <trkpt lat="42.805614983662963" lon="-0.274264002218843">
        <ele>2226</ele>
      </trkpt>
      <trkpt lat="42.80556402169168" lon="-0.274285962805152">
        <ele>2227</ele>
      </trkpt>
      <trkpt lat="42.805556980893016" lon="-0.274293003603816">
        <ele>2227</ele>
      </trkpt>
      <trkpt lat="42.805498978123069" lon="-0.27432301081717">
        <ele>2228</ele>
      </trkpt>
      <trkpt lat="42.805466959252954" lon="-0.274356035515666">
        <ele>2228</ele>
      </trkpt>
      <trkpt lat="42.805348020046949" lon="-0.274438010528684">
        <ele>2229</ele>
      </trkpt>
      <trkpt lat="42.805227991193533" lon="-0.274449996650219">
        <ele>2230</ele>
      </trkpt>
      <trkpt lat="42.805203013122082" lon="-0.274457037448883">
        <ele>2230</ele>
      </trkpt>
      <trkpt lat="42.805189015343785" lon="-0.274465000256896">
        <ele>2230</ele>
      </trkpt>
      <trkpt lat="42.805098993703723" lon="-0.274487966671586">
        <ele>2231</ele>
      </trkpt>
      <trkpt lat="42.804882992058992" lon="-0.274569019675255">
        <ele>2233</ele>
      </trkpt>
      <trkpt lat="42.804665984585881" lon="-0.274589974433184">
        <ele>2236</ele>
      </trkpt>
      <trkpt lat="42.804556014016271" lon="-0.274548986926675">
        <ele>2236</ele>
      </trkpt>
      <trkpt lat="42.804500022903085" lon="-0.274526020511985">
        <ele>2237</ele>
      </trkpt>
      <trkpt lat="42.804398015141487" lon="-0.274472963064909">
        <ele>2236</ele>
      </trkpt>
      <trkpt lat="42.804272035136819" lon="-0.274520991370082">
        <ele>2235</ele>
      </trkpt>
      <trkpt lat="42.804255019873381" lon="-0.274528032168746">
        <ele>2235</ele>
      </trkpt>
      <trkpt lat="42.80403801240027" lon="-0.274582011625171">
        <ele>2243</ele>
      </trkpt>
      <trkpt lat="42.803976992145181" lon="-0.274599026888609">
        <ele>2245</ele>
      </trkpt>
      <trkpt lat="42.803841959685087" lon="-0.274636996909976">
        <ele>2247</ele>
      </trkpt>
      <trkpt lat="42.803810024634004" lon="-0.274640014395118">
        <ele>2248</ele>
      </trkpt>
      <trkpt lat="42.803635010495782" lon="-0.274687958881259">
        <ele>2254</ele>
      </trkpt>
      <trkpt lat="42.803499978035688" lon="-0.274735987186432">
        <ele>2257</ele>
      </trkpt>
      <trkpt lat="42.803384978324175" lon="-0.274715032428503">
        <ele>2261</ele>
      </trkpt>
      <trkpt lat="42.803317001089454" lon="-0.274722995236516">
        <ele>2265</ele>
      </trkpt>
      <trkpt lat="42.803189009428024" lon="-0.274778986349702">
        <ele>2271</ele>
      </trkpt>
      <trkpt lat="42.803110973909497" lon="-0.274805976077914">
        <ele>2276</ele>
      </trkpt>
      <trkpt lat="42.803050959482789" lon="-0.274857021868229">
        <ele>2278</ele>
      </trkpt>
      <trkpt lat="42.803020030260086" lon="-0.274856016039848">
        <ele>2279</ele>
      </trkpt>
      <trkpt lat="42.802995974197984" lon="-0.27483799494803">
        <ele>2280</ele>
      </trkpt>
      <trkpt lat="42.802979964762926" lon="-0.274834977462888">
        <ele>2281</ele>
      </trkpt>
      <trkpt lat="42.802937971428037" lon="-0.274927010759711">
        <ele>2286</ele>
      </trkpt>
      <trkpt lat="42.802888015285134" lon="-0.274956012144685">
        <ele>2291</ele>
      </trkpt>
      <trkpt lat="42.80283696949482" lon="-0.275066988542676">
        <ele>2297</ele>
      </trkpt>
      <trkpt lat="42.80279103666544" lon="-0.275102024897933">
        <ele>2300</ele>
      </trkpt>
      <trkpt lat="42.802762035280466" lon="-0.275158016011119">
        <ele>2304</ele>
      </trkpt>
      <trkpt lat="42.802723981440067" lon="-0.275208977982402">
        <ele>2305</ele>
      </trkpt>
      <trkpt lat="42.802691040560603" lon="-0.275142006576061">
        <ele>2308</ele>
      </trkpt>
      <trkpt lat="42.802649969235063" lon="-0.275090960785747">
        <ele>2312</ele>
      </trkpt>
      <trkpt lat="42.802619962021708" lon="-0.275073023512959">
        <ele>2313</ele>
      </trkpt>
      <trkpt lat="42.802604036405683" lon="-0.275059025734663">
        <ele>2313</ele>
      </trkpt>
      <trkpt lat="42.802565982565284" lon="-0.275114011019468">
        <ele>2314</ele>
      </trkpt>
      <trkpt lat="42.802516026422381" lon="-0.275123985484242">
        <ele>2314</ele>
      </trkpt>
      <trkpt lat="42.802499011158943" lon="-0.275043016299605">
        <ele>2316</ele>
      </trkpt>
      <trkpt lat="42.802469003945589" lon="-0.274985013529658">
        <ele>2317</ele>
      </trkpt>
      <trkpt lat="42.802417036145926" lon="-0.275032036006451">
        <ele>2320</ele>
      </trkpt>
      <trkpt lat="42.802408989518881" lon="-0.275061959400773">
        <ele>2321</ele>
      </trkpt>
      <trkpt lat="42.802404966205359" lon="-0.27509598992765">
        <ele>2321</ele>
      </trkpt>
      <trkpt lat="42.802376970648766" lon="-0.275173019617796">
        <ele>2322</ele>
      </trkpt>
      <trkpt lat="42.802373031154275" lon="-0.275288019329309">
        <ele>2323</ele>
      </trkpt>
      <trkpt lat="42.802358027547598" lon="-0.275398995727301">
        <ele>2327</ele>
      </trkpt>
      <trkpt lat="42.802335983142257" lon="-0.275404024869204">
        <ele>2328</ele>
      </trkpt>
      <trkpt lat="42.802269011735916" lon="-0.275444006547332">
        <ele>2334</ele>
      </trkpt>
      <trkpt lat="42.802204973995686" lon="-0.275589013472199">
        <ele>2338</ele>
      </trkpt>
      <trkpt lat="42.802217965945601" lon="-0.275665959343314">
        <ele>2339</ele>
      </trkpt>
      <trkpt lat="42.802201034501195" lon="-0.275735026225448">
        <ele>2340</ele>
      </trkpt>
      <trkpt lat="42.80217002145946" lon="-0.275842985138297">
        <ele>2344</ele>
      </trkpt>
      <trkpt lat="42.802112018689513" lon="-0.275861006230116">
        <ele>2346</ele>
      </trkpt>
      <trkpt lat="42.802009005099535" lon="-0.275907022878528">
        <ele>2350</ele>
      </trkpt>
      <trkpt lat="42.801985032856464" lon="-0.27589101344347">
        <ele>2350</ele>
      </trkpt>
      <trkpt lat="42.801945973187685" lon="-0.275875004008412">
        <ele>2353</ele>
      </trkpt>
      <trkpt lat="42.801858969032764" lon="-0.275906017050147">
        <ele>2359</ele>
      </trkpt>
      <trkpt lat="42.801765007898211" lon="-0.275944992899895">
        <ele>2361</ele>
      </trkpt>
      <trkpt lat="42.801743969321251" lon="-0.275953039526939">
        <ele>2361</ele>
      </trkpt>
      <trkpt lat="42.801715973764658" lon="-0.275918003171682">
        <ele>2365</ele>
      </trkpt>
      <trkpt lat="42.801638022065163" lon="-0.275876009836793">
        <ele>2369</ele>
      </trkpt>
      <trkpt lat="42.801540959626436" lon="-0.275854971259832">
        <ele>2373</ele>
      </trkpt>
      <trkpt lat="42.80148102901876" lon="-0.275867963209748">
        <ele>2368</ele>
      </trkpt>
      <trkpt lat="42.801411962136626" lon="-0.275779031217098">
        <ele>2371</ele>
      </trkpt>
      <trkpt lat="42.801255974918604" lon="-0.275575015693903">
        <ele>2372</ele>
      </trkpt>
      <trkpt lat="42.801100993528962" lon="-0.275326995179057">
        <ele>2377</ele>
      </trkpt>
      <trkpt lat="42.801080038771033" lon="-0.275269998237491">
        <ele>2378</ele>
      </trkpt>
      <trkpt lat="42.801059000194073" lon="-0.275238985195756">
        <ele>2379</ele>
      </trkpt>
      <trkpt lat="42.801056988537312" lon="-0.275226999074221">
        <ele>2379</ele>
      </trkpt>
      <trkpt lat="42.801007032394409" lon="-0.275104958564043">
        <ele>2383</ele>
      </trkpt>
      <trkpt lat="42.801002003252506" lon="-0.275023989379406">
        <ele>2386</ele>
      </trkpt>
      <trkpt lat="42.80094500631094" lon="-0.274948971346021">
        <ele>2390</ele>
      </trkpt>
      <trkpt lat="42.800897983834147" lon="-0.27486096136272">
        <ele>2392</ele>
      </trkpt>
      <trkpt lat="42.800895972177386" lon="-0.274711009114981">
        <ele>2397</ele>
      </trkpt>
      <trkpt lat="42.800867976620793" lon="-0.274569019675255">
        <ele>2400</ele>
      </trkpt>
      <trkpt lat="42.800856996327639" lon="-0.274445973336697">
        <ele>2406</ele>
      </trkpt>
      <trkpt lat="42.800852973014116" lon="-0.274311024695635">
        <ele>2410</ele>
      </trkpt>
      <trkpt lat="42.800832018256187" lon="-0.274205999448895">
        <ele>2413</ele>
      </trkpt>
      <trkpt lat="42.800811985507607" lon="-0.274131987243891">
        <ele>2415</ele>
      </trkpt>
      <trkpt lat="42.800775021314621" lon="-0.274085970595479">
        <ele>2418</ele>
      </trkpt>
      <trkpt lat="42.800763035193086" lon="-0.274085970595479">
        <ele>2418</ele>
      </trkpt>
      <trkpt lat="42.800703020766377" lon="-0.274072978645563">
        <ele>2420</ele>
      </trkpt>
      <trkpt lat="42.800619034096599" lon="-0.27404397726059">
        <ele>2422</ele>
      </trkpt>
      <trkpt lat="42.800553990527987" lon="-0.274101980030537">
        <ele>2424</ele>
      </trkpt>
      <trkpt lat="42.800382999703288" lon="-0.274106003344059">
        <ele>2424</ele>
      </trkpt>
      <trkpt lat="42.80021796002984" lon="-0.274059986695647">
        <ele>2425</ele>
      </trkpt>
      <trkpt lat="42.800030037760735" lon="-0.274083958938718">
        <ele>2425</ele>
      </trkpt>
      <trkpt lat="42.79993599280715" lon="-0.274082031100988">
        <ele>2427</ele>
      </trkpt>
      <trkpt lat="42.799856029450893" lon="-0.27408798225224">
        <ele>2426</ele>
      </trkpt>
      <trkpt lat="42.799804983660579" lon="-0.274069039151073">
        <ele>2425</ele>
      </trkpt>
      <trkpt lat="42.79967799782753" lon="-0.274057975038886">
        <ele>2424</ele>
      </trkpt>
      <trkpt lat="42.799447998404503" lon="-0.2740019839257">
        <ele>2421</ele>
      </trkpt>
      <trkpt lat="42.799332998692989" lon="-0.274005001410842">
        <ele>2421</ele>
      </trkpt>
      <trkpt lat="42.799247000366449" lon="-0.274028973653913">
        <ele>2422</ele>
      </trkpt>
      <trkpt lat="42.799020018428564" lon="-0.273991003632545">
        <ele>2428</ele>
      </trkpt>
      <trkpt lat="42.798891020938754" lon="-0.273964013904333">
        <ele>2428</ele>
      </trkpt>
      <trkpt lat="42.798779960721731" lon="-0.273776007816195">
        <ele>2427</ele>
      </trkpt>
      <trkpt lat="42.798557002097368" lon="-0.273672994226217">
        <ele>2424</ele>
      </trkpt>
      <trkpt lat="42.798545015975833" lon="-0.273668970912695">
        <ele>2424</ele>
      </trkpt>
      <trkpt lat="42.798354998230934" lon="-0.27361499145627">
        <ele>2423</ele>
      </trkpt>
      <trkpt lat="42.798201022669673" lon="-0.273582972586155">
        <ele>2423</ele>
      </trkpt>
      <trkpt lat="42.798052998259664" lon="-0.273588001728058">
        <ele>2427</ele>
      </trkpt>
      <trkpt lat="42.797877984121442" lon="-0.273499991744757">
        <ele>2426</ele>
      </trkpt>
      <trkpt lat="42.797853006049991" lon="-0.273450035601854">
        <ele>2426</ele>
      </trkpt>
      <trkpt lat="42.797804977744818" lon="-0.273364959284663">
        <ele>2427</ele>
      </trkpt>
      <trkpt lat="42.797784022986889" lon="-0.273321038112044">
        <ele>2429</ele>
      </trkpt>
      <trkpt lat="42.797689978033304" lon="-0.273147029802203">
        <ele>2433</ele>
      </trkpt>
      <trkpt lat="42.797688972204924" lon="-0.27307796292007">
        <ele>2434</ele>
      </trkpt>
      <trkpt lat="42.797681009396911" lon="-0.273005962371826">
        <ele>2435</ele>
      </trkpt>
      <trkpt lat="42.797683021053672" lon="-0.272899009287357">
        <ele>2439</ele>
      </trkpt>
      <trkpt lat="42.797700958326459" lon="-0.272786021232605">
        <ele>2440</ele>
      </trkpt>
      <trkpt lat="42.79768000356853" lon="-0.272682001814246">
        <ele>2441</ele>
      </trkpt>
      <trkpt lat="42.79765896499157" lon="-0.272613018751144">
        <ele>2443</ele>
      </trkpt>
      <trkpt lat="42.797645973041654" lon="-0.272584017366171">
        <ele>2443</ele>
      </trkpt>
      <trkpt lat="42.797626024112105" lon="-0.272525008767843">
        <ele>2444</ele>
      </trkpt>
      <trkpt lat="42.797584030777216" lon="-0.272487038746476">
        <ele>2446</ele>
      </trkpt>
      <trkpt lat="42.797499038279057" lon="-0.272403974086046">
        <ele>2450</ele>
      </trkpt>
      <trkpt lat="42.797472970560193" lon="-0.27239098213613">
        <ele>2451</ele>
      </trkpt>
      <trkpt lat="42.797418991103768" lon="-0.272300038486719">
        <ele>2453</ele>
      </trkpt>
      <trkpt lat="42.79737900942564" lon="-0.272277994081378">
        <ele>2453</ele>
      </trkpt>
      <trkpt lat="42.797321006655693" lon="-0.272223008796573">
        <ele>2457</ele>
      </trkpt>
      <trkpt lat="42.797298040241003" lon="-0.272204987704754">
        <ele>2457</ele>
      </trkpt>
      <trkpt lat="42.797266021370888" lon="-0.272203981876373">
        <ele>2458</ele>
      </trkpt>
      <trkpt lat="42.797216987237334" lon="-0.27221898548305">
        <ele>2460</ele>
      </trkpt>
      <trkpt lat="42.797171976417303" lon="-0.272204987704754">
        <ele>2461</ele>
      </trkpt>
      <trkpt lat="42.797152027487755" lon="-0.272173974663019">
        <ele>2463</ele>
      </trkpt>
      <trkpt lat="42.797151021659374" lon="-0.272134998813272">
        <ele>2463</ele>
      </trkpt>
      <trkpt lat="42.79718304052949" lon="-0.27211002074182">
        <ele>2465</ele>
      </trkpt>
      <trkpt lat="42.797200977802277" lon="-0.272037014365196">
        <ele>2466</ele>
      </trkpt>
      <trkpt lat="42.797203995287418" lon="-0.271909022703767">
        <ele>2468</ele>
      </trkpt>
      <trkpt lat="42.797116991132498" lon="-0.271632000803947">
        <ele>2472</ele>
      </trkpt>
      <trkpt lat="42.79712000861764" lon="-0.271548014134169">
        <ele>2472</ele>
      </trkpt>
      <trkpt lat="42.797052031382918" lon="-0.271351039409637">
        <ele>2474</ele>
      </trkpt>
      <trkpt lat="42.797029986977577" lon="-0.271304016932845">
        <ele>2474</ele>
      </trkpt>
      <trkpt lat="42.797012971714139" lon="-0.271284990012646">
        <ele>2475</ele>
      </trkpt>
      <trkpt lat="42.796871988102794" lon="-0.271064965054393">
        <ele>2477</ele>
      </trkpt>
      <trkpt lat="42.79679998755455" lon="-0.270939990878105">
        <ele>2477</ele>
      </trkpt>
      <trkpt lat="42.796779032796621" lon="-0.270909983664751">
        <ele>2477</ele>
      </trkpt>
      <trkpt lat="42.796708038076758" lon="-0.270810993388295">
        <ele>2482</ele>
      </trkpt>
      <trkpt lat="42.796704014763236" lon="-0.270804958418012">
        <ele>2482</ele>
      </trkpt>
      <trkpt lat="42.796657998114824" lon="-0.270724995061755">
        <ele>2488</ele>
      </trkpt>
      <trkpt lat="42.7965849917382" lon="-0.270636985078454">
        <ele>2490</ele>
      </trkpt>
      <trkpt lat="42.796547021716833" lon="-0.270560961216688">
        <ele>2490</ele>
      </trkpt>
      <trkpt lat="42.79645498842001" lon="-0.270474040880799">
        <ele>2493</ele>
      </trkpt>
      <trkpt lat="42.796422969549894" lon="-0.270447973161936">
        <ele>2494</ele>
      </trkpt>
      <trkpt lat="42.796392040327191" lon="-0.270417965948582">
        <ele>2495</ele>
      </trkpt>
      <trkpt lat="42.796337977051735" lon="-0.270359963178635">
        <ele>2497</ele>
      </trkpt>
      <trkpt lat="42.796319033950567" lon="-0.270317969843745">
        <ele>2502</ele>
      </trkpt>
      <trkpt lat="42.796243010088801" lon="-0.270232977345586">
        <ele>2506</ele>
      </trkpt>
      <trkpt lat="42.796219037845731" lon="-0.270149996504188">
        <ele>2509</ele>
      </trkpt>
      <trkpt lat="42.796184001490474" lon="-0.270057963207364">
        <ele>2515</ele>
      </trkpt>
      <trkpt lat="42.796138990670443" lon="-0.269953021779656">
        <ele>2516</ele>
      </trkpt>
      <trkpt lat="42.79613396152854" lon="-0.2698989585042">
        <ele>2518</ele>
      </trkpt>
      <trkpt lat="42.796093979850411" lon="-0.269823018461466">
        <ele>2519</ele>
      </trkpt>
      <trkpt lat="42.796071013435721" lon="-0.269739031791687">
        <ele>2522</ele>
      </trkpt>
      <trkpt lat="42.796061960980296" lon="-0.269709024578333">
        <ele>2523</ele>
      </trkpt>
      <trkpt lat="42.796003036201" lon="-0.269649010151625">
        <ele>2527</ele>
      </trkpt>
      <trkpt lat="42.79594000428915" lon="-0.269602993503213">
        <ele>2530</ele>
      </trkpt>
      <trkpt lat="42.795858029276133" lon="-0.269500985741615">
        <ele>2532</ele>
      </trkpt>
      <trkpt lat="42.795845037326217" lon="-0.269486987963319">
        <ele>2533</ele>
      </trkpt>
      <trkpt lat="42.795780999585986" lon="-0.269451029598713">
        <ele>2536</ele>
      </trkpt>
      <trkpt lat="42.795739006251097" lon="-0.269397972151637">
        <ele>2537</ele>
      </trkpt>
      <trkpt lat="42.79568200930953" lon="-0.269320020452142">
        <ele>2540</ele>
      </trkpt>
      <trkpt lat="42.795679997652769" lon="-0.269313985481858">
        <ele>2540</ele>
      </trkpt>
      <trkpt lat="42.795588970184326" lon="-0.269193034619093">
        <ele>2542</ele>
      </trkpt>
      <trkpt lat="42.795487968251109" lon="-0.269075017422438">
        <ele>2544</ele>
      </trkpt>
      <trkpt lat="42.79542401432991" lon="-0.269019026309252">
        <ele>2548</ele>
      </trkpt>
      <trkpt lat="42.795313959941268" lon="-0.268824985250831">
        <ele>2555</ele>
      </trkpt>
      <trkpt lat="42.795222010463476" lon="-0.268783997744322">
        <ele>2559</ele>
      </trkpt>
      <trkpt lat="42.795202983543277" lon="-0.268757008016109">
        <ele>2559</ele>
      </trkpt>
      <trkpt lat="42.795128971338272" lon="-0.268645025789738">
        <ele>2563</ele>
      </trkpt>
      <trkpt lat="42.795071974396706" lon="-0.268605966120958">
        <ele>2564</ele>
      </trkpt>
      <trkpt lat="42.795013971626759" lon="-0.268519967794418">
        <ele>2567</ele>
      </trkpt>
      <trkpt lat="42.794926967471838" lon="-0.268459031358361">
        <ele>2573</ele>
      </trkpt>
      <trkpt lat="42.794871982187033" lon="-0.268406979739666">
        <ele>2576</ele>
      </trkpt>
      <trkpt lat="42.794798975810409" lon="-0.268385019153357">
        <ele>2579</ele>
      </trkpt>
      <trkpt lat="42.794772991910577" lon="-0.268360963091254">
        <ele>2580</ele>
      </trkpt>
      <trkpt lat="42.794712977483869" lon="-0.268298014998436">
        <ele>2583</ele>
      </trkpt>
      <trkpt lat="42.794599989429116" lon="-0.268174968659878">
        <ele>2587</ele>
      </trkpt>
      <trkpt lat="42.794592026621103" lon="-0.268148984760046">
        <ele>2588</ele>
      </trkpt>
      <trkpt lat="42.794534023851156" lon="-0.268085030838847">
        <ele>2592</ele>
      </trkpt>
      <trkpt lat="42.794412989169359" lon="-0.267938012257218">
        <ele>2598</ele>
      </trkpt>
      <trkpt lat="42.794331014156342" lon="-0.267828963696957">
        <ele>2602</ele>
      </trkpt>
      <trkpt lat="42.794215008616447" lon="-0.267678005620837">
        <ele>2607</ele>
      </trkpt>
      <trkpt lat="42.794171003624797" lon="-0.267595024779439">
        <ele>2609</ele>
      </trkpt>
      <trkpt lat="42.794145019724965" lon="-0.267563005909324">
        <ele>2612</ele>
      </trkpt>
      <trkpt lat="42.794031025841832" lon="-0.26742403395474">
        <ele>2618</ele>
      </trkpt>
      <trkpt lat="42.793949972838163" lon="-0.267365025356412">
        <ele>2620</ele>
      </trkpt>
      <trkpt lat="42.793880989775062" lon="-0.26729797013104">
        <ele>2619</ele>
      </trkpt>
      <trkpt lat="42.79385500587523" lon="-0.267281038686633">
        <ele>2623</ele>
      </trkpt>
      <trkpt lat="42.79377001337707" lon="-0.267200991511345">
        <ele>2630</ele>
      </trkpt>
      <trkpt lat="42.793674040585756" lon="-0.267059002071619">
        <ele>2635</ele>
      </trkpt>
      <trkpt lat="42.793627018108964" lon="-0.26701801456511">
        <ele>2637</ele>
      </trkpt>
      <trkpt lat="42.793612014502287" lon="-0.266990019008517">
        <ele>2638</ele>
      </trkpt>
      <trkpt lat="42.793544959276915" lon="-0.26691198348999">
        <ele>2642</ele>
      </trkpt>
      <trkpt lat="42.793450998142362" lon="-0.266807964071631">
        <ele>2647</ele>
      </trkpt>
      <trkpt lat="42.793308002874255" lon="-0.266726994886994">
        <ele>2654</ele>
      </trkpt>
      <trkpt lat="42.793281013146043" lon="-0.266712997108698">
        <ele>2654</ele>
      </trkpt>
      <trkpt lat="42.793238013982773" lon="-0.266681984066963">
        <ele>2656</ele>
      </trkpt>
      <trkpt lat="42.793216975405812" lon="-0.266617024317384">
        <ele>2659</ele>
      </trkpt>
      <trkpt lat="42.793157966807485" lon="-0.266607971861959">
        <ele>2662</ele>
      </trkpt>
      <trkpt lat="42.793096024543047" lon="-0.266608977690339">
        <ele>2665</ele>
      </trkpt>
      <trkpt lat="42.793065011501312" lon="-0.266589028760791">
        <ele>2667</ele>
      </trkpt>
      <trkpt lat="42.792972978204489" lon="-0.266565978527069">
        <ele>2674</ele>
      </trkpt>
      <trkpt lat="42.792872982099652" lon="-0.266518034040928">
        <ele>2677</ele>
      </trkpt>
      <trkpt lat="42.792791007086635" lon="-0.266461037099361">
        <ele>2679</ele>
      </trkpt>
      <trkpt lat="42.79269696213305" lon="-0.266413008794189">
        <ele>2687</ele>
      </trkpt>
      <trkpt lat="42.792611969634891" lon="-0.266350982710719">
        <ele>2694</ele>
      </trkpt>
      <trkpt lat="42.792526977136731" lon="-0.266314018517733">
        <ele>2701</ele>
      </trkpt>
      <trkpt lat="42.792437961325049" lon="-0.266272025182843">
        <ele>2705</ele>
      </trkpt>
      <trkpt lat="42.792400997132063" lon="-0.266260961070657">
        <ele>2709</ele>
      </trkpt>
      <trkpt lat="42.792340982705355" lon="-0.266274036839604">
        <ele>2717</ele>
      </trkpt>
      <trkpt lat="42.792337965220213" lon="-0.26628996245563">
        <ele>2722</ele>
      </trkpt>
      <trkpt lat="42.792314998805523" lon="-0.266304966062307">
        <ele>2726</ele>
      </trkpt>
      <trkpt lat="42.792278034612536" lon="-0.266365986317396">
        <ele>2729</ele>
      </trkpt>
      <trkpt lat="42.792297983542085" lon="-0.266404962167144">
        <ele>2729</ele>
      </trkpt>
      <trkpt lat="42.792298989370465" lon="-0.266446033492684">
        <ele>2731</ele>
      </trkpt>
      <trkpt lat="42.792248027399182" lon="-0.266560027375817">
        <ele>2756</ele>
      </trkpt>
      <trkpt lat="42.792246015742421" lon="-0.26656698435545">
        <ele>2756</ele>
      </trkpt>
      <trkpt lat="42.792221959680319" lon="-0.266591040417552">
        <ele>2754</ele>
      </trkpt>
      <trkpt lat="42.792208967730403" lon="-0.266607971861959">
        <ele>2753</ele>
      </trkpt>
      <trkpt lat="42.792186001315713" lon="-0.266626998782158">
        <ele>2753</ele>
      </trkpt>
      <trkpt lat="42.792167980223894" lon="-0.266676032915711">
        <ele>2752</ele>
      </trkpt>
      <trkpt lat="42.792161023244262" lon="-0.266669997945428">
        <ele>2751</ele>
      </trkpt>
      <trkpt lat="42.792125986889005" lon="-0.266685001552105">
        <ele>2751</ele>
      </trkpt>
      <trkpt lat="42.792108971625566" lon="-0.266704028472304">
        <ele>2755</ele>
      </trkpt>
      <trkpt lat="42.792103020474315" lon="-0.266730012372136">
        <ele>2757</ele>
      </trkpt>
      <trkpt lat="42.792108971625566" lon="-0.266741998493671">
        <ele>2756</ele>
      </trkpt>
      <trkpt lat="42.792103020474315" lon="-0.266777034848928">
        <ele>2754</ele>
      </trkpt>
      <trkpt lat="42.792052980512381" lon="-0.266758007928729">
        <ele>2745</ele>
      </trkpt>
      <trkpt lat="42.791994977742434" lon="-0.266783991828561">
        <ele>2743</ele>
      </trkpt>
      <trkpt lat="42.791981985792518" lon="-0.266779968515038">
        <ele>2739</ele>
      </trkpt>
      <trkpt lat="42.791958013549447" lon="-0.266765970736742">
        <ele>2737</ele>
      </trkpt>
      <trkpt lat="42.791917026042938" lon="-0.266764964908361">
        <ele>2736</ele>
      </trkpt>
      <trkpt lat="42.791891964152455" lon="-0.266743004322052">
        <ele>2732</ele>
      </trkpt>
      <trkpt lat="42.791851982474327" lon="-0.266702016815543">
        <ele>2730</ele>
      </trkpt>
      <trkpt lat="42.791805965825915" lon="-0.266690030694008">
        <ele>2729</ele>
      </trkpt>
      <trkpt lat="42.791824992746115" lon="-0.266677960753441">
        <ele>2727</ele>
      </trkpt>
      <trkpt lat="42.791785011067986" lon="-0.266625992953777">
        <ele>2724</ele>
      </trkpt>
      <trkpt lat="42.791710998862982" lon="-0.266561033204198">
        <ele>2720</ele>
      </trkpt>
      <trkpt lat="42.791677974164486" lon="-0.26652398519218">
        <ele>2719</ele>
      </trkpt>
      <trkpt lat="42.791625000536442" lon="-0.266467994078994">
        <ele>2718</ele>
      </trkpt>
      <trkpt lat="42.791614020243287" lon="-0.266419965773821">
        <ele>2716</ele>
      </trkpt>
      <trkpt lat="42.791544031351805" lon="-0.266350982710719">
        <ele>2714</ele>
      </trkpt>
      <trkpt lat="42.791459960862994" lon="-0.26615995913744">
        <ele>2713</ele>
      </trkpt>
      <trkpt lat="42.791424002498388" lon="-0.266045965254307">
        <ele>2714</ele>
      </trkpt>
      <trkpt lat="42.791381003335118" lon="-0.265973964706063">
        <ele>2715</ele>
      </trkpt>
      <trkpt lat="42.791310008615255" lon="-0.265928031876683">
        <ele>2711</ele>
      </trkpt>
      <trkpt lat="42.791206995025277" lon="-0.26585603132844">
        <ele>2707</ele>
      </trkpt>
      <trkpt lat="42.791087972000241" lon="-0.265705995261669">
        <ele>2708</ele>
      </trkpt>
      <trkpt lat="42.791082020848989" lon="-0.26566400192678">
        <ele>2708</ele>
      </trkpt>
      <trkpt lat="42.791086966171861" lon="-0.265658972784877">
        <ele>2707</ele>
      </trkpt>
      <trkpt lat="42.79104296118021" lon="-0.265615973621607">
        <ele>2705</ele>
      </trkpt>
      <trkpt lat="42.790935002267361" lon="-0.265510026365519">
        <ele>2704</ele>
      </trkpt>
      <trkpt lat="42.790922010317445" lon="-0.265498962253332">
        <ele>2704</ele>
      </trkpt>
      <trkpt lat="42.790851015597582" lon="-0.265351021662354">
        <ele>2708</ele>
      </trkpt>
      <trkpt lat="42.790831988677382" lon="-0.265331994742155">
        <ele>2708</ele>
      </trkpt>
      <trkpt lat="42.790779015049338" lon="-0.265297964215279">
        <ele>2707</ele>
      </trkpt>
      <trkpt lat="42.790737021714449" lon="-0.265249013900757">
        <ele>2706</ele>
      </trkpt>
      <trkpt lat="42.790667032822967" lon="-0.265220012515783">
        <ele>2704</ele>
      </trkpt>
      <trkpt lat="42.790654040873051" lon="-0.265215989202261">
        <ele>2704</ele>
      </trkpt>
      <trkpt lat="42.79052697122097" lon="-0.265150023624301">
        <ele>2704</ele>
      </trkpt>
      <trkpt lat="42.790522025898099" lon="-0.265144994482398">
        <ele>2704</ele>
      </trkpt>
      <trkpt lat="42.790412977337837" lon="-0.26510601863265">
        <ele>2702</ele>
      </trkpt>
      <trkpt lat="42.790369978174567" lon="-0.265071988105774">
        <ele>2702</ele>
      </trkpt>
      <trkpt lat="42.790303006768227" lon="-0.265061007812619">
        <ele>2701</ele>
      </trkpt>
      <trkpt lat="42.79020301066339" lon="-0.26499898172915">
        <ele>2702</ele>
      </trkpt>
      <trkpt lat="42.790108965709805" lon="-0.264923041686416">
        <ele>2703</ele>
      </trkpt>
      <trkpt lat="42.789964964613318" lon="-0.264855986461043">
        <ele>2704</ele>
      </trkpt>
      <trkpt lat="42.789826998487115" lon="-0.264736963436008">
        <ele>2706</ele>
      </trkpt>
      <trkpt lat="42.789722979068756" lon="-0.264672003686428">
        <ele>2707</ele>
      </trkpt>
      <trkpt lat="42.789626000449061" lon="-0.264664962887764">
        <ele>2707</ele>
      </trkpt>
      <trkpt lat="42.789594987407327" lon="-0.264644008129835">
        <ele>2707</ele>
      </trkpt>
      <trkpt lat="42.789511000737548" lon="-0.264565972611308">
        <ele>2707</ele>
      </trkpt>
      <trkpt lat="42.789406981319189" lon="-0.264459019526839">
        <ele>2705</ele>
      </trkpt>
      <trkpt lat="42.789334980770946" lon="-0.264415014535189">
        <ele>2704</ele>
      </trkpt>
      <trkpt lat="42.789316959679127" lon="-0.264413002878428">
        <ele>2704</ele>
      </trkpt>
      <trkpt lat="42.789301034063101" lon="-0.264399005100131">
        <ele>2704</ele>
      </trkpt>
      <trkpt lat="42.789220986887813" lon="-0.264298003166914">
        <ele>2702</ele>
      </trkpt>
      <trkpt lat="42.789186034351587" lon="-0.26426900178194">
        <ele>2702</ele>
      </trkpt>
      <trkpt lat="42.789216041564941" lon="-0.264218961820006">
        <ele>2699</ele>
      </trkpt>
      <trkpt lat="42.78921402990818" lon="-0.264127012342215">
        <ele>2697</ele>
      </trkpt>
      <trkpt lat="42.7892130240798" lon="-0.264033973217011">
        <ele>2694</ele>
      </trkpt>
      <trkpt lat="42.789200032129884" lon="-0.26398703455925">
        <ele>2684</ele>
      </trkpt>
      <trkpt lat="42.7891939971596" lon="-0.263874968513846">
        <ele>2683</ele>
      </trkpt>
      <trkpt lat="42.789168013259768" lon="-0.263744965195656">
        <ele>2682</ele>
      </trkpt>
      <trkpt lat="42.789184022694826" lon="-0.263683022931218">
        <ele>2680</ele>
      </trkpt>
      <trkpt lat="42.789145968854427" lon="-0.263519994914532">
        <ele>2680</ele>
      </trkpt>
      <trkpt lat="42.789118979126215" lon="-0.263406001031399">
        <ele>2679</ele>
      </trkpt>
      <trkpt lat="42.789118979126215" lon="-0.263308016583323">
        <ele>2677</ele>
      </trkpt>
      <trkpt lat="42.789094001054764" lon="-0.263211959972978">
        <ele>2678</ele>
      </trkpt>
      <trkpt lat="42.78910799883306" lon="-0.263106012716889">
        <ele>2677</ele>
      </trkpt>
      <trkpt lat="42.789102969691157" lon="-0.263001993298531">
        <ele>2677</ele>
      </trkpt>
      <trkpt lat="42.789114033803344" lon="-0.262952959164977">
        <ele>2677</ele>
      </trkpt>
      <trkpt lat="42.789142029359937" lon="-0.262845000252128">
        <ele>2678</ele>
      </trkpt>
      <trkpt lat="42.789144963026047" lon="-0.262693958356977">
        <ele>2677</ele>
      </trkpt>
      <trkpt lat="42.789142029359937" lon="-0.262580970302224">
        <ele>2679</ele>
      </trkpt>
      <trkpt lat="42.789164995774627" lon="-0.262560015544295">
        <ele>2675</ele>
      </trkpt>
      <trkpt lat="42.78917295858264" lon="-0.262477034702897">
        <ele>2671</ele>
      </trkpt>
      <trkpt lat="42.789143035188317" lon="-0.262423977255821">
        <ele>2671</ele>
      </trkpt>
      <trkpt lat="42.78912803158164" lon="-0.262361029163003">
        <ele>2671</ele>
      </trkpt>
      <trkpt lat="42.789117973297834" lon="-0.26229296810925">
        <ele>2672</ele>
      </trkpt>
      <trkpt lat="42.78908796608448" lon="-0.262253992259502">
        <ele>2670</ele>
      </trkpt>
      <trkpt lat="42.789062988013029" lon="-0.262217028066516">
        <ele>2666</ele>
      </trkpt>
      <trkpt lat="42.789029963314533" lon="-0.262202024459839">
        <ele>2662</ele>
      </trkpt>
      <trkpt lat="42.789004985243082" lon="-0.262216022238135">
        <ele>2654</ele>
      </trkpt>
      <trkpt lat="42.789006996899843" lon="-0.262115020304918">
        <ele>2653</ele>
      </trkpt>
      <trkpt lat="42.788984030485153" lon="-0.262108985334635">
        <ele>2651</ele>
      </trkpt>
      <trkpt lat="42.788989981636405" lon="-0.262009995058179">
        <ele>2652</ele>
      </trkpt>
      <trkpt lat="42.788990987464786" lon="-0.261931037530303">
        <ele>2650</ele>
      </trkpt>
      <trkpt lat="42.788982018828392" lon="-0.261887032538652">
        <ele>2651</ele>
      </trkpt>
      <trkpt lat="42.788988975808024" lon="-0.261810002848506">
        <ele>2651</ele>
      </trkpt>
      <trkpt lat="42.788996016606688" lon="-0.261800028383732">
        <ele>2648</ele>
      </trkpt>
      <trkpt lat="42.788992999121547" lon="-0.261697014793754">
        <ele>2641</ele>
      </trkpt>
      <trkpt lat="42.789013031870127" lon="-0.261610010638833">
        <ele>2634</ele>
      </trkpt>
      <trkpt lat="42.789032980799675" lon="-0.261500962078571">
        <ele>2635</ele>
      </trkpt>
      <trkpt lat="42.789017977192998" lon="-0.261399960145354">
        <ele>2634</ele>
      </trkpt>
      <trkpt lat="42.789016971364617" lon="-0.261348998174071">
        <ele>2634</ele>
      </trkpt>
      <trkpt lat="42.789003979414701" lon="-0.261201979592443">
        <ele>2608</ele>
      </trkpt>
      <trkpt lat="42.788959974423051" lon="-0.26110801845789">
        <ele>2604</ele>
      </trkpt>
      <trkpt lat="42.788927033543587" lon="-0.26102595962584">
        <ele>2601</ele>
      </trkpt>
      <trkpt lat="42.788895014673471" lon="-0.260934010148048">
        <ele>2601</ele>
      </trkpt>
      <trkpt lat="42.788855032995343" lon="-0.260888999328017">
        <ele>2601</ele>
      </trkpt>
      <trkpt lat="42.788867019116879" lon="-0.260757990181446">
        <ele>2602</ele>
      </trkpt>
      <trkpt lat="42.788908006623387" lon="-0.2606809604913">
        <ele>2597</ele>
      </trkpt>
      <trkpt lat="42.788922004401684" lon="-0.260608959943056">
        <ele>2597</ele>
      </trkpt>
      <trkpt lat="42.788914041593671" lon="-0.26054902933538">
        <ele>2599</ele>
      </trkpt>
      <trkpt lat="42.788908006623387" lon="-0.260501001030207">
        <ele>2596</ele>
      </trkpt>
      <trkpt lat="42.788959974423051" lon="-0.260480968281627">
        <ele>2594</ele>
      </trkpt>
      <trkpt lat="42.789058964699507" lon="-0.260372003540397">
        <ele>2592</ele>
      </trkpt>
      <trkpt lat="42.789101041853428" lon="-0.26029204018414">
        <ele>2590</ele>
      </trkpt>
      <trkpt lat="42.789129037410021" lon="-0.260226996615529">
        <ele>2589</ele>
      </trkpt>
      <trkpt lat="42.789172036573291" lon="-0.260134963318706">
        <ele>2587</ele>
      </trkpt>
      <trkpt lat="42.789161978289485" lon="-0.260068997740746">
        <ele>2585</ele>
      </trkpt>
      <trkpt lat="42.789195002987981" lon="-0.259995991364121">
        <ele>2584</ele>
      </trkpt>
      <trkpt lat="42.78923699632287" lon="-0.259945029392838">
        <ele>2582</ele>
      </trkpt>
      <trkpt lat="42.789284018799663" lon="-0.259880991652608">
        <ele>2578</ele>
      </trkpt>
      <trkpt lat="42.789326012134552" lon="-0.259786024689674">
        <ele>2575</ele>
      </trkpt>
      <trkpt lat="42.789355013519526" lon="-0.259703965857625">
        <ele>2574</ele>
      </trkpt>
      <trkpt lat="42.789374040439725" lon="-0.25958301499486">
        <ele>2572</ele>
      </trkpt>
      <trkpt lat="42.7893649879843" lon="-0.259432978928089">
        <ele>2574</ele>
      </trkpt>
      <trkpt lat="42.789394995197654" lon="-0.259306998923421">
        <ele>2575</ele>
      </trkpt>
      <trkpt lat="42.789399018511176" lon="-0.259232986718416">
        <ele>2576</ele>
      </trkpt>
      <trkpt lat="42.789403041824698" lon="-0.25913399644196">
        <ele>2575</ele>
      </trkpt>
      <trkpt lat="42.78942902572453" lon="-0.258965017274022">
        <ele>2576</ele>
      </trkpt>
      <trkpt lat="42.789436988532543" lon="-0.258781034499407">
        <ele>2576</ele>
      </trkpt>
      <trkpt lat="42.789460960775614" lon="-0.25872403755784">
        <ele>2575</ele>
      </trkpt>
      <trkpt lat="42.78951502405107" lon="-0.258714985102415">
        <ele>2573</ele>
      </trkpt>
      <trkpt lat="42.78955802321434" lon="-0.258636027574539">
        <ele>2573</ele>
      </trkpt>
      <trkpt lat="42.78955802321434" lon="-0.258477022871375">
        <ele>2575</ele>
      </trkpt>
      <trkpt lat="42.789581995457411" lon="-0.25842597708106">
        <ele>2577</ele>
      </trkpt>
      <trkpt lat="42.789664976298809" lon="-0.258404016494751">
        <ele>2577</ele>
      </trkpt>
      <trkpt lat="42.7896430157125" lon="-0.258298991248012">
        <ele>2574</ele>
      </trkpt>
      <trkpt lat="42.789604961872101" lon="-0.258196983486414">
        <ele>2572</ele>
      </trkpt>
      <trkpt lat="42.789598004892468" lon="-0.258169993758202">
        <ele>2571</ele>
      </trkpt>
      <trkpt lat="42.789651984348893" lon="-0.258100004866719">
        <ele>2568</ele>
      </trkpt>
      <trkpt lat="42.789735971018672" lon="-0.258036972954869">
        <ele>2567</ele>
      </trkpt>
      <trkpt lat="42.789749968796968" lon="-0.257920967414975">
        <ele>2563</ele>
      </trkpt>
      <trkpt lat="42.789782993495464" lon="-0.257785012945533">
        <ele>2561</ele>
      </trkpt>
      <trkpt lat="42.789818029850721" lon="-0.257641011849046">
        <ele>2560</ele>
      </trkpt>
      <trkpt lat="42.789854994043708" lon="-0.257537998259068">
        <ele>2560</ele>
      </trkpt>
      <trkpt lat="42.789845019578934" lon="-0.257389973849058">
        <ele>2560</ele>
      </trkpt>
      <trkpt lat="42.789871003478765" lon="-0.257275979965925">
        <ele>2557</ele>
      </trkpt>
      <trkpt lat="42.78985801152885" lon="-0.257169026881456">
        <ele>2554</ele>
      </trkpt>
      <trkpt lat="42.789835967123508" lon="-0.257031982764602">
        <ele>2552</ele>
      </trkpt>
      <trkpt lat="42.789792967960238" lon="-0.256915977224708">
        <ele>2552</ele>
      </trkpt>
      <trkpt lat="42.789792967960238" lon="-0.256817992776632">
        <ele>2550</ele>
      </trkpt>
      <trkpt lat="42.789809983223677" lon="-0.256734006106853">
        <ele>2546</ele>
      </trkpt>
      <trkpt lat="42.789792967960238" lon="-0.256580030545592">
        <ele>2545</ele>
      </trkpt>
      <trkpt lat="42.789759021252394" lon="-0.256396969780326">
        <ele>2540</ele>
      </trkpt>
      <trkpt lat="42.789734965190291" lon="-0.256266966462135">
        <ele>2538</ele>
      </trkpt>
      <trkpt lat="42.789750974625349" lon="-0.256218016147614">
        <ele>2538</ele>
      </trkpt>
      <trkpt lat="42.789749968796968" lon="-0.256112990900874">
        <ele>2539</ele>
      </trkpt>
      <trkpt lat="42.789749968796968" lon="-0.256001008674502">
        <ele>2539</ele>
      </trkpt>
      <trkpt lat="42.789723984897137" lon="-0.255885003134608">
        <ele>2536</ele>
      </trkpt>
      <trkpt lat="42.789738988503814" lon="-0.25578198954463">
        <ele>2532</ele>
      </trkpt>
      <trkpt lat="42.789738988503814" lon="-0.255694985389709">
        <ele>2531</ele>
      </trkpt>
      <trkpt lat="42.789739994332194" lon="-0.255634970963001">
        <ele>2528</ele>
      </trkpt>
      <trkpt lat="42.78973001986742" lon="-0.255547966808081">
        <ele>2527</ele>
      </trkpt>
      <trkpt lat="42.789690038189292" lon="-0.255500022321939">
        <ele>2523</ele>
      </trkpt>
      <trkpt lat="42.789679979905486" lon="-0.255435984581709">
        <ele>2519</ele>
      </trkpt>
      <trkpt lat="42.789662964642048" lon="-0.255321990698576">
        <ele>2518</ele>
      </trkpt>
      <trkpt lat="42.789639998227358" lon="-0.255240015685558">
        <ele>2515</ele>
      </trkpt>
      <trkpt lat="42.789647961035371" lon="-0.255100037902594">
        <ele>2515</ele>
      </trkpt>
      <trkpt lat="42.789645027369261" lon="-0.255009010434151">
        <ele>2515</ele>
      </trkpt>
      <trkpt lat="42.789647039026022" lon="-0.254867020994425">
        <ele>2512</ele>
      </trkpt>
      <trkpt lat="42.789639998227358" lon="-0.25483500212431">
        <ele>2511</ele>
      </trkpt>
      <trkpt lat="42.789628012105823" lon="-0.254696030169725">
        <ele>2510</ele>
      </trkpt>
      <trkpt lat="42.789624994620681" lon="-0.254525039345026">
        <ele>2508</ele>
      </trkpt>
      <trkpt lat="42.789637986570597" lon="-0.254355976358056">
        <ele>2507</ele>
      </trkpt>
      <trkpt lat="42.789674028754234" lon="-0.254311971366405">
        <ele>2507</ele>
      </trkpt>
      <trkpt lat="42.78975298628211" lon="-0.254209041595459">
        <ele>2506</ele>
      </trkpt>
      <trkpt lat="42.78977201320231" lon="-0.254080966114998">
        <ele>2504</ele>
      </trkpt>
      <trkpt lat="42.789829010143876" lon="-0.254009971395135">
        <ele>2507</ele>
      </trkpt>
      <trkpt lat="42.789891036227345" lon="-0.253972001373768">
        <ele>2510</ele>
      </trkpt>
      <trkpt lat="42.789932023733854" lon="-0.253934031352401">
        <ele>2511</ele>
      </trkpt>
      <trkpt lat="42.789952978491783" lon="-0.253942999988794">
        <ele>2511</ele>
      </trkpt>
      <trkpt lat="42.789995977655053" lon="-0.253853984177113">
        <ele>2510</ele>
      </trkpt>
      <trkpt lat="42.790036965161562" lon="-0.253752982243896">
        <ele>2507</ele>
      </trkpt>
      <trkpt lat="42.790054986253381" lon="-0.253668995574117">
        <ele>2502</ele>
      </trkpt>
      <trkpt lat="42.790091028437018" lon="-0.253563970327377">
        <ele>2502</ele>
      </trkpt>
      <trkpt lat="42.790171997621655" lon="-0.253456011414528">
        <ele>2503</ele>
      </trkpt>
      <trkpt lat="42.790240980684757" lon="-0.253411000594497">
        <ele>2505</ele>
      </trkpt>
      <trkpt lat="42.790247015655041" lon="-0.253358026966453">
        <ele>2506</ele>
      </trkpt>
      <trkpt lat="42.790257995948195" lon="-0.253301030024886">
        <ele>2505</ele>
      </trkpt>
      <trkpt lat="42.790274005383253" lon="-0.2532450389117">
        <ele>2501</ele>
      </trkpt>
      <trkpt lat="42.790305018424988" lon="-0.253248978406191">
        <ele>2499</ele>
      </trkpt>
      <trkpt lat="42.7903320081532" lon="-0.253220982849598">
        <ele>2497</ele>
      </trkpt>
      <trkpt lat="42.790363021194935" lon="-0.253168009221554">
        <ele>2495</ele>
      </trkpt>
      <trkpt lat="42.790363021194935" lon="-0.253155017271638">
        <ele>2494</ele>
      </trkpt>
      <trkpt lat="42.790368972346187" lon="-0.253134984523058">
        <ele>2492</ele>
      </trkpt>
      <trkpt lat="42.790415994822979" lon="-0.253129033371806">
        <ele>2491</ele>
      </trkpt>
      <trkpt lat="42.790468968451023" lon="-0.25311604142189">
        <ele>2493</ele>
      </trkpt>
      <trkpt lat="42.790452959015965" lon="-0.253076981753111">
        <ele>2491</ele>
      </trkpt>
      <trkpt lat="42.790444996207952" lon="-0.253098020330071">
        <ele>2489</ele>
      </trkpt>
      <trkpt lat="42.790430998429656" lon="-0.253087040036917">
        <ele>2488</ele>
      </trkpt>
      <trkpt lat="42.790421023964882" lon="-0.25307597592473">
        <ele>2488</ele>
      </trkpt>
      <trkpt lat="42.790405014529824" lon="-0.253059966489673">
        <ele>2485</ele>
      </trkpt>
      <trkpt lat="42.790424963459373" lon="-0.25303197093308">
        <ele>2482</ele>
      </trkpt>
      <trkpt lat="42.790443990379572" lon="-0.252990983426571">
        <ele>2478</ele>
      </trkpt>
      <trkpt lat="42.790466034784913" lon="-0.252920994535089">
        <ele>2477</ele>
      </trkpt>
      <trkpt lat="42.790469974279404" lon="-0.252885036170483">
        <ele>2475</ele>
      </trkpt>
      <trkpt lat="42.790452037006617" lon="-0.252814963459969">
        <ele>2472</ele>
      </trkpt>
      <trkpt lat="42.790447007864714" lon="-0.252812029793859">
        <ele>2469</ele>
      </trkpt>
      <trkpt lat="42.790438961237669" lon="-0.252793002873659">
        <ele>2465</ele>
      </trkpt>
      <trkpt lat="42.790413983166218" lon="-0.252726031467319">
        <ele>2463</ele>
      </trkpt>
      <trkpt lat="42.790371989831328" lon="-0.252657970413566">
        <ele>2460</ele>
      </trkpt>
      <trkpt lat="42.790367966517806" lon="-0.252635003998876">
        <ele>2455</ele>
      </trkpt>
      <trkpt lat="42.790382970124483" lon="-0.252560991793871">
        <ele>2453</ele>
      </trkpt>
      <trkpt lat="42.790430998429656" lon="-0.252511035650969">
        <ele>2451</ele>
      </trkpt>
      <trkpt lat="42.790395962074399" lon="-0.252412967383862">
        <ele>2450</ele>
      </trkpt>
      <trkpt lat="42.790410965681076" lon="-0.252330992370844">
        <ele>2449</ele>
      </trkpt>
      <trkpt lat="42.790441978722811" lon="-0.252259997650981">
        <ele>2449</ele>
      </trkpt>
      <trkpt lat="42.790470980107784" lon="-0.25219302624464">
        <ele>2448</ele>
      </trkpt>
      <trkpt lat="42.790446002036333" lon="-0.252123037353158">
        <ele>2443</ele>
      </trkpt>
      <trkpt lat="42.790424041450024" lon="-0.252046007663012">
        <ele>2441</ele>
      </trkpt>
      <trkpt lat="42.790419012308121" lon="-0.251955986022949">
        <ele>2437</ele>
      </trkpt>
      <trkpt lat="42.790470980107784" lon="-0.25185196660459">
        <ele>2434</ele>
      </trkpt>
      <trkpt lat="42.79048296622932" lon="-0.251740990206599">
        <ele>2432</ele>
      </trkpt>
      <trkpt lat="42.790556978434324" lon="-0.251603024080396">
        <ele>2432</ele>
      </trkpt>
      <trkpt lat="42.790554966777563" lon="-0.251519037410617">
        <ele>2433</ele>
      </trkpt>
      <trkpt lat="42.790556978434324" lon="-0.251361960545182">
        <ele>2434</ele>
      </trkpt>
      <trkpt lat="42.790558990091085" lon="-0.251361960545182">
        <ele>2429</ele>
      </trkpt>
      <trkpt lat="42.790616992861032" lon="-0.25124897249043">
        <ele>2427</ele>
      </trkpt>
      <trkpt lat="42.790640965104103" lon="-0.251125004142523">
        <ele>2426</ele>
      </trkpt>
      <trkpt lat="42.790711959823966" lon="-0.2509690169245">
        <ele>2426</ele>
      </trkpt>
      <trkpt lat="42.790699973702431" lon="-0.250800959765911">
        <ele>2424</ele>
      </trkpt>
      <trkpt lat="42.790727969259024" lon="-0.250644972547889">
        <ele>2424</ele>
      </trkpt>
      <trkpt lat="42.790731992572546" lon="-0.250511029735208">
        <ele>2422</ele>
      </trkpt>
      <trkpt lat="42.790731992572546" lon="-0.250500971451402">
        <ele>2422</ele>
      </trkpt>
      <trkpt lat="42.790724029764533" lon="-0.250335009768605">
        <ele>2419</ele>
      </trkpt>
      <trkpt lat="42.790709026157856" lon="-0.250255968421698">
        <ele>2417</ele>
      </trkpt>
      <trkpt lat="42.79069896787405" lon="-0.25015102699399">
        <ele>2416</ele>
      </trkpt>
      <trkpt lat="42.790673989802599" lon="-0.25006502866745">
        <ele>2415</ele>
      </trkpt>
      <trkpt lat="42.790692010894418" lon="-0.249961009249091">
        <ele>2412</ele>
      </trkpt>
      <trkpt lat="42.790720006451011" lon="-0.249925972893834">
        <ele>2412</ele>
      </trkpt>
      <trkpt lat="42.790735010057688" lon="-0.249879034236073">
        <ele>2411</ele>
      </trkpt>
      <trkpt lat="42.790736015886068" lon="-0.249865036457777">
        <ele>2411</ele>
      </trkpt>
      <trkpt lat="42.790725035592914" lon="-0.249675018712878">
        <ele>2410</ele>
      </trkpt>
      <trkpt lat="42.790726963430643" lon="-0.249605029821396">
        <ele>2408</ele>
      </trkpt>
      <trkpt lat="42.790755964815617" lon="-0.249555995687842">
        <ele>2408</ele>
      </trkpt>
      <trkpt lat="42.790778009220958" lon="-0.249553984031081">
        <ele>2408</ele>
      </trkpt>
      <trkpt lat="42.790855038911104" lon="-0.249462034553289">
        <ele>2406</ele>
      </trkpt>
      <trkpt lat="42.790879011154175" lon="-0.249356003478169">
        <ele>2404</ele>
      </trkpt>
      <trkpt lat="42.790926033630967" lon="-0.249322978779674">
        <ele>2403</ele>
      </trkpt>
      <trkpt lat="42.790973978117108" lon="-0.249215019866824">
        <ele>2402</ele>
      </trkpt>
      <trkpt lat="42.791052013635635" lon="-0.249120974913239">
        <ele>2403</ele>
      </trkpt>
      <trkpt lat="42.791085038334131" lon="-0.249105971306562">
        <ele>2403</ele>
      </trkpt>
      <trkpt lat="42.791108004748821" lon="-0.249016033485532">
        <ele>2404</ele>
      </trkpt>
      <trkpt lat="42.791098030284047" lon="-0.248833978548646">
        <ele>2403</ele>
      </trkpt>
      <trkpt lat="42.791118985041976" lon="-0.248736999928951">
        <ele>2403</ele>
      </trkpt>
      <trkpt lat="42.791125020012259" lon="-0.248495014384389">
        <ele>2403</ele>
      </trkpt>
      <trkpt lat="42.791138011962175" lon="-0.248279012739658">
        <ele>2403</ele>
      </trkpt>
      <trkpt lat="42.791151003912091" lon="-0.248062005266547">
        <ele>2403</ele>
      </trkpt>
      <trkpt lat="42.79114798642695" lon="-0.247805016115308">
        <ele>2403</ele>
      </trkpt>
      <trkpt lat="42.791146980598569" lon="-0.24759697727859">
        <ele>2402</ele>
      </trkpt>
      <trkpt lat="42.791129965335131" lon="-0.247366977855563">
        <ele>2399</ele>
      </trkpt>
      <trkpt lat="42.79112895950675" lon="-0.247312998399138">
        <ele>2399</ele>
      </trkpt>
      <trkpt lat="42.791139017790556" lon="-0.247281985357404">
        <ele>2399</ele>
      </trkpt>
      <trkpt lat="42.791156033053994" lon="-0.247038993984461">
        <ele>2397</ele>
      </trkpt>
      <trkpt lat="42.791162990033627" lon="-0.246957018971443">
        <ele>2398</ele>
      </trkpt>
      <trkpt lat="42.791154021397233" lon="-0.24680295959115">
        <ele>2396</ele>
      </trkpt>
      <trkpt lat="42.791152009740472" lon="-0.246616965159774">
        <ele>2394</ele>
      </trkpt>
      <trkpt lat="42.791155027225614" lon="-0.246537001803517">
        <ele>2394</ele>
      </trkpt>
      <trkpt lat="42.791161984205246" lon="-0.246503977105021">
        <ele>2394</ele>
      </trkpt>
      <trkpt lat="42.79116902500391" lon="-0.246488973498344">
        <ele>2394</ele>
      </trkpt>
      <trkpt lat="42.791149998083711" lon="-0.246357964351773">
        <ele>2395</ele>
      </trkpt>
      <trkpt lat="42.791142035275698" lon="-0.246302979066968">
        <ele>2395</ele>
      </trkpt>
      <trkpt lat="42.791124014183879" lon="-0.246147997677326">
        <ele>2395</ele>
      </trkpt>
      <trkpt lat="42.791144968941808" lon="-0.24600500240922">
        <ele>2397</ele>
      </trkpt>
      <trkpt lat="42.791076991707087" lon="-0.245882039889693">
        <ele>2397</ele>
      </trkpt>
      <trkpt lat="42.790970960631967" lon="-0.245675006881356">
        <ele>2401</ele>
      </trkpt>
      <trkpt lat="42.790884040296078" lon="-0.245480965822935">
        <ele>2402</ele>
      </trkpt>
      <trkpt lat="42.790811033919454" lon="-0.245278961956501">
        <ele>2403</ele>
      </trkpt>
      <trkpt lat="42.790771974250674" lon="-0.24514501914382">
        <ele>2403</ele>
      </trkpt>
      <trkpt lat="42.790746996179223" lon="-0.245097996667027">
        <ele>2403</ele>
      </trkpt>
      <trkpt lat="42.790730986744165" lon="-0.245029013603926">
        <ele>2400</ele>
      </trkpt>
      <trkpt lat="42.790713971480727" lon="-0.244980985298753">
        <ele>2399</ele>
      </trkpt>
      <trkpt lat="42.790699973702431" lon="-0.244848970323801">
        <ele>2399</ele>
      </trkpt>
      <trkpt lat="42.79069896787405" lon="-0.244803037494421">
        <ele>2399</ele>
      </trkpt>
      <trkpt lat="42.790643982589245" lon="-0.24465300142765">
        <ele>2399</ele>
      </trkpt>
      <trkpt lat="42.790614981204271" lon="-0.244549987837672">
        <ele>2399</ele>
      </trkpt>
      <trkpt lat="42.790581034496427" lon="-0.244516041129828">
        <ele>2400</ele>
      </trkpt>
      <trkpt lat="42.790442984551191" lon="-0.24450397118926">
        <ele>2402</ele>
      </trkpt>
      <trkpt lat="42.790381964296103" lon="-0.244475975632668">
        <ele>2401</ele>
      </trkpt>
      <trkpt lat="42.790281968191266" lon="-0.244354018941522">
        <ele>2400</ele>
      </trkpt>
      <trkpt lat="42.790236035361886" lon="-0.244269026443362">
        <ele>2401</ele>
      </trkpt>
      <trkpt lat="42.790153976529837" lon="-0.244203982874751">
        <ele>2403</ele>
      </trkpt>
      <trkpt lat="42.79003101401031" lon="-0.244174981489778">
        <ele>2406</ele>
      </trkpt>
      <trkpt lat="42.790018022060394" lon="-0.244143968448043">
        <ele>2406</ele>
      </trkpt>
      <trkpt lat="42.789968987926841" lon="-0.244102980941534">
        <ele>2407</ele>
      </trkpt>
      <trkpt lat="42.789874020963907" lon="-0.244100969284773">
        <ele>2408</ele>
      </trkpt>
      <trkpt lat="42.789830015972257" lon="-0.244100969284773">
        <ele>2409</ele>
      </trkpt>
      <trkpt lat="42.789799002930522" lon="-0.243995022028685">
        <ele>2410</ele>
      </trkpt>
      <trkpt lat="42.789762038737535" lon="-0.243983035907149">
        <ele>2411</ele>
      </trkpt>
      <trkpt lat="42.789705963805318" lon="-0.243909023702145">
        <ele>2411</ele>
      </trkpt>
      <trkpt lat="42.789631029590964" lon="-0.243838028982282">
        <ele>2411</ele>
      </trkpt>
      <trkpt lat="42.789594987407327" lon="-0.243739960715175">
        <ele>2411</ele>
      </trkpt>
      <trkpt lat="42.789592975750566" lon="-0.243711965158582">
        <ele>2411</ele>
      </trkpt>
      <trkpt lat="42.789528016000986" lon="-0.243623033165932">
        <ele>2411</ele>
      </trkpt>
      <trkpt lat="42.789517035707831" lon="-0.243606017902493">
        <ele>2412</ele>
      </trkpt>
      <trkpt lat="42.789470013231039" lon="-0.243519013747573">
        <ele>2413</ele>
      </trkpt>
      <trkpt lat="42.789420979097486" lon="-0.243451036512852">
        <ele>2413</ele>
      </trkpt>
      <trkpt lat="42.789318971335888" lon="-0.243377024307847">
        <ele>2413</ele>
      </trkpt>
      <trkpt lat="42.789271026849747" lon="-0.243374006822705">
        <ele>2412</ele>
      </trkpt>
      <trkpt lat="42.789250994101167" lon="-0.243510967120528">
        <ele>2412</ele>
      </trkpt>
      <trkpt lat="42.789202965795994" lon="-0.24349101819098">
        <ele>2412</ele>
      </trkpt>
      <trkpt lat="42.789135994389653" lon="-0.243377024307847">
        <ele>2413</ele>
      </trkpt>
      <trkpt lat="42.789102969691157" lon="-0.243291025981307">
        <ele>2413</ele>
      </trkpt>
      <trkpt lat="42.789062988013029" lon="-0.243247020989656">
        <ele>2412</ele>
      </trkpt>
      <trkpt lat="42.789025017991662" lon="-0.243275016546249">
        <ele>2412</ele>
      </trkpt>
      <trkpt lat="42.78904102742672" lon="-0.243155993521214">
        <ele>2413</ele>
      </trkpt>
      <trkpt lat="42.789055025205016" lon="-0.243122968822718">
        <ele>2413</ele>
      </trkpt>
      <trkpt lat="42.789055025205016" lon="-0.243107965216041">
        <ele>2413</ele>
      </trkpt>
      <trkpt lat="42.789019988849759" lon="-0.243014004081488">
        <ele>2412</ele>
      </trkpt>
      <trkpt lat="42.788967015221715" lon="-0.242919959127903">
        <ele>2410</ele>
      </trkpt>
      <trkpt lat="42.78891202993691" lon="-0.242733964696527">
        <ele>2409</ele>
      </trkpt>
      <trkpt lat="42.78889199718833" lon="-0.242702029645443">
        <ele>2409</ele>
      </trkpt>
      <trkpt lat="42.788867019116879" lon="-0.242648972198367">
        <ele>2409</ele>
      </trkpt>
      <trkpt lat="42.788838017731905" lon="-0.242511006072164">
        <ele>2411</ele>
      </trkpt>
      <trkpt lat="42.788773979991674" lon="-0.24239600636065">
        <ele>2412</ele>
      </trkpt>
      <trkpt lat="42.788735004141927" lon="-0.24231000803411">
        <ele>2410</ele>
      </trkpt>
      <trkpt lat="42.78869703412056" lon="-0.242258962243795">
        <ele>2406</ele>
      </trkpt>
      <trkpt lat="42.788666021078825" lon="-0.242185033857822">
        <ele>2405</ele>
      </trkpt>
      <trkpt lat="42.788649005815387" lon="-0.242118984460831">
        <ele>2401</ele>
      </trkpt>
      <trkpt lat="42.7886569686234" lon="-0.242063999176025">
        <ele>2399</ele>
      </trkpt>
      <trkpt lat="42.78863500803709" lon="-0.24200800806284">
        <ele>2396</ele>
      </trkpt>
      <trkpt lat="42.788616986945271" lon="-0.241939024999738">
        <ele>2392</ele>
      </trkpt>
      <trkpt lat="42.78863400220871" lon="-0.241852020844817">
        <ele>2389</ele>
      </trkpt>
      <trkpt lat="42.788650011643767" lon="-0.241800975054502">
        <ele>2387</ele>
      </trkpt>
      <trkpt lat="42.788620004430413" lon="-0.24177297949791">
        <ele>2384</ele>
      </trkpt>
      <trkpt lat="42.78867700137198" lon="-0.241701984778047">
        <ele>2384</ele>
      </trkpt>
      <trkpt lat="42.788679013028741" lon="-0.241653034463525">
        <ele>2382</ele>
      </trkpt>
      <trkpt lat="42.788675995543599" lon="-0.241627972573042">
        <ele>2380</ele>
      </trkpt>
      <trkpt lat="42.78867800720036" lon="-0.241597965359688">
        <ele>2379</ele>
      </trkpt>
      <trkpt lat="42.78867800720036" lon="-0.241545997560024">
        <ele>2378</ele>
      </trkpt>
      <trkpt lat="42.788659986108541" lon="-0.241540968418121">
        <ele>2374</ele>
      </trkpt>
      <trkpt lat="42.788630984723568" lon="-0.241459999233484">
        <ele>2371</ele>
      </trkpt>
      <trkpt lat="42.788630984723568" lon="-0.241397973150015">
        <ele>2369</ele>
      </trkpt>
      <trkpt lat="42.788639031350613" lon="-0.241313986480236">
        <ele>2366</ele>
      </trkpt>
      <trkpt lat="42.7886120416224" lon="-0.241200998425484">
        <ele>2363</ele>
      </trkpt>
      <trkpt lat="42.788555966690183" lon="-0.241182977333665">
        <ele>2359</ele>
      </trkpt>
      <trkpt lat="42.788522019982338" lon="-0.241161016747355">
        <ele>2357</ele>
      </trkpt>
      <trkpt lat="42.788491006940603" lon="-0.241137966513634">
        <ele>2357</ele>
      </trkpt>
      <trkpt lat="42.788363015279174" lon="-0.241032019257545">
        <ele>2355</ele>
      </trkpt>
      <trkpt lat="42.788346000015736" lon="-0.240954989567399">
        <ele>2355</ele>
      </trkpt>
      <trkpt lat="42.788265030831099" lon="-0.240831021219492">
        <ele>2356</ele>
      </trkpt>
      <trkpt lat="42.788223959505558" lon="-0.240737982094288">
        <ele>2358</ele>
      </trkpt>
      <trkpt lat="42.788177020847797" lon="-0.240629017353058">
        <ele>2359</ele>
      </trkpt>
      <trkpt lat="42.788121029734612" lon="-0.240543019026518">
        <ele>2359</ele>
      </trkpt>
      <trkpt lat="42.788049029186368" lon="-0.240480992943048">
        <ele>2357</ele>
      </trkpt>
      <trkpt lat="42.788056991994381" lon="-0.24042097851634">
        <ele>2357</ele>
      </trkpt>
      <trkpt lat="42.788099991157651" lon="-0.240368004888296">
        <ele>2357</ele>
      </trkpt>
      <trkpt lat="42.788185989484191" lon="-0.240297010168433">
        <ele>2356</ele>
      </trkpt>
      <trkpt lat="42.788195963948965" lon="-0.240258034318686">
        <ele>2354</ele>
      </trkpt>
      <trkpt lat="42.788279028609395" lon="-0.240278989076614">
        <ele>2352</ele>
      </trkpt>
      <trkpt lat="42.788447001948953" lon="-0.240307990461588">
        <ele>2348</ele>
      </trkpt>
      <trkpt lat="42.788465023040771" lon="-0.240301033481956">
        <ele>2347</ele>
      </trkpt>
      <trkpt lat="42.78846301138401" lon="-0.240214029327035">
        <ele>2344</ele>
      </trkpt>
      <trkpt lat="42.788483966141939" lon="-0.240110009908676">
        <ele>2340</ele>
      </trkpt>
      <trkpt lat="42.788512967526913" lon="-0.240027029067278">
        <ele>2338</ele>
      </trkpt>
      <trkpt lat="42.788510033860803" lon="-0.239931978285313">
        <ele>2338</ele>
      </trkpt>
      <trkpt lat="42.788435015827417" lon="-0.239870036020875">
        <ele>2337</ele>
      </trkpt>
      <trkpt lat="42.788423029705882" lon="-0.239866012707353">
        <ele>2331</ele>
      </trkpt>
      <trkpt lat="42.788453958928585" lon="-0.239810021594167">
        <ele>2329</ele>
      </trkpt>
      <trkpt lat="42.788488995283842" lon="-0.23975201882422">
        <ele>2328</ele>
      </trkpt>
      <trkpt lat="42.788450019434094" lon="-0.239682029932737">
        <ele>2325</ele>
      </trkpt>
      <trkpt lat="42.788450019434094" lon="-0.239677000790834">
        <ele>2326</ele>
      </trkpt>
      <trkpt lat="42.788487989455462" lon="-0.239577004685998">
        <ele>2325</ele>
      </trkpt>
      <trkpt lat="42.788589997217059" lon="-0.239622015506029">
        <ele>2326</ele>
      </trkpt>
      <trkpt lat="42.788622016087174" lon="-0.239611035212874">
        <ele>2325</ele>
      </trkpt>
      <trkpt lat="42.788658980280161" lon="-0.239610029384494">
        <ele>2322</ele>
      </trkpt>
      <trkpt lat="42.788725029677153" lon="-0.239524031057954">
        <ele>2320</ele>
      </trkpt>
      <trkpt lat="42.78878697194159" lon="-0.239421017467976">
        <ele>2319</ele>
      </trkpt>
      <trkpt lat="42.788866013288498" lon="-0.239309035241604">
        <ele>2316</ele>
      </trkpt>
      <trkpt lat="42.788889985531569" lon="-0.239205015823245">
        <ele>2316</ele>
      </trkpt>
      <trkpt lat="42.78893600217998" lon="-0.239180037751794">
        <ele>2315</ele>
      </trkpt>
      <trkpt lat="42.789004985243082" lon="-0.239065960049629">
        <ele>2314</ele>
      </trkpt>
      <trkpt lat="42.789018983021379" lon="-0.238998988643289">
        <ele>2313</ele>
      </trkpt>
      <trkpt lat="42.789053013548255" lon="-0.238920031115413">
        <ele>2309</ele>
      </trkpt>
      <trkpt lat="42.789045972749591" lon="-0.238789021968842">
        <ele>2306</ele>
      </trkpt>
      <trkpt lat="42.789066005498171" lon="-0.23867997340858">
        <ele>2304</ele>
      </trkpt>
      <trkpt lat="42.789116967469454" lon="-0.238599004223943">
        <ele>2304</ele>
      </trkpt>
      <trkpt lat="42.789120990782976" lon="-0.238521974533796">
        <ele>2301</ele>
      </trkpt>
      <trkpt lat="42.789096012711525" lon="-0.238513005897403">
        <ele>2301</ele>
      </trkpt>
      <trkpt lat="42.789133982732892" lon="-0.238433964550495">
        <ele>2301</ele>
      </trkpt>
      <trkpt lat="42.789203971624374" lon="-0.238344026729465">
        <ele>2300</ele>
      </trkpt>
      <trkpt lat="42.789227021858096" lon="-0.238232966512442">
        <ele>2298</ele>
      </trkpt>
      <trkpt lat="42.789220986887813" lon="-0.238068010658026">
        <ele>2298</ele>
      </trkpt>
      <trkpt lat="42.789179999381304" lon="-0.237963991239667">
        <ele>2296</ele>
      </trkpt>
      <trkpt lat="42.789163989946246" lon="-0.237785959616303">
        <ele>2293</ele>
      </trkpt>
      <trkpt lat="42.78919299133122" lon="-0.237571969628334">
        <ele>2293</ele>
      </trkpt>
      <trkpt lat="42.789253005757928" lon="-0.237394021824002">
        <ele>2294</ele>
      </trkpt>
      <trkpt lat="42.789261974394321" lon="-0.237287990748882">
        <ele>2294</ele>
      </trkpt>
      <trkpt lat="42.789318971335888" lon="-0.237214984372258">
        <ele>2292</ele>
      </trkpt>
      <trkpt lat="42.789359958842397" lon="-0.237103002145886">
        <ele>2291</ele>
      </trkpt>
      <trkpt lat="42.789403041824698" lon="-0.236962018534541">
        <ele>2289</ele>
      </trkpt>
      <trkpt lat="42.789414022117853" lon="-0.236794967204332">
        <ele>2287</ele>
      </trkpt>
      <trkpt lat="42.789440006017685" lon="-0.236612996086478">
        <ele>2287</ele>
      </trkpt>
      <trkpt lat="42.789432965219021" lon="-0.236462038010359">
        <ele>2283</ele>
      </trkpt>
      <trkpt lat="42.789396001026034" lon="-0.236433036625385">
        <ele>2281</ele>
      </trkpt>
      <trkpt lat="42.789391977712512" lon="-0.236432030797005">
        <ele>2280</ele>
      </trkpt>
      <trkpt lat="42.789391977712512" lon="-0.236275959759951">
        <ele>2279</ele>
      </trkpt>
      <trkpt lat="42.789432965219021" lon="-0.236071022227407">
        <ele>2278</ele>
      </trkpt>
      <trkpt lat="42.78945098631084" lon="-0.235967002809048">
        <ele>2279</ele>
      </trkpt>
      <trkpt lat="42.789517035707831" lon="-0.235904976725578">
        <ele>2274</ele>
      </trkpt>
      <trkpt lat="42.789502032101154" lon="-0.235817972570658">
        <ele>2269</ele>
      </trkpt>
      <trkpt lat="42.789528016000986" lon="-0.23567003197968">
        <ele>2267</ele>
      </trkpt>
      <trkpt lat="42.789529021829367" lon="-0.235633989796042">
        <ele>2267</ele>
      </trkpt>
      <trkpt lat="42.789509994909167" lon="-0.235490994527936">
        <ele>2263</ele>
      </trkpt>
      <trkpt lat="42.789553999900818" lon="-0.235369959846139">
        <ele>2262</ele>
      </trkpt>
      <trkpt lat="42.78958098962903" lon="-0.235352022573352">
        <ele>2262</ele>
      </trkpt>
      <trkpt lat="42.789641004055738" lon="-0.235229982063174">
        <ele>2262</ele>
      </trkpt>
      <trkpt lat="42.789638992398977" lon="-0.235194023698568">
        <ele>2261</ele>
      </trkpt>
      <trkpt lat="42.789661036804318" lon="-0.234979027882218">
        <ele>2258</ele>
      </trkpt>
      <trkpt lat="42.789676962420344" lon="-0.234915995970368">
        <ele>2257</ele>
      </trkpt>
      <trkpt lat="42.789716022089124" lon="-0.234808959066868">
        <ele>2259</ele>
      </trkpt>
      <trkpt lat="42.789766984060407" lon="-0.234776018187404">
        <ele>2256</ele>
      </trkpt>
      <trkpt lat="42.789834039285779" lon="-0.234720027074218">
        <ele>2253</ele>
      </trkpt>
      <trkpt lat="42.789891036227345" lon="-0.234650038182735">
        <ele>2252</ele>
      </trkpt>
      <trkpt lat="42.789799002930522" lon="-0.234602009877563">
        <ele>2249</ele>
      </trkpt>
      <trkpt lat="42.789705963805318" lon="-0.234567979350686">
        <ele>2245</ele>
      </trkpt>
      <trkpt lat="42.789661036804318" lon="-0.234543001279235">
        <ele>2241</ele>
      </trkpt>
      <trkpt lat="42.789738988503814" lon="-0.234519029036164">
        <ele>2240</ele>
      </trkpt>
      <trkpt lat="42.789809983223677" lon="-0.234477035701275">
        <ele>2238</ele>
      </trkpt>
      <trkpt lat="42.789932023733854" lon="-0.234397994354367">
        <ele>2237</ele>
      </trkpt>
      <trkpt lat="42.790029002353549" lon="-0.234315013512969">
        <ele>2237</ele>
      </trkpt>
      <trkpt lat="42.790090022608638" lon="-0.234211999922991">
        <ele>2236</ele>
      </trkpt>
      <trkpt lat="42.790150037035346" lon="-0.234026005491614">
        <ele>2235</ele>
      </trkpt>
      <trkpt lat="42.790195969864726" lon="-0.23388602770865">
        <ele>2232</ele>
      </trkpt>
      <trkpt lat="42.790208961814642" lon="-0.233709001913667">
        <ele>2229</ele>
      </trkpt>
      <trkpt lat="42.790168980136514" lon="-0.233569024130702">
        <ele>2228</ele>
      </trkpt>
      <trkpt lat="42.790111983194947" lon="-0.233465004712343">
        <ele>2226</ele>
      </trkpt>
      <trkpt lat="42.790066972374916" lon="-0.233362996950746">
        <ele>2224</ele>
      </trkpt>
      <trkpt lat="42.790026990696788" lon="-0.233344975858927">
        <ele>2222</ele>
      </trkpt>
      <trkpt lat="42.78994501568377" lon="-0.233226958662272">
        <ele>2221</ele>
      </trkpt>
      <trkpt lat="42.789888018742204" lon="-0.233129980042577">
        <ele>2219</ele>
      </trkpt>
      <trkpt lat="42.78975198045373" lon="-0.232968963682652">
        <ele>2217</ele>
      </trkpt>
      <trkpt lat="42.789620971307158" lon="-0.232800990343094">
        <ele>2221</ele>
      </trkpt>
      <trkpt lat="42.789605967700481" lon="-0.232752040028572">
        <ele>2222</ele>
      </trkpt>
      <trkpt lat="42.789598004892468" lon="-0.232740975916386">
        <ele>2211</ele>
      </trkpt>
      <trkpt lat="42.789573026821017" lon="-0.232738964259624">
        <ele>2211</ele>
      </trkpt>
      <trkpt lat="42.789423996582627" lon="-0.232725972309709">
        <ele>2210</ele>
      </trkpt>
      <trkpt lat="42.789383009076118" lon="-0.232681967318058">
        <ele>2210</ele>
      </trkpt>
      <trkpt lat="42.789351996034384" lon="-0.23266302421689">
        <ele>2210</ele>
      </trkpt>
      <trkpt lat="42.789301034063101" lon="-0.232596974819899">
        <ele>2210</ele>
      </trkpt>
      <trkpt lat="42.789276978000998" lon="-0.232532015070319">
        <ele>2210</ele>
      </trkpt>
      <trkpt lat="42.789253005757928" lon="-0.232449034228921">
        <ele>2210</ele>
      </trkpt>
      <trkpt lat="42.789201037958264" lon="-0.232381979003549">
        <ele>2210</ele>
      </trkpt>
      <trkpt lat="42.789172036573291" lon="-0.232338979840279">
        <ele>2210</ele>
      </trkpt>
      <trkpt lat="42.789145968854427" lon="-0.23234199732542">
        <ele>2210</ele>
      </trkpt>
      <trkpt lat="42.789094001054764" lon="-0.232322970405221">
        <ele>2210</ele>
      </trkpt>
      <trkpt lat="42.789082014933228" lon="-0.232353983446956">
        <ele>2210</ele>
      </trkpt>
      <trkpt lat="42.78906499966979" lon="-0.232485998421907">
        <ele>2210</ele>
      </trkpt>
      <trkpt lat="42.789060976356268" lon="-0.232488010078669">
        <ele>2210</ele>
      </trkpt>
      <trkpt lat="42.789032980799675" lon="-0.23249102756381">
        <ele>2210</ele>
      </trkpt>
      <trkpt lat="42.789026023820043" lon="-0.232455991208553">
        <ele>2209</ele>
      </trkpt>
      <trkpt lat="42.788972966372967" lon="-0.232311990112066">
        <ele>2208</ele>
      </trkpt>
      <trkpt lat="42.788963997736573" lon="-0.232283994555473">
        <ele>2208</ele>
      </trkpt>
      <trkpt lat="42.788867019116879" lon="-0.232234038412571">
        <ele>2208</ele>
      </trkpt>
      <trkpt lat="42.788832988590002" lon="-0.232202019542456">
        <ele>2208</ele>
      </trkpt>
      <trkpt lat="42.788747996091843" lon="-0.23212599568069">
        <ele>2209</ele>
      </trkpt>
      <trkpt lat="42.788658980280161" lon="-0.232027005404234">
        <ele>2210</ele>
      </trkpt>
      <trkpt lat="42.788589997217059" lon="-0.232014013454318">
        <ele>2210</ele>
      </trkpt>
      <trkpt lat="42.788573987782001" lon="-0.232015019282699">
        <ele>2210</ele>
      </trkpt>
      <trkpt lat="42.788526965305209" lon="-0.231994986534119">
        <ele>2211</ele>
      </trkpt>
      <trkpt lat="42.788510033860803" lon="-0.231983000412583">
        <ele>2211</ele>
      </trkpt>
      <trkpt lat="42.788397967815399" lon="-0.23191099986434">
        <ele>2211</ele>
      </trkpt>
      <trkpt lat="42.788364021107554" lon="-0.231859032064676">
        <ele>2211</ele>
      </trkpt>
      <trkpt lat="42.788315992802382" lon="-0.231786025688052">
        <ele>2211</ele>
      </trkpt>
      <trkpt lat="42.788276011124253" lon="-0.23173900321126">
        <ele>2211</ele>
      </trkpt>
      <trkpt lat="42.788258995860815" lon="-0.231713019311428">
        <ele>2211</ele>
      </trkpt>
      <trkpt lat="42.788242986425757" lon="-0.23167597129941">
        <ele>2211</ele>
      </trkpt>
      <trkpt lat="42.788186995312572" lon="-0.231533981859684">
        <ele>2211</ele>
      </trkpt>
      <trkpt lat="42.788167968392372" lon="-0.23145804181695">
        <ele>2211</ele>
      </trkpt>
      <trkpt lat="42.788108037784696" lon="-0.231398027390242">
        <ele>2211</ele>
      </trkpt>
      <trkpt lat="42.78803301975131" lon="-0.231314962729812">
        <ele>2209</ele>
      </trkpt>
      <trkpt lat="42.788017010316253" lon="-0.231308005750179">
        <ele>2209</ele>
      </trkpt>
      <trkpt lat="42.787951966747642" lon="-0.231199963018298">
        <ele>2212</ele>
      </trkpt>
      <trkpt lat="42.787892958149314" lon="-0.231110025197268">
        <ele>2212</ele>
      </trkpt>
      <trkpt lat="42.787877032533288" lon="-0.231098961085081">
        <ele>2213</ele>
      </trkpt>
      <trkpt lat="42.78779799118638" lon="-0.230974992737174">
        <ele>2214</ele>
      </trkpt>
      <trkpt lat="42.787793967872858" lon="-0.230967029929161">
        <ele>2214</ele>
      </trkpt>
      <trkpt lat="42.787751974537969" lon="-0.230896035209298">
        <ele>2216</ele>
      </trkpt>
      <trkpt lat="42.787716016173363" lon="-0.230822023004293">
        <ele>2217</ele>
      </trkpt>
      <trkpt lat="42.787717022001743" lon="-0.230758991092443">
        <ele>2217</ele>
      </trkpt>
      <trkpt lat="42.787706963717937" lon="-0.230748010799289">
        <ele>2217</ele>
      </trkpt>
      <trkpt lat="42.787652984261513" lon="-0.230595963075757">
        <ele>2219</ele>
      </trkpt>
      <trkpt lat="42.787644015625119" lon="-0.230539971962571">
        <ele>2221</ele>
      </trkpt>
      <trkpt lat="42.787604033946991" lon="-0.230432013049722">
        <ele>2222</ele>
      </trkpt>
      <trkpt lat="42.787572015076876" lon="-0.230387002229691">
        <ele>2223</ele>
      </trkpt>
      <trkpt lat="42.787563968449831" lon="-0.230290023609996">
        <ele>2224</ele>
      </trkpt>
      <trkpt lat="42.787544019520283" lon="-0.230121966451406">
        <ele>2224</ele>
      </trkpt>
      <trkpt lat="42.787529015913606" lon="-0.23006203584373">
        <ele>2225</ele>
      </trkpt>
      <trkpt lat="42.787507977336645" lon="-0.230016019195318">
        <ele>2225</ele>
      </trkpt>
      <trkpt lat="42.787504959851503" lon="-0.230000009760261">
        <ele>2225</ele>
      </trkpt>
      <trkpt lat="42.787484005093575" lon="-0.229924991726875">
        <ele>2226</ele>
      </trkpt>
      <trkpt lat="42.787481993436813" lon="-0.229914011433721">
        <ele>2227</ele>
      </trkpt>
      <trkpt lat="42.787470007315278" lon="-0.229834970086813">
        <ele>2228</ele>
      </trkpt>
      <trkpt lat="42.787436982616782" lon="-0.229759030044079">
        <ele>2228</ele>
      </trkpt>
      <trkpt lat="42.787429019808769" lon="-0.229615028947592">
        <ele>2228</ele>
      </trkpt>
      <trkpt lat="42.787429019808769" lon="-0.229586027562618">
        <ele>2228</ele>
      </trkpt>
      <trkpt lat="42.78743103146553" lon="-0.229546967893839">
        <ele>2228</ele>
      </trkpt>
      <trkpt lat="42.787447040900588" lon="-0.229470022022724">
        <ele>2228</ele>
      </trkpt>
      <trkpt lat="42.787471013143659" lon="-0.229382012039423">
        <ele>2229</ele>
      </trkpt>
      <trkpt lat="42.787467995658517" lon="-0.229226024821401">
        <ele>2229</ele>
      </trkpt>
      <trkpt lat="42.787456009536982" lon="-0.229185037314892">
        <ele>2230</ele>
      </trkpt>
      <trkpt lat="42.787447040900588" lon="-0.22916198708117">
        <ele>2230</ele>
      </trkpt>
      <trkpt lat="42.787444023415446" lon="-0.229004994034767">
        <ele>2231</ele>
      </trkpt>
      <trkpt lat="42.787428013980389" lon="-0.228975992649794">
        <ele>2231</ele>
      </trkpt>
      <trkpt lat="42.787398006767035" lon="-0.228899968788028">
        <ele>2233</ele>
      </trkpt>
      <trkpt lat="42.787381997331977" lon="-0.22879502736032">
        <ele>2234</ele>
      </trkpt>
      <trkpt lat="42.787362970411777" lon="-0.228767031803727">
        <ele>2235</ele>
      </trkpt>
      <trkpt lat="42.787349978461862" lon="-0.228725960478187">
        <ele>2235</ele>
      </trkpt>
      <trkpt lat="42.787342015653849" lon="-0.228702994063497">
        <ele>2235</ele>
      </trkpt>
      <trkpt lat="42.787328017875552" lon="-0.228655971586704">
        <ele>2235</ele>
      </trkpt>
      <trkpt lat="42.787300022318959" lon="-0.228552035987377">
        <ele>2234</ele>
      </trkpt>
      <trkpt lat="42.78726096265018" lon="-0.228405017405748">
        <ele>2234</ele>
      </trkpt>
      <trkpt lat="42.787240007892251" lon="-0.228368975222111">
        <ele>2234</ele>
      </trkpt>
      <trkpt lat="42.787183010950685" lon="-0.228291023522615">
        <ele>2234</ele>
      </trkpt>
      <trkpt lat="42.78713196516037" lon="-0.22819203324616">
        <ele>2232</ele>
      </trkpt>
      <trkpt lat="42.787052001804113" lon="-0.22810896858573">
        <ele>2230</ele>
      </trkpt>
      <trkpt lat="42.786993999034166" lon="-0.228003021329641">
        <ele>2229</ele>
      </trkpt>
      <trkpt lat="42.786925015971065" lon="-0.227879974991083">
        <ele>2229</ele>
      </trkpt>
      <trkpt lat="42.786854021251202" lon="-0.227758018299937">
        <ele>2229</ele>
      </trkpt>
      <trkpt lat="42.786837005987763" lon="-0.227734968066216">
        <ele>2229</ele>
      </trkpt>
      <trkpt lat="42.786803981289268" lon="-0.227701021358371">
        <ele>2229</ele>
      </trkpt>
      <trkpt lat="42.786786966025829" lon="-0.227680988609791">
        <ele>2229</ele>
      </trkpt>
      <trkpt lat="42.78674203902483" lon="-0.227618040516973">
        <ele>2229</ele>
      </trkpt>
      <trkpt lat="42.786736004054546" lon="-0.227605970576406">
        <ele>2229</ele>
      </trkpt>
      <trkpt lat="42.78668001294136" lon="-0.227610999718308">
        <ele>2230</ele>
      </trkpt>
      <trkpt lat="42.78659300878644" lon="-0.227601025253534">
        <ele>2231</ele>
      </trkpt>
      <trkpt lat="42.78655101545155" lon="-0.227540004998446">
        <ele>2232</ele>
      </trkpt>
      <trkpt lat="42.786502987146378" lon="-0.227471021935344">
        <ele>2233</ele>
      </trkpt>
      <trkpt lat="42.786396034061909" lon="-0.227344036102295">
        <ele>2234</ele>
      </trkpt>
      <trkpt lat="42.786343982443213" lon="-0.227287039160728">
        <ele>2235</ele>
      </trkpt>
      <trkpt lat="42.786296037957072" lon="-0.227262983098626">
        <ele>2235</ele>
      </trkpt>
      <trkpt lat="42.786276005208492" lon="-0.227245967835188">
        <ele>2235</ele>
      </trkpt>
      <trkpt lat="42.786257984116673" lon="-0.227225013077259">
        <ele>2235</ele>
      </trkpt>
      <trkpt lat="42.78627198189497" lon="-0.227172961458564">
        <ele>2235</ele>
      </trkpt>
      <trkpt lat="42.786226971074939" lon="-0.227073971182108">
        <ele>2233</ele>
      </trkpt>
      <trkpt lat="42.786196041852236" lon="-0.227005993947387">
        <ele>2233</ele>
      </trkpt>
      <trkpt lat="42.786187995225191" lon="-0.226988978683949">
        <ele>2232</ele>
      </trkpt>
      <trkpt lat="42.786184977740049" lon="-0.226937010884285">
        <ele>2232</ele>
      </trkpt>
      <trkpt lat="42.786195036023855" lon="-0.226901974529028">
        <ele>2231</ele>
      </trkpt>
      <trkpt lat="42.786192018538713" lon="-0.226870039477944">
        <ele>2229</ele>
      </trkpt>
      <trkpt lat="42.786196041852236" lon="-0.226780017837882">
        <ele>2228</ele>
      </trkpt>
      <trkpt lat="42.786198975518346" lon="-0.226763002574444">
        <ele>2228</ele>
      </trkpt>
      <trkpt lat="42.786158993840218" lon="-0.226674992591143">
        <ele>2226</ele>
      </trkpt>
      <trkpt lat="42.786153964698315" lon="-0.226616989821196">
        <ele>2224</ele>
      </trkpt>
      <trkpt lat="42.786124963313341" lon="-0.22651900537312">
        <ele>2221</ele>
      </trkpt>
      <trkpt lat="42.786133009940386" lon="-0.226427977904677">
        <ele>2220</ele>
      </trkpt>
      <trkpt lat="42.786157988011837" lon="-0.226419009268284">
        <ele>2219</ele>
      </trkpt>
      <trkpt lat="42.786202998831868" lon="-0.226387996226549">
        <ele>2217</ele>
      </trkpt>
      <trkpt lat="42.786153964698315" lon="-0.226330999284983">
        <ele>2216</ele>
      </trkpt>
      <trkpt lat="42.786124963313341" lon="-0.226309038698673">
        <ele>2215</ele>
      </trkpt>
      <trkpt lat="42.786107026040554" lon="-0.226292023435235">
        <ele>2215</ele>
      </trkpt>
      <trkpt lat="42.785981968045235" lon="-0.226251035928726">
        <ele>2215</ele>
      </trkpt>
      <trkpt lat="42.785919019952416" lon="-0.226178029552102">
        <ele>2215</ele>
      </trkpt>
      <trkpt lat="42.785877026617527" lon="-0.226093959063292">
        <ele>2216</ele>
      </trkpt>
      <trkpt lat="42.785864034667611" lon="-0.226064035668969">
        <ele>2216</ele>
      </trkpt>
      <trkpt lat="42.785837966948748" lon="-0.22602497600019">
        <ele>2216</ele>
      </trkpt>
      <trkpt lat="42.785807037726045" lon="-0.22596001625061">
        <ele>2216</ele>
      </trkpt>
      <trkpt lat="42.785779964178801" lon="-0.225935038179159">
        <ele>2216</ele>
      </trkpt>
      <trkpt lat="42.785774013027549" lon="-0.225908970460296">
        <ele>2216</ele>
      </trkpt>
      <trkpt lat="42.785729002207518" lon="-0.225835964083672">
        <ele>2216</ele>
      </trkpt>
      <trkpt lat="42.785666976124048" lon="-0.225771004334092">
        <ele>2216</ele>
      </trkpt>
      <trkpt lat="42.785628000274301" lon="-0.225734040141106">
        <ele>2216</ele>
      </trkpt>
      <trkpt lat="42.785606039687991" lon="-0.225666984915733">
        <ele>2216</ele>
      </trkpt>
      <trkpt lat="42.785596987232566" lon="-0.225604036822915">
        <ele>2215</ele>
      </trkpt>
      <trkpt lat="42.785568991675973" lon="-0.225504040718079">
        <ele>2214</ele>
      </trkpt>
      <trkpt lat="42.785550970584154" lon="-0.22548995912075">
        <ele>2214</ele>
      </trkpt>
      <trkpt lat="42.785433037206531" lon="-0.225436985492706">
        <ele>2213</ele>
      </trkpt>
      <trkpt lat="42.785393977537751" lon="-0.225384011864662">
        <ele>2213</ele>
      </trkpt>
      <trkpt lat="42.785318959504366" lon="-0.225340006873012">
        <ele>2215</ele>
      </trkpt>
      <trkpt lat="42.785275960341096" lon="-0.225334977731109">
        <ele>2215</ele>
      </trkpt>
      <trkpt lat="42.785222986713052" lon="-0.225316034629941">
        <ele>2216</ele>
      </trkpt>
      <trkpt lat="42.785187028348446" lon="-0.225308993831277">
        <ele>2217</ele>
      </trkpt>
      <trkpt lat="42.785162972286344" lon="-0.225304970517755">
        <ele>2217</ele>
      </trkpt>
      <trkpt lat="42.785104969516397" lon="-0.225318968296051">
        <ele>2217</ele>
      </trkpt>
      <trkpt lat="42.784989969804883" lon="-0.225313017144799">
        <ele>2222</ele>
      </trkpt>
      <trkpt lat="42.785000028088689" lon="-0.225265994668007">
        <ele>2223</ele>
      </trkpt>
      <trkpt lat="42.784978989511728" lon="-0.225239004939795">
        <ele>2223</ele>
      </trkpt>
      <trkpt lat="42.784968009218574" lon="-0.225220983847976">
        <ele>2223</ele>
      </trkpt>
      <trkpt lat="42.784928027540445" lon="-0.225127022713423">
        <ele>2223</ele>
      </trkpt>
      <trkpt lat="42.784898020327091" lon="-0.225110007449985">
        <ele>2223</ele>
      </trkpt>
      <trkpt lat="42.78487597592175" lon="-0.22505703382194">
        <ele>2223</ele>
      </trkpt>
      <trkpt lat="42.784867007285357" lon="-0.225034989416599">
        <ele>2223</ele>
      </trkpt>
      <trkpt lat="42.784855021163821" lon="-0.225006993860006">
        <ele>2222</ele>
      </trkpt>
      <trkpt lat="42.784812022000551" lon="-0.22494999691844">
        <ele>2221</ele>
      </trkpt>
      <trkpt lat="42.784804981201887" lon="-0.224924013018608">
        <ele>2221</ele>
      </trkpt>
      <trkpt lat="42.784788971766829" lon="-0.224899034947157">
        <ele>2221</ele>
      </trkpt>
      <trkpt lat="42.784777991473675" lon="-0.2248449716717">
        <ele>2221</ele>
      </trkpt>
      <trkpt lat="42.784752007573843" lon="-0.224818987771869">
        <ele>2221</ele>
      </trkpt>
      <trkpt lat="42.784742033109069" lon="-0.224776994436979">
        <ele>2221</ele>
      </trkpt>
      <trkpt lat="42.784628961235285" lon="-0.224724020808935">
        <ele>2221</ele>
      </trkpt>
      <trkpt lat="42.784620998427272" lon="-0.22464900277555">
        <ele>2220</ele>
      </trkpt>
      <trkpt lat="42.784610018134117" lon="-0.224573984742165">
        <ele>2220</ele>
      </trkpt>
      <trkpt lat="42.784517984837294" lon="-0.224544983357191">
        <ele>2220</ele>
      </trkpt>
      <trkpt lat="42.784407008439302" lon="-0.224603991955519">
        <ele>2219</ele>
      </trkpt>
      <trkpt lat="42.784382030367851" lon="-0.224620001390576">
        <ele>2219</ele>
      </trkpt>
      <trkpt lat="42.784283040091395" lon="-0.224670963361859">
        <ele>2219</ele>
      </trkpt>
      <trkpt lat="42.78425102122128" lon="-0.224676998332143">
        <ele>2218</ele>
      </trkpt>
      <trkpt lat="42.784168962389231" lon="-0.224686972796917">
        <ele>2218</ele>
      </trkpt>
      <trkpt lat="42.784049017354846" lon="-0.224717985838652">
        <ele>2217</ele>
      </trkpt>
      <trkpt lat="42.783989002928138" lon="-0.224695019423962">
        <ele>2217</ele>
      </trkpt>
      <trkpt lat="42.783922031521797" lon="-0.224635004997253">
        <ele>2217</ele>
      </trkpt>
      <trkpt lat="42.78382396325469" lon="-0.224543977528811">
        <ele>2216</ele>
      </trkpt>
      <trkpt lat="42.783716004341841" lon="-0.22447801195085">
        <ele>2215</ele>
      </trkpt>
      <trkpt lat="42.783679962158203" lon="-0.224469965323806">
        <ele>2214</ele>
      </trkpt>
      <trkpt lat="42.7836490329355" lon="-0.224449010565877">
        <ele>2214</ele>
      </trkpt>
      <trkpt lat="42.783529004082084" lon="-0.224353959783912">
        <ele>2213</ele>
      </trkpt>
      <trkpt lat="42.78339103795588" lon="-0.224225968122482">
        <ele>2212</ele>
      </trkpt>
      <trkpt lat="42.783335968852043" lon="-0.224162014201283">
        <ele>2212</ele>
      </trkpt>
      <trkpt lat="42.783251982182264" lon="-0.224140975624323">
        <ele>2211</ele>
      </trkpt>
      <trkpt lat="42.783224992454052" lon="-0.224131001159549">
        <ele>2211</ele>
      </trkpt>
      <trkpt lat="42.783179981634021" lon="-0.224184980615973">
        <ele>2208</ele>
      </trkpt>
      <trkpt lat="42.783151986077428" lon="-0.22424197755754">
        <ele>2207</ele>
      </trkpt>
      <trkpt lat="42.783108986914158" lon="-0.224316995590925">
        <ele>2206</ele>
      </trkpt>
      <trkpt lat="42.78304997831583" lon="-0.224444987252355">
        <ele>2205</ele>
      </trkpt>
      <trkpt lat="42.782968003302813" lon="-0.224600974470377">
        <ele>2205</ele>
      </trkpt>
      <trkpt lat="42.782950988039374" lon="-0.224675992503762">
        <ele>2205</ele>
      </trkpt>
      <trkpt lat="42.782893991097808" lon="-0.224883025512099">
        <ele>2205</ele>
      </trkpt>
      <trkpt lat="42.782851997762918" lon="-0.224956031888723">
        <ele>2204</ele>
      </trkpt>
      <trkpt lat="42.782800029963255" lon="-0.225150994956493">
        <ele>2204</ele>
      </trkpt>
      <trkpt lat="42.782755019143224" lon="-0.225273035466671">
        <ele>2204</ele>
      </trkpt>
      <trkpt lat="42.782711014151573" lon="-0.225417958572507">
        <ele>2203</ele>
      </trkpt>
      <trkpt lat="42.782654017210007" lon="-0.225553996860981">
        <ele>2203</ele>
      </trkpt>
      <trkpt lat="42.782620992511511" lon="-0.225707972422242">
        <ele>2203</ele>
      </trkpt>
      <trkpt lat="42.782590985298157" lon="-0.225806962698698">
        <ele>2203</ele>
      </trkpt>
      <trkpt lat="42.782542034983635" lon="-0.225972002372146">
        <ele>2203</ele>
      </trkpt>
      <trkpt lat="42.782479003071785" lon="-0.226183980703354">
        <ele>2202</ele>
      </trkpt>
      <trkpt lat="42.782442038878798" lon="-0.226313984021544">
        <ele>2201</ele>
      </trkpt>
      <trkpt lat="42.782434998080134" lon="-0.226336028426886">
        <ele>2201</ele>
      </trkpt>
      <trkpt lat="42.782416976988316" lon="-0.226391013711691">
        <ele>2201</ele>
      </trkpt>
      <trkpt lat="42.782395016402006" lon="-0.226499978452921">
        <ele>2200</ele>
      </trkpt>
      <trkpt lat="42.782387975603342" lon="-0.226687984541059">
        <ele>2199</ele>
      </trkpt>
      <trkpt lat="42.782399039715528" lon="-0.226759985089302">
        <ele>2199</ele>
      </trkpt>
      <trkpt lat="42.78240499086678" lon="-0.226896023377776">
        <ele>2197</ele>
      </trkpt>
      <trkpt lat="42.782387975603342" lon="-0.226983027532697">
        <ele>2197</ele>
      </trkpt>
      <trkpt lat="42.782343970611691" lon="-0.227084029465914">
        <ele>2197</ele>
      </trkpt>
      <trkpt lat="42.782333996146917" lon="-0.227234987542033">
        <ele>2192</ele>
      </trkpt>
      <trkpt lat="42.782261995598674" lon="-0.227376976981759">
        <ele>2186</ele>
      </trkpt>
      <trkpt lat="42.782240035012364" lon="-0.227457024157047">
        <ele>2186</ele>
      </trkpt>
      <trkpt lat="42.782201981171966" lon="-0.227505974471569">
        <ele>2186</ele>
      </trkpt>
      <trkpt lat="42.782152025029063" lon="-0.227575963363051">
        <ele>2185</ele>
      </trkpt>
      <trkpt lat="42.782130986452103" lon="-0.227624997496605">
        <ele>2183</ele>
      </trkpt>
      <trkpt lat="42.78208396397531" lon="-0.227704038843513">
        <ele>2182</ele>
      </trkpt>
      <trkpt lat="42.782044988125563" lon="-0.227787019684911">
        <ele>2180</ele>
      </trkpt>
      <trkpt lat="42.782044988125563" lon="-0.227852985262871">
        <ele>2180</ele>
      </trkpt>
      <trkpt lat="42.782048005610704" lon="-0.227961027994752">
        <ele>2180</ele>
      </trkpt>
      <trkpt lat="42.782041970640421" lon="-0.227986006066203">
        <ele>2180</ele>
      </trkpt>
      <trkpt lat="42.78201699256897" lon="-0.228153979405761">
        <ele>2180</ele>
      </trkpt>
      <trkpt lat="42.781982962042093" lon="-0.228218017145991">
        <ele>2180</ele>
      </trkpt>
      <trkpt lat="42.781957983970642" lon="-0.22823503240943">
        <ele>2180</ele>
      </trkpt>
      <trkpt lat="42.781939962878823" lon="-0.22828197106719">
        <ele>2180</ele>
      </trkpt>
      <trkpt lat="42.781923031434417" lon="-0.228359000757337">
        <ele>2180</ele>
      </trkpt>
      <trkpt lat="42.781850025057793" lon="-0.228415997698903">
        <ele>2180</ele>
      </trkpt>
      <trkpt lat="42.78182303532958" lon="-0.228482969105244">
        <ele>2180</ele>
      </trkpt>
      <trkpt lat="42.781807025894523" lon="-0.228509036824107">
        <ele>2179</ele>
      </trkpt>
      <trkpt lat="42.781746005639434" lon="-0.228593023493886">
        <ele>2176</ele>
      </trkpt>
      <trkpt lat="42.781729996204376" lon="-0.228618001565337">
        <ele>2176</ele>
      </trkpt>
      <trkpt lat="42.781632011756301" lon="-0.228672986850142">
        <ele>2175</ele>
      </trkpt>
      <trkpt lat="42.781600998714566" lon="-0.228681033477187">
        <ele>2175</ele>
      </trkpt>
      <trkpt lat="42.781570991501212" lon="-0.228691007941961">
        <ele>2174</ele>
      </trkpt>
      <trkpt lat="42.781516006216407" lon="-0.22875496186316">
        <ele>2173</ele>
      </trkpt>
      <trkpt lat="42.78143503703177" lon="-0.228777006268501">
        <ele>2171</ele>
      </trkpt>
      <trkpt lat="42.781383991241455" lon="-0.228800978511572">
        <ele>2171</ele>
      </trkpt>
      <trkpt lat="42.781377034261823" lon="-0.228802990168333">
        <ele>2171</ele>
      </trkpt>
      <trkpt lat="42.78128600679338" lon="-0.22879796102643">
        <ele>2171</ele>
      </trkpt>
      <trkpt lat="42.781239990144968" lon="-0.228763008490205">
        <ele>2171</ele>
      </trkpt>
      <trkpt lat="42.781205959618092" lon="-0.228742975741625">
        <ele>2171</ele>
      </trkpt>
      <trkpt lat="42.781176958233118" lon="-0.228755967691541">
        <ele>2171</ele>
      </trkpt>
      <trkpt lat="42.781148040667176" lon="-0.228798966854811">
        <ele>2172</ele>
      </trkpt>
      <trkpt lat="42.781143011525273" lon="-0.228813970461488">
        <ele>2171</ele>
      </trkpt>
      <trkpt lat="42.781096994876862" lon="-0.22892301902175">
        <ele>2173</ele>
      </trkpt>
      <trkpt lat="42.781020971015096" lon="-0.229060985147953">
        <ele>2175</ele>
      </trkpt>
      <trkpt lat="42.780998004600406" lon="-0.229087974876165">
        <ele>2176</ele>
      </trkpt>
      <trkpt lat="42.780987024307251" lon="-0.229255026206374">
        <ele>2175</ele>
      </trkpt>
      <trkpt lat="42.780974032357335" lon="-0.229292996227741">
        <ele>2174</ele>
      </trkpt>
      <trkpt lat="42.780953999608755" lon="-0.229324009269476">
        <ele>2172</ele>
      </trkpt>
      <trkpt lat="42.780949976295233" lon="-0.229422999545932">
        <ele>2171</ele>
      </trkpt>
      <trkpt lat="42.780947964638472" lon="-0.229457030072808">
        <ele>2170</ele>
      </trkpt>
      <trkpt lat="42.780919969081879" lon="-0.229560965672135">
        <ele>2169</ele>
      </trkpt>
      <trkpt lat="42.780903959646821" lon="-0.229606982320547">
        <ele>2169</ele>
      </trkpt>
      <trkpt lat="42.780891973525286" lon="-0.229609999805689">
        <ele>2167</ele>
      </trkpt>
      <trkpt lat="42.780880993232131" lon="-0.229574963450432">
        <ele>2167</ele>
      </trkpt>
      <trkpt lat="42.780874036252499" lon="-0.229530036449432">
        <ele>2166</ele>
      </trkpt>
      <trkpt lat="42.780874036252499" lon="-0.229513021185994">
        <ele>2164</ele>
      </trkpt>
      <trkpt lat="42.780838999897242" lon="-0.229431968182325">
        <ele>2163</ele>
      </trkpt>
      <trkpt lat="42.780841011554003" lon="-0.229387963190675">
        <ele>2162</ele>
      </trkpt>
      <trkpt lat="42.780831959098577" lon="-0.229286961257458">
        <ele>2161</ele>
      </trkpt>
      <trkpt lat="42.780740009620786" lon="-0.229310011491179">
        <ele>2159</ele>
      </trkpt>
      <trkpt lat="42.780730035156012" lon="-0.229313028976321">
        <ele>2158</ele>
      </trkpt>
      <trkpt lat="42.780702039599419" lon="-0.229320991784334">
        <ele>2157</ele>
      </trkpt>
      <trkpt lat="42.780690975487232" lon="-0.229330966249108">
        <ele>2157</ele>
      </trkpt>
      <trkpt lat="42.780648982152343" lon="-0.229374971240759">
        <ele>2156</ele>
      </trkpt>
      <trkpt lat="42.780607994645834" lon="-0.229433979839087">
        <ele>2155</ele>
      </trkpt>
      <trkpt lat="42.780597014352679" lon="-0.229468010365963">
        <ele>2154</ele>
      </trkpt>
      <trkpt lat="42.780589973554015" lon="-0.229492988437414">
        <ele>2154</ele>
      </trkpt>
      <trkpt lat="42.780584022402763" lon="-0.229541016742587">
        <ele>2154</ele>
      </trkpt>
      <trkpt lat="42.78057899326086" lon="-0.229594996199012">
        <ele>2154</ele>
      </trkpt>
      <trkpt lat="42.780595002695918" lon="-0.229642018675804">
        <ele>2153</ele>
      </trkpt>
      <trkpt lat="42.780600031837821" lon="-0.229692980647087">
        <ele>2153</ele>
      </trkpt>
      <trkpt lat="42.780601037666202" lon="-0.229723993688822">
        <ele>2153</ele>
      </trkpt>
      <trkpt lat="42.780607994645834" lon="-0.229775961488485">
        <ele>2152</ele>
      </trkpt>
      <trkpt lat="42.780609000474215" lon="-0.2298270072788">
        <ele>2151</ele>
      </trkpt>
      <trkpt lat="42.780590979382396" lon="-0.229844022542238">
        <ele>2150</ele>
      </trkpt>
      <trkpt lat="42.780539011582732" lon="-0.229816026985645">
        <ele>2149</ele>
      </trkpt>
      <trkpt lat="42.780536999925971" lon="-0.229808986186981">
        <ele>2149</ele>
      </trkpt>
      <trkpt lat="42.780489977449179" lon="-0.229735979810357">
        <ele>2147</ele>
      </trkpt>
      <trkpt lat="42.780461981892586" lon="-0.229759030044079">
        <ele>2146</ele>
      </trkpt>
      <trkpt lat="42.780452007427812" lon="-0.229852991178632">
        <ele>2145</ele>
      </trkpt>
      <trkpt lat="42.780445972457528" lon="-0.229932032525539">
        <ele>2143</ele>
      </trkpt>
      <trkpt lat="42.780443960800767" lon="-0.230016019195318">
        <ele>2142</ele>
      </trkpt>
      <trkpt lat="42.780382018536329" lon="-0.230131018906832">
        <ele>2141</ele>
      </trkpt>
      <trkpt lat="42.780356034636497" lon="-0.230117021128535">
        <ele>2141</ele>
      </trkpt>
      <trkpt lat="42.78034103102982" lon="-0.230245012789965">
        <ele>2139</ele>
      </trkpt>
      <trkpt lat="42.780294008553028" lon="-0.230327993631363">
        <ele>2138</ele>
      </trkpt>
      <trkpt lat="42.780237011611462" lon="-0.230404017493129">
        <ele>2137</ele>
      </trkpt>
      <trkpt lat="42.78021496720612" lon="-0.230480041354895">
        <ele>2136</ele>
      </trkpt>
      <trkpt lat="42.780173979699612" lon="-0.230510970577598">
        <ele>2135</ele>
      </trkpt>
      <trkpt lat="42.78012896887958" lon="-0.230550030246377">
        <ele>2133</ele>
      </trkpt>
      <trkpt lat="42.78008496388793" lon="-0.230656983330846">
        <ele>2132</ele>
      </trkpt>
      <trkpt lat="42.780049005523324" lon="-0.230741975829005">
        <ele>2131</ele>
      </trkpt>
      <trkpt lat="42.780021009966731" lon="-0.230763014405966">
        <ele>2131</ele>
      </trkpt>
      <trkpt lat="42.779989996924996" lon="-0.230813976377249">
        <ele>2131</ele>
      </trkpt>
      <trkpt lat="42.779950015246868" lon="-0.230854041874409">
        <ele>2130</ele>
      </trkpt>
      <trkpt lat="42.779900981113315" lon="-0.230888994410634">
        <ele>2129</ele>
      </trkpt>
      <trkpt lat="42.779844990000129" lon="-0.230940040200949">
        <ele>2128</ele>
      </trkpt>
      <trkpt lat="42.779767960309982" lon="-0.230971975252032">
        <ele>2126</ele>
      </trkpt>
      <trkpt lat="42.779739964753389" lon="-0.230970969423652">
        <ele>2126</ele>
      </trkpt>
      <trkpt lat="42.779672993347049" lon="-0.231004999950528">
        <ele>2124</ele>
      </trkpt>
      <trkpt lat="42.779626976698637" lon="-0.231054034084082">
        <ele>2123</ele>
      </trkpt>
      <trkpt lat="42.779577020555735" lon="-0.231085969135165">
        <ele>2122</ele>
      </trkpt>
      <trkpt lat="42.779539972543716" lon="-0.231143971905112">
        <ele>2120</ele>
      </trkpt>
      <trkpt lat="42.779494961723685" lon="-0.231194011867046">
        <ele>2119</ele>
      </trkpt>
      <trkpt lat="42.779448023065925" lon="-0.231284033507109">
        <ele>2117</ele>
      </trkpt>
      <trkpt lat="42.779422961175442" lon="-0.231316974386573">
        <ele>2117</ele>
      </trkpt>
      <trkpt lat="42.779369987547398" lon="-0.231367014348507">
        <ele>2116</ele>
      </trkpt>
      <trkpt lat="42.77933101169765" lon="-0.231476984918118">
        <ele>2114</ele>
      </trkpt>
      <trkpt lat="42.779329000040889" lon="-0.231564994901419">
        <ele>2113</ele>
      </trkpt>
      <trkpt lat="42.779294969514012" lon="-0.231624003499746">
        <ele>2113</ele>
      </trkpt>
      <trkpt lat="42.779254987835884" lon="-0.231706984341145">
        <ele>2112</ele>
      </trkpt>
      <trkpt lat="42.779229003936052" lon="-0.231745960190892">
        <ele>2111</ele>
      </trkpt>
      <trkpt lat="42.779208971187472" lon="-0.231756018474698">
        <ele>2110</ele>
      </trkpt>
      <trkpt lat="42.779210982844234" lon="-0.231788037344813">
        <ele>2109</ele>
      </trkpt>
      <trkpt lat="42.779193967580795" lon="-0.231837993487716">
        <ele>2107</ele>
      </trkpt>
      <trkpt lat="42.779163038358092" lon="-0.231873029842973">
        <ele>2106</ele>
      </trkpt>
      <trkpt lat="42.779104029759765" lon="-0.231918040663004">
        <ele>2104</ele>
      </trkpt>
      <trkpt lat="42.779068993404508" lon="-0.232002027332783">
        <ele>2103</ele>
      </trkpt>
      <trkpt lat="42.77905298396945" lon="-0.23204100318253">
        <ele>2102</ele>
      </trkpt>
      <trkpt lat="42.779008978977799" lon="-0.232074027881026">
        <ele>2101</ele>
      </trkpt>
      <trkpt lat="42.778980983421206" lon="-0.232143010944128">
        <ele>2099</ele>
      </trkpt>
      <trkpt lat="42.778938990086317" lon="-0.23219196125865">
        <ele>2099</ele>
      </trkpt>
      <trkpt lat="42.778927003964782" lon="-0.232226997613907">
        <ele>2098</ele>
      </trkpt>
      <trkpt lat="42.778919963166118" lon="-0.232252981513739">
        <ele>2097</ele>
      </trkpt>
      <trkpt lat="42.778878975659609" lon="-0.232308972626925">
        <ele>2096</ele>
      </trkpt>
      <trkpt lat="42.7788379881531" lon="-0.232381979003549">
        <ele>2095</ele>
      </trkpt>
      <trkpt lat="42.778806975111365" lon="-0.232473006471992">
        <ele>2093</ele>
      </trkpt>
      <trkpt lat="42.778781997039914" lon="-0.23253402672708">
        <ele>2092</ele>
      </trkpt>
      <trkpt lat="42.778779985383153" lon="-0.232550036162138">
        <ele>2091</ele>
      </trkpt>
      <trkpt lat="42.778775040060282" lon="-0.232623964548111">
        <ele>2091</ele>
      </trkpt>
      <trkpt lat="42.778765987604856" lon="-0.232638968154788">
        <ele>2090</ele>
      </trkpt>
      <trkpt lat="42.778707984834909" lon="-0.232650032266974">
        <ele>2089</ele>
      </trkpt>
      <trkpt lat="42.778658028692007" lon="-0.232686996459961">
        <ele>2087</ele>
      </trkpt>
      <trkpt lat="42.778598014265299" lon="-0.232711974531412">
        <ele>2086</ele>
      </trkpt>
      <trkpt lat="42.778582004830241" lon="-0.232742987573147">
        <ele>2084</ele>
      </trkpt>
      <trkpt lat="42.778551997616887" lon="-0.232738964259624">
        <ele>2083</ele>
      </trkpt>
      <trkpt lat="42.778545962646604" lon="-0.232737036421895">
        <ele>2083</ele>
      </trkpt>
      <trkpt lat="42.778491983190179" lon="-0.232743993401527">
        <ele>2081</ele>
      </trkpt>
      <trkpt lat="42.778444960713387" lon="-0.232724966481328">
        <ele>2080</ele>
      </trkpt>
      <trkpt lat="42.778430040925741" lon="-0.232719015330076">
        <ele>2080</ele>
      </trkpt>
      <trkpt lat="42.778440015390515" lon="-0.232677021995187">
        <ele>2079</ele>
      </trkpt>
      <trkpt lat="42.778497012332082" lon="-0.23264299146831">
        <ele>2077</ele>
      </trkpt>
      <trkpt lat="42.778512015938759" lon="-0.232595968991518">
        <ele>2076</ele>
      </trkpt>
      <trkpt lat="42.778526013717055" lon="-0.232536038383842">
        <ele>2074</ele>
      </trkpt>
      <trkpt lat="42.778469016775489" lon="-0.232550036162138">
        <ele>2072</ele>
      </trkpt>
      <trkpt lat="42.77842802926898" lon="-0.23255598731339">
        <ele>2071</ele>
      </trkpt>
      <trkpt lat="42.778424005955458" lon="-0.232520028948784">
        <ele>2070</ele>
      </trkpt>
      <trkpt lat="42.778453007340431" lon="-0.232444005087018">
        <ele>2068</ele>
      </trkpt>
      <trkpt lat="42.778483014553785" lon="-0.232381979003549">
        <ele>2067</ele>
      </trkpt>
      <trkpt lat="42.778490977361798" lon="-0.232365969568491">
        <ele>2066</ele>
      </trkpt>
      <trkpt lat="42.778496006503701" lon="-0.232335962355137">
        <ele>2066</ele>
      </trkpt>
      <trkpt lat="42.778490977361798" lon="-0.23229899816215">
        <ele>2064</ele>
      </trkpt>
      <trkpt lat="42.778485026210546" lon="-0.232253987342119">
        <ele>2063</ele>
      </trkpt>
      <trkpt lat="42.778488965705037" lon="-0.232187015935779">
        <ele>2061</ele>
      </trkpt>
      <trkpt lat="42.778488965705037" lon="-0.232174023985863">
        <ele>2061</ele>
      </trkpt>
      <trkpt lat="42.778487959876657" lon="-0.232100011780858">
        <ele>2059</ele>
      </trkpt>
      <trkpt lat="42.778469016775489" lon="-0.232062041759491">
        <ele>2058</ele>
      </trkpt>
      <trkpt lat="42.778436997905374" lon="-0.23210403509438">
        <ele>2057</ele>
      </trkpt>
      <trkpt lat="42.778429035097361" lon="-0.232113003730774">
        <ele>2056</ele>
      </trkpt>
      <trkpt lat="42.778414031490684" lon="-0.232117027044296">
        <ele>2055</ele>
      </trkpt>
      <trkpt lat="42.778417970985174" lon="-0.232055000960827">
        <ele>2054</ele>
      </trkpt>
      <trkpt lat="42.778427023440599" lon="-0.23195500485599">
        <ele>2052</ele>
      </trkpt>
      <trkpt lat="42.778440015390515" lon="-0.23189096711576">
        <ele>2051</ele>
      </trkpt>
      <trkpt lat="42.778401961550117" lon="-0.231880992650986">
        <ele>2049</ele>
      </trkpt>
      <trkpt lat="42.778373965993524" lon="-0.231903037056327">
        <ele>2048</ele>
      </trkpt>
      <trkpt lat="42.778317974880338" lon="-0.231947964057326">
        <ele>2047</ele>
      </trkpt>
      <trkpt lat="42.778304982930422" lon="-0.231973025947809">
        <ele>2045</ele>
      </trkpt>
      <trkpt lat="42.778309006243944" lon="-0.231918962672353">
        <ele>2044</ele>
      </trkpt>
      <trkpt lat="42.778309006243944" lon="-0.231831036508083">
        <ele>2042</ele>
      </trkpt>
      <trkpt lat="42.778317974880338" lon="-0.231735985726118">
        <ele>2040</ele>
      </trkpt>
      <trkpt lat="42.778312023729086" lon="-0.231722993776202">
        <ele>2040</ele>
      </trkpt>
      <trkpt lat="42.77830196544528" lon="-0.231644958257675">
        <ele>2039</ele>
      </trkpt>
      <trkpt lat="42.778303977102041" lon="-0.231615034863353">
        <ele>2038</ele>
      </trkpt>
      <trkpt lat="42.778289979323745" lon="-0.231573963537812">
        <ele>2036</ele>
      </trkpt>
      <trkpt lat="42.778265001252294" lon="-0.231555020436645">
        <ele>2035</ele>
      </trkpt>
      <trkpt lat="42.778237005695701" lon="-0.231555020436645">
        <ele>2033</ele>
      </trkpt>
      <trkpt lat="42.778230970725417" lon="-0.23156700655818">
        <ele>2031</ele>
      </trkpt>
      <trkpt lat="42.77817296795547" lon="-0.231585027649999">
        <ele>2030</ele>
      </trkpt>
      <trkpt lat="42.778124017640948" lon="-0.231625009328127">
        <ele>2029</ele>
      </trkpt>
      <trkpt lat="42.778116976842284" lon="-0.231636995449662">
        <ele>2028</ele>
      </trkpt>
      <trkpt lat="42.778094010427594" lon="-0.231693992391229">
        <ele>2027</ele>
      </trkpt>
      <trkpt lat="42.77808696962893" lon="-0.231638001278043">
        <ele>2026</ele>
      </trkpt>
      <trkpt lat="42.778091998770833" lon="-0.231607994064689">
        <ele>2025</ele>
      </trkpt>
      <trkpt lat="42.778104990720749" lon="-0.231517972424626">
        <ele>2023</ele>
      </trkpt>
      <trkpt lat="42.778113037347794" lon="-0.231442032381892">
        <ele>2021</ele>
      </trkpt>
      <trkpt lat="42.778111025691032" lon="-0.231386041268706">
        <ele>2020</ele>
      </trkpt>
      <trkpt lat="42.778116976842284" lon="-0.231295013800263">
        <ele>2018</ele>
      </trkpt>
      <trkpt lat="42.778098033741117" lon="-0.231243968009949">
        <ele>2018</ele>
      </trkpt>
      <trkpt lat="42.77808596380055" lon="-0.231215972453356">
        <ele>2017</ele>
      </trkpt>
      <trkpt lat="42.778080012649298" lon="-0.231201974675059">
        <ele>2015</ele>
      </trkpt>
      <trkpt lat="42.778055034577847" lon="-0.231198035180569">
        <ele>2013</ele>
      </trkpt>
      <trkpt lat="42.778023015707731" lon="-0.231198035180569">
        <ele>2012</ele>
      </trkpt>
      <trkpt lat="42.778003988787532" lon="-0.231204992160201">
        <ele>2010</ele>
      </trkpt>
      <trkpt lat="42.777995020151138" lon="-0.231207003816962">
        <ele>2010</ele>
      </trkpt>
      <trkpt lat="42.777960989624262" lon="-0.231215972453356">
        <ele>2008</ele>
      </trkpt>
      <trkpt lat="42.77795503847301" lon="-0.231215972453356">
        <ele>2008</ele>
      </trkpt>
      <trkpt lat="42.77791497297585" lon="-0.231216978281736">
        <ele>2006</ele>
      </trkpt>
      <trkpt lat="42.777842972427607" lon="-0.231258971616626">
        <ele>2005</ele>
      </trkpt>
      <trkpt lat="42.777822017669678" lon="-0.231260983273387">
        <ele>2005</ele>
      </trkpt>
      <trkpt lat="42.777780024334788" lon="-0.231242962181568">
        <ele>2003</ele>
      </trkpt>
      <trkpt lat="42.777773989364505" lon="-0.23118001408875">
        <ele>2002</ele>
      </trkpt>
      <trkpt lat="42.777794022113085" lon="-0.231096027418971">
        <ele>2000</ele>
      </trkpt>
      <trkpt lat="42.777794022113085" lon="-0.231064008548856">
        <ele>2000</ele>
      </trkpt>
      <trkpt lat="42.777809025719762" lon="-0.231001982465386">
        <ele>1998</ele>
      </trkpt>
      <trkpt lat="42.777829980477691" lon="-0.230943979695439">
        <ele>1997</ele>
      </trkpt>
      <trkpt lat="42.777878008782864" lon="-0.230896035209298">
        <ele>1996</ele>
      </trkpt>
      <trkpt lat="42.777915978804231" lon="-0.230852030217648">
        <ele>1994</ele>
      </trkpt>
      <trkpt lat="42.777872979640961" lon="-0.230800984427333">
        <ele>1993</ele>
      </trkpt>
      <trkpt lat="42.777814976871014" lon="-0.230751028284431">
        <ele>1992</ele>
      </trkpt>
      <trkpt lat="42.777766026556492" lon="-0.230734013020992">
        <ele>1991</ele>
      </trkpt>
      <trkpt lat="42.777678016573191" lon="-0.230662012472749">
        <ele>1990</ele>
      </trkpt>
      <trkpt lat="42.777635017409921" lon="-0.230614989995956">
        <ele>1989</ele>
      </trkpt>
      <trkpt lat="42.777556981891394" lon="-0.230615995824337">
        <ele>1987</ele>
      </trkpt>
      <trkpt lat="42.777552036568522" lon="-0.230612978339195">
        <ele>1986</ele>
      </trkpt>
      <trkpt lat="42.777535021305084" lon="-0.230614989995956">
        <ele>1984</ele>
      </trkpt>
      <trkpt lat="42.777498979121447" lon="-0.230629993602633">
        <ele>1983</ele>
      </trkpt>
      <trkpt lat="42.777479030191898" lon="-0.230634016916156">
        <ele>1982</ele>
      </trkpt>
      <trkpt lat="42.777386996895075" lon="-0.230668969452381">
        <ele>1980</ele>
      </trkpt>
      <trkpt lat="42.777363024652004" lon="-0.230689002200961">
        <ele>1980</ele>
      </trkpt>
      <trkpt lat="42.777300998568535" lon="-0.230697970837355">
        <ele>1980</ele>
      </trkpt>
      <trkpt lat="42.777289012447" lon="-0.230680033564568">
        <ele>1977</ele>
      </trkpt>
      <trkpt lat="42.777267973870039" lon="-0.230661006644368">
        <ele>1975</ele>
      </trkpt>
      <trkpt lat="42.777179041877389" lon="-0.230669975280762">
        <ele>1973</ele>
      </trkpt>
      <trkpt lat="42.777138976380229" lon="-0.230669975280762">
        <ele>1972</ele>
      </trkpt>
      <trkpt lat="42.777066975831985" lon="-0.230740970000625">
        <ele>1970</ele>
      </trkpt>
      <trkpt lat="42.777051972225308" lon="-0.230753039941192">
        <ele>1970</ele>
      </trkpt>
      <trkpt lat="42.777035962790251" lon="-0.230755973607302">
        <ele>1969</ele>
      </trkpt>
      <trkpt lat="42.776981983333826" lon="-0.230755973607302">
        <ele>1968</ele>
      </trkpt>
      <trkpt lat="42.776951976120472" lon="-0.230804001912475">
        <ele>1967</ele>
      </trkpt>
      <trkpt lat="42.776897996664047" lon="-0.230757985264063">
        <ele>1967</ele>
      </trkpt>
      <trkpt lat="42.776857009157538" lon="-0.230715991929173">
        <ele>1967</ele>
      </trkpt>
      <trkpt lat="42.776733040809631" lon="-0.230807019397616">
        <ele>1966</ele>
      </trkpt>
      <trkpt lat="42.77671099640429" lon="-0.230812970548868">
        <ele>1963</ele>
      </trkpt>
      <trkpt lat="42.776677971705794" lon="-0.230825040489435">
        <ele>1961</ele>
      </trkpt>
      <trkpt lat="42.776636984199286" lon="-0.230837026610971">
        <ele>1960</ele>
      </trkpt>
      <trkpt lat="42.776599014177918" lon="-0.230840966105461">
        <ele>1958</ele>
      </trkpt>
      <trkpt lat="42.776573030278087" lon="-0.230854963883758">
        <ele>1957</ele>
      </trkpt>
      <trkpt lat="42.77653899975121" lon="-0.230865022167563">
        <ele>1956</ele>
      </trkpt>
      <trkpt lat="42.776530031114817" lon="-0.230865022167563">
        <ele>1955</ele>
      </trkpt>
      <trkpt lat="42.776479991152883" lon="-0.230920007452369">
        <ele>1953</ele>
      </trkpt>
      <trkpt lat="42.77640899643302" lon="-0.230913972482085">
        <ele>1953</ele>
      </trkpt>
      <trkpt lat="42.776299025863409" lon="-0.230928976088762">
        <ele>1953</ele>
      </trkpt>
      <trkpt lat="42.776299025863409" lon="-0.230928976088762">
        <ele>1954</ele>
      </trkpt>
      <trkpt lat="42.776190983131528" lon="-0.230920007452369">
        <ele>1955</ele>
      </trkpt>
      <trkpt lat="42.776119988411665" lon="-0.230926964432001">
        <ele>1956</ele>
      </trkpt>
      <trkpt lat="42.77608897536993" lon="-0.230934005230665">
        <ele>1956</ele>
      </trkpt>
      <trkpt lat="42.775953020900488" lon="-0.23087901994586">
        <ele>1957</ele>
      </trkpt>
      <trkpt lat="42.775897029787302" lon="-0.230855969712138">
        <ele>1959</ele>
      </trkpt>
      <trkpt lat="42.775799967348576" lon="-0.230897963047028">
        <ele>1960</ele>
      </trkpt>
      <trkpt lat="42.775788987055421" lon="-0.230921013280749">
        <ele>1960</ele>
      </trkpt>
      <trkpt lat="42.775659989565611" lon="-0.230992008000612">
        <ele>1961</ele>
      </trkpt>
      <trkpt lat="42.775551024824381" lon="-0.230983961373568">
        <ele>1961</ele>
      </trkpt>
      <trkpt lat="42.77548598125577" lon="-0.230972981080413">
        <ele>1962</ele>
      </trkpt>
      <trkpt lat="42.775348015129566" lon="-0.230962000787258">
        <ele>1963</ele>
      </trkpt>
      <trkpt lat="42.775290012359619" lon="-0.230896035209298">
        <ele>1963</ele>
      </trkpt>
      <trkpt lat="42.775267967954278" lon="-0.230890000239015">
        <ele>1963</ele>
      </trkpt>
      <trkpt lat="42.775171995162964" lon="-0.230908021330833">
        <ele>1963</ele>
      </trkpt>
      <trkpt lat="42.77514299377799" lon="-0.230906009674072">
        <ele>1962</ele>
      </trkpt>
      <trkpt lat="42.775092031806707" lon="-0.230894023552537">
        <ele>1961</ele>
      </trkpt>
      <trkpt lat="42.77505699545145" lon="-0.230894023552537">
        <ele>1960</ele>
      </trkpt>
      <trkpt lat="42.774967979639769" lon="-0.230871979147196">
        <ele>1959</ele>
      </trkpt>
      <trkpt lat="42.77495096437633" lon="-0.230874996632338">
        <ele>1958</ele>
      </trkpt>
      <trkpt lat="42.774888016283512" lon="-0.230883965268731">
        <ele>1957</ele>
      </trkpt>
      <trkpt lat="42.77486396022141" lon="-0.230864016339183">
        <ele>1956</ele>
      </trkpt>
      <trkpt lat="42.774817021563649" lon="-0.230834009125829">
        <ele>1955</ele>
      </trkpt>
      <trkpt lat="42.774777039885521" lon="-0.230823028832674">
        <ele>1954</ele>
      </trkpt>
      <trkpt lat="42.774706967175007" lon="-0.230783969163895">
        <ele>1952</ele>
      </trkpt>
      <trkpt lat="42.774686012417078" lon="-0.230778018012643">
        <ele>1952</ele>
      </trkpt>
      <trkpt lat="42.774661034345627" lon="-0.23079302161932">
        <ele>1951</ele>
      </trkpt>
      <trkpt lat="42.7745829988271" lon="-0.230734013020992">
        <ele>1946</ele>
      </trkpt>
      <trkpt lat="42.774508986622095" lon="-0.230734013020992">
        <ele>1944</ele>
      </trkpt>
      <trkpt lat="42.774415025487542" lon="-0.2306869905442">
        <ele>1944</ele>
      </trkpt>
      <trkpt lat="42.774334978312254" lon="-0.230695037171245">
        <ele>1942</ele>
      </trkpt>
      <trkpt lat="42.774267001077533" lon="-0.230713980272412">
        <ele>1942</ele>
      </trkpt>
      <trkpt lat="42.77425903826952" lon="-0.230735018849373">
        <ele>1941</ele>
      </trkpt>
      <trkpt lat="42.774162981659174" lon="-0.230778018012643">
        <ele>1939</ele>
      </trkpt>
      <trkpt lat="42.774122999981046" lon="-0.230782041326165">
        <ele>1939</ele>
      </trkpt>
      <trkpt lat="42.774099027737975" lon="-0.230780029669404">
        <ele>1938</ele>
      </trkpt>
      <trkpt lat="42.774015963077545" lon="-0.230743987485766">
        <ele>1936</ele>
      </trkpt>
      <trkpt lat="42.773999031633139" lon="-0.230736024677753">
        <ele>1936</ele>
      </trkpt>
      <trkpt lat="42.773951003327966" lon="-0.230698976665735">
        <ele>1935</ele>
      </trkpt>
      <trkpt lat="42.773881014436483" lon="-0.230652038007975">
        <ele>1934</ele>
      </trkpt>
      <trkpt lat="42.773845978081226" lon="-0.230619013309479">
        <ele>1931</ele>
      </trkpt>
      <trkpt lat="42.773805996403098" lon="-0.230520023033023">
        <ele>1931</ele>
      </trkpt>
      <trkpt lat="42.773783029988408" lon="-0.230502001941204">
        <ele>1930</ele>
      </trkpt>
      <trkpt lat="42.773743970319629" lon="-0.230485992506146">
        <ele>1930</ele>
      </trkpt>
      <trkpt lat="42.773632993921638" lon="-0.230456991121173">
        <ele>1929</ele>
      </trkpt>
      <trkpt lat="42.773596029728651" lon="-0.230475012212992">
        <ele>1928</ele>
      </trkpt>
      <trkpt lat="42.773500978946686" lon="-0.230542989447713">
        <ele>1928</ele>
      </trkpt>
      <trkpt lat="42.773468038067222" lon="-0.230554975569248">
        <ele>1928</ele>
      </trkpt>
      <trkpt lat="42.773433001711965" lon="-0.23055799305439">
        <ele>1928</ele>
      </trkpt>
      <trkpt lat="42.773350020870566" lon="-0.230552963912487">
        <ele>1929</ele>
      </trkpt>
      <trkpt lat="42.773350020870566" lon="-0.230552963912487">
        <ele>1929</ele>
      </trkpt>
      <trkpt lat="42.773281959816813" lon="-0.230588000267744">
        <ele>1930</ele>
      </trkpt>
      <trkpt lat="42.773256981745362" lon="-0.230605015531182">
        <ele>1930</ele>
      </trkpt>
      <trkpt lat="42.773187998682261" lon="-0.230620019137859">
        <ele>1932</ele>
      </trkpt>
      <trkpt lat="42.773218005895615" lon="-0.230663018301129">
        <ele>1933</ele>
      </trkpt>
      <trkpt lat="42.773178024217486" lon="-0.230695037171245">
        <ele>1935</ele>
      </trkpt>
      <trkpt lat="42.773176012560725" lon="-0.230706017464399">
        <ele>1935</ele>
      </trkpt>
      <trkpt lat="42.773181963711977" lon="-0.230722026899457">
        <ele>1937</ele>
      </trkpt>
      <trkpt lat="42.773181963711977" lon="-0.230722026899457">
        <ele>1938</ele>
      </trkpt>
      <trkpt lat="42.773099988698959" lon="-0.230738036334515">
        <ele>1939</ele>
      </trkpt>
      <trkpt lat="42.773051960393786" lon="-0.230798972770572">
        <ele>1941</ele>
      </trkpt>
      <trkpt lat="42.773064030334353" lon="-0.230850018560886">
        <ele>1942</ele>
      </trkpt>
      <trkpt lat="42.773039974272251" lon="-0.230868961662054">
        <ele>1943</ele>
      </trkpt>
      <trkpt lat="42.773012984544039" lon="-0.230940040200949">
        <ele>1945</ele>
      </trkpt>
      <trkpt lat="42.772983983159065" lon="-0.231018997728825">
        <ele>1948</ele>
      </trkpt>
      <trkpt lat="42.77297199703753" lon="-0.231128968298435">
        <ele>1948</ele>
      </trkpt>
      <trkpt lat="42.772827995941043" lon="-0.231193006038666">
        <ele>1947</ele>
      </trkpt>
      <trkpt lat="42.772774016484618" lon="-0.231208009645343">
        <ele>1947</ele>
      </trkpt>
      <trkpt lat="42.772677037864923" lon="-0.231127040460706">
        <ele>1947</ele>
      </trkpt>
      <trkpt lat="42.772623980417848" lon="-0.231098961085081">
        <ele>1947</ele>
      </trkpt>
      <trkpt lat="42.772554997354746" lon="-0.230988990515471">
        <ele>1947</ele>
      </trkpt>
      <trkpt lat="42.772530019283295" lon="-0.230969041585922">
        <ele>1947</ele>
      </trkpt>
      <trkpt lat="42.772528007626534" lon="-0.230969963595271">
        <ele>1946</ele>
      </trkpt>
      <trkpt lat="42.772506969049573" lon="-0.23096602410078">
        <ele>1944</ele>
      </trkpt>
      <trkpt lat="42.772481990978122" lon="-0.230953032150865">
        <ele>1943</ele>
      </trkpt>
      <trkpt lat="42.772475033998489" lon="-0.230943979695439">
        <ele>1943</ele>
      </trkpt>
      <trkpt lat="42.772419964894652" lon="-0.230916989967227">
        <ele>1942</ele>
      </trkpt>
      <trkpt lat="42.772347964346409" lon="-0.230983039364219">
        <ele>1940</ele>
      </trkpt>
      <trkpt lat="42.77232700958848" lon="-0.231018997728825">
        <ele>1940</ele>
      </trkpt>
      <trkpt lat="42.772302031517029" lon="-0.231068031862378">
        <ele>1939</ele>
      </trkpt>
      <trkpt lat="42.772286022081971" lon="-0.231100972741842">
        <ele>1939</ele>
      </trkpt>
      <trkpt lat="42.772275041788816" lon="-0.231135003268719">
        <ele>1938</ele>
      </trkpt>
      <trkpt lat="42.772244028747082" lon="-0.231131985783577">
        <ele>1936</ele>
      </trkpt>
      <trkpt lat="42.772216033190489" lon="-0.231010029092431">
        <ele>1934</ele>
      </trkpt>
      <trkpt lat="42.772202035412192" lon="-0.230942973867059">
        <ele>1933</ele>
      </trkpt>
      <trkpt lat="42.772179991006851" lon="-0.230989996343851">
        <ele>1932</ele>
      </trkpt>
      <trkpt lat="42.772147972136736" lon="-0.231055961921811">
        <ele>1931</ele>
      </trkpt>
      <trkpt lat="42.772123999893665" lon="-0.231154030188918">
        <ele>1931</ele>
      </trkpt>
      <trkpt lat="42.772110002115369" lon="-0.23118001408875">
        <ele>1930</ele>
      </trkpt>
      <trkpt lat="42.772062979638577" lon="-0.231280010193586">
        <ele>1929</ele>
      </trkpt>
      <trkpt lat="42.772000031545758" lon="-0.231236005201936">
        <ele>1928</ele>
      </trkpt>
      <trkpt lat="42.772015035152435" lon="-0.231135003268719">
        <ele>1926</ele>
      </trkpt>
      <trkpt lat="42.772015035152435" lon="-0.231069959700108">
        <ele>1926</ele>
      </trkpt>
      <trkpt lat="42.771986033767462" lon="-0.230946997180581">
        <ele>1924</ele>
      </trkpt>
      <trkpt lat="42.771981004625559" lon="-0.230898968875408">
        <ele>1923</ele>
      </trkpt>
      <trkpt lat="42.771973041817546" lon="-0.230892011895776">
        <ele>1922</ele>
      </trkpt>
      <trkpt lat="42.771935993805528" lon="-0.230916989967227">
        <ele>1921</ele>
      </trkpt>
      <trkpt lat="42.771890982985497" lon="-0.230926964432001">
        <ele>1919</ele>
      </trkpt>
      <trkpt lat="42.771843038499355" lon="-0.230942973867059">
        <ele>1918</ele>
      </trkpt>
      <trkpt lat="42.771827029064298" lon="-0.230932999402285">
        <ele>1917</ele>
      </trkpt>
      <trkpt lat="42.77181101962924" lon="-0.230945991352201">
        <ele>1917</ele>
      </trkpt>
      <trkpt lat="42.771728038787842" lon="-0.230985973030329">
        <ele>1916</ele>
      </trkpt>
      <trkpt lat="42.771686967462301" lon="-0.230973986908793">
        <ele>1916</ele>
      </trkpt>
      <trkpt lat="42.771651009097695" lon="-0.23096602410078">
        <ele>1915</ele>
      </trkpt>
      <trkpt lat="42.771631982177496" lon="-0.230955965816975">
        <ele>1915</ele>
      </trkpt>
      <trkpt lat="42.771509019657969" lon="-0.230995025485754">
        <ele>1913</ele>
      </trkpt>
      <trkpt lat="42.771461997181177" lon="-0.23100902326405">
        <ele>1912</ele>
      </trkpt>
      <trkpt lat="42.771369963884354" lon="-0.230996031314135">
        <ele>1910</ele>
      </trkpt>
      <trkpt lat="42.771353032439947" lon="-0.230989996343851">
        <ele>1910</ele>
      </trkpt>
      <trkpt lat="42.771268039941788" lon="-0.230985973030329">
        <ele>1909</ele>
      </trkpt>
      <trkpt lat="42.77116796001792" lon="-0.230980021879077">
        <ele>1909</ele>
      </trkpt>
      <trkpt lat="42.771022031083703" lon="-0.230969041585922">
        <ele>1908</ele>
      </trkpt>
      <trkpt lat="42.770941983908415" lon="-0.230958983302116">
        <ele>1908</ele>
      </trkpt>
      <trkpt lat="42.7709099650383" lon="-0.23094498552382">
        <ele>1907</ele>
      </trkpt>
      <trkpt lat="42.770880963653326" lon="-0.230956971645355">
        <ele>1907</ele>
      </trkpt>
      <trkpt lat="42.77082396671176" lon="-0.230978010222316">
        <ele>1907</ele>
      </trkpt>
      <trkpt lat="42.770712990313768" lon="-0.231000976637006">
        <ele>1906</ele>
      </trkpt>
      <trkpt lat="42.77065297588706" lon="-0.231025032699108">
        <ele>1906</ele>
      </trkpt>
      <trkpt lat="42.770582986995578" lon="-0.231032995507121">
        <ele>1905</ele>
      </trkpt>
      <trkpt lat="42.77054300531745" lon="-0.231013968586922">
        <ele>1905</ele>
      </trkpt>
      <trkpt lat="42.770483996719122" lon="-0.230989996343851">
        <ele>1903</ele>
      </trkpt>
      <trkpt lat="42.77045801281929" lon="-0.230963006615639">
        <ele>1902</ele>
      </trkpt>
      <trkpt lat="42.770438985899091" lon="-0.230908021330833">
        <ele>1899</ele>
      </trkpt>
      <trkpt lat="42.770452983677387" lon="-0.230848006904125">
        <ele>1897</ele>
      </trkpt>
      <trkpt lat="42.770439991727471" lon="-0.230767037719488">
        <ele>1896</ele>
      </trkpt>
      <trkpt lat="42.770425993949175" lon="-0.2306869905442">
        <ele>1894</ele>
      </trkpt>
      <trkpt lat="42.770387018099427" lon="-0.230604009702802">
        <ele>1893</ele>
      </trkpt>
      <trkpt lat="42.770339995622635" lon="-0.230551036074758">
        <ele>1892</ele>
      </trkpt>
      <trkpt lat="42.770261038094759" lon="-0.230450034141541">
        <ele>1891</ele>
      </trkpt>
      <trkpt lat="42.770207980647683" lon="-0.230336040258408">
        <ele>1891</ele>
      </trkpt>
      <trkpt lat="42.770145032554865" lon="-0.230248030275106">
        <ele>1890</ele>
      </trkpt>
      <trkpt lat="42.770143020898104" lon="-0.230238977819681">
        <ele>1890</ele>
      </trkpt>
      <trkpt lat="42.770101027563214" lon="-0.230187010020018">
        <ele>1890</ele>
      </trkpt>
      <trkpt lat="42.770060962066054" lon="-0.23015096783638">
        <ele>1890</ele>
      </trkpt>
      <trkpt lat="42.77005098760128" lon="-0.23010796867311">
        <ele>1890</ele>
      </trkpt>
      <trkpt lat="42.770033972337842" lon="-0.230079973116517">
        <ele>1890</ele>
      </trkpt>
      <trkpt lat="42.769937999546528" lon="-0.230003027245402">
        <ele>1890</ele>
      </trkpt>
      <trkpt lat="42.769857030361891" lon="-0.22993303835392">
        <ele>1890</ele>
      </trkpt>
      <trkpt lat="42.769830040633678" lon="-0.229916023090482">
        <ele>1890</ele>
      </trkpt>
      <trkpt lat="42.769712023437023" lon="-0.229853997007012">
        <ele>1890</ele>
      </trkpt>
      <trkpt lat="42.769653014838696" lon="-0.229847962036729">
        <ele>1889</ele>
      </trkpt>
      <trkpt lat="42.76955796405673" lon="-0.229858020320535">
        <ele>1889</ele>
      </trkpt>
      <trkpt lat="42.769467020407319" lon="-0.229866988956928">
        <ele>1887</ele>
      </trkpt>
      <trkpt lat="42.769412035122514" lon="-0.229891967028379">
        <ele>1885</ele>
      </trkpt>
      <trkpt lat="42.769337017089128" lon="-0.229924991726875">
        <ele>1885</ele>
      </trkpt>
      <trkpt lat="42.769205002114177" lon="-0.2299789711833">
        <ele>1884</ele>
      </trkpt>
      <trkpt lat="42.769131995737553" lon="-0.229942006990314">
        <ele>1884</ele>
      </trkpt>
      <trkpt lat="42.769063012674451" lon="-0.229957010596991">
        <ele>1882</ele>
      </trkpt>
      <trkpt lat="42.769074998795986" lon="-0.230015013366938">
        <ele>1881</ele>
      </trkpt>
      <trkpt lat="42.76910500600934" lon="-0.230120038613677">
        <ele>1880</ele>
      </trkpt>
      <trkpt lat="42.769129984080791" lon="-0.230192039161921">
        <ele>1879</ele>
      </trkpt>
      <trkpt lat="42.769188992679119" lon="-0.230311984196305">
        <ele>1878</ele>
      </trkpt>
      <trkpt lat="42.769202990457416" lon="-0.23036302998662">
        <ele>1877</ele>
      </trkpt>
      <trkpt lat="42.769186981022358" lon="-0.230467971414328">
        <ele>1876</ele>
      </trkpt>
      <trkpt lat="42.769145993515849" lon="-0.230445004999638">
        <ele>1875</ele>
      </trkpt>
      <trkpt lat="42.769128978252411" lon="-0.230427989736199">
        <ele>1875</ele>
      </trkpt>
      <trkpt lat="42.769119003787637" lon="-0.230378033593297">
        <ele>1874</ele>
      </trkpt>
      <trkpt lat="42.769059995189309" lon="-0.230310978367925">
        <ele>1873</ele>
      </trkpt>
      <trkpt lat="42.76904197409749" lon="-0.230278037488461">
        <ele>1873</ele>
      </trkpt>
      <trkpt lat="42.768937032669783" lon="-0.230209976434708">
        <ele>1872</ele>
      </trkpt>
      <trkpt lat="42.768897973001003" lon="-0.23019103333354">
        <ele>1872</ele>
      </trkpt>
      <trkpt lat="42.768815997987986" lon="-0.230101011693478">
        <ele>1870</ele>
      </trkpt>
      <trkpt lat="42.768728993833065" lon="-0.230057006701827">
        <ele>1869</ele>
      </trkpt>
      <trkpt lat="42.768678031861782" lon="-0.230168988928199">
        <ele>1868</ele>
      </trkpt>
      <trkpt lat="42.768663028255105" lon="-0.230196984484792">
        <ele>1867</ele>
      </trkpt>
      <trkpt lat="42.768648024648428" lon="-0.230221962556243">
        <ele>1867</ele>
      </trkpt>
      <trkpt lat="42.768623968586326" lon="-0.230192961171269">
        <ele>1866</ele>
      </trkpt>
      <trkpt lat="42.768581975251436" lon="-0.230125989764929">
        <ele>1866</ele>
      </trkpt>
      <trkpt lat="42.768560014665127" lon="-0.230075027793646">
        <ele>1866</ele>
      </trkpt>
      <trkpt lat="42.768521960824728" lon="-0.230005038902164">
        <ele>1864</ele>
      </trkpt>
      <trkpt lat="42.768462030217052" lon="-0.230069998651743">
        <ele>1862</ele>
      </trkpt>
      <trkpt lat="42.768420958891511" lon="-0.230061030015349">
        <ele>1861</ele>
      </trkpt>
      <trkpt lat="42.76837301440537" lon="-0.230125989764929">
        <ele>1860</ele>
      </trkpt>
      <trkpt lat="42.768318029120564" lon="-0.230178963392973">
        <ele>1859</ele>
      </trkpt>
      <trkpt lat="42.768308976665139" lon="-0.230211988091469">
        <ele>1859</ele>
      </trkpt>
      <trkpt lat="42.768186014145613" lon="-0.230416003614664">
        <ele>1859</ele>
      </trkpt>
      <trkpt lat="42.767938999459147" lon="-0.230593029409647">
        <ele>1858</ele>
      </trkpt>
      <trkpt lat="42.767788041383028" lon="-0.230622030794621">
        <ele>1856</ele>
      </trkpt>
      <trkpt lat="42.767649991437793" lon="-0.230622030794621">
        <ele>1854</ele>
      </trkpt>
      <trkpt lat="42.76760196313262" lon="-0.230626976117492">
        <ele>1853</ele>
      </trkpt>
      <trkpt lat="42.767503978684545" lon="-0.230671986937523">
        <ele>1852</ele>
      </trkpt>
      <trkpt lat="42.767446981742978" lon="-0.230651032179594">
        <ele>1851</ele>
      </trkpt>
      <trkpt lat="42.767383027821779" lon="-0.230648014694452">
        <ele>1850</ele>
      </trkpt>
      <trkpt lat="42.767332987859845" lon="-0.230640973895788">
        <ele>1849</ele>
      </trkpt>
      <trkpt lat="42.767303986474872" lon="-0.230660000815988">
        <ele>1848</ele>
      </trkpt>
      <trkpt lat="42.767259981483221" lon="-0.230679027736187">
        <ele>1846</ele>
      </trkpt>
      <trkpt lat="42.767255958169699" lon="-0.230638962239027">
        <ele>1846</ele>
      </trkpt>
      <trkpt lat="42.767211031168699" lon="-0.230617001652718">
        <ele>1845</ele>
      </trkpt>
      <trkpt lat="42.767184041440487" lon="-0.230619013309479">
        <ele>1845</ele>
      </trkpt>
      <trkpt lat="42.767157973721623" lon="-0.230640973895788">
        <ele>1844</ele>
      </trkpt>
      <trkpt lat="42.767029982060194" lon="-0.230612978339195">
        <ele>1843</ele>
      </trkpt>
      <trkpt lat="42.766899978742003" lon="-0.230612978339195">
        <ele>1844</ele>
      </trkpt>
      <trkpt lat="42.76687198318541" lon="-0.230615995824337">
        <ele>1842</ele>
      </trkpt>
      <trkpt lat="42.766804005950689" lon="-0.230566961690784">
        <ele>1839</ele>
      </trkpt>
      <trkpt lat="42.766758995130658" lon="-0.230574002489448">
        <ele>1838</ele>
      </trkpt>
      <trkpt lat="42.766733011230826" lon="-0.230593029409647">
        <ele>1838</ele>
      </trkpt>
      <trkpt lat="42.766743991523981" lon="-0.230696965008974">
        <ele>1835</ele>
      </trkpt>
      <trkpt lat="42.76667601428926" lon="-0.230742981657386">
        <ele>1833</ele>
      </trkpt>
      <trkpt lat="42.766609964892268" lon="-0.230767959728837">
        <ele>1832</ele>
      </trkpt>
      <trkpt lat="42.766522960737348" lon="-0.230733007192612">
        <ele>1832</ele>
      </trkpt>
      <trkpt lat="42.766481973230839" lon="-0.230698976665735">
        <ele>1832</ele>
      </trkpt>
      <trkpt lat="42.766465963795781" lon="-0.230698976665735">
        <ele>1831</ele>
      </trkpt>
      <trkpt lat="42.766438974067569" lon="-0.230691013857722">
        <ele>1827</ele>
      </trkpt>
      <trkpt lat="42.766435034573078" lon="-0.230700988322496">
        <ele>1813</ele>
      </trkpt>
      <trkpt lat="42.766396980732679" lon="-0.230737030506134">
        <ele>1812</ele>
      </trkpt>
      <trkpt lat="42.766313999891281" lon="-0.230761002749205">
        <ele>1810</ele>
      </trkpt>
      <trkpt lat="42.766253985464573" lon="-0.230755973607302">
        <ele>1808</ele>
      </trkpt>
      <trkpt lat="42.76624602265656" lon="-0.230795033276081">
        <ele>1805</ele>
      </trkpt>
      <trkpt lat="42.766226995736361" lon="-0.230920007452369">
        <ele>1803</ele>
      </trkpt>
      <trkpt lat="42.766211992129683" lon="-0.231026038527489">
        <ele>1802</ele>
      </trkpt>
      <trkpt lat="42.766211992129683" lon="-0.231041964143515">
        <ele>1800</ele>
      </trkpt>
      <trkpt lat="42.766201011836529" lon="-0.231067026033998">
        <ele>1798</ele>
      </trkpt>
      <trkpt lat="42.766191959381104" lon="-0.231100972741842">
        <ele>1796</ele>
      </trkpt>
      <trkpt lat="42.766140997409821" lon="-0.2311169821769">
        <ele>1795</ele>
      </trkpt>
      <trkpt lat="42.766140997409821" lon="-0.2311169821769">
        <ele>1793</ele>
      </trkpt>
      <trkpt lat="42.766102021560073" lon="-0.231080017983913">
        <ele>1790</ele>
      </trkpt>
      <trkpt lat="42.766041001304984" lon="-0.231000976637006">
        <ele>1789</ele>
      </trkpt>
      <trkpt lat="42.766004959121346" lon="-0.230984967201948">
        <ele>1789</ele>
      </trkpt>
      <trkpt lat="42.766004037111998" lon="-0.23098798468709">
        <ele>1790</ele>
      </trkpt>
      <trkpt lat="42.765985010191798" lon="-0.230960994958878">
        <ele>1790</ele>
      </trkpt>
      <trkpt lat="42.765985010191798" lon="-0.230960994958878">
        <ele>1790</ele>
      </trkpt>
      <trkpt lat="42.765981992706656" lon="-0.230969041585922">
        <ele>1790</ele>
      </trkpt>
      <trkpt lat="42.765982998535037" lon="-0.230962000787258">
        <ele>1790</ele>
      </trkpt>
      <trkpt lat="42.765982998535037" lon="-0.230962000787258">
        <ele>1790</ele>
      </trkpt>
      <trkpt lat="42.766004959121346" lon="-0.230973986908793">
        <ele>1789</ele>
      </trkpt>
      <trkpt lat="42.766007976606488" lon="-0.2309650182724">
        <ele>1789</ele>
      </trkpt>
      <trkpt lat="42.765991967171431" lon="-0.231054034084082">
        <ele>1788</ele>
      </trkpt>
      <trkpt lat="42.76598802767694" lon="-0.231064008548856">
        <ele>1788</ele>
      </trkpt>
      <trkpt lat="42.765961959958076" lon="-0.231098961085081">
        <ele>1787</ele>
      </trkpt>
      <trkpt lat="42.765948968008161" lon="-0.231124022975564">
        <ele>1786</ele>
      </trkpt>
      <trkpt lat="42.765929019078612" lon="-0.231184959411621">
        <ele>1785</ele>
      </trkpt>
      <trkpt lat="42.765966989099979" lon="-0.231232987716794">
        <ele>1783</ele>
      </trkpt>
      <trkpt lat="42.766005964949727" lon="-0.23126601241529">
        <ele>1783</ele>
      </trkpt>
      <trkpt lat="42.766039995476604" lon="-0.231322003528476">
        <ele>1782</ele>
      </trkpt>
      <trkpt lat="42.766073020175099" lon="-0.231317980214953">
        <ele>1780</ele>
      </trkpt>
      <trkpt lat="42.766063967719674" lon="-0.231347987428308">
        <ele>1779</ele>
      </trkpt>
      <trkpt lat="42.766099004074931" lon="-0.231401966884732">
        <ele>1777</ele>
      </trkpt>
      <trkpt lat="42.766109984368086" lon="-0.231386041268706">
        <ele>1776</ele>
      </trkpt>
      <trkpt lat="42.766126999631524" lon="-0.231402972713113">
        <ele>1775</ele>
      </trkpt>
      <trkpt lat="42.766094980761409" lon="-0.231423005461693">
        <ele>1774</ele>
      </trkpt>
      <trkpt lat="42.766059022396803" lon="-0.231414036825299">
        <ele>1772</ele>
      </trkpt>
      <trkpt lat="42.766002025455236" lon="-0.231410013511777">
        <ele>1771</ele>
      </trkpt>
      <trkpt lat="42.765984004363418" lon="-0.2313950099051">
        <ele>1771</ele>
      </trkpt>
      <trkpt lat="42.765963971614838" lon="-0.231390986591578">
        <ele>1769</ele>
      </trkpt>
      <trkpt lat="42.765863975510001" lon="-0.231354022398591">
        <ele>1769</ele>
      </trkpt>
      <trkpt lat="42.7657759655267" lon="-0.231305994093418">
        <ele>1767</ele>
      </trkpt>
      <trkpt lat="42.765739001333714" lon="-0.231300964951515">
        <ele>1765</ele>
      </trkpt>
      <trkpt lat="42.765736989676952" lon="-0.231363996863365">
        <ele>1764</ele>
      </trkpt>
      <trkpt lat="42.765735983848572" lon="-0.231387969106436">
        <ele>1761</ele>
      </trkpt>
      <trkpt lat="42.765729026868939" lon="-0.231412025168538">
        <ele>1759</ele>
      </trkpt>
      <trkpt lat="42.765663983300328" lon="-0.231447983533144">
        <ele>1759</ele>
      </trkpt>
      <trkpt lat="42.765627019107342" lon="-0.231456030160189">
        <ele>1756</ele>
      </trkpt>
      <trkpt lat="42.76560396887362" lon="-0.231445971876383">
        <ele>1752</ele>
      </trkpt>
      <trkpt lat="42.765573039650917" lon="-0.231477990746498">
        <ele>1750</ele>
      </trkpt>
      <trkpt lat="42.765569016337395" lon="-0.231516966596246">
        <ele>1750</ele>
      </trkpt>
      <trkpt lat="42.765556024387479" lon="-0.231544962152839">
        <ele>1750</ele>
      </trkpt>
      <trkpt lat="42.765491986647248" lon="-0.231578992679715">
        <ele>1750</ele>
      </trkpt>
      <trkpt lat="42.765419986099005" lon="-0.231583015993238">
        <ele>1750</ele>
      </trkpt>
      <trkpt lat="42.765341028571129" lon="-0.231605982407928">
        <ele>1750</ele>
      </trkpt>
      <trkpt lat="42.765256036072969" lon="-0.231658034026623">
        <ele>1749</ele>
      </trkpt>
      <trkpt lat="42.765207001939416" lon="-0.231664991006255">
        <ele>1749</ele>
      </trkpt>
      <trkpt lat="42.765207001939416" lon="-0.231664991006255">
        <ele>1749</ele>
      </trkpt>
      <trkpt lat="42.765144975855947" lon="-0.231682006269693">
        <ele>1748</ele>
      </trkpt>
      <trkpt lat="42.765102982521057" lon="-0.231687035411596">
        <ele>1748</ele>
      </trkpt>
      <trkpt lat="42.764993011951447" lon="-0.23176196962595">
        <ele>1747</ele>
      </trkpt>
      <trkpt lat="42.764993011951447" lon="-0.23176196962595">
        <ele>1747</ele>
      </trkpt>
      <trkpt lat="42.764950012788177" lon="-0.231774961575866">
        <ele>1746</ele>
      </trkpt>
      <trkpt lat="42.764945989474654" lon="-0.231777979061008">
        <ele>1746</ele>
      </trkpt>
      <trkpt lat="42.764901984483004" lon="-0.231873029842973">
        <ele>1746</ele>
      </trkpt>
      <trkpt lat="42.764851022511721" lon="-0.231895996257663">
        <ele>1746</ele>
      </trkpt>
      <trkpt lat="42.764826966449618" lon="-0.231889961287379">
        <ele>1745</ele>
      </trkpt>
      <trkpt lat="42.764812968671322" lon="-0.231893984600902">
        <ele>1744</ele>
      </trkpt>
      <trkpt lat="42.764774998649955" lon="-0.231918040663004">
        <ele>1744</ele>
      </trkpt>
      <trkpt lat="42.764723030850291" lon="-0.23197797127068">
        <ele>1743</ele>
      </trkpt>
      <trkpt lat="42.764685982838273" lon="-0.232025999575853">
        <ele>1743</ele>
      </trkpt>
      <trkpt lat="42.764685982838273" lon="-0.23208299651742">
        <ele>1743</ele>
      </trkpt>
      <trkpt lat="42.764665028080344" lon="-0.232191039249301">
        <ele>1742</ele>
      </trkpt>
      <trkpt lat="42.764673996716738" lon="-0.232289023697376">
        <ele>1741</ele>
      </trkpt>
      <trkpt lat="42.764626974239945" lon="-0.232392959296703">
        <ele>1739</ele>
      </trkpt>
      <trkpt lat="42.764562014490366" lon="-0.232478035613894">
        <ele>1739</ele>
      </trkpt>
      <trkpt lat="42.764513986185193" lon="-0.232553975656629">
        <ele>1738</ele>
      </trkpt>
      <trkpt lat="42.764494037255645" lon="-0.23255699314177">
        <ele>1738</ele>
      </trkpt>
      <trkpt lat="42.7644859906286" lon="-0.23255598731339">
        <ele>1737</ele>
      </trkpt>
      <trkpt lat="42.764479033648968" lon="-0.232549030333757">
        <ele>1737</ele>
      </trkpt>
      <trkpt lat="42.764466041699052" lon="-0.232528997585177">
        <ele>1736</ele>
      </trkpt>
      <trkpt lat="42.764472998678684" lon="-0.232421038672328">
        <ele>1734</ele>
      </trkpt>
      <trkpt lat="42.764436034485698" lon="-0.232322970405221">
        <ele>1733</ele>
      </trkpt>
      <trkpt lat="42.76442002505064" lon="-0.232300003990531">
        <ele>1733</ele>
      </trkpt>
      <trkpt lat="42.764371996745467" lon="-0.232280977070332">
        <ele>1732</ele>
      </trkpt>
      <trkpt lat="42.764371996745467" lon="-0.232280977070332">
        <ele>1732</ele>
      </trkpt>
      <trkpt lat="42.764323968440294" lon="-0.232267985120416">
        <ele>1731</ele>
      </trkpt>
      <trkpt lat="42.764306031167507" lon="-0.232287012040615">
        <ele>1731</ele>
      </trkpt>
      <trkpt lat="42.764267977327108" lon="-0.232309978455305">
        <ele>1731</ele>
      </trkpt>
      <trkpt lat="42.764267977327108" lon="-0.232309978455305">
        <ele>1731</ele>
      </trkpt>
      <trkpt lat="42.764225983992219" lon="-0.232306960970163">
        <ele>1729</ele>
      </trkpt>
      <trkpt lat="42.764207040891051" lon="-0.232335040345788">
        <ele>1728</ele>
      </trkpt>
      <trkpt lat="42.764211986213923" lon="-0.23236102424562">
        <ele>1727</ele>
      </trkpt>
      <trkpt lat="42.764209974557161" lon="-0.232462026178837">
        <ele>1727</ele>
      </trkpt>
      <trkpt lat="42.764168987050653" lon="-0.232563028112054">
        <ele>1726</ele>
      </trkpt>
      <trkpt lat="42.76403496041894" lon="-0.232474012300372">
        <ele>1725</ele>
      </trkpt>
      <trkpt lat="42.764005959033966" lon="-0.232408968731761">
        <ele>1725</ele>
      </trkpt>
      <trkpt lat="42.763988021761179" lon="-0.232338979840279">
        <ele>1724</ele>
      </trkpt>
      <trkpt lat="42.763935970142484" lon="-0.232264967635274">
        <ele>1723</ele>
      </trkpt>
      <trkpt lat="42.763902023434639" lon="-0.232225991785526">
        <ele>1722</ele>
      </trkpt>
      <trkpt lat="42.763871010392904" lon="-0.232164971530437">
        <ele>1721</ele>
      </trkpt>
      <trkpt lat="42.763807978481054" lon="-0.232090037316084">
        <ele>1720</ele>
      </trkpt>
      <trkpt lat="42.763799009844661" lon="-0.232070004567504">
        <ele>1720</ele>
      </trkpt>
      <trkpt lat="42.763761039823294" lon="-0.23206103593111">
        <ele>1719</ele>
      </trkpt>
      <trkpt lat="42.763728015124798" lon="-0.232053995132446">
        <ele>1717</ele>
      </trkpt>
      <trkpt lat="42.7636450342834" lon="-0.2320840023458">
        <ele>1716</ele>
      </trkpt>
      <trkpt lat="42.763638999313116" lon="-0.232116021215916">
        <ele>1715</ele>
      </trkpt>
      <trkpt lat="42.76358200237155" lon="-0.232115015387535">
        <ele>1713</ele>
      </trkpt>
      <trkpt lat="42.763544032350183" lon="-0.232101017609239">
        <ele>1711</ele>
      </trkpt>
      <trkpt lat="42.763560963794589" lon="-0.232175029814243">
        <ele>1709</ele>
      </trkpt>
      <trkpt lat="42.763555012643337" lon="-0.232199002057314">
        <ele>1707</ele>
      </trkpt>
      <trkpt lat="42.763555012643337" lon="-0.232199002057314">
        <ele>1707</ele>
      </trkpt>
      <trkpt lat="42.763502961024642" lon="-0.232219034805894">
        <ele>1706</ele>
      </trkpt>
      <trkpt lat="42.763473959639668" lon="-0.232205037027597">
        <ele>1705</ele>
      </trkpt>
      <trkpt lat="42.763400031253695" lon="-0.232148040086031">
        <ele>1703</ele>
      </trkpt>
      <trkpt lat="42.763373963534832" lon="-0.232130018994212">
        <ele>1702</ele>
      </trkpt>
      <trkpt lat="42.763342028483748" lon="-0.232096994295716">
        <ele>1701</ele>
      </trkpt>
      <trkpt lat="42.763333981856704" lon="-0.232089031487703">
        <ele>1700</ele>
      </trkpt>
      <trkpt lat="42.763315038755536" lon="-0.232118032872677">
        <ele>1699</ele>
      </trkpt>
      <trkpt lat="42.763319984078407" lon="-0.232174023985863">
        <ele>1697</ele>
      </trkpt>
      <trkpt lat="42.763382010161877" lon="-0.232264967635274">
        <ele>1695</ele>
      </trkpt>
      <trkpt lat="42.763401959091425" lon="-0.232312995940447">
        <ele>1694</ele>
      </trkpt>
      <trkpt lat="42.763396007940173" lon="-0.232337974011898">
        <ele>1693</ele>
      </trkpt>
      <trkpt lat="42.763427020981908" lon="-0.232365969568491">
        <ele>1691</ele>
      </trkpt>
      <trkpt lat="42.763401037082076" lon="-0.232400000095367">
        <ele>1690</ele>
      </trkpt>
      <trkpt lat="42.763314032927155" lon="-0.232325987890363">
        <ele>1688</ele>
      </trkpt>
      <trkpt lat="42.763245971873403" lon="-0.232263961806893">
        <ele>1685</ele>
      </trkpt>
      <trkpt lat="42.763215964660048" lon="-0.232244012877345">
        <ele>1684</ele>
      </trkpt>
      <trkpt lat="42.763191992416978" lon="-0.232240995392203">
        <ele>1682</ele>
      </trkpt>
      <trkpt lat="42.763142958283424" lon="-0.232220962643623">
        <ele>1681</ele>
      </trkpt>
      <trkpt lat="42.763099959120154" lon="-0.232258010655642">
        <ele>1680</ele>
      </trkpt>
      <trkpt lat="42.763080010190606" lon="-0.232277037575841">
        <ele>1679</ele>
      </trkpt>
      <trkpt lat="42.763114040717483" lon="-0.23231903091073">
        <ele>1677</ele>
      </trkpt>
      <trkpt lat="42.763179000467062" lon="-0.232337974011898">
        <ele>1675</ele>
      </trkpt>
      <trkpt lat="42.763245971873403" lon="-0.232402011752129">
        <ele>1674</ele>
      </trkpt>
      <trkpt lat="42.763233985751867" lon="-0.232421038672328">
        <ele>1673</ele>
      </trkpt>
      <trkpt lat="42.763197021558881" lon="-0.232434030622244">
        <ele>1670</ele>
      </trkpt>
      <trkpt lat="42.763119991868734" lon="-0.23244802840054">
        <ele>1669</ele>
      </trkpt>
      <trkpt lat="42.763085961341858" lon="-0.232452973723412">
        <ele>1667</ele>
      </trkpt>
      <trkpt lat="42.763032987713814" lon="-0.232415003702044">
        <ele>1666</ele>
      </trkpt>
      <trkpt lat="42.762964004650712" lon="-0.232376027852297">
        <ele>1664</ele>
      </trkpt>
      <trkpt lat="42.762898039072752" lon="-0.23236496374011">
        <ele>1662</ele>
      </trkpt>
      <trkpt lat="42.762840036302805" lon="-0.232362030074">
        <ele>1660</ele>
      </trkpt>
      <trkpt lat="42.762836012989283" lon="-0.232355995103717">
        <ele>1660</ele>
      </trkpt>
      <trkpt lat="42.762798964977264" lon="-0.232343003153801">
        <ele>1658</ele>
      </trkpt>
      <trkpt lat="42.762746997177601" lon="-0.232325987890363">
        <ele>1657</ele>
      </trkpt>
      <trkpt lat="42.762707015499473" lon="-0.232311990112066">
        <ele>1655</ele>
      </trkpt>
      <trkpt lat="42.762705003842711" lon="-0.232377033680677">
        <ele>1654</ele>
      </trkpt>
      <trkpt lat="42.762769041582942" lon="-0.232564033940434">
        <ele>1652</ele>
      </trkpt>
      <trkpt lat="42.762779016047716" lon="-0.232603009790182">
        <ele>1650</ele>
      </trkpt>
      <trkpt lat="42.762826038524508" lon="-0.232649026438594">
        <ele>1650</ele>
      </trkpt>
      <trkpt lat="42.762822015210986" lon="-0.232659000903368">
        <ele>1647</ele>
      </trkpt>
      <trkpt lat="42.762836012989283" lon="-0.232720021158457">
        <ele>1645</ele>
      </trkpt>
      <trkpt lat="42.762855961918831" lon="-0.2327920217067">
        <ele>1643</ele>
      </trkpt>
      <trkpt lat="42.762893009930849" lon="-0.232818005606532">
        <ele>1641</ele>
      </trkpt>
      <trkpt lat="42.762820003554225" lon="-0.23283502086997">
        <ele>1640</ele>
      </trkpt>
      <trkpt lat="42.762732999399304" lon="-0.232828985899687">
        <ele>1639</ele>
      </trkpt>
      <trkpt lat="42.762727970257401" lon="-0.232851030305028">
        <ele>1638</ele>
      </trkpt>
      <trkpt lat="42.762683965265751" lon="-0.232865028083324">
        <ele>1638</ele>
      </trkpt>
      <trkpt lat="42.7626589871943" lon="-0.232897968962789">
        <ele>1638</ele>
      </trkpt>
      <trkpt lat="42.762582963332534" lon="-0.232955971732736">
        <ele>1637</ele>
      </trkpt>
      <trkpt lat="42.762527978047729" lon="-0.233021015301347">
        <ele>1637</ele>
      </trkpt>
      <trkpt lat="42.762540969997644" lon="-0.233188988640904">
        <ele>1638</ele>
      </trkpt>
    </trkseg>
  </trk>

</gpx>