<?xml version="1.0" encoding="utf-8"?><gpx creator="Garmin Desktop App" version="1.1" xsi:schemaLocation="http://www.topografix.com/GPX/1/1 http://www.topografix.com/GPX/1/1/gpx.xsd http://www.garmin.com/xmlschemas/WaypointExtension/v1 http://www8.garmin.com/xmlschemas/WaypointExtensionv1.xsd http://www.garmin.com/xmlschemas/TrackPointExtension/v1 http://www.garmin.com/xmlschemas/TrackPointExtensionv1.xsd http://www.garmin.com/xmlschemas/GpxExtensions/v3 http://www8.garmin.com/xmlschemas/GpxExtensionsv3.xsd http://www.garmin.com/xmlschemas/ActivityExtension/v1 http://www8.garmin.com/xmlschemas/ActivityExtensionv1.xsd http://www.garmin.com/xmlschemas/AdventuresExtensions/v1 http://www8.garmin.com/xmlschemas/AdventuresExtensionv1.xsd http://www.garmin.com/xmlschemas/PressureExtension/v1 http://www.garmin.com/xmlschemas/PressureExtensionv1.xsd http://www.garmin.com/xmlschemas/TripExtensions/v1 http://www.garmin.com/xmlschemas/TripExtensionsv1.xsd http://www.garmin.com/xmlschemas/TripMetaDataExtensions/v1 http://www.garmin.com/xmlschemas/TripMetaDataExtensionsv1.xsd http://www.garmin.com/xmlschemas/ViaPointTransportationModeExtensions/v1 http://www.garmin.com/xmlschemas/ViaPointTransportationModeExtensionsv1.xsd http://www.garmin.com/xmlschemas/CreationTimeExtension/v1 http://www.garmin.com/xmlschemas/CreationTimeExtensionsv1.xsd http://www.garmin.com/xmlschemas/AccelerationExtension/v1 http://www.garmin.com/xmlschemas/AccelerationExtensionv1.xsd http://www.garmin.com/xmlschemas/PowerExtension/v1 http://www.garmin.com/xmlschemas/PowerExtensionv1.xsd http://www.garmin.com/xmlschemas/VideoExtension/v1 http://www.garmin.com/xmlschemas/VideoExtensionv1.xsd" xmlns="http://www.topografix.com/GPX/1/1" xmlns:xsi="http://www.w3.org/2001/XMLSchema-instance" xmlns:wptx1="http://www.garmin.com/xmlschemas/WaypointExtension/v1" xmlns:gpxtrx="http://www.garmin.com/xmlschemas/GpxExtensions/v3" xmlns:gpxtpx="http://www.garmin.com/xmlschemas/TrackPointExtension/v1" xmlns:gpxx="http://www.garmin.com/xmlschemas/GpxExtensions/v3" xmlns:trp="http://www.garmin.com/xmlschemas/TripExtensions/v1" xmlns:adv="http://www.garmin.com/xmlschemas/AdventuresExtensions/v1" xmlns:prs="http://www.garmin.com/xmlschemas/PressureExtension/v1" xmlns:tmd="http://www.garmin.com/xmlschemas/TripMetaDataExtensions/v1" xmlns:vptm="http://www.garmin.com/xmlschemas/ViaPointTransportationModeExtensions/v1" xmlns:ctx="http://www.garmin.com/xmlschemas/CreationTimeExtension/v1" xmlns:gpxacc="http://www.garmin.com/xmlschemas/AccelerationExtension/v1" xmlns:gpxpx="http://www.garmin.com/xmlschemas/PowerExtension/v1" xmlns:vidx1="http://www.garmin.com/xmlschemas/VideoExtension/v1">

  <metadata>
    <link href="http://www.garmin.com">
      <text>Garmin International</text>
    </link>
    <time>2026-05-10T12:42:02Z</time>
    <bounds maxlat="42.695142002776265" maxlon="0.019305031746626" minlat="42.635025987401605" minlon="-0.123294023796916" />
  </metadata>

  <trk>
    <name>GR11_16_Bujaruelo-Goriz</name>
    <extensions>
      <gpxx:TrackExtension>
        <gpxx:DisplayColor>Black</gpxx:DisplayColor>
      </gpxx:TrackExtension>
    </extensions>
    <trkseg>
      <trkpt lat="42.694515958428383" lon="-0.106845963746309">
        <ele>1336</ele>
      </trkpt>
      <trkpt lat="42.694547977298498" lon="-0.106763988733292">
        <ele>1336</ele>
      </trkpt>
      <trkpt lat="42.694557029753923" lon="-0.106754014268517">
        <ele>1336</ele>
      </trkpt>
      <trkpt lat="42.69470295868814" lon="-0.106616970151663">
        <ele>1337</ele>
      </trkpt>
      <trkpt lat="42.694824999198318" lon="-0.1065459754318">
        <ele>1338</ele>
      </trkpt>
      <trkpt lat="42.694961037486792" lon="-0.1063940115273">
        <ele>1339</ele>
      </trkpt>
      <trkpt lat="42.695042006671429" lon="-0.106212040409446">
        <ele>1339</ele>
      </trkpt>
      <trkpt lat="42.695124987512827" lon="-0.106039959937334">
        <ele>1337</ele>
      </trkpt>
      <trkpt lat="42.695142002776265" lon="-0.105996038764715">
        <ele>1337</ele>
      </trkpt>
      <trkpt lat="42.695134961977601" lon="-0.105966031551361">
        <ele>1341</ele>
      </trkpt>
      <trkpt lat="42.695134961977601" lon="-0.105966031551361">
        <ele>1350</ele>
      </trkpt>
      <trkpt lat="42.695061033591628" lon="-0.105886990204453">
        <ele>1340</ele>
      </trkpt>
      <trkpt lat="42.695035971701145" lon="-0.105824964120984">
        <ele>1339</ele>
      </trkpt>
      <trkpt lat="42.695004036650062" lon="-0.105737037956715">
        <ele>1338</ele>
      </trkpt>
      <trkpt lat="42.694904040545225" lon="-0.105710970237851">
        <ele>1337</ele>
      </trkpt>
      <trkpt lat="42.694821981713176" lon="-0.105643998831511">
        <ele>1336</ele>
      </trkpt>
      <trkpt lat="42.694780994206667" lon="-0.105588007718325">
        <ele>1336</ele>
      </trkpt>
      <trkpt lat="42.694739000871778" lon="-0.105536039918661">
        <ele>1336</ele>
      </trkpt>
      <trkpt lat="42.694715028628707" lon="-0.105511983856559">
        <ele>1336</ele>
      </trkpt>
      <trkpt lat="42.694693990051746" lon="-0.105434032157063">
        <ele>1338</ele>
      </trkpt>
      <trkpt lat="42.694664988666773" lon="-0.105406958609819">
        <ele>1339</ele>
      </trkpt>
      <trkpt lat="42.694587036967278" lon="-0.10532196611166">
        <ele>1341</ele>
      </trkpt>
      <trkpt lat="42.694545965641737" lon="-0.105282990261912">
        <ele>1342</ele>
      </trkpt>
      <trkpt lat="42.694498021155596" lon="-0.10519003495574">
        <ele>1343</ele>
      </trkpt>
      <trkpt lat="42.694420991465449" lon="-0.105194980278611">
        <ele>1344</ele>
      </trkpt>
      <trkpt lat="42.694310015067458" lon="-0.105172013863921">
        <ele>1344</ele>
      </trkpt>
      <trkpt lat="42.694168025627732" lon="-0.105109987780452">
        <ele>1344</ele>
      </trkpt>
      <trkpt lat="42.694139024242759" lon="-0.105091966688633">
        <ele>1344</ele>
      </trkpt>
      <trkpt lat="42.694094013422728" lon="-0.105080986395478">
        <ele>1344</ele>
      </trkpt>
      <trkpt lat="42.693926962092519" lon="-0.105056008324027">
        <ele>1345</ele>
      </trkpt>
      <trkpt lat="42.693898966535926" lon="-0.10508400388062">
        <ele>1346</ele>
      </trkpt>
      <trkpt lat="42.693846998736262" lon="-0.105114011093974">
        <ele>1346</ele>
      </trkpt>
      <trkpt lat="42.693800982087851" lon="-0.105133038014174">
        <ele>1346</ele>
      </trkpt>
      <trkpt lat="42.693731999024749" lon="-0.105101019144058">
        <ele>1346</ele>
      </trkpt>
      <trkpt lat="42.693677013739944" lon="-0.105132032185793">
        <ele>1346</ele>
      </trkpt>
      <trkpt lat="42.693623034283519" lon="-0.105124991387129">
        <ele>1346</ele>
      </trkpt>
      <trkpt lat="42.693589003756642" lon="-0.105120968073606">
        <ele>1346</ele>
      </trkpt>
      <trkpt lat="42.693480961024761" lon="-0.105135971680284">
        <ele>1346</ele>
      </trkpt>
      <trkpt lat="42.693418012931943" lon="-0.105143012478948">
        <ele>1347</ele>
      </trkpt>
      <trkpt lat="42.693295972421765" lon="-0.105172013863921">
        <ele>1348</ele>
      </trkpt>
      <trkpt lat="42.693262025713921" lon="-0.105180982500315">
        <ele>1348</ele>
      </trkpt>
      <trkpt lat="42.693187007680535" lon="-0.105223981663585">
        <ele>1349</ele>
      </trkpt>
      <trkpt lat="42.693121964111924" lon="-0.105234039947391">
        <ele>1349</ele>
      </trkpt>
      <trkpt lat="42.693086005747318" lon="-0.105234961956739">
        <ele>1350</ele>
      </trkpt>
      <trkpt lat="42.693002019077539" lon="-0.105243008583784">
        <ele>1351</ele>
      </trkpt>
      <trkpt lat="42.692897999659181" lon="-0.105247031897306">
        <ele>1352</ele>
      </trkpt>
      <trkpt lat="42.69281099550426" lon="-0.105224987491965">
        <ele>1353</ele>
      </trkpt>
      <trkpt lat="42.692707981914282" lon="-0.105231022462249">
        <ele>1354</ele>
      </trkpt>
      <trkpt lat="42.692658025771379" lon="-0.105206966400146">
        <ele>1354</ele>
      </trkpt>
      <trkpt lat="42.692587031051517" lon="-0.105220964178443">
        <ele>1354</ele>
      </trkpt>
      <trkpt lat="42.692522993311286" lon="-0.105245020240545">
        <ele>1353</ele>
      </trkpt>
      <trkpt lat="42.69240296445787" lon="-0.105285001918674">
        <ele>1353</ele>
      </trkpt>
      <trkpt lat="42.692307997494936" lon="-0.105334036052227">
        <ele>1353</ele>
      </trkpt>
      <trkpt lat="42.692175982519984" lon="-0.105478959158063">
        <ele>1353</ele>
      </trkpt>
      <trkpt lat="42.692068023607135" lon="-0.105531010776758">
        <ele>1353</ele>
      </trkpt>
      <trkpt lat="42.69195101223886" lon="-0.105578033253551">
        <ele>1353</ele>
      </trkpt>
      <trkpt lat="42.69190801307559" lon="-0.105565963312984">
        <ele>1353</ele>
      </trkpt>
      <trkpt lat="42.691784966737032" lon="-0.105612985789776">
        <ele>1351</ele>
      </trkpt>
      <trkpt lat="42.691740039736032" lon="-0.105603011325002">
        <ele>1350</ele>
      </trkpt>
      <trkpt lat="42.69173601642251" lon="-0.105622038245201">
        <ele>1349</ele>
      </trkpt>
      <trkpt lat="42.691696034744382" lon="-0.105694038793445">
        <ele>1347</ele>
      </trkpt>
      <trkpt lat="42.691682958975434" lon="-0.105761010199785">
        <ele>1346</ele>
      </trkpt>
      <trkpt lat="42.691639959812164" lon="-0.105843991041183">
        <ele>1346</ele>
      </trkpt>
      <trkpt lat="42.691498976200819" lon="-0.105959996581078">
        <ele>1345</ele>
      </trkpt>
      <trkpt lat="42.691425969824195" lon="-0.106048006564379">
        <ele>1344</ele>
      </trkpt>
      <trkpt lat="42.691381964832544" lon="-0.106114977970719">
        <ele>1341</ele>
      </trkpt>
      <trkpt lat="42.691366961225867" lon="-0.106151020154357">
        <ele>1340</ele>
      </trkpt>
      <trkpt lat="42.691343994811177" lon="-0.106167029589415">
        <ele>1339</ele>
      </trkpt>
      <trkpt lat="42.69126302562654" lon="-0.106301978230476">
        <ele>1337</ele>
      </trkpt>
      <trkpt lat="42.691252967342734" lon="-0.106427036225796">
        <ele>1337</ele>
      </trkpt>
      <trkpt lat="42.691182978451252" lon="-0.106562990695238">
        <ele>1337</ele>
      </trkpt>
      <trkpt lat="42.691132016479969" lon="-0.106664998456836">
        <ele>1336</ele>
      </trkpt>
      <trkpt lat="42.691121958196163" lon="-0.106725012883544">
        <ele>1334</ele>
      </trkpt>
      <trkpt lat="42.6910509634763" lon="-0.106835989281535">
        <ele>1334</ele>
      </trkpt>
      <trkpt lat="42.690890030935407" lon="-0.106955012306571">
        <ele>1332</ele>
      </trkpt>
      <trkpt lat="42.690826999023557" lon="-0.107012009248137">
        <ele>1332</ele>
      </trkpt>
      <trkpt lat="42.690750975161791" lon="-0.10708199813962">
        <ele>1331</ele>
      </trkpt>
      <trkpt lat="42.690714010968804" lon="-0.107119968160987">
        <ele>1330</ele>
      </trkpt>
      <trkpt lat="42.690635975450277" lon="-0.107246031984687">
        <ele>1330</ele>
      </trkpt>
      <trkpt lat="42.690509995445609" lon="-0.1073610316962">
        <ele>1329</ele>
      </trkpt>
      <trkpt lat="42.690380997955799" lon="-0.107460021972656">
        <ele>1328</ele>
      </trkpt>
      <trkpt lat="42.690372029319406" lon="-0.107459016144276">
        <ele>1328</ele>
      </trkpt>
      <trkpt lat="42.690263986587524" lon="-0.107492040842772">
        <ele>1328</ele>
      </trkpt>
      <trkpt lat="42.690188968554139" lon="-0.107506960630417">
        <ele>1328</ele>
      </trkpt>
      <trkpt lat="42.690161978825927" lon="-0.10749296285212">
        <ele>1328</ele>
      </trkpt>
      <trkpt lat="42.690075980499387" lon="-0.10744703002274">
        <ele>1327</ele>
      </trkpt>
      <trkpt lat="42.690046979114413" lon="-0.107424985617399">
        <ele>1327</ele>
      </trkpt>
      <trkpt lat="42.689976990222931" lon="-0.107395984232426">
        <ele>1327</ele>
      </trkpt>
      <trkpt lat="42.689856039360166" lon="-0.107391960918903">
        <ele>1327</ele>
      </trkpt>
      <trkpt lat="42.68973701633513" lon="-0.107428003102541">
        <ele>1328</ele>
      </trkpt>
      <trkpt lat="42.689620004966855" lon="-0.107493968680501">
        <ele>1328</ele>
      </trkpt>
      <trkpt lat="42.689451025798917" lon="-0.107477037236094">
        <ele>1328</ele>
      </trkpt>
      <trkpt lat="42.689344994723797" lon="-0.10740696452558">
        <ele>1328</ele>
      </trkpt>
      <trkpt lat="42.689191019162536" lon="-0.107433032244444">
        <ele>1328</ele>
      </trkpt>
      <trkpt lat="42.689128993079066" lon="-0.107434038072824">
        <ele>1328</ele>
      </trkpt>
      <trkpt lat="42.68907300196588" lon="-0.107433032244444">
        <ele>1328</ele>
      </trkpt>
      <trkpt lat="42.688952973112464" lon="-0.107479970902205">
        <ele>1328</ele>
      </trkpt>
      <trkpt lat="42.688936963677406" lon="-0.107461027801037">
        <ele>1327</ele>
      </trkpt>
      <trkpt lat="42.688892958685756" lon="-0.107411993667483">
        <ele>1327</ele>
      </trkpt>
      <trkpt lat="42.688786005601287" lon="-0.107364971190691">
        <ele>1326</ele>
      </trkpt>
      <trkpt lat="42.688699001446366" lon="-0.10727503336966">
        <ele>1326</ele>
      </trkpt>
      <trkpt lat="42.688673017546535" lon="-0.1072539947927">
        <ele>1326</ele>
      </trkpt>
      <trkpt lat="42.688551982864738" lon="-0.107205966487527">
        <ele>1328</ele>
      </trkpt>
      <trkpt lat="42.688418962061405" lon="-0.10723396204412">
        <ele>1328</ele>
      </trkpt>
      <trkpt lat="42.688362970948219" lon="-0.10721200145781">
        <ele>1328</ele>
      </trkpt>
      <trkpt lat="42.688202038407326" lon="-0.107179982587695">
        <ele>1328</ele>
      </trkpt>
      <trkpt lat="42.688147975131869" lon="-0.10719096288085">
        <ele>1328</ele>
      </trkpt>
      <trkpt lat="42.687986958771944" lon="-0.107174031436443">
        <ele>1328</ele>
      </trkpt>
      <trkpt lat="42.68784798681736" lon="-0.107208983972669">
        <ele>1328</ele>
      </trkpt>
      <trkpt lat="42.687670039013028" lon="-0.107246031984687">
        <ele>1328</ele>
      </trkpt>
      <trkpt lat="42.68758999183774" lon="-0.107265980914235">
        <ele>1327</ele>
      </trkpt>
      <trkpt lat="42.687500976026058" lon="-0.107247037813067">
        <ele>1326</ele>
      </trkpt>
      <trkpt lat="42.687270976603031" lon="-0.107066994532943">
        <ele>1326</ele>
      </trkpt>
      <trkpt lat="42.687155976891518" lon="-0.107011003419757">
        <ele>1325</ele>
      </trkpt>
      <trkpt lat="42.687066039070487" lon="-0.106946965679526">
        <ele>1324</ele>
      </trkpt>
      <trkpt lat="42.686893958598375" lon="-0.106902038678527">
        <ele>1322</ele>
      </trkpt>
      <trkpt lat="42.68687903881073" lon="-0.106925005093217">
        <ele>1321</ele>
      </trkpt>
      <trkpt lat="42.68681600689888" lon="-0.106870019808412">
        <ele>1320</ele>
      </trkpt>
      <trkpt lat="42.686783988028765" lon="-0.10684797540307">
        <ele>1320</ele>
      </trkpt>
      <trkpt lat="42.686692038550973" lon="-0.106917964294553">
        <ele>1320</ele>
      </trkpt>
      <trkpt lat="42.686662031337619" lon="-0.106916036456823">
        <ele>1321</ele>
      </trkpt>
      <trkpt lat="42.686662031337619" lon="-0.106916036456823">
        <ele>1321</ele>
      </trkpt>
      <trkpt lat="42.686608973890543" lon="-0.106873037293553">
        <ele>1322</ele>
      </trkpt>
      <trkpt lat="42.686574021354318" lon="-0.106926010921597">
        <ele>1322</ele>
      </trkpt>
      <trkpt lat="42.686544014140964" lon="-0.10697403922677">
        <ele>1322</ele>
      </trkpt>
      <trkpt lat="42.686533033847809" lon="-0.106993988156319">
        <ele>1321</ele>
      </trkpt>
      <trkpt lat="42.686421973630786" lon="-0.107055008411407">
        <ele>1319</ele>
      </trkpt>
      <trkpt lat="42.686391966417432" lon="-0.107083003968">
        <ele>1318</ele>
      </trkpt>
      <trkpt lat="42.686371011659503" lon="-0.1071020308882">
        <ele>1317</ele>
      </trkpt>
      <trkpt lat="42.686339998617768" lon="-0.107198003679514">
        <ele>1316</ele>
      </trkpt>
      <trkpt lat="42.686318038031459" lon="-0.107267992570996">
        <ele>1315</ele>
      </trkpt>
      <trkpt lat="42.686295993626118" lon="-0.107321972027421">
        <ele>1315</ele>
      </trkpt>
      <trkpt lat="42.686238996684551" lon="-0.107466978952289">
        <ele>1315</ele>
      </trkpt>
      <trkpt lat="42.686187028884888" lon="-0.107606034725904">
        <ele>1314</ele>
      </trkpt>
      <trkpt lat="42.686187028884888" lon="-0.107606034725904">
        <ele>1314</ele>
      </trkpt>
      <trkpt lat="42.686140006408095" lon="-0.107698990032077">
        <ele>1314</ele>
      </trkpt>
      <trkpt lat="42.686125002801418" lon="-0.107741989195347">
        <ele>1314</ele>
      </trkpt>
      <trkpt lat="42.686125002801418" lon="-0.107741989195347">
        <ele>1313</ele>
      </trkpt>
      <trkpt lat="42.686053002253175" lon="-0.107825975865126">
        <ele>1313</ele>
      </trkpt>
      <trkpt lat="42.68599902279675" lon="-0.107880039140582">
        <ele>1312</ele>
      </trkpt>
      <trkpt lat="42.685921993106604" lon="-0.107954973354936">
        <ele>1311</ele>
      </trkpt>
      <trkpt lat="42.685867007821798" lon="-0.10800501331687">
        <ele>1311</ele>
      </trkpt>
      <trkpt lat="42.685818979516625" lon="-0.108067961409688">
        <ele>1310</ele>
      </trkpt>
      <trkpt lat="42.685794001445174" lon="-0.1081139780581">
        <ele>1309</ele>
      </trkpt>
      <trkpt lat="42.685772040858865" lon="-0.108168041333556">
        <ele>1309</ele>
      </trkpt>
      <trkpt lat="42.685768017545342" lon="-0.10819997638464">
        <ele>1309</ele>
      </trkpt>
      <trkpt lat="42.685768017545342" lon="-0.10819997638464">
        <ele>1309</ele>
      </trkpt>
      <trkpt lat="42.685749996453524" lon="-0.108201988041401">
        <ele>1309</ele>
      </trkpt>
      <trkpt lat="42.685711020603776" lon="-0.108211040496826">
        <ele>1309</ele>
      </trkpt>
      <trkpt lat="42.685703979805112" lon="-0.108213974162936">
        <ele>1310</ele>
      </trkpt>
      <trkpt lat="42.685638014227152" lon="-0.108250016346574">
        <ele>1311</ele>
      </trkpt>
      <trkpt lat="42.685630973428488" lon="-0.108248004689813">
        <ele>1313</ele>
      </trkpt>
      <trkpt lat="42.685627033933997" lon="-0.10828304104507">
        <ele>1315</ele>
      </trkpt>
      <trkpt lat="42.68561395816505" lon="-0.108310030773282">
        <ele>1315</ele>
      </trkpt>
      <trkpt lat="42.685561990365386" lon="-0.108403991907835">
        <ele>1315</ele>
      </trkpt>
      <trkpt lat="42.685458976775408" lon="-0.108535001054406">
        <ele>1313</ele>
      </trkpt>
      <trkpt lat="42.68541899509728" lon="-0.108614964410663">
        <ele>1313</ele>
      </trkpt>
      <trkpt lat="42.685361998155713" lon="-0.10871596634388">
        <ele>1313</ele>
      </trkpt>
      <trkpt lat="42.68535596318543" lon="-0.108720995485783">
        <ele>1313</ele>
      </trkpt>
      <trkpt lat="42.685327967628837" lon="-0.108872959390283">
        <ele>1314</ele>
      </trkpt>
      <trkpt lat="42.685278011485934" lon="-0.108946971595287">
        <ele>1315</ele>
      </trkpt>
      <trkpt lat="42.68522403202951" lon="-0.109063982963562">
        <ele>1315</ele>
      </trkpt>
      <trkpt lat="42.685180027037859" lon="-0.10914403013885">
        <ele>1315</ele>
      </trkpt>
      <trkpt lat="42.685142979025841" lon="-0.109183005988598">
        <ele>1315</ele>
      </trkpt>
      <trkpt lat="42.68511900678277" lon="-0.109257018193603">
        <ele>1315</ele>
      </trkpt>
      <trkpt lat="42.685053963214159" lon="-0.109371012076736">
        <ele>1314</ele>
      </trkpt>
      <trkpt lat="42.684953967109323" lon="-0.109437983483076">
        <ele>1314</ele>
      </trkpt>
      <trkpt lat="42.684868974611163" lon="-0.109560023993254">
        <ele>1315</ele>
      </trkpt>
      <trkpt lat="42.684795968234539" lon="-0.109701007604599">
        <ele>1315</ele>
      </trkpt>
      <trkpt lat="42.684679962694645" lon="-0.109818018972874">
        <ele>1316</ele>
      </trkpt>
      <trkpt lat="42.684630006551743" lon="-0.109881972894073">
        <ele>1314</ele>
      </trkpt>
      <trkpt lat="42.684565968811512" lon="-0.109904017299414">
        <ele>1316</ele>
      </trkpt>
      <trkpt lat="42.684472007676959" lon="-0.109936036169529">
        <ele>1317</ele>
      </trkpt>
      <trkpt lat="42.684406964108348" lon="-0.110064027830958">
        <ele>1315</ele>
      </trkpt>
      <trkpt lat="42.684319037944078" lon="-0.110225966200233">
        <ele>1315</ele>
      </trkpt>
      <trkpt lat="42.684244019910693" lon="-0.110292015597224">
        <ele>1315</ele>
      </trkpt>
      <trkpt lat="42.68417595885694" lon="-0.110371978953481">
        <ele>1315</ele>
      </trkpt>
      <trkpt lat="42.684145029634237" lon="-0.110443979501724">
        <ele>1314</ele>
      </trkpt>
      <trkpt lat="42.68412902019918" lon="-0.110511034727097">
        <ele>1313</ele>
      </trkpt>
      <trkpt lat="42.684094989672303" lon="-0.110546993091702">
        <ele>1313</ele>
      </trkpt>
      <trkpt lat="42.684067999944091" lon="-0.11062896810472">
        <ele>1313</ele>
      </trkpt>
      <trkpt lat="42.684032041579485" lon="-0.110726030543447">
        <ele>1312</ele>
      </trkpt>
      <trkpt lat="42.684021983295679" lon="-0.11075796559453">
        <ele>1312</ele>
      </trkpt>
      <trkpt lat="42.683797013014555" lon="-0.111039010807872">
        <ele>1312</ele>
      </trkpt>
      <trkpt lat="42.683675978332758" lon="-0.111285019665957">
        <ele>1311</ele>
      </trkpt>
      <trkpt lat="42.683626022189856" lon="-0.111399013549089">
        <ele>1310</ele>
      </trkpt>
      <trkpt lat="42.683625016361475" lon="-0.111520970240235">
        <ele>1309</ele>
      </trkpt>
      <trkpt lat="42.683557961136103" lon="-0.111634964123368">
        <ele>1308</ele>
      </trkpt>
      <trkpt lat="42.683524014428258" lon="-0.111759016290307">
        <ele>1308</ele>
      </trkpt>
      <trkpt lat="42.683476991951466" lon="-0.111891031265259">
        <ele>1306</ele>
      </trkpt>
      <trkpt lat="42.683428041636944" lon="-0.111942999064922">
        <ele>1306</ele>
      </trkpt>
      <trkpt lat="42.683412032201886" lon="-0.112001001834869">
        <ele>1306</ele>
      </trkpt>
      <trkpt lat="42.683419995009899" lon="-0.112041989341378">
        <ele>1305</ele>
      </trkpt>
      <trkpt lat="42.683395016938448" lon="-0.11211097240448">
        <ele>1305</ele>
      </trkpt>
      <trkpt lat="42.683386970311403" lon="-0.112181967124343">
        <ele>1305</ele>
      </trkpt>
      <trkpt lat="42.683354029431939" lon="-0.112287998199463">
        <ele>1305</ele>
      </trkpt>
      <trkpt lat="42.683359980583191" lon="-0.1124950312078">
        <ele>1305</ele>
      </trkpt>
      <trkpt lat="42.68327197059989" lon="-0.112583041191101">
        <ele>1306</ele>
      </trkpt>
      <trkpt lat="42.683169962838292" lon="-0.112812034785748">
        <ele>1306</ele>
      </trkpt>
      <trkpt lat="42.683126041665673" lon="-0.112923011183739">
        <ele>1306</ele>
      </trkpt>
      <trkpt lat="42.683105003088713" lon="-0.113053014501929">
        <ele>1306</ele>
      </trkpt>
      <trkpt lat="42.683052029460669" lon="-0.113210007548332">
        <ele>1306</ele>
      </trkpt>
      <trkpt lat="42.68301498144865" lon="-0.113284019753337">
        <ele>1306</ele>
      </trkpt>
      <trkpt lat="42.682913979515433" lon="-0.113597000017762">
        <ele>1306</ele>
      </trkpt>
      <trkpt lat="42.682883972302079" lon="-0.113725997507572">
        <ele>1306</ele>
      </trkpt>
      <trkpt lat="42.682880032807589" lon="-0.113737983629107">
        <ele>1306</ele>
      </trkpt>
      <trkpt lat="42.682810965925455" lon="-0.11393403634429">
        <ele>1306</ele>
      </trkpt>
      <trkpt lat="42.682767966762185" lon="-0.114004025235772">
        <ele>1306</ele>
      </trkpt>
      <trkpt lat="42.682752963155508" lon="-0.114068984985352">
        <ele>1305</ele>
      </trkpt>
      <trkpt lat="42.682739971205592" lon="-0.114098992198706">
        <ele>1304</ele>
      </trkpt>
      <trkpt lat="42.682663025334477" lon="-0.114333014935255">
        <ele>1302</ele>
      </trkpt>
      <trkpt lat="42.682641986757517" lon="-0.114375008270144">
        <ele>1302</ele>
      </trkpt>
      <trkpt lat="42.68249899148941" lon="-0.114535018801689">
        <ele>1302</ele>
      </trkpt>
      <trkpt lat="42.682352978736162" lon="-0.114717995747924">
        <ele>1302</ele>
      </trkpt>
      <trkpt lat="42.682306040078402" lon="-0.114763006567955">
        <ele>1302</ele>
      </trkpt>
      <trkpt lat="42.682298999279737" lon="-0.114763006567955">
        <ele>1302</ele>
      </trkpt>
      <trkpt lat="42.682136977091432" lon="-0.11486099101603">
        <ele>1301</ele>
      </trkpt>
      <trkpt lat="42.681980989873409" lon="-0.115027036517859">
        <ele>1300</ele>
      </trkpt>
      <trkpt lat="42.681819973513484" lon="-0.115175982937217">
        <ele>1300</ele>
      </trkpt>
      <trkpt lat="42.681672032922506" lon="-0.115315960720181">
        <ele>1299</ele>
      </trkpt>
      <trkpt lat="42.681648982688785" lon="-0.115333981812">
        <ele>1298</ele>
      </trkpt>
      <trkpt lat="42.681556027382612" lon="-0.115358037874103">
        <ele>1297</ele>
      </trkpt>
      <trkpt lat="42.681460976600647" lon="-0.11544001288712">
        <ele>1296</ele>
      </trkpt>
      <trkpt lat="42.681406997144222" lon="-0.115449987351894">
        <ele>1294</ele>
      </trkpt>
      <trkpt lat="42.681353017687798" lon="-0.115541014820337">
        <ele>1291</ele>
      </trkpt>
      <trkpt lat="42.681241035461426" lon="-0.11569700203836">
        <ele>1290</ele>
      </trkpt>
      <trkpt lat="42.681152019649744" lon="-0.115769002586603">
        <ele>1290</ele>
      </trkpt>
      <trkpt lat="42.681038025766611" lon="-0.115916021168232">
        <ele>1288</ele>
      </trkpt>
      <trkpt lat="42.680943980813026" lon="-0.116022974252701">
        <ele>1287</ele>
      </trkpt>
      <trkpt lat="42.680865023285151" lon="-0.116159012541175">
        <ele>1286</ele>
      </trkpt>
      <trkpt lat="42.680746000260115" lon="-0.116251967847347">
        <ele>1284</ele>
      </trkpt>
      <trkpt lat="42.68062898889184" lon="-0.11627702973783">
        <ele>1282</ele>
      </trkpt>
      <trkpt lat="42.6805429905653" lon="-0.116364033892751">
        <ele>1280</ele>
      </trkpt>
      <trkpt lat="42.680509965866804" lon="-0.116417007520795">
        <ele>1279</ele>
      </trkpt>
      <trkpt lat="42.680490016937256" lon="-0.116482973098755">
        <ele>1276</ele>
      </trkpt>
      <trkpt lat="42.680463027209044" lon="-0.116590010002255">
        <ele>1276</ele>
      </trkpt>
      <trkpt lat="42.680438971146941" lon="-0.116714984178543">
        <ele>1278</ele>
      </trkpt>
      <trkpt lat="42.680442994460464" lon="-0.116825960576534">
        <ele>1280</ele>
      </trkpt>
      <trkpt lat="42.680471995845437" lon="-0.116914976388216">
        <ele>1281</ele>
      </trkpt>
      <trkpt lat="42.680494962260127" lon="-0.117032993584871">
        <ele>1282</ele>
      </trkpt>
      <trkpt lat="42.680411981418729" lon="-0.117190992459655">
        <ele>1282</ele>
      </trkpt>
      <trkpt lat="42.680334029719234" lon="-0.117335999384522">
        <ele>1282</ele>
      </trkpt>
      <trkpt lat="42.680298993363976" lon="-0.117412023246288">
        <ele>1282</ele>
      </trkpt>
      <trkpt lat="42.680231016129255" lon="-0.117472037672997">
        <ele>1282</ele>
      </trkpt>
      <trkpt lat="42.680197991430759" lon="-0.117535991594195">
        <ele>1282</ele>
      </trkpt>
      <trkpt lat="42.680058013647795" lon="-0.11773900128901">
        <ele>1282</ele>
      </trkpt>
      <trkpt lat="42.680024988949299" lon="-0.117941005155444">
        <ele>1282</ele>
      </trkpt>
      <trkpt lat="42.679943013936281" lon="-0.11814896017313">
        <ele>1282</ele>
      </trkpt>
      <trkpt lat="42.679870007559657" lon="-0.118396980687976">
        <ele>1281</ele>
      </trkpt>
      <trkpt lat="42.679848968982697" lon="-0.118556991219521">
        <ele>1280</ele>
      </trkpt>
      <trkpt lat="42.679799012839794" lon="-0.118733011186123">
        <ele>1279</ele>
      </trkpt>
      <trkpt lat="42.679775040596724" lon="-0.118862008675933">
        <ele>1279</ele>
      </trkpt>
      <trkpt lat="42.679704967886209" lon="-0.119036016985774">
        <ele>1277</ele>
      </trkpt>
      <trkpt lat="42.679642019793391" lon="-0.119184041395783">
        <ele>1274</ele>
      </trkpt>
      <trkpt lat="42.679629027843475" lon="-0.119207007810473">
        <ele>1274</ele>
      </trkpt>
      <trkpt lat="42.679589968174696" lon="-0.119299963116646">
        <ele>1273</ele>
      </trkpt>
      <trkpt lat="42.679524002596736" lon="-0.119445975869894">
        <ele>1271</ele>
      </trkpt>
      <trkpt lat="42.679464993998408" lon="-0.119567010551691">
        <ele>1269</ele>
      </trkpt>
      <trkpt lat="42.679342031478882" lon="-0.11976096779108">
        <ele>1266</ele>
      </trkpt>
      <trkpt lat="42.679286962375045" lon="-0.119931036606431">
        <ele>1265</ele>
      </trkpt>
      <trkpt lat="42.679251004010439" lon="-0.120001025497913">
        <ele>1264</ele>
      </trkpt>
      <trkpt lat="42.679128963500261" lon="-0.120233036577702">
        <ele>1264</ele>
      </trkpt>
      <trkpt lat="42.679078001528978" lon="-0.120409978553653">
        <ele>1265</ele>
      </trkpt>
      <trkpt lat="42.678998960182071" lon="-0.120563032105565">
        <ele>1265</ele>
      </trkpt>
      <trkpt lat="42.678956966847181" lon="-0.120591027662158">
        <ele>1265</ele>
      </trkpt>
      <trkpt lat="42.678786981850863" lon="-0.120691023766994">
        <ele>1265</ele>
      </trkpt>
      <trkpt lat="42.678632000461221" lon="-0.120779033750296">
        <ele>1264</ele>
      </trkpt>
      <trkpt lat="42.678578021004796" lon="-0.120817003771663">
        <ele>1264</ele>
      </trkpt>
      <trkpt lat="42.678548013791442" lon="-0.120846005156636">
        <ele>1264</ele>
      </trkpt>
      <trkpt lat="42.678495962172747" lon="-0.12089897878468">
        <ele>1264</ele>
      </trkpt>
      <trkpt lat="42.678396971896291" lon="-0.12093803845346">
        <ele>1265</ele>
      </trkpt>
      <trkpt lat="42.678319020196795" lon="-0.120991012081504">
        <ele>1265</ele>
      </trkpt>
      <trkpt lat="42.678255988284945" lon="-0.121057983487844">
        <ele>1265</ele>
      </trkpt>
      <trkpt lat="42.678133025765419" lon="-0.121171977370977">
        <ele>1263</ele>
      </trkpt>
      <trkpt lat="42.678064964711666" lon="-0.1211760006845">
        <ele>1260</ele>
      </trkpt>
      <trkpt lat="42.677953988313675" lon="-0.121237020939589">
        <ele>1260</ele>
      </trkpt>
      <trkpt lat="42.677877964451909" lon="-0.121379010379314">
        <ele>1259</ele>
      </trkpt>
      <trkpt lat="42.677784003317356" lon="-0.121610015630722">
        <ele>1256</ele>
      </trkpt>
      <trkpt lat="42.677583005279303" lon="-0.121849989518523">
        <ele>1254</ele>
      </trkpt>
      <trkpt lat="42.677521985024214" lon="-0.121931964531541">
        <ele>1253</ele>
      </trkpt>
      <trkpt lat="42.677453001961112" lon="-0.122015029191971">
        <ele>1250</ele>
      </trkpt>
      <trkpt lat="42.677324004471302" lon="-0.122130028903484">
        <ele>1249</ele>
      </trkpt>
      <trkpt lat="42.677306989207864" lon="-0.122177973389626">
        <ele>1248</ele>
      </trkpt>
      <trkpt lat="42.677214033901691" lon="-0.122241005301476">
        <ele>1246</ele>
      </trkpt>
      <trkpt lat="42.677135998383164" lon="-0.122277969494462">
        <ele>1244</ele>
      </trkpt>
      <trkpt lat="42.677045976743102" lon="-0.122348964214325">
        <ele>1242</ele>
      </trkpt>
      <trkpt lat="42.676946986466646" lon="-0.12237997725606">
        <ele>1242</ele>
      </trkpt>
      <trkpt lat="42.676802985370159" lon="-0.122353993356228">
        <ele>1240</ele>
      </trkpt>
      <trkpt lat="42.676746994256973" lon="-0.122352987527847">
        <ele>1239</ele>
      </trkpt>
      <trkpt lat="42.676726039499044" lon="-0.122361034154892">
        <ele>1239</ele>
      </trkpt>
      <trkpt lat="42.676640041172504" lon="-0.122382994741201">
        <ele>1239</ele>
      </trkpt>
      <trkpt lat="42.676118016242981" lon="-0.122605031356215">
        <ele>1237</ele>
      </trkpt>
      <trkpt lat="42.675970997661352" lon="-0.122639983892441">
        <ele>1237</ele>
      </trkpt>
      <trkpt lat="42.6758580096066" lon="-0.122662028297782">
        <ele>1236</ele>
      </trkpt>
      <trkpt lat="42.675748961046338" lon="-0.122704021632671">
        <ele>1235</ele>
      </trkpt>
      <trkpt lat="42.675631027668715" lon="-0.122733023017645">
        <ele>1235</ele>
      </trkpt>
      <trkpt lat="42.675436986610293" lon="-0.122796976938844">
        <ele>1235</ele>
      </trkpt>
      <trkpt lat="42.675318969413638" lon="-0.12285003438592">
        <ele>1234</ele>
      </trkpt>
      <trkpt lat="42.675276976078749" lon="-0.122877024114132">
        <ele>1234</ele>
      </trkpt>
      <trkpt lat="42.675168011337519" lon="-0.122978026047349">
        <ele>1233</ele>
      </trkpt>
      <trkpt lat="42.675077989697456" lon="-0.123081039637327">
        <ele>1233</ele>
      </trkpt>
      <trkpt lat="42.674983022734523" lon="-0.123212970793247">
        <ele>1233</ele>
      </trkpt>
      <trkpt lat="42.674815971404314" lon="-0.123294023796916">
        <ele>1232</ele>
      </trkpt>
      <trkpt lat="42.67474003136158" lon="-0.123286982998252">
        <ele>1232</ele>
      </trkpt>
      <trkpt lat="42.674681022763252" lon="-0.12328396551311">
        <ele>1232</ele>
      </trkpt>
      <trkpt lat="42.674614973366261" lon="-0.123268961906433">
        <ele>1231</ele>
      </trkpt>
      <trkpt lat="42.674501985311508" lon="-0.123268961906433">
        <ele>1231</ele>
      </trkpt>
      <trkpt lat="42.674425039440393" lon="-0.123269967734814">
        <ele>1231</ele>
      </trkpt>
      <trkpt lat="42.674281038343906" lon="-0.123182963579893">
        <ele>1230</ele>
      </trkpt>
      <trkpt lat="42.674218006432056" lon="-0.123210037127137">
        <ele>1230</ele>
      </trkpt>
      <trkpt lat="42.674178024753928" lon="-0.123220011591911">
        <ele>1230</ele>
      </trkpt>
      <trkpt lat="42.674033017829061" lon="-0.123225040733814">
        <ele>1229</ele>
      </trkpt>
      <trkpt lat="42.673877030611038" lon="-0.123166032135487">
        <ele>1229</ele>
      </trkpt>
      <trkpt lat="42.673733029514551" lon="-0.123067041859031">
        <ele>1228</ele>
      </trkpt>
      <trkpt lat="42.673706039786339" lon="-0.123094031587243">
        <ele>1228</ele>
      </trkpt>
      <trkpt lat="42.67362498678267" lon="-0.12317500077188">
        <ele>1227</ele>
      </trkpt>
      <trkpt lat="42.673472017049789" lon="-0.123272985219955">
        <ele>1226</ele>
      </trkpt>
      <trkpt lat="42.673281999304891" lon="-0.123251024633646">
        <ele>1225</ele>
      </trkpt>
      <trkpt lat="42.673146966844797" lon="-0.12321799993515">
        <ele>1224</ele>
      </trkpt>
      <trkpt lat="42.673006989061832" lon="-0.123169971629977">
        <ele>1224</ele>
      </trkpt>
      <trkpt lat="42.672856030985713" lon="-0.12310903519392">
        <ele>1223</ele>
      </trkpt>
      <trkpt lat="42.672751005738974" lon="-0.123014990240335">
        <ele>1223</ele>
      </trkpt>
      <trkpt lat="42.672687973827124" lon="-0.122876018285751">
        <ele>1222</ele>
      </trkpt>
      <trkpt lat="42.672555958852172" lon="-0.122864032164216">
        <ele>1222</ele>
      </trkpt>
      <trkpt lat="42.672466021031141" lon="-0.12281097471714">
        <ele>1222</ele>
      </trkpt>
      <trkpt lat="42.672351021319628" lon="-0.122722964733839">
        <ele>1222</ele>
      </trkpt>
      <trkpt lat="42.672287989407778" lon="-0.122655993327498">
        <ele>1222</ele>
      </trkpt>
      <trkpt lat="42.672097971662879" lon="-0.122618023306131">
        <ele>1222</ele>
      </trkpt>
      <trkpt lat="42.67194701358676" lon="-0.122554991394281">
        <ele>1221</ele>
      </trkpt>
      <trkpt lat="42.671833019703627" lon="-0.122571000829339">
        <ele>1221</ele>
      </trkpt>
      <trkpt lat="42.671810975298285" lon="-0.122571000829339">
        <ele>1220</ele>
      </trkpt>
      <trkpt lat="42.671756995841861" lon="-0.122578041628003">
        <ele>1220</ele>
      </trkpt>
      <trkpt lat="42.671644007787108" lon="-0.122442003339529">
        <ele>1220</ele>
      </trkpt>
      <trkpt lat="42.671458013355732" lon="-0.122385006397963">
        <ele>1220</ele>
      </trkpt>
      <trkpt lat="42.671288028359413" lon="-0.122261960059404">
        <ele>1220</ele>
      </trkpt>
      <trkpt lat="42.671141009777784" lon="-0.122291967272758">
        <ele>1220</ele>
      </trkpt>
      <trkpt lat="42.670999020338058" lon="-0.122310994192958">
        <ele>1220</ele>
      </trkpt>
      <trkpt lat="42.670843033120036" lon="-0.122351981699467">
        <ele>1220</ele>
      </trkpt>
      <trkpt lat="42.670802967622876" lon="-0.12237997725606">
        <ele>1220</ele>
      </trkpt>
      <trkpt lat="42.670640023425221" lon="-0.122434962540865">
        <ele>1218</ele>
      </trkpt>
      <trkpt lat="42.670490993186831" lon="-0.122390035539865">
        <ele>1217</ele>
      </trkpt>
      <trkpt lat="42.67040298320353" lon="-0.122419958934188">
        <ele>1217</ele>
      </trkpt>
      <trkpt lat="42.670285971835256" lon="-0.122457006946206">
        <ele>1217</ele>
      </trkpt>
      <trkpt lat="42.67007902264595" lon="-0.122515009716153">
        <ele>1216</ele>
      </trkpt>
      <trkpt lat="42.66992999240756" lon="-0.122686000540853">
        <ele>1216</ele>
      </trkpt>
      <trkpt lat="42.669869977980852" lon="-0.122753977775574">
        <ele>1215</ele>
      </trkpt>
      <trkpt lat="42.669776016846299" lon="-0.122795971110463">
        <ele>1215</ele>
      </trkpt>
      <trkpt lat="42.669611983001232" lon="-0.122827989980578">
        <ele>1214</ele>
      </trkpt>
      <trkpt lat="42.669553980231285" lon="-0.122794965282083">
        <ele>1214</ele>
      </trkpt>
      <trkpt lat="42.66952196136117" lon="-0.122789014130831">
        <ele>1213</ele>
      </trkpt>
      <trkpt lat="42.66952196136117" lon="-0.122789014130831">
        <ele>1213</ele>
      </trkpt>
      <trkpt lat="42.669336972758174" lon="-0.122687006369233">
        <ele>1213</ele>
      </trkpt>
      <trkpt lat="42.66934703104198" lon="-0.12263503856957">
        <ele>1213</ele>
      </trkpt>
      <trkpt lat="42.669336972758174" lon="-0.122605031356215">
        <ele>1213</ele>
      </trkpt>
      <trkpt lat="42.669309983029962" lon="-0.122607965022326">
        <ele>1213</ele>
      </trkpt>
      <trkpt lat="42.669231025502086" lon="-0.122636966407299">
        <ele>1213</ele>
      </trkpt>
      <trkpt lat="42.66911300830543" lon="-0.122561026364565">
        <ele>1212</ele>
      </trkpt>
      <trkpt lat="42.668995996937156" lon="-0.122456001117826">
        <ele>1212</ele>
      </trkpt>
      <trkpt lat="42.66891703940928" lon="-0.122375031933188">
        <ele>1212</ele>
      </trkpt>
      <trkpt lat="42.668843027204275" lon="-0.122285010293126">
        <ele>1212</ele>
      </trkpt>
      <trkpt lat="42.668724004179239" lon="-0.12216598726809">
        <ele>1211</ele>
      </trkpt>
      <trkpt lat="42.668647980317473" lon="-0.122114019468427">
        <ele>1213</ele>
      </trkpt>
      <trkpt lat="42.668528035283089" lon="-0.122080994769931">
        <ele>1213</ele>
      </trkpt>
      <trkpt lat="42.668454023078084" lon="-0.122028021141887">
        <ele>1212</ele>
      </trkpt>
      <trkpt lat="42.668388979509473" lon="-0.121977981179953">
        <ele>1211</ele>
      </trkpt>
      <trkpt lat="42.668340029194951" lon="-0.121974041685462">
        <ele>1211</ele>
      </trkpt>
      <trkpt lat="42.668278003111482" lon="-0.121946968138218">
        <ele>1208</ele>
      </trkpt>
      <trkpt lat="42.668117992579937" lon="-0.121889971196651">
        <ele>1208</ele>
      </trkpt>
      <trkpt lat="42.66803802922368" lon="-0.121862981468439">
        <ele>1207</ele>
      </trkpt>
      <trkpt lat="42.667904002591968" lon="-0.121795004233718">
        <ele>1207</ele>
      </trkpt>
      <trkpt lat="42.66762999817729" lon="-0.121637005358934">
        <ele>1207</ele>
      </trkpt>
      <trkpt lat="42.667594961822033" lon="-0.121619990095496">
        <ele>1207</ele>
      </trkpt>
      <trkpt lat="42.667444003745914" lon="-0.121507002040744">
        <ele>1207</ele>
      </trkpt>
      <trkpt lat="42.66739496961236" lon="-0.121529968455434">
        <ele>1207</ele>
      </trkpt>
      <trkpt lat="42.667356999590993" lon="-0.121569028124213">
        <ele>1207</ele>
      </trkpt>
      <trkpt lat="42.667310982942581" lon="-0.121724009513855">
        <ele>1207</ele>
      </trkpt>
      <trkpt lat="42.667260020971298" lon="-0.121714035049081">
        <ele>1207</ele>
      </trkpt>
      <trkpt lat="42.667214004322886" lon="-0.121700959280133">
        <ele>1206</ele>
      </trkpt>
      <trkpt lat="42.667190032079816" lon="-0.121714035049081">
        <ele>1206</ele>
      </trkpt>
      <trkpt lat="42.667169999331236" lon="-0.121708000078797">
        <ele>1206</ele>
      </trkpt>
      <trkpt lat="42.66702800989151" lon="-0.121728032827377">
        <ele>1206</ele>
      </trkpt>
      <trkpt lat="42.666874034330249" lon="-0.121686039492488">
        <ele>1206</ele>
      </trkpt>
      <trkpt lat="42.666817959398031" lon="-0.121666006743908">
        <ele>1208</ele>
      </trkpt>
      <trkpt lat="42.666712012141943" lon="-0.121615966781974">
        <ele>1209</ele>
      </trkpt>
      <trkpt lat="42.666596006602049" lon="-0.121635999530554">
        <ele>1210</ele>
      </trkpt>
      <trkpt lat="42.666529035195708" lon="-0.12162895873189">
        <ele>1210</ele>
      </trkpt>
      <trkpt lat="42.666483018547297" lon="-0.1216059923172">
        <ele>1211</ele>
      </trkpt>
      <trkpt lat="42.666400037705898" lon="-0.121568022295833">
        <ele>1212</ele>
      </trkpt>
      <trkpt lat="42.666351003572345" lon="-0.12149803340435">
        <ele>1213</ele>
      </trkpt>
      <trkpt lat="42.666341029107571" lon="-0.121485041454434">
        <ele>1213</ele>
      </trkpt>
      <trkpt lat="42.666272968053818" lon="-0.121450005099177">
        <ele>1213</ele>
      </trkpt>
      <trkpt lat="42.66625402495265" lon="-0.121429972350597">
        <ele>1212</ele>
      </trkpt>
      <trkpt lat="42.666152017191052" lon="-0.12134900316596">
        <ele>1210</ele>
      </trkpt>
      <trkpt lat="42.666035005822778" lon="-0.121299969032407">
        <ele>1208</ele>
      </trkpt>
      <trkpt lat="42.666021008044481" lon="-0.121279014274478">
        <ele>1204</ele>
      </trkpt>
      <trkpt lat="42.66595303080976" lon="-0.121226040646434">
        <ele>1200</ele>
      </trkpt>
      <trkpt lat="42.665907014161348" lon="-0.121181029826403">
        <ele>1199</ele>
      </trkpt>
      <trkpt lat="42.665877006947994" lon="-0.12113400734961">
        <ele>1199</ele>
      </trkpt>
      <trkpt lat="42.665828978642821" lon="-0.121111962944269">
        <ele>1198</ele>
      </trkpt>
      <trkpt lat="42.665757983922958" lon="-0.121061000972986">
        <ele>1198</ele>
      </trkpt>
      <trkpt lat="42.665667040273547" lon="-0.121010961011052">
        <ele>1197</ele>
      </trkpt>
      <trkpt lat="42.665622029453516" lon="-0.120835024863482">
        <ele>1197</ele>
      </trkpt>
      <trkpt lat="42.665592022240162" lon="-0.120604019612074">
        <ele>1197</ele>
      </trkpt>
      <trkpt lat="42.665595961734653" lon="-0.120530007407069">
        <ele>1197</ele>
      </trkpt>
      <trkpt lat="42.665554974228144" lon="-0.120478961616755">
        <ele>1197</ele>
      </trkpt>
      <trkpt lat="42.665489008650184" lon="-0.120388017967343">
        <ele>1198</ele>
      </trkpt>
      <trkpt lat="42.665452966466546" lon="-0.120283998548985">
        <ele>1198</ele>
      </trkpt>
      <trkpt lat="42.665432011708617" lon="-0.120222978293896">
        <ele>1200</ele>
      </trkpt>
      <trkpt lat="42.665428994223475" lon="-0.120135974138975">
        <ele>1200</ele>
      </trkpt>
      <trkpt lat="42.665406027808785" lon="-0.119963977485895">
        <ele>1200</ele>
      </trkpt>
      <trkpt lat="42.665328998118639" lon="-0.119771026074886">
        <ele>1200</ele>
      </trkpt>
      <trkpt lat="42.665351964533329" lon="-0.119687039405108">
        <ele>1200</ele>
      </trkpt>
      <trkpt lat="42.665316006168723" lon="-0.119510013610125">
        <ele>1198</ele>
      </trkpt>
      <trkpt lat="42.665235036984086" lon="-0.119472965598106">
        <ele>1198</ele>
      </trkpt>
      <trkpt lat="42.665161024779081" lon="-0.119305998086929">
        <ele>1196</ele>
      </trkpt>
      <trkpt lat="42.665155995637178" lon="-0.11922100558877">
        <ele>1195</ele>
      </trkpt>
      <trkpt lat="42.66505197621882" lon="-0.11913500726223">
        <ele>1194</ele>
      </trkpt>
      <trkpt lat="42.664916021749377" lon="-0.118979020044208">
        <ele>1193</ele>
      </trkpt>
      <trkpt lat="42.664892971515656" lon="-0.118897967040539">
        <ele>1192</ele>
      </trkpt>
      <trkpt lat="42.664882997050881" lon="-0.118820015341043">
        <ele>1192</ele>
      </trkpt>
      <trkpt lat="42.664775960147381" lon="-0.118753965944052">
        <ele>1192</ele>
      </trkpt>
      <trkpt lat="42.664780989289284" lon="-0.118686994537711">
        <ele>1192</ele>
      </trkpt>
      <trkpt lat="42.664730027318001" lon="-0.118614993989468">
        <ele>1192</ele>
      </trkpt>
      <trkpt lat="42.664697002619505" lon="-0.118467975407839">
        <ele>1191</ele>
      </trkpt>
      <trkpt lat="42.664636988192797" lon="-0.118402009829879">
        <ele>1191</ele>
      </trkpt>
      <trkpt lat="42.664399025961757" lon="-0.117590976879001">
        <ele>1192</ele>
      </trkpt>
      <trkpt lat="42.664355020970106" lon="-0.117488969117403">
        <ele>1192</ele>
      </trkpt>
      <trkpt lat="42.664336999878287" lon="-0.117284031584859">
        <ele>1192</ele>
      </trkpt>
      <trkpt lat="42.664328031241894" lon="-0.117233991622925">
        <ele>1192</ele>
      </trkpt>
      <trkpt lat="42.66429902985692" lon="-0.117187974974513">
        <ele>1192</ele>
      </trkpt>
      <trkpt lat="42.664269022643566" lon="-0.117058977484703">
        <ele>1192</ele>
      </trkpt>
      <trkpt lat="42.664219988510013" lon="-0.116937020793557">
        <ele>1192</ele>
      </trkpt>
      <trkpt lat="42.664187969639897" lon="-0.116884969174862">
        <ele>1192</ele>
      </trkpt>
      <trkpt lat="42.664175983518362" lon="-0.116851022467017">
        <ele>1192</ele>
      </trkpt>
      <trkpt lat="42.664153017103672" lon="-0.116802994161844">
        <ele>1192</ele>
      </trkpt>
      <trkpt lat="42.664136001840234" lon="-0.116701992228627">
        <ele>1192</ele>
      </trkpt>
      <trkpt lat="42.664079004898667" lon="-0.116623034700751">
        <ele>1192</ele>
      </trkpt>
      <trkpt lat="42.664029970765114" lon="-0.116483978927135">
        <ele>1194</ele>
      </trkpt>
      <trkpt lat="42.664004992693663" lon="-0.116251967847347">
        <ele>1194</ele>
      </trkpt>
      <trkpt lat="42.663951013237238" lon="-0.116196982562542">
        <ele>1194</ele>
      </trkpt>
      <trkpt lat="42.663856968283653" lon="-0.116115007549524">
        <ele>1194</ele>
      </trkpt>
      <trkpt lat="42.66378597356379" lon="-0.115953991189599">
        <ele>1194</ele>
      </trkpt>
      <trkpt lat="42.663756972178817" lon="-0.11591199785471">
        <ele>1194</ele>
      </trkpt>
      <trkpt lat="42.663735011592507" lon="-0.1158900372684">
        <ele>1194</ele>
      </trkpt>
      <trkpt lat="42.663653958588839" lon="-0.11580303311348">
        <ele>1195</ele>
      </trkpt>
      <trkpt lat="42.663585981354117" lon="-0.115770008414984">
        <ele>1195</ele>
      </trkpt>
      <trkpt lat="42.663541976362467" lon="-0.115746036171913">
        <ele>1195</ele>
      </trkpt>
      <trkpt lat="42.663516998291016" lon="-0.11571703478694">
        <ele>1196</ele>
      </trkpt>
      <trkpt lat="42.663414990529418" lon="-0.11567504145205">
        <ele>1197</ele>
      </trkpt>
      <trkpt lat="42.663381965830922" lon="-0.115594994276762">
        <ele>1198</ele>
      </trkpt>
      <trkpt lat="42.663394035771489" lon="-0.115444036200643">
        <ele>1199</ele>
      </trkpt>
      <trkpt lat="42.663407027721405" lon="-0.115350997075439">
        <ele>1201</ele>
      </trkpt>
      <trkpt lat="42.663406021893024" lon="-0.115245971828699">
        <ele>1202</ele>
      </trkpt>
      <trkpt lat="42.663378026336432" lon="-0.115123009309173">
        <ele>1202</ele>
      </trkpt>
      <trkpt lat="42.663349024951458" lon="-0.115094007924199">
        <ele>1202</ele>
      </trkpt>
      <trkpt lat="42.663321029394865" lon="-0.115061989054084">
        <ele>1202</ele>
      </trkpt>
      <trkpt lat="42.66324601136148" lon="-0.114912036806345">
        <ele>1203</ele>
      </trkpt>
      <trkpt lat="42.663236036896706" lon="-0.114897033199668">
        <ele>1203</ele>
      </trkpt>
      <trkpt lat="42.663184991106391" lon="-0.114792007952929">
        <ele>1204</ele>
      </trkpt>
      <trkpt lat="42.663152972236276" lon="-0.114777004346251">
        <ele>1205</ele>
      </trkpt>
      <trkpt lat="42.66309698112309" lon="-0.114750014618039">
        <ele>1207</ele>
      </trkpt>
      <trkpt lat="42.663069991394877" lon="-0.11473199352622">
        <ele>1208</ele>
      </trkpt>
      <trkpt lat="42.663006037473679" lon="-0.114656975492835">
        <ele>1209</ele>
      </trkpt>
      <trkpt lat="42.662980975583196" lon="-0.114596961066127">
        <ele>1210</ele>
      </trkpt>
      <trkpt lat="42.662939988076687" lon="-0.114567959681153">
        <ele>1212</ele>
      </trkpt>
      <trkpt lat="42.662916015833616" lon="-0.114492019638419">
        <ele>1213</ele>
      </trkpt>
      <trkpt lat="42.662880979478359" lon="-0.11445002630353">
        <ele>1215</ele>
      </trkpt>
      <trkpt lat="42.662857007235289" lon="-0.114426976069808">
        <ele>1217</ele>
      </trkpt>
      <trkpt lat="42.662828005850315" lon="-0.114390011876822">
        <ele>1217</ele>
      </trkpt>
      <trkpt lat="42.662728009745479" lon="-0.114331003278494">
        <ele>1218</ele>
      </trkpt>
      <trkpt lat="42.662689033895731" lon="-0.114255985245109">
        <ele>1218</ele>
      </trkpt>
      <trkpt lat="42.66266698949039" lon="-0.114176021888852">
        <ele>1218</ele>
      </trkpt>
      <trkpt lat="42.662618039175868" lon="-0.114035960286856">
        <ele>1218</ele>
      </trkpt>
      <trkpt lat="42.662489041686058" lon="-0.113795986399055">
        <ele>1221</ele>
      </trkpt>
      <trkpt lat="42.662458028644323" lon="-0.113674029707909">
        <ele>1222</ele>
      </trkpt>
      <trkpt lat="42.662445958703756" lon="-0.113551989197731">
        <ele>1223</ele>
      </trkpt>
      <trkpt lat="42.66238996759057" lon="-0.113486023619771">
        <ele>1223</ele>
      </trkpt>
      <trkpt lat="42.662382004782557" lon="-0.113448975607753">
        <ele>1223</ele>
      </trkpt>
      <trkpt lat="42.662391979247332" lon="-0.113293994218111">
        <ele>1224</ele>
      </trkpt>
      <trkpt lat="42.662317967042327" lon="-0.113160973414779">
        <ele>1225</ele>
      </trkpt>
      <trkpt lat="42.662261975929141" lon="-0.113113028928638">
        <ele>1226</ele>
      </trkpt>
      <trkpt lat="42.662262981757522" lon="-0.113111017271876">
        <ele>1226</ele>
      </trkpt>
      <trkpt lat="42.66221797093749" lon="-0.113015966489911">
        <ele>1228</ele>
      </trkpt>
      <trkpt lat="42.662182012572885" lon="-0.112946983426809">
        <ele>1229</ele>
      </trkpt>
      <trkpt lat="42.662156028673053" lon="-0.112879006192088">
        <ele>1230</ele>
      </trkpt>
      <trkpt lat="42.66212903894484" lon="-0.112829972058535">
        <ele>1232</ele>
      </trkpt>
      <trkpt lat="42.662121998146176" lon="-0.112785967066884">
        <ele>1234</ele>
      </trkpt>
      <trkpt lat="42.662076987326145" lon="-0.112703992053866">
        <ele>1235</ele>
      </trkpt>
      <trkpt lat="42.66206500120461" lon="-0.112660992890596">
        <ele>1235</ele>
      </trkpt>
      <trkpt lat="42.662005992606282" lon="-0.112558985128999">
        <ele>1235</ele>
      </trkpt>
      <trkpt lat="42.661918988451362" lon="-0.112513974308968">
        <ele>1236</ele>
      </trkpt>
      <trkpt lat="42.661926029250026" lon="-0.112466029822826">
        <ele>1236</ele>
      </trkpt>
      <trkpt lat="42.661554040387273" lon="-0.110978996381164">
        <ele>1248</ele>
      </trkpt>
      <trkpt lat="42.661436023190618" lon="-0.110774980857968">
        <ele>1250</ele>
      </trkpt>
      <trkpt lat="42.661351030692458" lon="-0.110673978924751">
        <ele>1251</ele>
      </trkpt>
      <trkpt lat="42.661167969927192" lon="-0.110569037497044">
        <ele>1251</ele>
      </trkpt>
      <trkpt lat="42.66114198602736" lon="-0.110566020011902">
        <ele>1250</ele>
      </trkpt>
      <trkpt lat="42.661051964387298" lon="-0.1105419639498">
        <ele>1249</ele>
      </trkpt>
      <trkpt lat="42.660701014101505" lon="-0.110642965883017">
        <ele>1248</ele>
      </trkpt>
      <trkpt lat="42.660565981641412" lon="-0.11062896810472">
        <ele>1248</ele>
      </trkpt>
      <trkpt lat="42.660422986373305" lon="-0.110565014183521">
        <ele>1248</ele>
      </trkpt>
      <trkpt lat="42.660375041887164" lon="-0.110553028061986">
        <ele>1247</ele>
      </trkpt>
      <trkpt lat="42.660260964184999" lon="-0.110512040555477">
        <ele>1247</ele>
      </trkpt>
      <trkpt lat="42.660253001376987" lon="-0.110510028898716">
        <ele>1247</ele>
      </trkpt>
      <trkpt lat="42.66013003885746" lon="-0.110497958958149">
        <ele>1247</ele>
      </trkpt>
      <trkpt lat="42.660044962540269" lon="-0.110468035563827">
        <ele>1247</ele>
      </trkpt>
      <trkpt lat="42.659990983083844" lon="-0.110441967844963">
        <ele>1247</ele>
      </trkpt>
      <trkpt lat="42.659868020564318" lon="-0.110454959794879">
        <ele>1247</ele>
      </trkpt>
      <trkpt lat="42.659840025007725" lon="-0.110460994765162">
        <ele>1247</ele>
      </trkpt>
      <trkpt lat="42.659718990325928" lon="-0.110507011413574">
        <ele>1248</ele>
      </trkpt>
      <trkpt lat="42.659638021141291" lon="-0.110571971163154">
        <ele>1248</ele>
      </trkpt>
      <trkpt lat="42.659609019756317" lon="-0.110580017790198">
        <ele>1249</ele>
      </trkpt>
      <trkpt lat="42.659526960924268" lon="-0.110570965334773">
        <ele>1249</ele>
      </trkpt>
      <trkpt lat="42.659457977861166" lon="-0.110431993380189">
        <ele>1249</ele>
      </trkpt>
      <trkpt lat="42.65935898758471" lon="-0.11032696813345">
        <ele>1247</ele>
      </trkpt>
      <trkpt lat="42.659267038106918" lon="-0.110234012827277">
        <ele>1247</ele>
      </trkpt>
      <trkpt lat="42.659177016466856" lon="-0.110109960660338">
        <ele>1247</ele>
      </trkpt>
      <trkpt lat="42.659079032018781" lon="-0.109976017847657">
        <ele>1247</ele>
      </trkpt>
      <trkpt lat="42.659008037298918" lon="-0.109911980107427">
        <ele>1248</ele>
      </trkpt>
      <trkpt lat="42.658899994567037" lon="-0.109807038679719">
        <ele>1249</ele>
      </trkpt>
      <trkpt lat="42.658835034817457" lon="-0.109715005382895">
        <ele>1250</ele>
      </trkpt>
      <trkpt lat="42.658720035105944" lon="-0.109580978751183">
        <ele>1251</ele>
      </trkpt>
      <trkpt lat="42.658661026507616" lon="-0.109517024829984">
        <ele>1251</ele>
      </trkpt>
      <trkpt lat="42.658649040386081" lon="-0.109500009566545">
        <ele>1251</ele>
      </trkpt>
      <trkpt lat="42.658635964617133" lon="-0.109505038708448">
        <ele>1252</ele>
      </trkpt>
      <trkpt lat="42.658632025122643" lon="-0.10948802344501">
        <ele>1253</ele>
      </trkpt>
      <trkpt lat="42.658589025959373" lon="-0.10935802012682">
        <ele>1252</ele>
      </trkpt>
      <trkpt lat="42.658506967127323" lon="-0.109242014586926">
        <ele>1251</ele>
      </trkpt>
      <trkpt lat="42.658443013206124" lon="-0.109111005440354">
        <ele>1249</ele>
      </trkpt>
      <trkpt lat="42.658399008214474" lon="-0.109019977971911">
        <ele>1247</ele>
      </trkpt>
      <trkpt lat="42.658294988796115" lon="-0.108858961611986">
        <ele>1246</ele>
      </trkpt>
      <trkpt lat="42.658224999904633" lon="-0.108811017125845">
        <ele>1245</ele>
      </trkpt>
      <trkpt lat="42.658147970214486" lon="-0.10860800743103">
        <ele>1243</ele>
      </trkpt>
      <trkpt lat="42.658121986314654" lon="-0.108545981347561">
        <ele>1243</ele>
      </trkpt>
      <trkpt lat="42.658078987151384" lon="-0.108385970816016">
        <ele>1242</ele>
      </trkpt>
      <trkpt lat="42.658050991594791" lon="-0.108158988878131">
        <ele>1241</ele>
      </trkpt>
      <trkpt lat="42.658065995201468" lon="-0.107982968911529">
        <ele>1240</ele>
      </trkpt>
      <trkpt lat="42.658003969117999" lon="-0.107922032475472">
        <ele>1240</ele>
      </trkpt>
      <trkpt lat="42.657971028238535" lon="-0.107897976413369">
        <ele>1240</ele>
      </trkpt>
      <trkpt lat="42.657910007983446" lon="-0.107674011960626">
        <ele>1240</ele>
      </trkpt>
      <trkpt lat="42.657823003828526" lon="-0.10759798809886">
        <ele>1240</ele>
      </trkpt>
      <trkpt lat="42.657729964703321" lon="-0.107483994215727">
        <ele>1240</ele>
      </trkpt>
      <trkpt lat="42.657716972753406" lon="-0.107466978952289">
        <ele>1240</ele>
      </trkpt>
      <trkpt lat="42.657662993296981" lon="-0.107337981462479">
        <ele>1241</ele>
      </trkpt>
      <trkpt lat="42.657612031325698" lon="-0.107290036976337">
        <ele>1241</ele>
      </trkpt>
      <trkpt lat="42.657543970271945" lon="-0.107087027281523">
        <ele>1241</ele>
      </trkpt>
      <trkpt lat="42.657533995807171" lon="-0.107075963169336">
        <ele>1241</ele>
      </trkpt>
      <trkpt lat="42.657495019957423" lon="-0.10701703839004">
        <ele>1241</ele>
      </trkpt>
      <trkpt lat="42.657474987208843" lon="-0.106971021741629">
        <ele>1241</ele>
      </trkpt>
      <trkpt lat="42.657469036057591" lon="-0.10695300064981">
        <ele>1241</ele>
      </trkpt>
      <trkpt lat="42.657443974167109" lon="-0.10691100731492">
        <ele>1241</ele>
      </trkpt>
      <trkpt lat="42.657352024689317" lon="-0.106813022866845">
        <ele>1241</ele>
      </trkpt>
      <trkpt lat="42.657323023304343" lon="-0.106800030916929">
        <ele>1241</ele>
      </trkpt>
      <trkpt lat="42.65720902942121" lon="-0.106684025377035">
        <ele>1241</ele>
      </trkpt>
      <trkpt lat="42.657199976965785" lon="-0.106663992628455">
        <ele>1241</ele>
      </trkpt>
      <trkpt lat="42.657140968367457" lon="-0.106605989858508">
        <ele>1241</ele>
      </trkpt>
      <trkpt lat="42.657024962827563" lon="-0.10652401484549">
        <ele>1241</ele>
      </trkpt>
      <trkpt lat="42.65688699670136" lon="-0.106520997360349">
        <ele>1241</ele>
      </trkpt>
      <trkpt lat="42.656826982274652" lon="-0.106511022895575">
        <ele>1241</ele>
      </trkpt>
      <trkpt lat="42.656774008646607" lon="-0.106511022895575">
        <ele>1240</ele>
      </trkpt>
      <trkpt lat="42.656690021976829" lon="-0.106476992368698">
        <ele>1240</ele>
      </trkpt>
      <trkpt lat="42.65663000755012" lon="-0.106464000418782">
        <ele>1239</ele>
      </trkpt>
      <trkpt lat="42.656595977023244" lon="-0.106425024569035">
        <ele>1238</ele>
      </trkpt>
      <trkpt lat="42.656463962048292" lon="-0.106439022347331">
        <ele>1238</ele>
      </trkpt>
      <trkpt lat="42.656463962048292" lon="-0.106439022347331">
        <ele>1238</ele>
      </trkpt>
      <trkpt lat="42.656420040875673" lon="-0.106442039832473">
        <ele>1238</ele>
      </trkpt>
      <trkpt lat="42.656360026448965" lon="-0.106422007083893">
        <ele>1238</ele>
      </trkpt>
      <trkpt lat="42.656282996758819" lon="-0.106399962678552">
        <ele>1237</ele>
      </trkpt>
      <trkpt lat="42.656166991218925" lon="-0.106428964063525">
        <ele>1237</ele>
      </trkpt>
      <trkpt lat="42.656097002327442" lon="-0.106446985155344">
        <ele>1237</ele>
      </trkpt>
      <trkpt lat="42.656058026477695" lon="-0.106490990146995">
        <ele>1237</ele>
      </trkpt>
      <trkpt lat="42.656008992344141" lon="-0.106557039543986">
        <ele>1237</ele>
      </trkpt>
      <trkpt lat="42.655932968482375" lon="-0.106628034263849">
        <ele>1237</ele>
      </trkpt>
      <trkpt lat="42.655824003741145" lon="-0.106637002900243">
        <ele>1236</ele>
      </trkpt>
      <trkpt lat="42.655697017908096" lon="-0.106644965708256">
        <ele>1235</ele>
      </trkpt>
      <trkpt lat="42.655590986832976" lon="-0.106646977365017">
        <ele>1234</ele>
      </trkpt>
      <trkpt lat="42.655422007665038" lon="-0.106633985415101">
        <ele>1233</ele>
      </trkpt>
      <trkpt lat="42.655325029045343" lon="-0.106625016778708">
        <ele>1231</ele>
      </trkpt>
      <trkpt lat="42.65529996715486" lon="-0.106606995686889">
        <ele>1231</ele>
      </trkpt>
      <trkpt lat="42.65527599491179" lon="-0.106581011787057">
        <ele>1230</ele>
      </trkpt>
      <trkpt lat="42.655215980485082" lon="-0.106490990146995">
        <ele>1227</ele>
      </trkpt>
      <trkpt lat="42.65521002933383" lon="-0.106508005410433">
        <ele>1227</ele>
      </trkpt>
      <trkpt lat="42.655208017677069" lon="-0.10663297958672">
        <ele>1225</ele>
      </trkpt>
      <trkpt lat="42.655170969665051" lon="-0.106814028695226">
        <ele>1223</ele>
      </trkpt>
      <trkpt lat="42.655157977715135" lon="-0.106849987059832">
        <ele>1222</ele>
      </trkpt>
      <trkpt lat="42.655082959681749" lon="-0.106893992051482">
        <ele>1220</ele>
      </trkpt>
      <trkpt lat="42.654966032132506" lon="-0.10688996873796">
        <ele>1218</ele>
      </trkpt>
      <trkpt lat="42.654878022149205" lon="-0.106886029243469">
        <ele>1216</ele>
      </trkpt>
      <trkpt lat="42.654780959710479" lon="-0.106945959851146">
        <ele>1214</ele>
      </trkpt>
      <trkpt lat="42.654727986082435" lon="-0.106944032013416">
        <ele>1212</ele>
      </trkpt>
      <trkpt lat="42.654689010232687" lon="-0.106964986771345">
        <ele>1211</ele>
      </trkpt>
      <trkpt lat="42.654597982764244" lon="-0.107000023126602">
        <ele>1210</ele>
      </trkpt>
      <trkpt lat="42.654546014964581" lon="-0.107014020904899">
        <ele>1208</ele>
      </trkpt>
      <trkpt lat="42.654499998316169" lon="-0.107032964006066">
        <ele>1206</ele>
      </trkpt>
      <trkpt lat="42.654405031353235" lon="-0.107050985097885">
        <ele>1205</ele>
      </trkpt>
      <trkpt lat="42.654386004433036" lon="-0.107058025896549">
        <ele>1203</ele>
      </trkpt>
      <trkpt lat="42.654221970587969" lon="-0.10706196539104">
        <ele>1202</ele>
      </trkpt>
      <trkpt lat="42.654088027775288" lon="-0.10701603256166">
        <ele>1199</ele>
      </trkpt>
      <trkpt lat="42.653992976993322" lon="-0.106988959014416">
        <ele>1196</ele>
      </trkpt>
      <trkpt lat="42.653862973675132" lon="-0.106958029791713">
        <ele>1193</ele>
      </trkpt>
      <trkpt lat="42.65377102419734" lon="-0.10695300064981">
        <ele>1191</ele>
      </trkpt>
      <trkpt lat="42.653699023649096" lon="-0.106883011758327">
        <ele>1188</ele>
      </trkpt>
      <trkpt lat="42.65366499312222" lon="-0.106796007603407">
        <ele>1185</ele>
      </trkpt>
      <trkpt lat="42.653658958151937" lon="-0.106744961813092">
        <ele>1181</ele>
      </trkpt>
      <trkpt lat="42.653650995343924" lon="-0.106682013720274">
        <ele>1179</ele>
      </trkpt>
      <trkpt lat="42.653645966202021" lon="-0.106640020385385">
        <ele>1179</ele>
      </trkpt>
      <trkpt lat="42.653698017820716" lon="-0.10648000985384">
        <ele>1176</ele>
      </trkpt>
      <trkpt lat="42.653774963691831" lon="-0.106450002640486">
        <ele>1175</ele>
      </trkpt>
      <trkpt lat="42.653787033632398" lon="-0.106445979326963">
        <ele>1175</ele>
      </trkpt>
      <trkpt lat="42.653828021138906" lon="-0.1063940115273">
        <ele>1175</ele>
      </trkpt>
      <trkpt lat="42.653937991708517" lon="-0.106264008209109">
        <ele>1173</ele>
      </trkpt>
      <trkpt lat="42.653951989486814" lon="-0.106109026819468">
        <ele>1171</ele>
      </trkpt>
      <trkpt lat="42.653929023072124" lon="-0.106015987694263">
        <ele>1168</ele>
      </trkpt>
      <trkpt lat="42.653923993930221" lon="-0.105928983539343">
        <ele>1166</ele>
      </trkpt>
      <trkpt lat="42.653886023908854" lon="-0.105710970237851">
        <ele>1163</ele>
      </trkpt>
      <trkpt lat="42.653822991997004" lon="-0.105597982183099">
        <ele>1160</ele>
      </trkpt>
      <trkpt lat="42.653763983398676" lon="-0.105496980249882">
        <ele>1159</ele>
      </trkpt>
      <trkpt lat="42.653741016983986" lon="-0.105423973873258">
        <ele>1155</ele>
      </trkpt>
      <trkpt lat="42.653718972578645" lon="-0.105282990261912">
        <ele>1153</ele>
      </trkpt>
      <trkpt lat="42.6536850258708" lon="-0.105232028290629">
        <ele>1151</ele>
      </trkpt>
      <trkpt lat="42.653550999239087" lon="-0.105073023587465">
        <ele>1150</ele>
      </trkpt>
      <trkpt lat="42.653437005355954" lon="-0.105031030252576">
        <ele>1148</ele>
      </trkpt>
      <trkpt lat="42.653385959565639" lon="-0.105016026645899">
        <ele>1148</ele>
      </trkpt>
      <trkpt lat="42.653366010636091" lon="-0.105012003332376">
        <ele>1148</ele>
      </trkpt>
      <trkpt lat="42.653281018137932" lon="-0.105035975575447">
        <ele>1148</ele>
      </trkpt>
      <trkpt lat="42.653198959305882" lon="-0.105131026357412">
        <ele>1148</ele>
      </trkpt>
      <trkpt lat="42.653156965970993" lon="-0.105268992483616">
        <ele>1147</ele>
      </trkpt>
      <trkpt lat="42.653120001778007" lon="-0.105396984145045">
        <ele>1145</ele>
      </trkpt>
      <trkpt lat="42.653082031756639" lon="-0.105453981086612">
        <ele>1144</ele>
      </trkpt>
      <trkpt lat="42.652988992631435" lon="-0.105492034927011">
        <ele>1142</ele>
      </trkpt>
      <trkpt lat="42.652880027890205" lon="-0.105498991906643">
        <ele>1140</ele>
      </trkpt>
      <trkpt lat="42.652819007635117" lon="-0.105521958321333">
        <ele>1138</ele>
      </trkpt>
      <trkpt lat="42.652746001258492" lon="-0.105509972199798">
        <ele>1136</ele>
      </trkpt>
      <trkpt lat="42.652722029015422" lon="-0.10549396276474">
        <ele>1134</ele>
      </trkpt>
      <trkpt lat="42.652608035132289" lon="-0.105468984693289">
        <ele>1131</ele>
      </trkpt>
      <trkpt lat="42.652557995170355" lon="-0.105461021885276">
        <ele>1130</ele>
      </trkpt>
      <trkpt lat="42.652463028207421" lon="-0.105458004400134">
        <ele>1128</ele>
      </trkpt>
      <trkpt lat="42.652388010174036" lon="-0.105465967208147">
        <ele>1126</ele>
      </trkpt>
      <trkpt lat="42.652327995747328" lon="-0.105480970814824">
        <ele>1124</ele>
      </trkpt>
      <trkpt lat="42.652254989370704" lon="-0.105475019663572">
        <ele>1122</ele>
      </trkpt>
      <trkpt lat="42.652178965508938" lon="-0.10547099635005">
        <ele>1120</ele>
      </trkpt>
      <trkpt lat="42.652106964960694" lon="-0.105483988299966">
        <ele>1118</ele>
      </trkpt>
      <trkpt lat="42.652067989110947" lon="-0.105519024655223">
        <ele>1117</ele>
      </trkpt>
      <trkpt lat="42.652048040181398" lon="-0.105539979413152">
        <ele>1117</ele>
      </trkpt>
      <trkpt lat="42.652019038796425" lon="-0.105659002438188">
        <ele>1115</ele>
      </trkpt>
      <trkpt lat="42.652005963027477" lon="-0.105683980509639">
        <ele>1114</ele>
      </trkpt>
      <trkpt lat="42.65198802575469" lon="-0.105753969401121">
        <ele>1114</ele>
      </trkpt>
      <trkpt lat="42.65196799300611" lon="-0.105808032676578">
        <ele>1112</ele>
      </trkpt>
      <trkpt lat="42.65190496109426" lon="-0.105861006304622">
        <ele>1111</ele>
      </trkpt>
      <trkpt lat="42.651857016608119" lon="-0.105887996032834">
        <ele>1109</ele>
      </trkpt>
      <trkpt lat="42.651820974424481" lon="-0.105834016576409">
        <ele>1107</ele>
      </trkpt>
      <trkpt lat="42.651788033545017" lon="-0.105819012969732">
        <ele>1105</ele>
      </trkpt>
      <trkpt lat="42.651744028553367" lon="-0.105798980221152">
        <ele>1102</ele>
      </trkpt>
      <trkpt lat="42.651693988591433" lon="-0.105780037119985">
        <ele>1100</ele>
      </trkpt>
      <trkpt lat="42.65168602578342" lon="-0.105781964957714">
        <ele>1098</ele>
      </trkpt>
      <trkpt lat="42.651612013578415" lon="-0.105724968016148">
        <ele>1096</ele>
      </trkpt>
      <trkpt lat="42.651555016636848" lon="-0.105626983568072">
        <ele>1090</ele>
      </trkpt>
      <trkpt lat="42.651512017473578" lon="-0.105589013546705">
        <ele>1089</ele>
      </trkpt>
      <trkpt lat="42.651464994996786" lon="-0.105521036311984">
        <ele>1087</ele>
      </trkpt>
      <trkpt lat="42.651343960314989" lon="-0.105378041043878">
        <ele>1085</ele>
      </trkpt>
      <trkpt lat="42.651228960603476" lon="-0.105344010517001">
        <ele>1082</ele>
      </trkpt>
      <trkpt lat="42.651174981147051" lon="-0.105349039658904">
        <ele>1080</ele>
      </trkpt>
      <trkpt lat="42.651162995025516" lon="-0.105345016345382">
        <ele>1079</ele>
      </trkpt>
      <trkpt lat="42.651074985042214" lon="-0.105311991646886">
        <ele>1077</ele>
      </trkpt>
      <trkpt lat="42.651079008355737" lon="-0.105305034667253">
        <ele>1076</ele>
      </trkpt>
      <trkpt lat="42.651118990033865" lon="-0.105231022462249">
        <ele>1075</ele>
      </trkpt>
      <trkpt lat="42.651267014443874" lon="-0.105200009420514">
        <ele>1074</ele>
      </trkpt>
      <trkpt lat="42.651411015540361" lon="-0.105218030512333">
        <ele>1074</ele>
      </trkpt>
      <trkpt lat="42.651591980829835" lon="-0.105195986106992">
        <ele>1074</ele>
      </trkpt>
      <trkpt lat="42.651768000796437" lon="-0.105156004428864">
        <ele>1074</ele>
      </trkpt>
      <trkpt lat="42.651792978867888" lon="-0.105151981115341">
        <ele>1074</ele>
      </trkpt>
      <trkpt lat="42.651925999671221" lon="-0.105103030800819">
        <ele>1074</ele>
      </trkpt>
      <trkpt lat="42.652112999930978" lon="-0.105014014989138">
        <ele>1073</ele>
      </trkpt>
      <trkpt lat="42.652177959680557" lon="-0.104951988905668">
        <ele>1073</ele>
      </trkpt>
      <trkpt lat="42.652301006019115" lon="-0.104759037494659">
        <ele>1073</ele>
      </trkpt>
      <trkpt lat="42.652393961325288" lon="-0.104587040841579">
        <ele>1073</ele>
      </trkpt>
      <trkpt lat="42.652477025985718" lon="-0.104389982298017">
        <ele>1073</ele>
      </trkpt>
      <trkpt lat="42.652554977685213" lon="-0.104207005351782">
        <ele>1073</ele>
      </trkpt>
      <trkpt lat="42.652610968798399" lon="-0.104079013690352">
        <ele>1073</ele>
      </trkpt>
      <trkpt lat="42.652643993496895" lon="-0.103984968736768">
        <ele>1073</ele>
      </trkpt>
      <trkpt lat="42.652759999036789" lon="-0.103798974305391">
        <ele>1072</ele>
      </trkpt>
      <trkpt lat="42.652837028726935" lon="-0.103654973208904">
        <ele>1072</ele>
      </trkpt>
      <trkpt lat="42.652894025668502" lon="-0.103554977104068">
        <ele>1072</ele>
      </trkpt>
      <trkpt lat="42.652938030660152" lon="-0.103480964899063">
        <ele>1073</ele>
      </trkpt>
      <trkpt lat="42.653021011501551" lon="-0.103380968794227">
        <ele>1073</ele>
      </trkpt>
      <trkpt lat="42.653124025091529" lon="-0.103246020153165">
        <ele>1073</ele>
      </trkpt>
      <trkpt lat="42.653188984841108" lon="-0.103166978806257">
        <ele>1073</ele>
      </trkpt>
      <trkpt lat="42.653305996209383" lon="-0.103120040148497">
        <ele>1073</ele>
      </trkpt>
      <trkpt lat="42.653337009251118" lon="-0.103089027106762">
        <ele>1071</ele>
      </trkpt>
      <trkpt lat="42.653387971222401" lon="-0.103047033771873">
        <ele>1070</ele>
      </trkpt>
      <trkpt lat="42.653471035882831" lon="-0.10287101380527">
        <ele>1070</ele>
      </trkpt>
      <trkpt lat="42.653526021167636" lon="-0.102769006043673">
        <ele>1071</ele>
      </trkpt>
      <trkpt lat="42.653503976762295" lon="-0.102728018537164">
        <ele>1070</ele>
      </trkpt>
      <trkpt lat="42.653457960113883" lon="-0.102711003273726">
        <ele>1068</ele>
      </trkpt>
      <trkpt lat="42.653379002586007" lon="-0.10259198024869">
        <ele>1066</ele>
      </trkpt>
      <trkpt lat="42.653328040614724" lon="-0.102559039369226">
        <ele>1066</ele>
      </trkpt>
      <trkpt lat="42.653211029246449" lon="-0.102496007457376">
        <ele>1063</ele>
      </trkpt>
      <trkpt lat="42.653201976791024" lon="-0.102582005783916">
        <ele>1062</ele>
      </trkpt>
      <trkpt lat="42.653107009828091" lon="-0.10259198024869">
        <ele>1060</ele>
      </trkpt>
      <trkpt lat="42.65299703925848" lon="-0.102577982470393">
        <ele>1058</ele>
      </trkpt>
      <trkpt lat="42.652950016781688" lon="-0.1025499869138">
        <ele>1057</ele>
      </trkpt>
      <trkpt lat="42.652921015396714" lon="-0.102530037984252">
        <ele>1056</ele>
      </trkpt>
      <trkpt lat="42.65280500985682" lon="-0.102573959156871">
        <ele>1055</ele>
      </trkpt>
      <trkpt lat="42.652672994881868" lon="-0.102542024105787">
        <ele>1054</ele>
      </trkpt>
      <trkpt lat="42.652580039575696" lon="-0.102607989683747">
        <ele>1052</ele>
      </trkpt>
      <trkpt lat="42.652495969086885" lon="-0.102733969688416">
        <ele>1051</ele>
      </trkpt>
      <trkpt lat="42.652448024600744" lon="-0.102761965245008">
        <ele>1048</ele>
      </trkpt>
      <trkpt lat="42.652419023215771" lon="-0.102766994386911">
        <ele>1046</ele>
      </trkpt>
      <trkpt lat="42.652340987697244" lon="-0.102834971621633">
        <ele>1045</ele>
      </trkpt>
      <trkpt lat="42.65224602073431" lon="-0.102901021018624">
        <ele>1043</ele>
      </trkpt>
      <trkpt lat="42.652145018801093" lon="-0.102948965504766">
        <ele>1042</ele>
      </trkpt>
      <trkpt lat="42.652082992717624" lon="-0.102887023240328">
        <ele>1042</ele>
      </trkpt>
      <trkpt lat="42.652060026302934" lon="-0.10289398021996">
        <ele>1043</ele>
      </trkpt>
      <trkpt lat="42.651946032419801" lon="-0.102987019345164">
        <ele>1045</ele>
      </trkpt>
      <trkpt lat="42.651860034093261" lon="-0.10302197188139">
        <ele>1046</ele>
      </trkpt>
      <trkpt lat="42.651768000796437" lon="-0.103070000186563">
        <ele>1046</ele>
      </trkpt>
      <trkpt lat="42.651740005239844" lon="-0.10312900878489">
        <ele>1044</ele>
      </trkpt>
      <trkpt lat="42.651692982763052" lon="-0.103176031261683">
        <ele>1043</ele>
      </trkpt>
      <trkpt lat="42.651674961671233" lon="-0.103189023211598">
        <ele>1042</ele>
      </trkpt>
      <trkpt lat="42.651604972779751" lon="-0.103227999061346">
        <ele>1042</ele>
      </trkpt>
      <trkpt lat="42.65153800137341" lon="-0.10334299877286">
        <ele>1041</ele>
      </trkpt>
      <trkpt lat="42.651439011096954" lon="-0.103547014296055">
        <ele>1039</ele>
      </trkpt>
      <trkpt lat="42.65143096446991" lon="-0.103561012074351">
        <ele>1039</ele>
      </trkpt>
      <trkpt lat="42.651417972519994" lon="-0.103592025116086">
        <ele>1038</ele>
      </trkpt>
      <trkpt lat="42.65140799805522" lon="-0.103713981807232">
        <ele>1037</ele>
      </trkpt>
      <trkpt lat="42.651329962536693" lon="-0.103685986250639">
        <ele>1030</ele>
      </trkpt>
      <trkpt lat="42.65121303498745" lon="-0.103628989309072">
        <ele>1029</ele>
      </trkpt>
      <trkpt lat="42.651174981147051" lon="-0.10360099375248">
        <ele>1029</ele>
      </trkpt>
      <trkpt lat="42.651158971711993" lon="-0.103576015681028">
        <ele>1029</ele>
      </trkpt>
      <trkpt lat="42.6511309761554" lon="-0.103569980710745">
        <ele>1029</ele>
      </trkpt>
      <trkpt lat="42.651089988648891" lon="-0.10362102650106">
        <ele>1029</ele>
      </trkpt>
      <trkpt lat="42.65106501057744" lon="-0.103697972372174">
        <ele>1029</ele>
      </trkpt>
      <trkpt lat="42.651058975607157" lon="-0.103741977363825">
        <ele>1030</ele>
      </trkpt>
      <trkpt lat="42.651013964787126" lon="-0.103791011497378">
        <ele>1030</ele>
      </trkpt>
      <trkpt lat="42.650973983108997" lon="-0.10383602231741">
        <ele>1030</ele>
      </trkpt>
      <trkpt lat="42.650923021137714" lon="-0.103825964033604">
        <ele>1032</ele>
      </trkpt>
      <trkpt lat="42.650910029187799" lon="-0.103809032589197">
        <ele>1034</ele>
      </trkpt>
      <trkpt lat="42.650835011154413" lon="-0.103798974305391">
        <ele>1036</ele>
      </trkpt>
      <trkpt lat="42.65080600976944" lon="-0.103775002062321">
        <ele>1038</ele>
      </trkpt>
      <trkpt lat="42.65078698284924" lon="-0.103753041476011">
        <ele>1040</ele>
      </trkpt>
      <trkpt lat="42.650696961209178" lon="-0.103700989857316">
        <ele>1042</ele>
      </trkpt>
      <trkpt lat="42.650544997304678" lon="-0.103699984028935">
        <ele>1043</ele>
      </trkpt>
      <trkpt lat="42.650446007028222" lon="-0.103698978200555">
        <ele>1043</ele>
      </trkpt>
      <trkpt lat="42.650394039228559" lon="-0.103682968765497">
        <ele>1048</ele>
      </trkpt>
      <trkpt lat="42.650347016751766" lon="-0.103635024279356">
        <ele>1048</ele>
      </trkpt>
      <trkpt lat="42.65031399205327" lon="-0.103486999869347">
        <ele>1050</ele>
      </trkpt>
      <trkpt lat="42.650325978174806" lon="-0.103456992655993">
        <ele>1052</ele>
      </trkpt>
      <trkpt lat="42.650336036458611" lon="-0.10340703651309">
        <ele>1054</ele>
      </trkpt>
      <trkpt lat="42.650361014530063" lon="-0.1032770331949">
        <ele>1056</ele>
      </trkpt>
      <trkpt lat="42.650349028408527" lon="-0.103202015161514">
        <ele>1057</ele>
      </trkpt>
      <trkpt lat="42.650311980396509" lon="-0.103079974651337">
        <ele>1059</ele>
      </trkpt>
      <trkpt lat="42.650267975404859" lon="-0.10302297770977">
        <ele>1060</ele>
      </trkpt>
      <trkpt lat="42.650251965969801" lon="-0.10295600630343">
        <ele>1062</ele>
      </trkpt>
      <trkpt lat="42.650206033140421" lon="-0.102943014353514">
        <ele>1063</ele>
      </trkpt>
      <trkpt lat="42.650153981521726" lon="-0.102907977998257">
        <ele>1065</ele>
      </trkpt>
      <trkpt lat="42.650120034813881" lon="-0.102872019633651">
        <ele>1067</ele>
      </trkpt>
      <trkpt lat="42.650078041478992" lon="-0.102830026298761">
        <ele>1068</ele>
      </trkpt>
      <trkpt lat="42.650031019002199" lon="-0.102804964408278">
        <ele>1070</ele>
      </trkpt>
      <trkpt lat="42.650001011788845" lon="-0.102708991616964">
        <ele>1073</ele>
      </trkpt>
      <trkpt lat="42.64996999874711" lon="-0.10261301882565">
        <ele>1074</ele>
      </trkpt>
      <trkpt lat="42.64988400042057" lon="-0.102568008005619">
        <ele>1078</ele>
      </trkpt>
      <trkpt lat="42.64979699626565" lon="-0.102525008842349">
        <ele>1080</ele>
      </trkpt>
      <trkpt lat="42.649763971567154" lon="-0.102459965273738">
        <ele>1083</ele>
      </trkpt>
      <trkpt lat="42.649726001545787" lon="-0.102368015795946">
        <ele>1084</ele>
      </trkpt>
      <trkpt lat="42.649660035967827" lon="-0.102303978055716">
        <ele>1086</ele>
      </trkpt>
      <trkpt lat="42.64962600544095" lon="-0.102234994992614">
        <ele>1087</ele>
      </trkpt>
      <trkpt lat="42.649606978520751" lon="-0.10218202136457">
        <ele>1088</ele>
      </trkpt>
      <trkpt lat="42.649635979905725" lon="-0.102173974737525">
        <ele>1089</ele>
      </trkpt>
      <trkpt lat="42.649673027917743" lon="-0.102203981950879">
        <ele>1091</ele>
      </trkpt>
      <trkpt lat="42.649686019867659" lon="-0.102215968072414">
        <ele>1091</ele>
      </trkpt>
      <trkpt lat="42.649730024859309" lon="-0.102289980277419">
        <ele>1093</ele>
      </trkpt>
      <trkpt lat="42.649735976010561" lon="-0.102294003590941">
        <ele>1095</ele>
      </trkpt>
      <trkpt lat="42.649833038449287" lon="-0.102300960570574">
        <ele>1096</ele>
      </trkpt>
      <trkpt lat="42.649950971826911" lon="-0.102258967235684">
        <ele>1098</ele>
      </trkpt>
      <trkpt lat="42.649940997362137" lon="-0.102212028577924">
        <ele>1099</ele>
      </trkpt>
      <trkpt lat="42.649878971278667" lon="-0.102126030251384">
        <ele>1100</ele>
      </trkpt>
      <trkpt lat="42.649879977107048" lon="-0.102017987519503">
        <ele>1101</ele>
      </trkpt>
      <trkpt lat="42.649886012077332" lon="-0.101955039426684">
        <ele>1102</ele>
      </trkpt>
      <trkpt lat="42.649899004027247" lon="-0.101901981979609">
        <ele>1103</ele>
      </trkpt>
      <trkpt lat="42.649983996525407" lon="-0.101810032501817">
        <ele>1106</ele>
      </trkpt>
      <trkpt lat="42.650036970153451" lon="-0.101725040003657">
        <ele>1106</ele>
      </trkpt>
      <trkpt lat="42.650064965710044" lon="-0.101628983393312">
        <ele>1108</ele>
      </trkpt>
      <trkpt lat="42.650092039257288" lon="-0.101519012823701">
        <ele>1109</ele>
      </trkpt>
      <trkpt lat="42.650109976530075" lon="-0.101458998396993">
        <ele>1111</ele>
      </trkpt>
      <trkpt lat="42.650109976530075" lon="-0.101421028375626">
        <ele>1111</ele>
      </trkpt>
      <trkpt lat="42.650111988186836" lon="-0.101379035040736">
        <ele>1113</ele>
      </trkpt>
      <trkpt lat="42.650092039257288" lon="-0.101337963715196">
        <ele>1115</ele>
      </trkpt>
      <trkpt lat="42.650022972375154" lon="-0.101321032270789">
        <ele>1116</ele>
      </trkpt>
      <trkpt lat="42.649952983483672" lon="-0.101269986480474">
        <ele>1119</ele>
      </trkpt>
      <trkpt lat="42.649913001805544" lon="-0.101234028115869">
        <ele>1121</ele>
      </trkpt>
      <trkpt lat="42.649881988763809" lon="-0.101115005090833">
        <ele>1123</ele>
      </trkpt>
      <trkpt lat="42.649893974885345" lon="-0.10108700953424">
        <ele>1124</ele>
      </trkpt>
      <trkpt lat="42.649918030947447" lon="-0.101029006764293">
        <ele>1125</ele>
      </trkpt>
      <trkpt lat="42.64994996599853" lon="-0.100887017324567">
        <ele>1126</ele>
      </trkpt>
      <trkpt lat="42.649963963776827" lon="-0.100819962099195">
        <ele>1126</ele>
      </trkpt>
      <trkpt lat="42.649958012625575" lon="-0.100661041215062">
        <ele>1128</ele>
      </trkpt>
      <trkpt lat="42.649934962391853" lon="-0.100542018190026">
        <ele>1130</ele>
      </trkpt>
      <trkpt lat="42.64992599375546" lon="-0.100451996549964">
        <ele>1130</ele>
      </trkpt>
      <trkpt lat="42.649936974048615" lon="-0.100310007110238">
        <ele>1132</ele>
      </trkpt>
      <trkpt lat="42.649933034554124" lon="-0.100128035992384">
        <ele>1133</ele>
      </trkpt>
      <trkpt lat="42.649916019290686" lon="-0.099937012419105">
        <ele>1133</ele>
      </trkpt>
      <trkpt lat="42.649913001805544" lon="-0.099895019084215">
        <ele>1134</ele>
      </trkpt>
      <trkpt lat="42.649919036775827" lon="-0.099850008264184">
        <ele>1134</ele>
      </trkpt>
      <trkpt lat="42.649945020675659" lon="-0.099705001339316">
        <ele>1135</ele>
      </trkpt>
      <trkpt lat="42.649918030947447" lon="-0.099597964435816">
        <ele>1135</ele>
      </trkpt>
      <trkpt lat="42.649828009307384" lon="-0.09956301189959">
        <ele>1136</ele>
      </trkpt>
      <trkpt lat="42.649762965738773" lon="-0.099435020238161">
        <ele>1137</ele>
      </trkpt>
      <trkpt lat="42.649720972403884" lon="-0.09932697750628">
        <ele>1138</ele>
      </trkpt>
      <trkpt lat="42.649706974625587" lon="-0.099294958636165">
        <ele>1138</ele>
      </trkpt>
      <trkpt lat="42.649715021252632" lon="-0.099142994731665">
        <ele>1139</ele>
      </trkpt>
      <trkpt lat="42.649722984060645" lon="-0.099027995020151">
        <ele>1141</ele>
      </trkpt>
      <trkpt lat="42.649750979617238" lon="-0.098952976986766">
        <ele>1142</ele>
      </trkpt>
      <trkpt lat="42.649749973788857" lon="-0.098902015015483">
        <ele>1143</ele>
      </trkpt>
      <trkpt lat="42.649751985445619" lon="-0.098893968388438">
        <ele>1143</ele>
      </trkpt>
      <trkpt lat="42.649773024022579" lon="-0.098787015303969">
        <ele>1144</ele>
      </trkpt>
      <trkpt lat="42.649790039286017" lon="-0.098622981458902">
        <ele>1146</ele>
      </trkpt>
      <trkpt lat="42.649801019579172" lon="-0.098593980073929">
        <ele>1146</ele>
      </trkpt>
      <trkpt lat="42.649868996813893" lon="-0.098512005060911">
        <ele>1147</ele>
      </trkpt>
      <trkpt lat="42.649875031784177" lon="-0.098463976755738">
        <ele>1148</ele>
      </trkpt>
      <trkpt lat="42.649879977107048" lon="-0.09835802949965">
        <ele>1148</ele>
      </trkpt>
      <trkpt lat="42.649876037612557" lon="-0.098344031721354">
        <ele>1148</ele>
      </trkpt>
      <trkpt lat="42.64986396767199" lon="-0.098273037001491">
        <ele>1148</ele>
      </trkpt>
      <trkpt lat="42.649881988763809" lon="-0.098113026469946">
        <ele>1150</ele>
      </trkpt>
      <trkpt lat="42.649902021512389" lon="-0.097952010110021">
        <ele>1151</ele>
      </trkpt>
      <trkpt lat="42.649907972663641" lon="-0.097868023440242">
        <ele>1151</ele>
      </trkpt>
      <trkpt lat="42.649922976270318" lon="-0.09782200679183">
        <ele>1152</ele>
      </trkpt>
      <trkpt lat="42.649965975433588" lon="-0.097726034000516">
        <ele>1152</ele>
      </trkpt>
      <trkpt lat="42.650051973760128" lon="-0.097638024017215">
        <ele>1153</ele>
      </trkpt>
      <trkpt lat="42.650176025927067" lon="-0.097495028749108">
        <ele>1153</ele>
      </trkpt>
      <trkpt lat="42.650259006768465" lon="-0.097382040694356">
        <ele>1153</ele>
      </trkpt>
      <trkpt lat="42.650380041450262" lon="-0.097221024334431">
        <ele>1153</ele>
      </trkpt>
      <trkpt lat="42.650448018684983" lon="-0.09711398743093">
        <ele>1154</ele>
      </trkpt>
      <trkpt lat="42.650521025061607" lon="-0.097036035731435">
        <ele>1155</ele>
      </trkpt>
      <trkpt lat="42.650566035881639" lon="-0.09694199077785">
        <ele>1155</ele>
      </trkpt>
      <trkpt lat="42.650583973154426" lon="-0.096904020756483">
        <ele>1155</ele>
      </trkpt>
      <trkpt lat="42.650687992572784" lon="-0.096825985237956">
        <ele>1155</ele>
      </trkpt>
      <trkpt lat="42.650784971192479" lon="-0.096694976091385">
        <ele>1157</ele>
      </trkpt>
      <trkpt lat="42.650790000334382" lon="-0.096686007454991">
        <ele>1156</ele>
      </trkpt>
      <trkpt lat="42.650821013376117" lon="-0.096629010513425">
        <ele>1157</ele>
      </trkpt>
      <trkpt lat="42.650898965075612" lon="-0.096522979438305">
        <ele>1159</ele>
      </trkpt>
      <trkpt lat="42.65100197866559" lon="-0.096395993605256">
        <ele>1160</ele>
      </trkpt>
      <trkpt lat="42.651004996150732" lon="-0.096385013312101">
        <ele>1160</ele>
      </trkpt>
      <trkpt lat="42.651047995314002" lon="-0.096285017207265">
        <ele>1160</ele>
      </trkpt>
      <trkpt lat="42.651090994477272" lon="-0.096158031374216">
        <ele>1161</ele>
      </trkpt>
      <trkpt lat="42.651119995862246" lon="-0.09612400084734">
        <ele>1161</ele>
      </trkpt>
      <trkpt lat="42.651165006682277" lon="-0.095987040549517">
        <ele>1162</ele>
      </trkpt>
      <trkpt lat="42.651167018339038" lon="-0.09597203694284">
        <ele>1162</ele>
      </trkpt>
      <trkpt lat="42.65121596865356" lon="-0.095812026411295">
        <ele>1162</ele>
      </trkpt>
      <trkpt lat="42.651276988908648" lon="-0.095622008666396">
        <ele>1163</ele>
      </trkpt>
      <trkpt lat="42.65132199972868" lon="-0.095489993691444">
        <ele>1163</ele>
      </trkpt>
      <trkpt lat="42.651347983628511" lon="-0.095379017293453">
        <ele>1164</ele>
      </trkpt>
      <trkpt lat="42.651367010548711" lon="-0.095242979004979">
        <ele>1165</ele>
      </trkpt>
      <trkpt lat="42.651367010548711" lon="-0.095195034518838">
        <ele>1165</ele>
      </trkpt>
      <trkpt lat="42.651381008327007" lon="-0.09505296126008">
        <ele>1165</ele>
      </trkpt>
      <trkpt lat="42.651429958641529" lon="-0.094860009849072">
        <ele>1166</ele>
      </trkpt>
      <trkpt lat="42.651444040238857" lon="-0.094766970723867">
        <ele>1166</ele>
      </trkpt>
      <trkpt lat="42.651485027745366" lon="-0.094621041789651">
        <ele>1166</ele>
      </trkpt>
      <trkpt lat="42.651501037180424" lon="-0.094558009877801">
        <ele>1167</ele>
      </trkpt>
      <trkpt lat="42.651532972231507" lon="-0.094387019053102">
        <ele>1167</ele>
      </trkpt>
      <trkpt lat="42.6515609677881" lon="-0.094312001019716">
        <ele>1168</ele>
      </trkpt>
      <trkpt lat="42.651657024398446" lon="-0.094208987429738">
        <ele>1168</ele>
      </trkpt>
      <trkpt lat="42.651706980541348" lon="-0.094079989939928">
        <ele>1169</ele>
      </trkpt>
      <trkpt lat="42.651726007461548" lon="-0.093929031863809">
        <ele>1170</ele>
      </trkpt>
      <trkpt lat="42.651738999411464" lon="-0.093778995797038">
        <ele>1171</ele>
      </trkpt>
      <trkpt lat="42.651774035766721" lon="-0.093642035499215">
        <ele>1172</ele>
      </trkpt>
      <trkpt lat="42.651806976646185" lon="-0.093486970290542">
        <ele>1173</ele>
      </trkpt>
      <trkpt lat="42.651809994131327" lon="-0.093370964750648">
        <ele>1173</ele>
      </trkpt>
      <trkpt lat="42.65181502327323" lon="-0.093358978629112">
        <ele>1173</ele>
      </trkpt>
      <trkpt lat="42.651821980252862" lon="-0.093334000557661">
        <ele>1173</ele>
      </trkpt>
      <trkpt lat="42.651807982474566" lon="-0.093268034979701">
        <ele>1173</ele>
      </trkpt>
      <trkpt lat="42.651892974972725" lon="-0.093068964779377">
        <ele>1173</ele>
      </trkpt>
      <trkpt lat="42.651922982186079" lon="-0.092969974502921">
        <ele>1173</ele>
      </trkpt>
      <trkpt lat="42.651935974135995" lon="-0.092884982004762">
        <ele>1174</ele>
      </trkpt>
      <trkpt lat="42.651949971914291" lon="-0.092821028083563">
        <ele>1174</ele>
      </trkpt>
      <trkpt lat="42.652011997997761" lon="-0.092677026987076">
        <ele>1174</ele>
      </trkpt>
      <trkpt lat="42.652005041018128" lon="-0.092577030882239">
        <ele>1174</ele>
      </trkpt>
      <trkpt lat="42.652009986341" lon="-0.092511987313628">
        <ele>1174</ele>
      </trkpt>
      <trkpt lat="42.652019960805774" lon="-0.092457002028823">
        <ele>1175</ele>
      </trkpt>
      <trkpt lat="42.652081986889243" lon="-0.092371003702283">
        <ele>1175</ele>
      </trkpt>
      <trkpt lat="42.652107970789075" lon="-0.092164976522326">
        <ele>1176</ele>
      </trkpt>
      <trkpt lat="42.6521170232445" lon="-0.092080989852548">
        <ele>1177</ele>
      </trkpt>
      <trkpt lat="42.652152981609106" lon="-0.091974036768079">
        <ele>1178</ele>
      </trkpt>
      <trkpt lat="42.65218298882246" lon="-0.091830035671592">
        <ele>1179</ele>
      </trkpt>
      <trkpt lat="42.652144012972713" lon="-0.091692991554737">
        <ele>1180</ele>
      </trkpt>
      <trkpt lat="42.652149964123964" lon="-0.091644963249564">
        <ele>1180</ele>
      </trkpt>
      <trkpt lat="42.652101013809443" lon="-0.091532981023192">
        <ele>1180</ele>
      </trkpt>
      <trkpt lat="42.652105037122965" lon="-0.091342963278294">
        <ele>1181</ele>
      </trkpt>
      <trkpt lat="42.652148958295584" lon="-0.09118496440351">
        <ele>1181</ele>
      </trkpt>
      <trkpt lat="42.652173014357686" lon="-0.091099971905351">
        <ele>1183</ele>
      </trkpt>
      <trkpt lat="42.652230011299253" lon="-0.091048004105687">
        <ele>1184</ele>
      </trkpt>
      <trkpt lat="42.652248032391071" lon="-0.091035012155771">
        <ele>1185</ele>
      </trkpt>
      <trkpt lat="42.652304023504257" lon="-0.090856980532408">
        <ele>1185</ele>
      </trkpt>
      <trkpt lat="42.652327995747328" lon="-0.090692024677992">
        <ele>1185</ele>
      </trkpt>
      <trkpt lat="42.652346016839147" lon="-0.090536959469318">
        <ele>1186</ele>
      </trkpt>
      <trkpt lat="42.652340987697244" lon="-0.090378960594535">
        <ele>1187</ele>
      </trkpt>
      <trkpt lat="42.652326989918947" lon="-0.090358005836606">
        <ele>1187</ele>
      </trkpt>
      <trkpt lat="42.652236968278885" lon="-0.090246023610234">
        <ele>1188</ele>
      </trkpt>
      <trkpt lat="42.652162034064531" lon="-0.090133035555482">
        <ele>1189</ele>
      </trkpt>
      <trkpt lat="42.652131021022797" lon="-0.090080983936787">
        <ele>1189</ele>
      </trkpt>
      <trkpt lat="42.652051979675889" lon="-0.089947963133454">
        <ele>1190</ele>
      </trkpt>
      <trkpt lat="42.652009986341" lon="-0.089876968413591">
        <ele>1190</ele>
      </trkpt>
      <trkpt lat="42.651977967470884" lon="-0.08982801809907">
        <ele>1190</ele>
      </trkpt>
      <trkpt lat="42.651968998834491" lon="-0.089790970087051">
        <ele>1190</ele>
      </trkpt>
      <trkpt lat="42.652005963027477" lon="-0.089617967605591">
        <ele>1191</ele>
      </trkpt>
      <trkpt lat="42.651999006047845" lon="-0.089432979002595">
        <ele>1191</ele>
      </trkpt>
      <trkpt lat="42.651976039633155" lon="-0.089397020637989">
        <ele>1191</ele>
      </trkpt>
      <trkpt lat="42.651941003277898" lon="-0.089262994006276">
        <ele>1192</ele>
      </trkpt>
      <trkpt lat="42.651937985792756" lon="-0.089083034545183">
        <ele>1193</ele>
      </trkpt>
      <trkpt lat="42.651918036863208" lon="-0.088937021791935">
        <ele>1194</ele>
      </trkpt>
      <trkpt lat="42.651932034641504" lon="-0.088787991553545">
        <ele>1195</ele>
      </trkpt>
      <trkpt lat="42.65194402076304" lon="-0.088757984340191">
        <ele>1195</ele>
      </trkpt>
      <trkpt lat="42.651958018541336" lon="-0.088623035699129">
        <ele>1196</ele>
      </trkpt>
      <trkpt lat="42.652003029361367" lon="-0.088421031832695">
        <ele>1197</ele>
      </trkpt>
      <trkpt lat="42.652000011876225" lon="-0.088396975770593">
        <ele>1197</ele>
      </trkpt>
      <trkpt lat="42.65198701992631" lon="-0.088318018242717">
        <ele>1198</ele>
      </trkpt>
      <trkpt lat="42.651962963864207" lon="-0.088193966075778">
        <ele>1198</ele>
      </trkpt>
      <trkpt lat="42.651875037699938" lon="-0.08802599273622">
        <ele>1199</ele>
      </trkpt>
      <trkpt lat="42.651804964989424" lon="-0.087921973317862">
        <ele>1199</ele>
      </trkpt>
      <trkpt lat="42.65177596360445" lon="-0.087864976376295">
        <ele>1199</ele>
      </trkpt>
      <trkpt lat="42.651634979993105" lon="-0.087666995823383">
        <ele>1200</ele>
      </trkpt>
      <trkpt lat="42.651614025235176" lon="-0.087614022195339">
        <ele>1200</ele>
      </trkpt>
      <trkpt lat="42.65160296112299" lon="-0.087491981685162">
        <ele>1200</ele>
      </trkpt>
      <trkpt lat="42.651629028841853" lon="-0.08735803887248">
        <ele>1200</ele>
      </trkpt>
      <trkpt lat="42.651674039661884" lon="-0.087217977270484">
        <ele>1201</ele>
      </trkpt>
      <trkpt lat="42.6516870316118" lon="-0.08697004057467">
        <ele>1202</ele>
      </trkpt>
      <trkpt lat="42.651704968884587" lon="-0.086860992014408">
        <ele>1202</ele>
      </trkpt>
      <trkpt lat="42.651660041883588" lon="-0.086582964286208">
        <ele>1202</ele>
      </trkpt>
      <trkpt lat="42.651627017185092" lon="-0.086412979289889">
        <ele>1202</ele>
      </trkpt>
      <trkpt lat="42.651634979993105" lon="-0.086283981800079">
        <ele>1202</ele>
      </trkpt>
      <trkpt lat="42.65162399969995" lon="-0.086216004565358">
        <ele>1202</ele>
      </trkpt>
      <trkpt lat="42.651619976386428" lon="-0.086121959611773">
        <ele>1203</ele>
      </trkpt>
      <trkpt lat="42.651639003306627" lon="-0.085982987657189">
        <ele>1203</ele>
      </trkpt>
      <trkpt lat="42.651649983599782" lon="-0.085807973518968">
        <ele>1203</ele>
      </trkpt>
      <trkpt lat="42.651640009135008" lon="-0.085598006844521">
        <ele>1204</ele>
      </trkpt>
      <trkpt lat="42.651642020791769" lon="-0.085408994928002">
        <ele>1205</ele>
      </trkpt>
      <trkpt lat="42.651654006913304" lon="-0.085211014375091">
        <ele>1206</ele>
      </trkpt>
      <trkpt lat="42.651647971943021" lon="-0.085056032985449">
        <ele>1207</ele>
      </trkpt>
      <trkpt lat="42.651691976934671" lon="-0.084819998592138">
        <ele>1208</ele>
      </trkpt>
      <trkpt lat="42.651749979704618" lon="-0.084656970575452">
        <ele>1209</ele>
      </trkpt>
      <trkpt lat="42.651746040210128" lon="-0.084542976692319">
        <ele>1210</ele>
      </trkpt>
      <trkpt lat="42.651802031323314" lon="-0.084401993080974">
        <ele>1210</ele>
      </trkpt>
      <trkpt lat="42.651843018829823" lon="-0.084292022511363">
        <ele>1211</ele>
      </trkpt>
      <trkpt lat="42.651867996901274" lon="-0.084251035004854">
        <ele>1211</ele>
      </trkpt>
      <trkpt lat="42.651890963315964" lon="-0.084207030013204">
        <ele>1211</ele>
      </trkpt>
      <trkpt lat="42.651938991621137" lon="-0.084136035293341">
        <ele>1212</ele>
      </trkpt>
      <trkpt lat="42.652097996324301" lon="-0.083959009498358">
        <ele>1213</ele>
      </trkpt>
      <trkpt lat="42.652109982445836" lon="-0.083949035033584">
        <ele>1213</ele>
      </trkpt>
      <trkpt lat="42.652122974395752" lon="-0.08387602865696">
        <ele>1214</ele>
      </trkpt>
      <trkpt lat="42.652189023792744" lon="-0.083725992590189">
        <ele>1215</ele>
      </trkpt>
      <trkpt lat="42.652251971885562" lon="-0.083617027848959">
        <ele>1216</ele>
      </trkpt>
      <trkpt lat="42.652349034324288" lon="-0.083615016192198">
        <ele>1216</ele>
      </trkpt>
      <trkpt lat="42.652428997680545" lon="-0.08359900675714">
        <ele>1217</ele>
      </trkpt>
      <trkpt lat="42.652565035969019" lon="-0.083605041727424">
        <ele>1218</ele>
      </trkpt>
      <trkpt lat="42.652703002095222" lon="-0.083582997322083">
        <ele>1220</ele>
      </trkpt>
      <trkpt lat="42.652724040672183" lon="-0.083576962351799">
        <ele>1220</ele>
      </trkpt>
      <trkpt lat="42.652782965451479" lon="-0.083566987887025">
        <ele>1221</ele>
      </trkpt>
      <trkpt lat="42.652893019840121" lon="-0.083536980673671">
        <ele>1222</ele>
      </trkpt>
      <trkpt lat="42.652943981811404" lon="-0.083503033965826">
        <ele>1223</ele>
      </trkpt>
      <trkpt lat="42.653030985966325" lon="-0.083450982347131">
        <ele>1223</ele>
      </trkpt>
      <trkpt lat="42.653143974021077" lon="-0.083441007882357">
        <ele>1224</ele>
      </trkpt>
      <trkpt lat="42.653266014531255" lon="-0.083390967920423">
        <ele>1226</ele>
      </trkpt>
      <trkpt lat="42.653342960402369" lon="-0.083401026204228">
        <ele>1227</ele>
      </trkpt>
      <trkpt lat="42.653377996757627" lon="-0.083390967920423">
        <ele>1228</ele>
      </trkpt>
      <trkpt lat="42.653555022552609" lon="-0.083346040919423">
        <ele>1229</ele>
      </trkpt>
      <trkpt lat="42.653576983138919" lon="-0.083246966823936">
        <ele>1231</ele>
      </trkpt>
      <trkpt lat="42.653675973415375" lon="-0.083131967112422">
        <ele>1232</ele>
      </trkpt>
      <trkpt lat="42.653686031699181" lon="-0.083014033734798">
        <ele>1233</ele>
      </trkpt>
      <trkpt lat="42.653672033920884" lon="-0.082904985174537">
        <ele>1235</ele>
      </trkpt>
      <trkpt lat="42.653686031699181" lon="-0.082830972969532">
        <ele>1236</ele>
      </trkpt>
      <trkpt lat="42.653705980628729" lon="-0.082732988521457">
        <ele>1236</ele>
      </trkpt>
      <trkpt lat="42.653727019205689" lon="-0.082641039043665">
        <ele>1237</ele>
      </trkpt>
      <trkpt lat="42.653743028640747" lon="-0.08256996050477">
        <ele>1238</ele>
      </trkpt>
      <trkpt lat="42.653742022812366" lon="-0.082428976893425">
        <ele>1240</ele>
      </trkpt>
      <trkpt lat="42.653745040297508" lon="-0.08231196552515">
        <ele>1241</ele>
      </trkpt>
      <trkpt lat="42.653763983398676" lon="-0.082126976922154">
        <ele>1242</ele>
      </trkpt>
      <trkpt lat="42.653769012540579" lon="-0.081956991925836">
        <ele>1244</ele>
      </trkpt>
      <trkpt lat="42.653756020590663" lon="-0.081833023577929">
        <ele>1244</ele>
      </trkpt>
      <trkpt lat="42.653767000883818" lon="-0.081811985000968">
        <ele>1246</ele>
      </trkpt>
      <trkpt lat="42.653753003105521" lon="-0.081661026924849">
        <ele>1247</ele>
      </trkpt>
      <trkpt lat="42.653708998113871" lon="-0.081524988636374">
        <ele>1248</ele>
      </trkpt>
      <trkpt lat="42.653678990900517" lon="-0.081395991146564">
        <ele>1249</ele>
      </trkpt>
      <trkpt lat="42.653649989515543" lon="-0.081232041120529">
        <ele>1251</ele>
      </trkpt>
      <trkpt lat="42.653619982302189" lon="-0.081169009208679">
        <ele>1251</ele>
      </trkpt>
      <trkpt lat="42.653572037816048" lon="-0.080981003120542">
        <ele>1252</ele>
      </trkpt>
      <trkpt lat="42.653545970097184" lon="-0.080887963995337">
        <ele>1253</ele>
      </trkpt>
      <trkpt lat="42.653538007289171" lon="-0.080843959003687">
        <ele>1253</ele>
      </trkpt>
      <trkpt lat="42.653500959277153" lon="-0.080777993425727">
        <ele>1253</ele>
      </trkpt>
      <trkpt lat="42.653480004519224" lon="-0.080730970948935">
        <ele>1254</ele>
      </trkpt>
      <trkpt lat="42.653454020619392" lon="-0.080679003149271">
        <ele>1254</ele>
      </trkpt>
      <trkpt lat="42.653395012021065" lon="-0.080578001216054">
        <ele>1255</ele>
      </trkpt>
      <trkpt lat="42.653307002037764" lon="-0.080455038696527">
        <ele>1255</ele>
      </trkpt>
      <trkpt lat="42.653253022581339" lon="-0.08039996959269">
        <ele>1255</ele>
      </trkpt>
      <trkpt lat="42.65319200232625" lon="-0.080342972651124">
        <ele>1255</ele>
      </trkpt>
      <trkpt lat="42.653130982071161" lon="-0.080213975161314">
        <ele>1255</ele>
      </trkpt>
      <trkpt lat="42.653066022321582" lon="-0.08011900819838">
        <ele>1255</ele>
      </trkpt>
      <trkpt lat="42.653027968481183" lon="-0.080101992934942">
        <ele>1254</ele>
      </trkpt>
      <trkpt lat="42.652958985418081" lon="-0.079994034022093">
        <ele>1252</ele>
      </trkpt>
      <trkpt lat="42.652899976819754" lon="-0.079919015988708">
        <ele>1248</ele>
      </trkpt>
      <trkpt lat="42.652810038998723" lon="-0.079789012670517">
        <ele>1254</ele>
      </trkpt>
      <trkpt lat="42.652756981551647" lon="-0.07964501157403">
        <ele>1254</ele>
      </trkpt>
      <trkpt lat="42.652680035680532" lon="-0.079621961340308">
        <ele>1254</ele>
      </trkpt>
      <trkpt lat="42.652617003768682" lon="-0.079533029347658">
        <ele>1254</ele>
      </trkpt>
      <trkpt lat="42.652593031525612" lon="-0.079444013535976">
        <ele>1254</ele>
      </trkpt>
      <trkpt lat="42.652594037353992" lon="-0.079274028539658">
        <ele>1256</ele>
      </trkpt>
      <trkpt lat="42.652586996555328" lon="-0.079261958599091">
        <ele>1256</ele>
      </trkpt>
      <trkpt lat="42.652574004605412" lon="-0.079235974699259">
        <ele>1256</ele>
      </trkpt>
      <trkpt lat="42.6525470148772" lon="-0.079143019393086">
        <ele>1256</ele>
      </trkpt>
      <trkpt lat="42.652531005442142" lon="-0.079084010794759">
        <ele>1257</ele>
      </trkpt>
      <trkpt lat="42.652471996843815" lon="-0.078894998878241">
        <ele>1257</ele>
      </trkpt>
      <trkpt lat="42.652470991015434" lon="-0.078792991116643">
        <ele>1258</ele>
      </trkpt>
      <trkpt lat="42.652436960488558" lon="-0.078726019710302">
        <ele>1258</ele>
      </trkpt>
      <trkpt lat="42.652389016002417" lon="-0.07857003249228">
        <ele>1259</ele>
      </trkpt>
      <trkpt lat="42.652376024052501" lon="-0.078517980873585">
        <ele>1259</ele>
      </trkpt>
      <trkpt lat="42.652295976877213" lon="-0.078361993655562">
        <ele>1259</ele>
      </trkpt>
      <trkpt lat="42.652229005470872" lon="-0.078235007822514">
        <ele>1260</ele>
      </trkpt>
      <trkpt lat="42.652161028236151" lon="-0.078087989240885">
        <ele>1261</ele>
      </trkpt>
      <trkpt lat="42.652111994102597" lon="-0.077894032001495">
        <ele>1262</ele>
      </trkpt>
      <trkpt lat="42.651993976905942" lon="-0.077774003148079">
        <ele>1262</ele>
      </trkpt>
      <trkpt lat="42.651958018541336" lon="-0.077627990394831">
        <ele>1264</ele>
      </trkpt>
      <trkpt lat="42.651918036863208" lon="-0.077554984018207">
        <ele>1265</ele>
      </trkpt>
      <trkpt lat="42.651903033256531" lon="-0.07745398208499">
        <ele>1267</ele>
      </trkpt>
      <trkpt lat="42.651888029649854" lon="-0.07741098292172">
        <ele>1267</ele>
      </trkpt>
      <trkpt lat="42.651843018829823" lon="-0.077278967946768">
        <ele>1269</ele>
      </trkpt>
      <trkpt lat="42.651830026879907" lon="-0.077175032347441">
        <ele>1271</ele>
      </trkpt>
      <trkpt lat="42.651828015223145" lon="-0.077148964628577">
        <ele>1271</ele>
      </trkpt>
      <trkpt lat="42.651807982474566" lon="-0.077095991000533">
        <ele>1272</ele>
      </trkpt>
      <trkpt lat="42.651778981089592" lon="-0.07695903070271">
        <ele>1272</ele>
      </trkpt>
      <trkpt lat="42.651746040210128" lon="-0.076816035434604">
        <ele>1274</ele>
      </trkpt>
      <trkpt lat="42.651647971943021" lon="-0.076624006032944">
        <ele>1274</ele>
      </trkpt>
      <trkpt lat="42.651648977771401" lon="-0.076515041291714">
        <ele>1274</ele>
      </trkpt>
      <trkpt lat="42.651621988043189" lon="-0.076411021873355">
        <ele>1275</ele>
      </trkpt>
      <trkpt lat="42.651598015800118" lon="-0.076331980526447">
        <ele>1275</ele>
      </trkpt>
      <trkpt lat="42.651571026071906" lon="-0.076223015785217">
        <ele>1275</ele>
      </trkpt>
      <trkpt lat="42.651544036343694" lon="-0.07607901468873">
        <ele>1276</ele>
      </trkpt>
      <trkpt lat="42.651528026908636" lon="-0.075789000838995">
        <ele>1277</ele>
      </trkpt>
      <trkpt lat="42.651547975838184" lon="-0.075699985027313">
        <ele>1278</ele>
      </trkpt>
      <trkpt lat="42.651490978896618" lon="-0.075201010331511">
        <ele>1278</ele>
      </trkpt>
      <trkpt lat="42.651485027745366" lon="-0.075148036703467">
        <ele>1278</ele>
      </trkpt>
      <trkpt lat="42.651489973068237" lon="-0.075076036155224">
        <ele>1278</ele>
      </trkpt>
      <trkpt lat="42.651440016925335" lon="-0.074927005916834">
        <ele>1278</ele>
      </trkpt>
      <trkpt lat="42.651420990005136" lon="-0.074873026460409">
        <ele>1278</ele>
      </trkpt>
      <trkpt lat="42.651419984176755" lon="-0.074765989556909">
        <ele>1278</ele>
      </trkpt>
      <trkpt lat="42.65132199972868" lon="-0.074464995414019">
        <ele>1279</ele>
      </trkpt>
      <trkpt lat="42.651286963373423" lon="-0.074340021237731">
        <ele>1279</ele>
      </trkpt>
      <trkpt lat="42.651230972260237" lon="-0.074193002656102">
        <ele>1280</ele>
      </trkpt>
      <trkpt lat="42.651179004460573" lon="-0.073946993798018">
        <ele>1283</ele>
      </trkpt>
      <trkpt lat="42.651174981147051" lon="-0.073929978534579">
        <ele>1283</ele>
      </trkpt>
      <trkpt lat="42.651133993640542" lon="-0.073751024901867">
        <ele>1284</ele>
      </trkpt>
      <trkpt lat="42.651138016954064" lon="-0.073621021583676">
        <ele>1284</ele>
      </trkpt>
      <trkpt lat="42.65110700391233" lon="-0.073468973860145">
        <ele>1284</ele>
      </trkpt>
      <trkpt lat="42.651083031669259" lon="-0.073424968868494">
        <ele>1285</ele>
      </trkpt>
      <trkpt lat="42.65104497782886" lon="-0.073327990248799">
        <ele>1285</ele>
      </trkpt>
      <trkpt lat="42.651060987263918" lon="-0.073235034942627">
        <ele>1286</ele>
      </trkpt>
      <trkpt lat="42.651073979213834" lon="-0.073124980553985">
        <ele>1287</ele>
      </trkpt>
      <trkpt lat="42.651076996698976" lon="-0.072956001386046">
        <ele>1287</ele>
      </trkpt>
      <trkpt lat="42.651012036949396" lon="-0.072822980582714">
        <ele>1288</ele>
      </trkpt>
      <trkpt lat="42.650949005037546" lon="-0.072730025276542">
        <ele>1289</ele>
      </trkpt>
      <trkpt lat="42.650670977309346" lon="-0.072051007300615">
        <ele>1288</ele>
      </trkpt>
      <trkpt lat="42.650586990639567" lon="-0.071922009810805">
        <ele>1288</ele>
      </trkpt>
      <trkpt lat="42.65050602145493" lon="-0.071820002049208">
        <ele>1289</ele>
      </trkpt>
      <trkpt lat="42.650500992313027" lon="-0.071811033412814">
        <ele>1289</ele>
      </trkpt>
      <trkpt lat="42.650456987321377" lon="-0.071739032864571">
        <ele>1289</ele>
      </trkpt>
      <trkpt lat="42.650389010086656" lon="-0.071602994576097">
        <ele>1289</ele>
      </trkpt>
      <trkpt lat="42.650278033688664" lon="-0.071447007358074">
        <ele>1289</ele>
      </trkpt>
      <trkpt lat="42.650186000391841" lon="-0.071387998759747">
        <ele>1290</ele>
      </trkpt>
      <trkpt lat="42.650156999006867" lon="-0.071339970454574">
        <ele>1290</ele>
      </trkpt>
      <trkpt lat="42.650080975145102" lon="-0.071198986843228">
        <ele>1290</ele>
      </trkpt>
      <trkpt lat="42.650006040930748" lon="-0.071131009608507">
        <ele>1290</ele>
      </trkpt>
      <trkpt lat="42.64990302734077" lon="-0.070973010733724">
        <ele>1290</ele>
      </trkpt>
      <trkpt lat="42.649874025955796" lon="-0.070860022678971">
        <ele>1290</ele>
      </trkpt>
      <trkpt lat="42.649847036227584" lon="-0.070791961625218">
        <ele>1291</ele>
      </trkpt>
      <trkpt lat="42.649814011529088" lon="-0.070574032142758">
        <ele>1291</ele>
      </trkpt>
      <trkpt lat="42.64975399710238" lon="-0.070376973599195">
        <ele>1291</ele>
      </trkpt>
      <trkpt lat="42.649714015424252" lon="-0.070282006636262">
        <ele>1291</ele>
      </trkpt>
      <trkpt lat="42.649684008210897" lon="-0.07023598998785">
        <ele>1290</ele>
      </trkpt>
      <trkpt lat="42.649641009047627" lon="-0.070120990276337">
        <ele>1290</ele>
      </trkpt>
      <trkpt lat="42.649614019319415" lon="-0.069928960874677">
        <ele>1289</ele>
      </trkpt>
      <trkpt lat="42.649544030427933" lon="-0.06974003277719">
        <ele>1289</ele>
      </trkpt>
      <trkpt lat="42.64947303570807" lon="-0.069560995325446">
        <ele>1287</ele>
      </trkpt>
      <trkpt lat="42.649441016837955" lon="-0.069349016994238">
        <ele>1287</ele>
      </trkpt>
      <trkpt lat="42.649459959939122" lon="-0.069081969559193">
        <ele>1286</ele>
      </trkpt>
      <trkpt lat="42.649449985474348" lon="-0.069034025073051">
        <ele>1286</ele>
      </trkpt>
      <trkpt lat="42.649430958554149" lon="-0.068932017311454">
        <ele>1286</ele>
      </trkpt>
      <trkpt lat="42.649418972432613" lon="-0.068802013993263">
        <ele>1286</ele>
      </trkpt>
      <trkpt lat="42.649421989917755" lon="-0.068764965981245">
        <ele>1285</ele>
      </trkpt>
      <trkpt lat="42.649384019896388" lon="-0.068605961278081">
        <ele>1285</ele>
      </trkpt>
      <trkpt lat="42.649378990754485" lon="-0.068377973511815">
        <ele>1286</ele>
      </trkpt>
      <trkpt lat="42.649365998804569" lon="-0.068159038200974">
        <ele>1287</ele>
      </trkpt>
      <trkpt lat="42.649330040439963" lon="-0.068082008510828">
        <ele>1287</ele>
      </trkpt>
      <trkpt lat="42.649286035448313" lon="-0.067967008799314">
        <ele>1287</ele>
      </trkpt>
      <trkpt lat="42.649220991879702" lon="-0.067782020196319">
        <ele>1287</ele>
      </trkpt>
      <trkpt lat="42.649117978289723" lon="-0.06761597469449">
        <ele>1288</ele>
      </trkpt>
      <trkpt lat="42.648988980799913" lon="-0.06740097887814">
        <ele>1288</ele>
      </trkpt>
      <trkpt lat="42.648933995515108" lon="-0.067265024408698">
        <ele>1289</ele>
      </trkpt>
      <trkpt lat="42.648884961381555" lon="-0.067063020542264">
        <ele>1290</ele>
      </trkpt>
      <trkpt lat="42.648847997188568" lon="-0.066935028880835">
        <ele>1290</ele>
      </trkpt>
      <trkpt lat="42.648771973326802" lon="-0.066803013905883">
        <ele>1290</ele>
      </trkpt>
      <trkpt lat="42.648710031062365" lon="-0.066606961190701">
        <ele>1290</ele>
      </trkpt>
      <trkpt lat="42.648635013028979" lon="-0.066389031708241">
        <ele>1289</ele>
      </trkpt>
      <trkpt lat="42.648598970845342" lon="-0.066207982599735">
        <ele>1288</ele>
      </trkpt>
      <trkpt lat="42.648568963631988" lon="-0.066150985658169">
        <ele>1288</ele>
      </trkpt>
      <trkpt lat="42.648531999439001" lon="-0.066134976223111">
        <ele>1288</ele>
      </trkpt>
      <trkpt lat="42.648493023589253" lon="-0.066031962633133">
        <ele>1288</ele>
      </trkpt>
      <trkpt lat="42.648450024425983" lon="-0.065930038690567">
        <ele>1288</ele>
      </trkpt>
      <trkpt lat="42.648401996120811" lon="-0.065741026774049">
        <ele>1287</ele>
      </trkpt>
      <trkpt lat="42.648333013057709" lon="-0.065663997083902">
        <ele>1287</ele>
      </trkpt>
      <trkpt lat="42.648291019722819" lon="-0.065557966008782">
        <ele>1287</ele>
      </trkpt>
      <trkpt lat="42.648247014731169" lon="-0.065221013501287">
        <ele>1287</ele>
      </trkpt>
      <trkpt lat="42.648173002526164" lon="-0.065045999363065">
        <ele>1287</ele>
      </trkpt>
      <trkpt lat="42.648122040554881" lon="-0.064865034073591">
        <ele>1288</ele>
      </trkpt>
      <trkpt lat="42.648064959794283" lon="-0.064711980521679">
        <ele>1288</ele>
      </trkpt>
      <trkpt lat="42.648054985329509" lon="-0.064607039093971">
        <ele>1288</ele>
      </trkpt>
      <trkpt lat="42.648032018914819" lon="-0.064363041892648">
        <ele>1288</ele>
      </trkpt>
      <trkpt lat="42.648013997823" lon="-0.064093982800841">
        <ele>1288</ele>
      </trkpt>
      <trkpt lat="42.648003017529845" lon="-0.06398300640285">
        <ele>1288</ele>
      </trkpt>
      <trkpt lat="42.647996982559562" lon="-0.063915029168129">
        <ele>1288</ele>
      </trkpt>
      <trkpt lat="42.647975021973252" lon="-0.063761975616217">
        <ele>1288</ele>
      </trkpt>
      <trkpt lat="42.647983990609646" lon="-0.063601965084672">
        <ele>1288</ele>
      </trkpt>
      <trkpt lat="42.648007962852716" lon="-0.063485037535429">
        <ele>1289</ele>
      </trkpt>
      <trkpt lat="42.648024978116155" lon="-0.063369031995535">
        <ele>1289</ele>
      </trkpt>
      <trkpt lat="42.648095972836018" lon="-0.063125034794211">
        <ele>1289</ele>
      </trkpt>
      <trkpt lat="42.648125980049372" lon="-0.062936022877693">
        <ele>1289</ele>
      </trkpt>
      <trkpt lat="42.64816302806139" lon="-0.06282496266067">
        <ele>1289</ele>
      </trkpt>
      <trkpt lat="42.648174008354545" lon="-0.062691019847989">
        <ele>1290</ele>
      </trkpt>
      <trkpt lat="42.648198986425996" lon="-0.062598986551166">
        <ele>1290</ele>
      </trkpt>
      <trkpt lat="42.648217007517815" lon="-0.062427995726466">
        <ele>1290</ele>
      </trkpt>
      <trkpt lat="42.648240979760885" lon="-0.062248958274722">
        <ele>1291</ele>
      </trkpt>
      <trkpt lat="42.64825196005404" lon="-0.062158014625311">
        <ele>1291</ele>
      </trkpt>
      <trkpt lat="42.648269981145859" lon="-0.062019964680076">
        <ele>1291</ele>
      </trkpt>
      <trkpt lat="42.648274004459381" lon="-0.061917034909129">
        <ele>1291</ele>
      </trkpt>
      <trkpt lat="42.648285990580916" lon="-0.061710001900792">
        <ele>1292</ele>
      </trkpt>
      <trkpt lat="42.648266041651368" lon="-0.061510009691119">
        <ele>1292</ele>
      </trkpt>
      <trkpt lat="42.648250032216311" lon="-0.061336001381278">
        <ele>1292</ele>
      </trkpt>
      <trkpt lat="42.648150036111474" lon="-0.061101978644729">
        <ele>1293</ele>
      </trkpt>
      <trkpt lat="42.648009974509478" lon="-0.060977004468441">
        <ele>1293</ele>
      </trkpt>
      <trkpt lat="42.647892041131854" lon="-0.060923025012016">
        <ele>1294</ele>
      </trkpt>
      <trkpt lat="42.64786496758461" lon="-0.060892011970282">
        <ele>1294</ele>
      </trkpt>
      <trkpt lat="42.647824985906482" lon="-0.060748010873795">
        <ele>1294</ele>
      </trkpt>
      <trkpt lat="42.647805958986282" lon="-0.060449028387666">
        <ele>1294</ele>
      </trkpt>
      <trkpt lat="42.647809982299805" lon="-0.060321036726236">
        <ele>1294</ele>
      </trkpt>
      <trkpt lat="42.647822974249721" lon="-0.060281977057457">
        <ele>1294</ele>
      </trkpt>
      <trkpt lat="42.647836972028017" lon="-0.060132024809718">
        <ele>1294</ele>
      </trkpt>
      <trkpt lat="42.647839989513159" lon="-0.060021970421076">
        <ele>1294</ele>
      </trkpt>
      <trkpt lat="42.647815011441708" lon="-0.059837987646461">
        <ele>1294</ele>
      </trkpt>
      <trkpt lat="42.647815011441708" lon="-0.059691974893212">
        <ele>1294</ele>
      </trkpt>
      <trkpt lat="42.647803025320172" lon="-0.059577981010079">
        <ele>1294</ele>
      </trkpt>
      <trkpt lat="42.647796990349889" lon="-0.059441020712256">
        <ele>1294</ele>
      </trkpt>
      <trkpt lat="42.647793972864747" lon="-0.059344964101911">
        <ele>1294</ele>
      </trkpt>
      <trkpt lat="42.647781986743212" lon="-0.059185959398746">
        <ele>1295</ele>
      </trkpt>
      <trkpt lat="42.647794978693128" lon="-0.059114964678884">
        <ele>1296</ele>
      </trkpt>
      <trkpt lat="42.647788021713495" lon="-0.059051010757685">
        <ele>1296</ele>
      </trkpt>
      <trkpt lat="42.647788021713495" lon="-0.059051010757685">
        <ele>1296</ele>
      </trkpt>
      <trkpt lat="42.647775029763579" lon="-0.058910027146339">
        <ele>1296</ele>
      </trkpt>
      <trkpt lat="42.647762959823012" lon="-0.058696959167719">
        <ele>1296</ele>
      </trkpt>
      <trkpt lat="42.647753991186619" lon="-0.058523034676909">
        <ele>1296</ele>
      </trkpt>
      <trkpt lat="42.647721972316504" lon="-0.058339973911643">
        <ele>1296</ele>
      </trkpt>
      <trkpt lat="42.64771300368011" lon="-0.058084996417165">
        <ele>1297</ele>
      </trkpt>
      <trkpt lat="42.647700011730194" lon="-0.057915011420846">
        <ele>1297</ele>
      </trkpt>
      <trkpt lat="42.647720966488123" lon="-0.057684006169438">
        <ele>1297</ele>
      </trkpt>
      <trkpt lat="42.647728007286787" lon="-0.057652993127704">
        <ele>1297</ele>
      </trkpt>
      <trkpt lat="42.647715015336871" lon="-0.0572369992733">
        <ele>1298</ele>
      </trkpt>
      <trkpt lat="42.647729013115168" lon="-0.057109007611871">
        <ele>1298</ele>
      </trkpt>
      <trkpt lat="42.64773303642869" lon="-0.057027032598853">
        <ele>1298</ele>
      </trkpt>
      <trkpt lat="42.647665981203318" lon="-0.05676400847733">
        <ele>1299</ele>
      </trkpt>
      <trkpt lat="42.647632034495473" lon="-0.05656803958118">
        <ele>1299</ele>
      </trkpt>
      <trkpt lat="42.647621976211667" lon="-0.056438036262989">
        <ele>1299</ele>
      </trkpt>
      <trkpt lat="42.647593980655074" lon="-0.056340973824263">
        <ele>1299</ele>
      </trkpt>
      <trkpt lat="42.647594986483455" lon="-0.056218011304736">
        <ele>1300</ele>
      </trkpt>
      <trkpt lat="42.647651983425021" lon="-0.05601198412478">
        <ele>1300</ele>
      </trkpt>
      <trkpt lat="42.647665981203318" lon="-0.055917017161846">
        <ele>1300</ele>
      </trkpt>
      <trkpt lat="42.647760026156902" lon="-0.055892961099744">
        <ele>1300</ele>
      </trkpt>
      <trkpt lat="42.647881982848048" lon="-0.055921040475369">
        <ele>1300</ele>
      </trkpt>
      <trkpt lat="42.647960018366575" lon="-0.055912993848324">
        <ele>1300</ele>
      </trkpt>
      <trkpt lat="42.648047022521496" lon="-0.055934032425284">
        <ele>1300</ele>
      </trkpt>
      <trkpt lat="42.648225976154208" lon="-0.055963033810258">
        <ele>1300</ele>
      </trkpt>
      <trkpt lat="42.648317003622651" lon="-0.056045008823276">
        <ele>1301</ele>
      </trkpt>
      <trkpt lat="42.648309040814638" lon="-0.056107034906745">
        <ele>1301</ele>
      </trkpt>
      <trkpt lat="42.648312980309129" lon="-0.056303003802896">
        <ele>1301</ele>
      </trkpt>
      <trkpt lat="42.648365031927824" lon="-0.056471982970834">
        <ele>1300</ele>
      </trkpt>
      <trkpt lat="42.648413982242346" lon="-0.056568961590528">
        <ele>1300</ele>
      </trkpt>
      <trkpt lat="42.648455975577235" lon="-0.056687984615564">
        <ele>1300</ele>
      </trkpt>
      <trkpt lat="42.648513978347182" lon="-0.056794015690684">
        <ele>1300</ele>
      </trkpt>
      <trkpt lat="42.648621015250683" lon="-0.057031977921724">
        <ele>1299</ele>
      </trkpt>
      <trkpt lat="42.648710031062365" lon="-0.057308999821544">
        <ele>1299</ele>
      </trkpt>
      <trkpt lat="42.648771973326802" lon="-0.057405978441238">
        <ele>1299</ele>
      </trkpt>
      <trkpt lat="42.648932989686728" lon="-0.05747102200985">
        <ele>1299</ele>
      </trkpt>
      <trkpt lat="42.648944975808263" lon="-0.057478984817863">
        <ele>1299</ele>
      </trkpt>
      <trkpt lat="42.649038014933467" lon="-0.057591972872615">
        <ele>1299</ele>
      </trkpt>
      <trkpt lat="42.649093000218272" lon="-0.057745026424527">
        <ele>1299</ele>
      </trkpt>
      <trkpt lat="42.649143962189555" lon="-0.057724993675947">
        <ele>1299</ele>
      </trkpt>
      <trkpt lat="42.649231972172856" lon="-0.057719964534044">
        <ele>1299</ele>
      </trkpt>
      <trkpt lat="42.64925803989172" lon="-0.057715019211173">
        <ele>1299</ele>
      </trkpt>
      <trkpt lat="42.649276982992887" lon="-0.057706972584128">
        <ele>1299</ele>
      </trkpt>
      <trkpt lat="42.649301961064339" lon="-0.057720970362425">
        <ele>1299</ele>
      </trkpt>
      <trkpt lat="42.649386031553149" lon="-0.057814009487629">
        <ele>1299</ele>
      </trkpt>
      <trkpt lat="42.649377984926105" lon="-0.057750977575779">
        <ele>1307</ele>
      </trkpt>
      <trkpt lat="42.649363987147808" lon="-0.057676965370774">
        <ele>1306</ele>
      </trkpt>
      <trkpt lat="42.649338003247976" lon="-0.057609993964434">
        <ele>1306</ele>
      </trkpt>
      <trkpt lat="42.649283017963171" lon="-0.057523995637894">
        <ele>1306</ele>
      </trkpt>
      <trkpt lat="42.649278994649649" lon="-0.057504968717694">
        <ele>1306</ele>
      </trkpt>
      <trkpt lat="42.649242030456662" lon="-0.057376977056265">
        <ele>1306</ele>
      </trkpt>
      <trkpt lat="42.649099035188556" lon="-0.056981015950441">
        <ele>1306</ele>
      </trkpt>
      <trkpt lat="42.649053018540144" lon="-0.05682896822691">
        <ele>1307</ele>
      </trkpt>
      <trkpt lat="42.649039020761847" lon="-0.056745987385511">
        <ele>1307</ele>
      </trkpt>
      <trkpt lat="42.649039020761847" lon="-0.056686978787184">
        <ele>1307</ele>
      </trkpt>
      <trkpt lat="42.649087971076369" lon="-0.056698964908719">
        <ele>1307</ele>
      </trkpt>
      <trkpt lat="42.64904698356986" lon="-0.056509030982852">
        <ele>1307</ele>
      </trkpt>
      <trkpt lat="42.649022005498409" lon="-0.056321024894714">
        <ele>1307</ele>
      </trkpt>
      <trkpt lat="42.648958973586559" lon="-0.056177023798227">
        <ele>1307</ele>
      </trkpt>
      <trkpt lat="42.648909017443657" lon="-0.055984994396567">
        <ele>1307</ele>
      </trkpt>
      <trkpt lat="42.648885967209935" lon="-0.055855996906757">
        <ele>1308</ele>
      </trkpt>
      <trkpt lat="42.648892002180219" lon="-0.05577796138823">
        <ele>1308</ele>
      </trkpt>
      <trkpt lat="42.648885967209935" lon="-0.055633038282394">
        <ele>1308</ele>
      </trkpt>
      <trkpt lat="42.648879010230303" lon="-0.055571012198925">
        <ele>1308</ele>
      </trkpt>
      <trkpt lat="42.648872975260019" lon="-0.055351993069053">
        <ele>1308</ele>
      </trkpt>
      <trkpt lat="42.648899964988232" lon="-0.055143032222986">
        <ele>1309</ele>
      </trkpt>
      <trkpt lat="42.648902982473373" lon="-0.054933987557888">
        <ele>1309</ele>
      </trkpt>
      <trkpt lat="42.648835005238652" lon="-0.054733995348215">
        <ele>1310</ele>
      </trkpt>
      <trkpt lat="42.648791000247002" lon="-0.054657971486449">
        <ele>1310</ele>
      </trkpt>
      <trkpt lat="42.648770967498422" lon="-0.054583959281445">
        <ele>1310</ele>
      </trkpt>
      <trkpt lat="42.648720005527139" lon="-0.054417997598648">
        <ele>1310</ele>
      </trkpt>
      <trkpt lat="42.648710031062365" lon="-0.054298974573612">
        <ele>1311</ele>
      </trkpt>
      <trkpt lat="42.648709025233984" lon="-0.054258992895484">
        <ele>1311</ele>
      </trkpt>
      <trkpt lat="42.64867901802063" lon="-0.054069980978966">
        <ele>1312</ele>
      </trkpt>
      <trkpt lat="42.64868002384901" lon="-0.054052965715528">
        <ele>1312</ele>
      </trkpt>
      <trkpt lat="42.648689998313785" lon="-0.05392799153924">
        <ele>1314</ele>
      </trkpt>
      <trkpt lat="42.648695027455688" lon="-0.053856996819377">
        <ele>1314</ele>
      </trkpt>
      <trkpt lat="42.648707013577223" lon="-0.053802011534572">
        <ele>1314</ele>
      </trkpt>
      <trkpt lat="42.648725034669042" lon="-0.053635966032743">
        <ele>1315</ele>
      </trkpt>
      <trkpt lat="42.648691004142165" lon="-0.053470004349947">
        <ele>1315</ele>
      </trkpt>
      <trkpt lat="42.648670971393585" lon="-0.053383000195026">
        <ele>1315</ele>
      </trkpt>
      <trkpt lat="42.648642975836992" lon="-0.053198011592031">
        <ele>1315</ele>
      </trkpt>
      <trkpt lat="42.64859402552247" lon="-0.053110001608729">
        <ele>1315</ele>
      </trkpt>
      <trkpt lat="42.648568963631988" lon="-0.053040012717247">
        <ele>1315</ele>
      </trkpt>
      <trkpt lat="42.648574998602271" lon="-0.052842032164335">
        <ele>1314</ele>
      </trkpt>
      <trkpt lat="42.648592013865709" lon="-0.052748993039131">
        <ele>1314</ele>
      </trkpt>
      <trkpt lat="42.648611962795258" lon="-0.052642961964011">
        <ele>1314</ele>
      </trkpt>
      <trkpt lat="42.64861699193716" lon="-0.052575990557671">
        <ele>1314</ele>
      </trkpt>
      <trkpt lat="42.648633001372218" lon="-0.052378010004759">
        <ele>1314</ele>
      </trkpt>
      <trkpt lat="42.648620009422302" lon="-0.052223028615117">
        <ele>1314</ele>
      </trkpt>
      <trkpt lat="42.648621015250683" lon="-0.052134012803435">
        <ele>1314</ele>
      </trkpt>
      <trkpt lat="42.648627972230315" lon="-0.052086990326643">
        <ele>1314</ele>
      </trkpt>
      <trkpt lat="42.648631995543838" lon="-0.052009960636497">
        <ele>1314</ele>
      </trkpt>
      <trkpt lat="42.648644987493753" lon="-0.051920022815466">
        <ele>1314</ele>
      </trkpt>
      <trkpt lat="42.648674994707108" lon="-0.051733022555709">
        <ele>1314</ele>
      </trkpt>
      <trkpt lat="42.648717993870378" lon="-0.051492964848876">
        <ele>1314</ele>
      </trkpt>
      <trkpt lat="42.648734003305435" lon="-0.051440997049212">
        <ele>1314</ele>
      </trkpt>
      <trkpt lat="42.648748001083732" lon="-0.051372013986111">
        <ele>1315</ele>
      </trkpt>
      <trkpt lat="42.648780019953847" lon="-0.051158023998141">
        <ele>1315</ele>
      </trkpt>
      <trkpt lat="42.648778008297086" lon="-0.051124999299645">
        <ele>1315</ele>
      </trkpt>
      <trkpt lat="42.648771973326802" lon="-0.051001030951738">
        <ele>1316</ele>
      </trkpt>
      <trkpt lat="42.648775996640325" lon="-0.05092098377645">
        <ele>1317</ele>
      </trkpt>
      <trkpt lat="42.648694021627307" lon="-0.050813024863601">
        <ele>1317</ele>
      </trkpt>
      <trkpt lat="42.648684969171882" lon="-0.050610015168786">
        <ele>1317</ele>
      </trkpt>
      <trkpt lat="42.648643981665373" lon="-0.050441036000848">
        <ele>1318</ele>
      </trkpt>
      <trkpt lat="42.648606011644006" lon="-0.050322012975812">
        <ele>1318</ele>
      </trkpt>
      <trkpt lat="42.648513978347182" lon="-0.050152027979493">
        <ele>1319</ele>
      </trkpt>
      <trkpt lat="42.648438038304448" lon="-0.050010960549116">
        <ele>1319</ele>
      </trkpt>
      <trkpt lat="42.648368971422315" lon="-0.049788001924753">
        <ele>1319</ele>
      </trkpt>
      <trkpt lat="42.648333013057709" lon="-0.049617011100054">
        <ele>1320</ele>
      </trkpt>
      <trkpt lat="42.648280039429665" lon="-0.049476027488708">
        <ele>1320</ele>
      </trkpt>
      <trkpt lat="42.648184988647699" lon="-0.04935197532177">
        <ele>1320</ele>
      </trkpt>
      <trkpt lat="42.648103013634682" lon="-0.049304030835629">
        <ele>1321</ele>
      </trkpt>
      <trkpt lat="42.648017015308142" lon="-0.049224989488721">
        <ele>1321</ele>
      </trkpt>
      <trkpt lat="42.647968987002969" lon="-0.049194982275367">
        <ele>1321</ele>
      </trkpt>
      <trkpt lat="42.64790796674788" lon="-0.049104038625956">
        <ele>1321</ele>
      </trkpt>
      <trkpt lat="42.647846024483442" lon="-0.048891976475716">
        <ele>1321</ele>
      </trkpt>
      <trkpt lat="42.647833032533526" lon="-0.048729032278061">
        <ele>1322</ele>
      </trkpt>
      <trkpt lat="42.647781986743212" lon="-0.048451004549861">
        <ele>1322</ele>
      </trkpt>
      <trkpt lat="42.647605966776609" lon="-0.048198038712144">
        <ele>1323</ele>
      </trkpt>
      <trkpt lat="42.647531032562256" lon="-0.048005003482103">
        <ele>1323</ele>
      </trkpt>
      <trkpt lat="42.647399017587304" lon="-0.047597978264093">
        <ele>1323</ele>
      </trkpt>
      <trkpt lat="42.647373033687472" lon="-0.047413995489478">
        <ele>1323</ele>
      </trkpt>
      <trkpt lat="42.647354006767273" lon="-0.047249039635062">
        <ele>1324</ele>
      </trkpt>
      <trkpt lat="42.647320982068777" lon="-0.047048041597009">
        <ele>1325</ele>
      </trkpt>
      <trkpt lat="42.647258033975959" lon="-0.046841008588672">
        <ele>1325</ele>
      </trkpt>
      <trkpt lat="42.647183015942574" lon="-0.04664596170187">
        <ele>1326</ele>
      </trkpt>
      <trkpt lat="42.647144962102175" lon="-0.046447981148958">
        <ele>1327</ele>
      </trkpt>
      <trkpt lat="42.647101040929556" lon="-0.046268021687865">
        <ele>1327</ele>
      </trkpt>
      <trkpt lat="42.647035997360945" lon="-0.04615000449121">
        <ele>1327</ele>
      </trkpt>
      <trkpt lat="42.646942958235741" lon="-0.045938026160002">
        <ele>1328</ele>
      </trkpt>
      <trkpt lat="42.646845979616046" lon="-0.045840963721275">
        <ele>1328</ele>
      </trkpt>
      <trkpt lat="42.646736009046435" lon="-0.045713977888227">
        <ele>1328</ele>
      </trkpt>
      <trkpt lat="42.646621009334922" lon="-0.045457994565368">
        <ele>1328</ele>
      </trkpt>
      <trkpt lat="42.646470973268151" lon="-0.045253979042172">
        <ele>1329</ele>
      </trkpt>
      <trkpt lat="42.646413976326585" lon="-0.045195976272225">
        <ele>1329</ele>
      </trkpt>
      <trkpt lat="42.646283973008394" lon="-0.045127999037504">
        <ele>1329</ele>
      </trkpt>
      <trkpt lat="42.646217001602054" lon="-0.045100003480911">
        <ele>1329</ele>
      </trkpt>
      <trkpt lat="42.646192023530602" lon="-0.045082988217473">
        <ele>1329</ele>
      </trkpt>
      <trkpt lat="42.646074006333947" lon="-0.045008976012468">
        <ele>1329</ele>
      </trkpt>
      <trkpt lat="42.646019021049142" lon="-0.044953990727663">
        <ele>1329</ele>
      </trkpt>
      <trkpt lat="42.645942997187376" lon="-0.044890036806464">
        <ele>1330</ele>
      </trkpt>
      <trkpt lat="42.645849036052823" lon="-0.044861035421491">
        <ele>1330</ele>
      </trkpt>
      <trkpt lat="42.645746022462845" lon="-0.04481703042984">
        <ele>1331</ele>
      </trkpt>
      <trkpt lat="42.645591963082552" lon="-0.04473002627492">
        <ele>1331</ele>
      </trkpt>
      <trkpt lat="42.64543698169291" lon="-0.044568004086614">
        <ele>1331</ele>
      </trkpt>
      <trkpt lat="42.645389037206769" lon="-0.044304979965091">
        <ele>1331</ele>
      </trkpt>
      <trkpt lat="42.645315025001764" lon="-0.044095013290644">
        <ele>1332</ele>
      </trkpt>
      <trkpt lat="42.645287029445171" lon="-0.043961992487311">
        <ele>1332</ele>
      </trkpt>
      <trkpt lat="42.645239001139998" lon="-0.043846992775798">
        <ele>1333</ele>
      </trkpt>
      <trkpt lat="42.645186027511954" lon="-0.043668039143085">
        <ele>1333</ele>
      </trkpt>
      <trkpt lat="42.645174963399768" lon="-0.043525965884328">
        <ele>1334</ele>
      </trkpt>
      <trkpt lat="42.64517898671329" lon="-0.04340099170804">
        <ele>1335</ele>
      </trkpt>
      <trkpt lat="42.645144034177065" lon="-0.04327199421823">
        <ele>1335</ele>
      </trkpt>
      <trkpt lat="42.64513498172164" lon="-0.043105026707053">
        <ele>1335</ele>
      </trkpt>
      <trkpt lat="42.645136993378401" lon="-0.042901011183858">
        <ele>1335</ele>
      </trkpt>
      <trkpt lat="42.645099023357034" lon="-0.042770002037287">
        <ele>1335</ele>
      </trkpt>
      <trkpt lat="42.645031968131661" lon="-0.04266900010407">
        <ele>1335</ele>
      </trkpt>
      <trkpt lat="42.644949993118644" lon="-0.042524999007583">
        <ele>1335</ele>
      </trkpt>
      <trkpt lat="42.644881010055542" lon="-0.042449980974197">
        <ele>1335</ele>
      </trkpt>
      <trkpt lat="42.644839016720653" lon="-0.042400024831295">
        <ele>1335</ele>
      </trkpt>
      <trkpt lat="42.64474798925221" lon="-0.042297011241317">
        <ele>1335</ele>
      </trkpt>
      <trkpt lat="42.64468202367425" lon="-0.04211101680994">
        <ele>1335</ele>
      </trkpt>
      <trkpt lat="42.644623015075922" lon="-0.042028035968542">
        <ele>1335</ele>
      </trkpt>
      <trkpt lat="42.644572975113988" lon="-0.041948994621634">
        <ele>1336</ele>
      </trkpt>
      <trkpt lat="42.644457975402474" lon="-0.041837012395263">
        <ele>1336</ele>
      </trkpt>
      <trkpt lat="42.644388992339373" lon="-0.041782027110457">
        <ele>1336</ele>
      </trkpt>
      <trkpt lat="42.64436200261116" lon="-0.041730981320143">
        <ele>1336</ele>
      </trkpt>
      <trkpt lat="42.644263012334704" lon="-0.041673984378576">
        <ele>1337</ele>
      </trkpt>
      <trkpt lat="42.643284006044269" lon="-0.041214991360903">
        <ele>1342</ele>
      </trkpt>
      <trkpt lat="42.643214017152786" lon="-0.041109966114163">
        <ele>1342</ele>
      </trkpt>
      <trkpt lat="42.643177974969149" lon="-0.04101600497961">
        <ele>1342</ele>
      </trkpt>
      <trkpt lat="42.643173029646277" lon="-0.040961019694805">
        <ele>1342</ele>
      </trkpt>
      <trkpt lat="42.643032968044281" lon="-0.040745018050075">
        <ele>1343</ele>
      </trkpt>
      <trkpt lat="42.642970019951463" lon="-0.040648961439729">
        <ele>1343</ele>
      </trkpt>
      <trkpt lat="42.642920985817909" lon="-0.040592970326543">
        <ele>1344</ele>
      </trkpt>
      <trkpt lat="42.642855020239949" lon="-0.040517030283809">
        <ele>1344</ele>
      </trkpt>
      <trkpt lat="42.642786037176847" lon="-0.040332041680813">
        <ele>1345</ele>
      </trkpt>
      <trkpt lat="42.64273096807301" lon="-0.040158033370972">
        <ele>1346</ele>
      </trkpt>
      <trkpt lat="42.642703978344798" lon="-0.040096007287502">
        <ele>1347</ele>
      </trkpt>
      <trkpt lat="42.642662990838289" lon="-0.040009003132582">
        <ele>1347</ele>
      </trkpt>
      <trkpt lat="42.642619991675019" lon="-0.039943959563971">
        <ele>1348</ele>
      </trkpt>
      <trkpt lat="42.64255897141993" lon="-0.039823008701205">
        <ele>1349</ele>
      </trkpt>
      <trkpt lat="42.642542961984873" lon="-0.039764000102878">
        <ele>1350</ele>
      </trkpt>
      <trkpt lat="42.64251496642828" lon="-0.039617987349629">
        <ele>1351</ele>
      </trkpt>
      <trkpt lat="42.642502980306745" lon="-0.039567025378346">
        <ele>1351</ele>
      </trkpt>
      <trkpt lat="42.64244900085032" lon="-0.039398968219757">
        <ele>1352</ele>
      </trkpt>
      <trkpt lat="42.64238596893847" lon="-0.039190007373691">
        <ele>1354</ele>
      </trkpt>
      <trkpt lat="42.642357973381877" lon="-0.039070984348655">
        <ele>1355</ele>
      </trkpt>
      <trkpt lat="42.642357973381877" lon="-0.039070984348655">
        <ele>1355</ele>
      </trkpt>
      <trkpt lat="42.642263006418943" lon="-0.038938969373703">
        <ele>1355</ele>
      </trkpt>
      <trkpt lat="42.64210500754416" lon="-0.038846014067531">
        <ele>1355</ele>
      </trkpt>
      <trkpt lat="42.641964023932815" lon="-0.038761021569371">
        <ele>1355</ele>
      </trkpt>
      <trkpt lat="42.641886994242668" lon="-0.038686003535986">
        <ele>1356</ele>
      </trkpt>
      <trkpt lat="42.641780963167548" lon="-0.038518030196428">
        <ele>1356</ele>
      </trkpt>
      <trkpt lat="42.641700999811292" lon="-0.038387021049857">
        <ele>1356</ele>
      </trkpt>
      <trkpt lat="42.641623970121145" lon="-0.038150986656547">
        <ele>1356</ele>
      </trkpt>
      <trkpt lat="42.641490027308464" lon="-0.037896009162068">
        <ele>1356</ele>
      </trkpt>
      <trkpt lat="42.641421966254711" lon="-0.037651006132364">
        <ele>1356</ele>
      </trkpt>
      <trkpt lat="42.641329010948539" lon="-0.037551010027528">
        <ele>1357</ele>
      </trkpt>
      <trkpt lat="42.641259022057056" lon="-0.037360992282629">
        <ele>1358</ele>
      </trkpt>
      <trkpt lat="42.641165982931852" lon="-0.037205005064607">
        <ele>1359</ele>
      </trkpt>
      <trkpt lat="42.641089037060738" lon="-0.037101991474628">
        <ele>1359</ele>
      </trkpt>
      <trkpt lat="42.641055006533861" lon="-0.037037031725049">
        <ele>1359</ele>
      </trkpt>
      <trkpt lat="42.640955010429025" lon="-0.036896970123053">
        <ele>1359</ele>
      </trkpt>
      <trkpt lat="42.64088099822402" lon="-0.036695972084999">
        <ele>1360</ele>
      </trkpt>
      <trkpt lat="42.640681006014347" lon="-0.036537973210216">
        <ele>1362</ele>
      </trkpt>
      <trkpt lat="42.640606993809342" lon="-0.036406964063644">
        <ele>1364</ele>
      </trkpt>
      <trkpt lat="42.640436002984643" lon="-0.036231027916074">
        <ele>1366</ele>
      </trkpt>
      <trkpt lat="42.640396021306515" lon="-0.036109993234277">
        <ele>1366</ele>
      </trkpt>
      <trkpt lat="42.640465004369617" lon="-0.036032041534781">
        <ele>1367</ele>
      </trkpt>
      <trkpt lat="42.640553014352918" lon="-0.036036986857653">
        <ele>1368</ele>
      </trkpt>
      <trkpt lat="42.640647981315851" lon="-0.036016032099724">
        <ele>1368</ele>
      </trkpt>
      <trkpt lat="42.640603976324201" lon="-0.035963980481029">
        <ele>1369</ele>
      </trkpt>
      <trkpt lat="42.640463998541236" lon="-0.035878987982869">
        <ele>1372</ele>
      </trkpt>
      <trkpt lat="42.640416976064444" lon="-0.035753007978201">
        <ele>1373</ele>
      </trkpt>
      <trkpt lat="42.640403984114528" lon="-0.035660974681377">
        <ele>1375</ele>
      </trkpt>
      <trkpt lat="42.640419993549585" lon="-0.03555703908205">
        <ele>1376</ele>
      </trkpt>
      <trkpt lat="42.640490988269448" lon="-0.035382024943829">
        <ele>1377</ele>
      </trkpt>
      <trkpt lat="42.640603976324201" lon="-0.035331984981894">
        <ele>1379</ele>
      </trkpt>
      <trkpt lat="42.640681006014347" lon="-0.035327961668372">
        <ele>1380</ele>
      </trkpt>
      <trkpt lat="42.640689974650741" lon="-0.03512604162097">
        <ele>1384</ele>
      </trkpt>
      <trkpt lat="42.640699027106166" lon="-0.035044988617301">
        <ele>1384</ele>
      </trkpt>
      <trkpt lat="42.640702966600657" lon="-0.03499997779727">
        <ele>1384</ele>
      </trkpt>
      <trkpt lat="42.640702966600657" lon="-0.034792022779584">
        <ele>1385</ele>
      </trkpt>
      <trkpt lat="42.640683017671108" lon="-0.034727985039353">
        <ele>1385</ele>
      </trkpt>
      <trkpt lat="42.640590984374285" lon="-0.034735025838017">
        <ele>1386</ele>
      </trkpt>
      <trkpt lat="42.640540022403002" lon="-0.034757992252707">
        <ele>1386</ele>
      </trkpt>
      <trkpt lat="42.640391997992992" lon="-0.03480602055788">
        <ele>1387</ele>
      </trkpt>
      <trkpt lat="42.640352016314864" lon="-0.034797973930836">
        <ele>1387</ele>
      </trkpt>
      <trkpt lat="42.640214972198009" lon="-0.034789005294442">
        <ele>1389</ele>
      </trkpt>
      <trkpt lat="42.640182031318545" lon="-0.034674005582929">
        <ele>1389</ele>
      </trkpt>
      <trkpt lat="42.640148000791669" lon="-0.034599993377924">
        <ele>1389</ele>
      </trkpt>
      <trkpt lat="42.640122016891837" lon="-0.034565962851048">
        <ele>1390</ele>
      </trkpt>
      <trkpt lat="42.640087986364961" lon="-0.034530004486442">
        <ele>1391</ele>
      </trkpt>
      <trkpt lat="42.640011040493846" lon="-0.034426990896463">
        <ele>1392</ele>
      </trkpt>
      <trkpt lat="42.639996958896518" lon="-0.034392038360238">
        <ele>1394</ele>
      </trkpt>
      <trkpt lat="42.639985978603363" lon="-0.034340992569923">
        <ele>1397</ele>
      </trkpt>
      <trkpt lat="42.639942979440093" lon="-0.034271003678441">
        <ele>1398</ele>
      </trkpt>
      <trkpt lat="42.639937028288841" lon="-0.034201014786959">
        <ele>1399</ele>
      </trkpt>
      <trkpt lat="42.639850024133921" lon="-0.033866995945573">
        <ele>1400</ele>
      </trkpt>
      <trkpt lat="42.639840971678495" lon="-0.033832965418696">
        <ele>1400</ele>
      </trkpt>
      <trkpt lat="42.639829991385341" lon="-0.033712014555931">
        <ele>1400</ele>
      </trkpt>
      <trkpt lat="42.639747010543942" lon="-0.033277999609709">
        <ele>1399</ele>
      </trkpt>
      <trkpt lat="42.639727983623743" lon="-0.032914979383349">
        <ele>1399</ele>
      </trkpt>
      <trkpt lat="42.639671992510557" lon="-0.032656984403729">
        <ele>1399</ele>
      </trkpt>
      <trkpt lat="42.639579037204385" lon="-0.032433019950986">
        <ele>1400</ele>
      </trkpt>
      <trkpt lat="42.639546012505889" lon="-0.032330006361008">
        <ele>1401</ele>
      </trkpt>
      <trkpt lat="42.639549029991031" lon="-0.032238978892565">
        <ele>1402</ele>
      </trkpt>
      <trkpt lat="42.63959001749754" lon="-0.032165972515941">
        <ele>1404</ele>
      </trkpt>
      <trkpt lat="42.639609966427088" lon="-0.032137976959348">
        <ele>1405</ele>
      </trkpt>
      <trkpt lat="42.639496978372335" lon="-0.032004034146667">
        <ele>1405</ele>
      </trkpt>
      <trkpt lat="42.639427995309234" lon="-0.031976038590074">
        <ele>1406</ele>
      </trkpt>
      <trkpt lat="42.63937602750957" lon="-0.031966986134648">
        <ele>1407</ele>
      </trkpt>
      <trkpt lat="42.639265973120928" lon="-0.031928010284901">
        <ele>1408</ele>
      </trkpt>
      <trkpt lat="42.6392069645226" lon="-0.031899008899927">
        <ele>1409</ele>
      </trkpt>
      <trkpt lat="42.639158014208078" lon="-0.031852992251515">
        <ele>1411</ele>
      </trkpt>
      <trkpt lat="42.639105962589383" lon="-0.031720977276564">
        <ele>1412</ele>
      </trkpt>
      <trkpt lat="42.639092970639467" lon="-0.031555015593767">
        <ele>1414</ele>
      </trkpt>
      <trkpt lat="42.639114009216428" lon="-0.031541017815471">
        <ele>1415</ele>
      </trkpt>
      <trkpt lat="42.639180980622768" lon="-0.031544035300612">
        <ele>1417</ele>
      </trkpt>
      <trkpt lat="42.6392259914428" lon="-0.031425012275577">
        <ele>1418</ele>
      </trkpt>
      <trkpt lat="42.639186009764671" lon="-0.0314100086689">
        <ele>1419</ele>
      </trkpt>
      <trkpt lat="42.639099005609751" lon="-0.031343037262559">
        <ele>1420</ele>
      </trkpt>
      <trkpt lat="42.639061035588384" lon="-0.031319987028837">
        <ele>1421</ele>
      </trkpt>
      <trkpt lat="42.639007978141308" lon="-0.031294003129005">
        <ele>1421</ele>
      </trkpt>
      <trkpt lat="42.638898007571697" lon="-0.0312390178442">
        <ele>1422</ele>
      </trkpt>
      <trkpt lat="42.638852996751666" lon="-0.031101973727345">
        <ele>1423</ele>
      </trkpt>
      <trkpt lat="42.638845033943653" lon="-0.030936012044549">
        <ele>1425</ele>
      </trkpt>
      <trkpt lat="42.638847967609763" lon="-0.030807014554739">
        <ele>1426</ele>
      </trkpt>
      <trkpt lat="42.638843022286892" lon="-0.030611967667937">
        <ele>1427</ele>
      </trkpt>
      <trkpt lat="42.638822989538312" lon="-0.030575003474951">
        <ele>1427</ele>
      </trkpt>
      <trkpt lat="42.638802034780383" lon="-0.030559999868274">
        <ele>1428</ele>
      </trkpt>
      <trkpt lat="42.638729028403759" lon="-0.0305500254035">
        <ele>1429</ele>
      </trkpt>
      <trkpt lat="42.638660967350006" lon="-0.030521024018526">
        <ele>1430</ele>
      </trkpt>
      <trkpt lat="42.638602964580059" lon="-0.030577015131712">
        <ele>1431</ele>
      </trkpt>
      <trkpt lat="42.638554014265537" lon="-0.030610039830208">
        <ele>1432</ele>
      </trkpt>
      <trkpt lat="42.638476984575391" lon="-0.030704000964761">
        <ele>1434</ele>
      </trkpt>
      <trkpt lat="42.638456029817462" lon="-0.030735014006495">
        <ele>1434</ele>
      </trkpt>
      <trkpt lat="42.638416970148683" lon="-0.030758986249566">
        <ele>1434</ele>
      </trkpt>
      <trkpt lat="42.638319991528988" lon="-0.030748005956411">
        <ele>1435</ele>
      </trkpt>
      <trkpt lat="42.638270035386086" lon="-0.030695032328367">
        <ele>1436</ele>
      </trkpt>
      <trkpt lat="42.638175990432501" lon="-0.030695032328367">
        <ele>1437</ele>
      </trkpt>
      <trkpt lat="42.638040035963058" lon="-0.030604004859924">
        <ele>1441</ele>
      </trkpt>
      <trkpt lat="42.637910032644868" lon="-0.03046696074307">
        <ele>1443</ele>
      </trkpt>
      <trkpt lat="42.637835014611483" lon="-0.030339974910021">
        <ele>1444</ele>
      </trkpt>
      <trkpt lat="42.637783968821168" lon="-0.030239978805184">
        <ele>1447</ele>
      </trkpt>
      <trkpt lat="42.637773994356394" lon="-0.03020997159183">
        <ele>1447</ele>
      </trkpt>
      <trkpt lat="42.637880025431514" lon="-0.029881987720728">
        <ele>1448</ele>
      </trkpt>
      <trkpt lat="42.637911038473248" lon="-0.02999497577548">
        <ele>1449</ele>
      </trkpt>
      <trkpt lat="42.637985972687602" lon="-0.030024982988834">
        <ele>1450</ele>
      </trkpt>
      <trkpt lat="42.638097032904625" lon="-0.03003403544426">
        <ele>1452</ele>
      </trkpt>
      <trkpt lat="42.638184037059546" lon="-0.030069993808866">
        <ele>1453</ele>
      </trkpt>
      <trkpt lat="42.63825997710228" lon="-0.030158003792167">
        <ele>1454</ele>
      </trkpt>
      <trkpt lat="42.638339018449187" lon="-0.030150040984154">
        <ele>1455</ele>
      </trkpt>
      <trkpt lat="42.638314962387085" lon="-0.030092038214207">
        <ele>1457</ele>
      </trkpt>
      <trkpt lat="42.638233993202448" lon="-0.030017020180821">
        <ele>1459</ele>
      </trkpt>
      <trkpt lat="42.638156041502953" lon="-0.029930016025901">
        <ele>1459</ele>
      </trkpt>
      <trkpt lat="42.638094015419483" lon="-0.029833959415555">
        <ele>1461</ele>
      </trkpt>
      <trkpt lat="42.63800298795104" lon="-0.029675038531423">
        <ele>1462</ele>
      </trkpt>
      <trkpt lat="42.637969963252544" lon="-0.029636984691024">
        <ele>1463</ele>
      </trkpt>
      <trkpt lat="42.637940961867571" lon="-0.029618041589856">
        <ele>1463</ele>
      </trkpt>
      <trkpt lat="42.63783099129796" lon="-0.029475968331099">
        <ele>1464</ele>
      </trkpt>
      <trkpt lat="42.637792015448213" lon="-0.029394999146461">
        <ele>1465</ele>
      </trkpt>
      <trkpt lat="42.637781035155058" lon="-0.029311012476683">
        <ele>1466</ele>
      </trkpt>
      <trkpt lat="42.637752033770084" lon="-0.029244041070342">
        <ele>1467</ele>
      </trkpt>
      <trkpt lat="42.637763014063239" lon="-0.029174974188209">
        <ele>1468</ele>
      </trkpt>
      <trkpt lat="42.637738035991788" lon="-0.029148990288377">
        <ele>1469</ele>
      </trkpt>
      <trkpt lat="42.637827973812819" lon="-0.029096016660333">
        <ele>1471</ele>
      </trkpt>
      <trkpt lat="42.637906009331346" lon="-0.029105991125107">
        <ele>1472</ele>
      </trkpt>
      <trkpt lat="42.637986978515983" lon="-0.02911102026701">
        <ele>1474</ele>
      </trkpt>
      <trkpt lat="42.638125028461218" lon="-0.029152007773519">
        <ele>1475</ele>
      </trkpt>
      <trkpt lat="42.638172972947359" lon="-0.029172040522099">
        <ele>1479</ele>
      </trkpt>
      <trkpt lat="42.638230975717306" lon="-0.029187966138124">
        <ele>1480</ele>
      </trkpt>
      <trkpt lat="42.638284033164382" lon="-0.029216967523098">
        <ele>1481</ele>
      </trkpt>
      <trkpt lat="42.638319991528988" lon="-0.029211016371846">
        <ele>1482</ele>
      </trkpt>
      <trkpt lat="42.638392997905612" lon="-0.029148990288377">
        <ele>1483</ele>
      </trkpt>
      <trkpt lat="42.638399032875896" lon="-0.029124012216926">
        <ele>1483</ele>
      </trkpt>
      <trkpt lat="42.638387968763709" lon="-0.029060980305076">
        <ele>1485</ele>
      </trkpt>
      <trkpt lat="42.638377994298935" lon="-0.029040025547147">
        <ele>1485</ele>
      </trkpt>
      <trkpt lat="42.638344969600439" lon="-0.028917985036969">
        <ele>1486</ele>
      </trkpt>
      <trkpt lat="42.638348992913961" lon="-0.028817988932133">
        <ele>1487</ele>
      </trkpt>
      <trkpt lat="42.638285961002111" lon="-0.028730984777212">
        <ele>1489</ele>
      </trkpt>
      <trkpt lat="42.638221001252532" lon="-0.028685973957181">
        <ele>1490</ele>
      </trkpt>
      <trkpt lat="42.638203985989094" lon="-0.028668036684394">
        <ele>1490</ele>
      </trkpt>
      <trkpt lat="42.638179007917643" lon="-0.028643980622292">
        <ele>1491</ele>
      </trkpt>
      <trkpt lat="42.638114970177412" lon="-0.02859503030777">
        <ele>1491</ele>
      </trkpt>
      <trkpt lat="42.63802302069962" lon="-0.028524035587907">
        <ele>1493</ele>
      </trkpt>
      <trkpt lat="42.637948002666235" lon="-0.028477013111115">
        <ele>1494</ele>
      </trkpt>
      <trkpt lat="42.637931993231177" lon="-0.028454968705773">
        <ele>1494</ele>
      </trkpt>
      <trkpt lat="42.637835014611483" lon="-0.028399983420968">
        <ele>1495</ele>
      </trkpt>
      <trkpt lat="42.637810036540031" lon="-0.028396965935826">
        <ele>1496</ele>
      </trkpt>
      <trkpt lat="42.637756979092956" lon="-0.028381962329149">
        <ele>1496</ele>
      </trkpt>
      <trkpt lat="42.63765899464488" lon="-0.028343992307782">
        <ele>1498</ele>
      </trkpt>
      <trkpt lat="42.637579031288624" lon="-0.028327982872725">
        <ele>1499</ele>
      </trkpt>
      <trkpt lat="42.637551035732031" lon="-0.028323037549853">
        <ele>1499</ele>
      </trkpt>
      <trkpt lat="42.637519016861916" lon="-0.028320020064712">
        <ele>1500</ele>
      </trkpt>
      <trkpt lat="42.637451039627194" lon="-0.028322031721473">
        <ele>1500</ele>
      </trkpt>
      <trkpt lat="42.637408040463924" lon="-0.028351033106446">
        <ele>1501</ele>
      </trkpt>
      <trkpt lat="42.637344002723694" lon="-0.02838296815753">
        <ele>1501</ele>
      </trkpt>
      <trkpt lat="42.637219028547406" lon="-0.028407024219632">
        <ele>1503</ele>
      </trkpt>
      <trkpt lat="42.637172006070614" lon="-0.028420016169548">
        <ele>1503</ele>
      </trkpt>
      <trkpt lat="42.637066980823874" lon="-0.02846997231245">
        <ele>1505</ele>
      </trkpt>
      <trkpt lat="42.636968996375799" lon="-0.028535015881062">
        <ele>1506</ele>
      </trkpt>
      <trkpt lat="42.636944018304348" lon="-0.028551025316119">
        <ele>1506</ele>
      </trkpt>
      <trkpt lat="42.636911999434233" lon="-0.028570974245667">
        <ele>1506</ele>
      </trkpt>
      <trkpt lat="42.636792976409197" lon="-0.028644986450672">
        <ele>1506</ele>
      </trkpt>
      <trkpt lat="42.636718964204192" lon="-0.028678011149168">
        <ele>1506</ele>
      </trkpt>
      <trkpt lat="42.636661967262626" lon="-0.02868396230042">
        <ele>1506</ele>
      </trkpt>
      <trkpt lat="42.636770009994507" lon="-0.028815977275372">
        <ele>1507</ele>
      </trkpt>
      <trkpt lat="42.636629026383162" lon="-0.028886971995234">
        <ele>1507</ele>
      </trkpt>
      <trkpt lat="42.636546967551112" lon="-0.028868028894067">
        <ele>1508</ele>
      </trkpt>
      <trkpt lat="42.636382011696696" lon="-0.028887977823615">
        <ele>1509</ele>
      </trkpt>
      <trkpt lat="42.636290984228253" lon="-0.028870040550828">
        <ele>1510</ele>
      </trkpt>
      <trkpt lat="42.63611395843327" lon="-0.028775995597243">
        <ele>1510</ele>
      </trkpt>
      <trkpt lat="42.636060984805226" lon="-0.028771972283721">
        <ele>1510</ele>
      </trkpt>
      <trkpt lat="42.63606701977551" lon="-0.028874985873699">
        <ele>1510</ele>
      </trkpt>
      <trkpt lat="42.636094009503722" lon="-0.028916979208589">
        <ele>1509</ele>
      </trkpt>
      <trkpt lat="42.636131979525089" lon="-0.028956038877368">
        <ele>1504</ele>
      </trkpt>
      <trkpt lat="42.63613399118185" lon="-0.02898302860558">
        <ele>1503</ele>
      </trkpt>
      <trkpt lat="42.63617699034512" lon="-0.029030973091722">
        <ele>1504</ele>
      </trkpt>
      <trkpt lat="42.636183025315404" lon="-0.029067015275359">
        <ele>1503</ele>
      </trkpt>
      <trkpt lat="42.636128962039948" lon="-0.029029967263341">
        <ele>1503</ele>
      </trkpt>
      <trkpt lat="42.636061990633607" lon="-0.028975987806916">
        <ele>1505</ele>
      </trkpt>
      <trkpt lat="42.635998036712408" lon="-0.028910022228956">
        <ele>1511</ele>
      </trkpt>
      <trkpt lat="42.635998958721757" lon="-0.028839027509093">
        <ele>1511</ele>
      </trkpt>
      <trkpt lat="42.636000970378518" lon="-0.028773983940482">
        <ele>1511</ele>
      </trkpt>
      <trkpt lat="42.635979009792209" lon="-0.028659990057349">
        <ele>1512</ele>
      </trkpt>
      <trkpt lat="42.63596199452877" lon="-0.028498973697424">
        <ele>1512</ele>
      </trkpt>
      <trkpt lat="42.635941039770842" lon="-0.028452035039663">
        <ele>1513</ele>
      </trkpt>
      <trkpt lat="42.63589896261692" lon="-0.028414987027645">
        <ele>1513</ele>
      </trkpt>
      <trkpt lat="42.635899968445301" lon="-0.02838397398591">
        <ele>1513</ele>
      </trkpt>
      <trkpt lat="42.635871972888708" lon="-0.02834097482264">
        <ele>1514</ele>
      </trkpt>
      <trkpt lat="42.635840037837625" lon="-0.028303004801273">
        <ele>1515</ele>
      </trkpt>
      <trkpt lat="42.635835008695722" lon="-0.0282740034163">
        <ele>1515</ele>
      </trkpt>
      <trkpt lat="42.63574699871242" lon="-0.028221029788256">
        <ele>1517</ele>
      </trkpt>
      <trkpt lat="42.635720008984208" lon="-0.028171995654702">
        <ele>1518</ele>
      </trkpt>
      <trkpt lat="42.635716991499066" lon="-0.028029000386596">
        <ele>1519</ele>
      </trkpt>
      <trkpt lat="42.635692013427615" lon="-0.027963034808636">
        <ele>1521</ele>
      </trkpt>
      <trkpt lat="42.635655971243978" lon="-0.027917018160224">
        <ele>1521</ele>
      </trkpt>
      <trkpt lat="42.63563702814281" lon="-0.027884999290109">
        <ele>1521</ele>
      </trkpt>
      <trkpt lat="42.635598974302411" lon="-0.027828002348542">
        <ele>1523</ele>
      </trkpt>
      <trkpt lat="42.635515993461013" lon="-0.027691964060068">
        <ele>1524</ele>
      </trkpt>
      <trkpt lat="42.635482968762517" lon="-0.027607977390289">
        <ele>1525</ele>
      </trkpt>
      <trkpt lat="42.635452961549163" lon="-0.027440004050732">
        <ele>1527</ele>
      </trkpt>
      <trkpt lat="42.635438041761518" lon="-0.027296002954245">
        <ele>1528</ele>
      </trkpt>
      <trkpt lat="42.635442987084389" lon="-0.02719902433455">
        <ele>1529</ele>
      </trkpt>
      <trkpt lat="42.635441981256008" lon="-0.027082012966275">
        <ele>1530</ele>
      </trkpt>
      <trkpt lat="42.635417003184557" lon="-0.02704999409616">
        <ele>1530</ele>
      </trkpt>
      <trkpt lat="42.635353971272707" lon="-0.026917979121208">
        <ele>1531</ele>
      </trkpt>
      <trkpt lat="42.63536000624299" lon="-0.026797028258443">
        <ele>1532</ele>
      </trkpt>
      <trkpt lat="42.635409962385893" lon="-0.026784958317876">
        <ele>1533</ele>
      </trkpt>
      <trkpt lat="42.635652031749487" lon="-0.026610027998686">
        <ele>1534</ele>
      </trkpt>
      <trkpt lat="42.635872978717089" lon="-0.026617990806699">
        <ele>1537</ele>
      </trkpt>
      <trkpt lat="42.635990995913744" lon="-0.026678005233407">
        <ele>1539</ele>
      </trkpt>
      <trkpt lat="42.635970963165164" lon="-0.026592006906867">
        <ele>1542</ele>
      </trkpt>
      <trkpt lat="42.635997030884027" lon="-0.026512965559959">
        <ele>1544</ele>
      </trkpt>
      <trkpt lat="42.636014968156815" lon="-0.026476001366973">
        <ele>1544</ele>
      </trkpt>
      <trkpt lat="42.636140026152134" lon="-0.026369970291853">
        <ele>1546</ele>
      </trkpt>
      <trkpt lat="42.636184031143785" lon="-0.026364019140601">
        <ele>1547</ele>
      </trkpt>
      <trkpt lat="42.636212026700377" lon="-0.026372987776995">
        <ele>1548</ele>
      </trkpt>
      <trkpt lat="42.636289978399873" lon="-0.026296963915229">
        <ele>1550</ele>
      </trkpt>
      <trkpt lat="42.636272963136435" lon="-0.026220018044114">
        <ele>1552</ele>
      </trkpt>
      <trkpt lat="42.636272963136435" lon="-0.026220018044114">
        <ele>1552</ele>
      </trkpt>
      <trkpt lat="42.636247985064983" lon="-0.026103006675839">
        <ele>1554</ele>
      </trkpt>
      <trkpt lat="42.636222001165152" lon="-0.025983983650804">
        <ele>1555</ele>
      </trkpt>
      <trkpt lat="42.636171961203218" lon="-0.025802012532949">
        <ele>1556</ele>
      </trkpt>
      <trkpt lat="42.636158969253302" lon="-0.025707967579365">
        <ele>1557</ele>
      </trkpt>
      <trkpt lat="42.63615402393043" lon="-0.025630015879869">
        <ele>1558</ele>
      </trkpt>
      <trkpt lat="42.636104989796877" lon="-0.025543011724949">
        <ele>1558</ele>
      </trkpt>
      <trkpt lat="42.636098032817245" lon="-0.025466987863183">
        <ele>1558</ele>
      </trkpt>
      <trkpt lat="42.636043969541788" lon="-0.02537302672863">
        <ele>1559</ele>
      </trkpt>
      <trkpt lat="42.636037012562156" lon="-0.025108996778727">
        <ele>1560</ele>
      </trkpt>
      <trkpt lat="42.636011028662324" lon="-0.025030039250851">
        <ele>1562</ele>
      </trkpt>
      <trkpt lat="42.635989990085363" lon="-0.024935994297266">
        <ele>1564</ele>
      </trkpt>
      <trkpt lat="42.635839032009244" lon="-0.024863993749022">
        <ele>1565</ele>
      </trkpt>
      <trkpt lat="42.635803995653987" lon="-0.024757040664554">
        <ele>1565</ele>
      </trkpt>
      <trkpt lat="42.635774994269013" lon="-0.024607004597783">
        <ele>1566</ele>
      </trkpt>
      <trkpt lat="42.635736018419266" lon="-0.024542966857553">
        <ele>1566</ele>
      </trkpt>
      <trkpt lat="42.635643985122442" lon="-0.024355966597795">
        <ele>1567</ele>
      </trkpt>
      <trkpt lat="42.635593023151159" lon="-0.024252030998468">
        <ele>1568</ele>
      </trkpt>
      <trkpt lat="42.635550023987889" lon="-0.024047009646893">
        <ele>1569</ele>
      </trkpt>
      <trkpt lat="42.63548799790442" lon="-0.023974003270268">
        <ele>1570</ele>
      </trkpt>
      <trkpt lat="42.635404011234641" lon="-0.023850034922361">
        <ele>1571</ele>
      </trkpt>
      <trkpt lat="42.63537903316319" lon="-0.023540994152427">
        <ele>1573</ele>
      </trkpt>
      <trkpt lat="42.635237965732813" lon="-0.023342007771134">
        <ele>1574</ele>
      </trkpt>
      <trkpt lat="42.635249029844999" lon="-0.023191971704364">
        <ele>1576</ele>
      </trkpt>
      <trkpt lat="42.635298985987902" lon="-0.023091975599527">
        <ele>1576</ele>
      </trkpt>
      <trkpt lat="42.635329999029636" lon="-0.023006983101368">
        <ele>1577</ele>
      </trkpt>
      <trkpt lat="42.635410968214273" lon="-0.022916039451957">
        <ele>1579</ele>
      </trkpt>
      <trkpt lat="42.635598974302411" lon="-0.022955015301704">
        <ele>1580</ele>
      </trkpt>
      <trkpt lat="42.635735012590885" lon="-0.023069009184837">
        <ele>1582</ele>
      </trkpt>
      <trkpt lat="42.635854035615921" lon="-0.023207981139421">
        <ele>1582</ele>
      </trkpt>
      <trkpt lat="42.635950008407235" lon="-0.023296996951103">
        <ele>1583</ele>
      </trkpt>
      <trkpt lat="42.636014968156815" lon="-0.02337503246963">
        <ele>1584</ele>
      </trkpt>
      <trkpt lat="42.636081017553806" lon="-0.023408979177475">
        <ele>1585</ele>
      </trkpt>
      <trkpt lat="42.636210015043616" lon="-0.023497994989157">
        <ele>1586</ele>
      </trkpt>
      <trkpt lat="42.636331971734762" lon="-0.0235890224576">
        <ele>1588</ele>
      </trkpt>
      <trkpt lat="42.636397015303373" lon="-0.023731011897326">
        <ele>1590</ele>
      </trkpt>
      <trkpt lat="42.636401960626245" lon="-0.023795971646905">
        <ele>1590</ele>
      </trkpt>
      <trkpt lat="42.636363990604877" lon="-0.023974003270268">
        <ele>1592</ele>
      </trkpt>
      <trkpt lat="42.636387962847948" lon="-0.024066036567092">
        <ele>1593</ele>
      </trkpt>
      <trkpt lat="42.636421993374825" lon="-0.02414901740849">
        <ele>1594</ele>
      </trkpt>
      <trkpt lat="42.636493993923068" lon="-0.024316990748048">
        <ele>1595</ele>
      </trkpt>
      <trkpt lat="42.636543028056622" lon="-0.024396032094955">
        <ele>1595</ele>
      </trkpt>
      <trkpt lat="42.636602036654949" lon="-0.024509020149708">
        <ele>1596</ele>
      </trkpt>
      <trkpt lat="42.63671301305294" lon="-0.024697026237845">
        <ele>1597</ele>
      </trkpt>
      <trkpt lat="42.636724999174476" lon="-0.024740025401115">
        <ele>1597</ele>
      </trkpt>
      <trkpt lat="42.636779984459281" lon="-0.024872040376067">
        <ele>1598</ele>
      </trkpt>
      <trkpt lat="42.636859025806189" lon="-0.025032972916961">
        <ele>1599</ele>
      </trkpt>
      <trkpt lat="42.636889033019543" lon="-0.025060968473554">
        <ele>1599</ele>
      </trkpt>
      <trkpt lat="42.636930020526052" lon="-0.025075972080231">
        <ele>1601</ele>
      </trkpt>
      <trkpt lat="42.636933038011193" lon="-0.024975975975394">
        <ele>1602</ele>
      </trkpt>
      <trkpt lat="42.636915016919374" lon="-0.024886038154364">
        <ele>1603</ele>
      </trkpt>
      <trkpt lat="42.636895989999175" lon="-0.024791993200779">
        <ele>1604</ele>
      </trkpt>
      <trkpt lat="42.636876963078976" lon="-0.02464204095304">
        <ele>1605</ele>
      </trkpt>
      <trkpt lat="42.63684100471437" lon="-0.024496028199792">
        <ele>1606</ele>
      </trkpt>
      <trkpt lat="42.63679901137948" lon="-0.024366024881601">
        <ele>1607</ele>
      </trkpt>
      <trkpt lat="42.63677503913641" lon="-0.02425697632134">
        <ele>1608</ele>
      </trkpt>
      <trkpt lat="42.636762969195843" lon="-0.023990012705326">
        <ele>1609</ele>
      </trkpt>
      <trkpt lat="42.636732961982489" lon="-0.023899991065264">
        <ele>1609</ele>
      </trkpt>
      <trkpt lat="42.636703960597515" lon="-0.023816004395485">
        <ele>1610</ele>
      </trkpt>
      <trkpt lat="42.636687029153109" lon="-0.023649036884308">
        <ele>1611</ele>
      </trkpt>
      <trkpt lat="42.636716030538082" lon="-0.02342096529901">
        <ele>1613</ele>
      </trkpt>
      <trkpt lat="42.636693986132741" lon="-0.023335972800851">
        <ele>1613</ele>
      </trkpt>
      <trkpt lat="42.63662600889802" lon="-0.023232959210873">
        <ele>1615</ele>
      </trkpt>
      <trkpt lat="42.636608993634582" lon="-0.023204041644931">
        <ele>1616</ele>
      </trkpt>
      <trkpt lat="42.636565994471312" lon="-0.023086024448276">
        <ele>1616</ele>
      </trkpt>
      <trkpt lat="42.636501034721732" lon="-0.022931965067983">
        <ele>1617</ele>
      </trkpt>
      <trkpt lat="42.636504974216223" lon="-0.022767009213567">
        <ele>1618</ele>
      </trkpt>
      <trkpt lat="42.636490976437926" lon="-0.022571040317416">
        <ele>1620</ele>
      </trkpt>
      <trkpt lat="42.636440014466643" lon="-0.022400971502066">
        <ele>1620</ele>
      </trkpt>
      <trkpt lat="42.636467004194856" lon="-0.022240038961172">
        <ele>1622</ele>
      </trkpt>
      <trkpt lat="42.636467004194856" lon="-0.022090002894402">
        <ele>1623</ele>
      </trkpt>
      <trkpt lat="42.636406989768147" lon="-0.021923035383224">
        <ele>1624</ele>
      </trkpt>
      <trkpt lat="42.636389974504709" lon="-0.021777022629976">
        <ele>1626</ele>
      </trkpt>
      <trkpt lat="42.636327026411891" lon="-0.021662022918463">
        <ele>1628</ele>
      </trkpt>
      <trkpt lat="42.636298025026917" lon="-0.021566972136497">
        <ele>1629</ele>
      </trkpt>
      <trkpt lat="42.636214960366488" lon="-0.021478040143847">
        <ele>1631</ele>
      </trkpt>
      <trkpt lat="42.636088980361819" lon="-0.021367985755205">
        <ele>1631</ele>
      </trkpt>
      <trkpt lat="42.636017985641956" lon="-0.021272012963891">
        <ele>1632</ele>
      </trkpt>
      <trkpt lat="42.63596098870039" lon="-0.021102027967572">
        <ele>1632</ele>
      </trkpt>
      <trkpt lat="42.635908015072346" lon="-0.020961966365576">
        <ele>1632</ele>
      </trkpt>
      <trkpt lat="42.635860992595553" lon="-0.020885020494461">
        <ele>1632</ele>
      </trkpt>
      <trkpt lat="42.635811036452651" lon="-0.020729033276439">
        <ele>1633</ele>
      </trkpt>
      <trkpt lat="42.635821010917425" lon="-0.020529963076115">
        <ele>1633</ele>
      </trkpt>
      <trkpt lat="42.635861998423934" lon="-0.020368024706841">
        <ele>1634</ele>
      </trkpt>
      <trkpt lat="42.635792009532452" lon="-0.020271968096495">
        <ele>1635</ele>
      </trkpt>
      <trkpt lat="42.635765019804239" lon="-0.0201749894768">
        <ele>1635</ele>
      </trkpt>
      <trkpt lat="42.635668041184545" lon="-0.020093014463782">
        <ele>1635</ele>
      </trkpt>
      <trkpt lat="42.635624958202243" lon="-0.0200230255723">
        <ele>1635</ele>
      </trkpt>
      <trkpt lat="42.635598974302411" lon="-0.019925963133574">
        <ele>1635</ele>
      </trkpt>
      <trkpt lat="42.635500989854336" lon="-0.019700992852449">
        <ele>1635</ele>
      </trkpt>
      <trkpt lat="42.635440975427628" lon="-0.019579036161304">
        <ele>1636</ele>
      </trkpt>
      <trkpt lat="42.635452039539814" lon="-0.019450038671494">
        <ele>1637</ele>
      </trkpt>
      <trkpt lat="42.635437035933137" lon="-0.019406033679843">
        <ele>1638</ele>
      </trkpt>
      <trkpt lat="42.635433012619615" lon="-0.019284998998046">
        <ele>1638</ele>
      </trkpt>
      <trkpt lat="42.635463019832969" lon="-0.019106967374682">
        <ele>1639</ele>
      </trkpt>
      <trkpt lat="42.635443992912769" lon="-0.018995990976691">
        <ele>1639</ele>
      </trkpt>
      <trkpt lat="42.635441981256008" lon="-0.018958020955324">
        <ele>1639</ele>
      </trkpt>
      <trkpt lat="42.635405017063022" lon="-0.018774960190058">
        <ele>1639</ele>
      </trkpt>
      <trkpt lat="42.635382972657681" lon="-0.018712012097239">
        <ele>1639</ele>
      </trkpt>
      <trkpt lat="42.635371992364526" lon="-0.018474971875548">
        <ele>1640</ele>
      </trkpt>
      <trkpt lat="42.6353370398283" lon="-0.018301969394088">
        <ele>1640</ele>
      </trkpt>
      <trkpt lat="42.635259004309773" lon="-0.01813399605453">
        <ele>1641</ele>
      </trkpt>
      <trkpt lat="42.635245006531477" lon="-0.018043974414468">
        <ele>1641</ele>
      </trkpt>
      <trkpt lat="42.635232014581561" lon="-0.018016984686255">
        <ele>1641</ele>
      </trkpt>
      <trkpt lat="42.635193960741162" lon="-0.017986977472901">
        <ele>1642</ele>
      </trkpt>
      <trkpt lat="42.635190021246672" lon="-0.017808023840189">
        <ele>1643</ele>
      </trkpt>
      <trkpt lat="42.635203013196588" lon="-0.017710039392114">
        <ele>1644</ele>
      </trkpt>
      <trkpt lat="42.63516403734684" lon="-0.017567966133356">
        <ele>1645</ele>
      </trkpt>
      <trkpt lat="42.635138975456357" lon="-0.017483979463577">
        <ele>1646</ele>
      </trkpt>
      <trkpt lat="42.635127995163202" lon="-0.017442991957068">
        <ele>1646</ele>
      </trkpt>
      <trkpt lat="42.635156996548176" lon="-0.017265966162086">
        <ele>1647</ele>
      </trkpt>
      <trkpt lat="42.635147022083402" lon="-0.017233025282621">
        <ele>1648</ele>
      </trkpt>
      <trkpt lat="42.635148027911782" lon="-0.01714501529932">
        <ele>1649</ele>
      </trkpt>
      <trkpt lat="42.63516403734684" lon="-0.017117019742727">
        <ele>1650</ele>
      </trkpt>
      <trkpt lat="42.635124977678061" lon="-0.016962038353086">
        <ele>1651</ele>
      </trkpt>
      <trkpt lat="42.635104022920132" lon="-0.01682298257947">
        <ele>1652</ele>
      </trkpt>
      <trkpt lat="42.635121960192919" lon="-0.01669398508966">
        <ele>1653</ele>
      </trkpt>
      <trkpt lat="42.635141992941499" lon="-0.016539003700018">
        <ele>1655</ele>
      </trkpt>
      <trkpt lat="42.635125983506441" lon="-0.016454011201859">
        <ele>1655</ele>
      </trkpt>
      <trkpt lat="42.635134030133486" lon="-0.016398020088673">
        <ele>1655</ele>
      </trkpt>
      <trkpt lat="42.635129000991583" lon="-0.016334988176823">
        <ele>1655</ele>
      </trkpt>
      <trkpt lat="42.635137969627976" lon="-0.016301963478327">
        <ele>1655</ele>
      </trkpt>
      <trkpt lat="42.635132018476725" lon="-0.016245972365141">
        <ele>1655</ele>
      </trkpt>
      <trkpt lat="42.635131012648344" lon="-0.01611496321857">
        <ele>1655</ele>
      </trkpt>
      <trkpt lat="42.635083990171552" lon="-0.015937015414238">
        <ele>1655</ele>
      </trkpt>
      <trkpt lat="42.635116009041667" lon="-0.015810029581189">
        <ele>1656</ele>
      </trkpt>
      <trkpt lat="42.635142998769879" lon="-0.015701986849308">
        <ele>1656</ele>
      </trkpt>
      <trkpt lat="42.635148027911782" lon="-0.01559603959322">
        <ele>1656</ele>
      </trkpt>
      <trkpt lat="42.635232014581561" lon="-0.015457989647985">
        <ele>1657</ele>
      </trkpt>
      <trkpt lat="42.635242994874716" lon="-0.015410967171192">
        <ele>1657</ele>
      </trkpt>
      <trkpt lat="42.635253975167871" lon="-0.015294039621949">
        <ele>1657</ele>
      </trkpt>
      <trkpt lat="42.635259004309773" lon="-0.015210974961519">
        <ele>1657</ele>
      </trkpt>
      <trkpt lat="42.635253975167871" lon="-0.015121959149837">
        <ele>1657</ele>
      </trkpt>
      <trkpt lat="42.635232014581561" lon="-0.014994973316789">
        <ele>1657</ele>
      </trkpt>
      <trkpt lat="42.635269984602928" lon="-0.014764973893762">
        <ele>1657</ele>
      </trkpt>
      <trkpt lat="42.635279959067702" lon="-0.014720968902111">
        <ele>1656</ele>
      </trkpt>
      <trkpt lat="42.635311977937818" lon="-0.014622984454036">
        <ele>1656</ele>
      </trkpt>
      <trkpt lat="42.635279959067702" lon="-0.014518965035677">
        <ele>1655</ele>
      </trkpt>
      <trkpt lat="42.635294962674379" lon="-0.014476971700788">
        <ele>1654</ele>
      </trkpt>
      <trkpt lat="42.635254980996251" lon="-0.014277985319495">
        <ele>1654</ele>
      </trkpt>
      <trkpt lat="42.635268978774548" lon="-0.014221994206309">
        <ele>1654</ele>
      </trkpt>
      <trkpt lat="42.635251963511109" lon="-0.013971040025353">
        <ele>1653</ele>
      </trkpt>
      <trkpt lat="42.63520997017622" lon="-0.013801977038383">
        <ele>1652</ele>
      </trkpt>
      <trkpt lat="42.635093964636326" lon="-0.013619000092149">
        <ele>1651</ele>
      </trkpt>
      <trkpt lat="42.63508097268641" lon="-0.013579018414021">
        <ele>1651</ele>
      </trkpt>
      <trkpt lat="42.635066974908113" lon="-0.01338598318398">
        <ele>1650</ele>
      </trkpt>
      <trkpt lat="42.635109974071383" lon="-0.013309037312865">
        <ele>1648</ele>
      </trkpt>
      <trkpt lat="42.635113997384906" lon="-0.013109967112541">
        <ele>1647</ele>
      </trkpt>
      <trkpt lat="42.635025987401605" lon="-0.012893965467811">
        <ele>1645</ele>
      </trkpt>
      <trkpt lat="42.635045014321804" lon="-0.012726997956634">
        <ele>1645</ele>
      </trkpt>
      <trkpt lat="42.635076027363539" lon="-0.012552989646792">
        <ele>1644</ele>
      </trkpt>
      <trkpt lat="42.63508097268641" lon="-0.012461962178349">
        <ele>1643</ele>
      </trkpt>
      <trkpt lat="42.635079966858029" lon="-0.012402031570673">
        <ele>1644</ele>
      </trkpt>
      <trkpt lat="42.635092036798596" lon="-0.012271022424102">
        <ele>1644</ele>
      </trkpt>
      <trkpt lat="42.635079966858029" lon="-0.012202039361">
        <ele>1644</ele>
      </trkpt>
      <trkpt lat="42.6350780390203" lon="-0.012030964717269">
        <ele>1644</ele>
      </trkpt>
      <trkpt lat="42.635092958807945" lon="-0.011941026896238">
        <ele>1644</ele>
      </trkpt>
      <trkpt lat="42.635093964636326" lon="-0.01188000664115">
        <ele>1644</ele>
      </trkpt>
      <trkpt lat="42.635067980736494" lon="-0.011745980009437">
        <ele>1643</ele>
      </trkpt>
      <trkpt lat="42.635067980736494" lon="-0.011627040803432">
        <ele>1643</ele>
      </trkpt>
      <trkpt lat="42.635043002665043" lon="-0.011442974209785">
        <ele>1643</ele>
      </trkpt>
      <trkpt lat="42.635102011263371" lon="-0.011232001706958">
        <ele>1643</ele>
      </trkpt>
      <trkpt lat="42.635147022083402" lon="-0.011051036417484">
        <ele>1643</ele>
      </trkpt>
      <trkpt lat="42.635176023468375" lon="-0.010969983413815">
        <ele>1643</ele>
      </trkpt>
      <trkpt lat="42.635219022631645" lon="-0.010795975103974">
        <ele>1644</ele>
      </trkpt>
      <trkpt lat="42.635228997096419" lon="-0.010752975940704">
        <ele>1644</ele>
      </trkpt>
      <trkpt lat="42.635247018188238" lon="-0.0106789637357">
        <ele>1644</ele>
      </trkpt>
      <trkpt lat="42.635263027623296" lon="-0.010621966794133">
        <ele>1644</ele>
      </trkpt>
      <trkpt lat="42.635306026786566" lon="-0.010496992617846">
        <ele>1645</ele>
      </trkpt>
      <trkpt lat="42.635352965444326" lon="-0.010339999571443">
        <ele>1646</ele>
      </trkpt>
      <trkpt lat="42.635372998192906" lon="-0.010320972651243">
        <ele>1646</ele>
      </trkpt>
      <trkpt lat="42.635440975427628" lon="-0.010146964341402">
        <ele>1646</ele>
      </trkpt>
      <trkpt lat="42.6354890037328" lon="-0.009978991001844">
        <ele>1646</ele>
      </trkpt>
      <trkpt lat="42.635518005117774" lon="-0.009920988231897">
        <ele>1647</ele>
      </trkpt>
      <trkpt lat="42.635578019544482" lon="-0.009748991578817">
        <ele>1647</ele>
      </trkpt>
      <trkpt lat="42.635665023699403" lon="-0.009570959955454">
        <ele>1648</ele>
      </trkpt>
      <trkpt lat="42.63568103313446" lon="-0.009512035176158">
        <ele>1648</ele>
      </trkpt>
      <trkpt lat="42.635740963742137" lon="-0.009365016594529">
        <ele>1649</ele>
      </trkpt>
      <trkpt lat="42.635760996490717" lon="-0.009164018556476">
        <ele>1650</ele>
      </trkpt>
      <trkpt lat="42.635850012302399" lon="-0.008928989991546">
        <ele>1650</ele>
      </trkpt>
      <trkpt lat="42.635893011465669" lon="-0.00885103829205">
        <ele>1650</ele>
      </trkpt>
      <trkpt lat="42.635952020063996" lon="-0.008711982518435">
        <ele>1650</ele>
      </trkpt>
      <trkpt lat="42.636009017005563" lon="-0.008602011948824">
        <ele>1650</ele>
      </trkpt>
      <trkpt lat="42.636042963713408" lon="-0.008537974208593">
        <ele>1650</ele>
      </trkpt>
      <trkpt lat="42.636109013110399" lon="-0.008364971727133">
        <ele>1650</ele>
      </trkpt>
      <trkpt lat="42.636163998395205" lon="-0.008245026692748">
        <ele>1650</ele>
      </trkpt>
      <trkpt lat="42.636233987286687" lon="-0.008090967312455">
        <ele>1651</ele>
      </trkpt>
      <trkpt lat="42.636288972571492" lon="-0.007956018671393">
        <ele>1651</ele>
      </trkpt>
      <trkpt lat="42.636334989219904" lon="-0.007719984278083">
        <ele>1651</ele>
      </trkpt>
      <trkpt lat="42.636354016140103" lon="-0.007633985951543">
        <ele>1652</ele>
      </trkpt>
      <trkpt lat="42.636375976726413" lon="-0.007493002340198">
        <ele>1652</ele>
      </trkpt>
      <trkpt lat="42.636400032788515" lon="-0.007341960445046">
        <ele>1654</ele>
      </trkpt>
      <trkpt lat="42.636398021131754" lon="-0.007281024008989">
        <ele>1654</ele>
      </trkpt>
      <trkpt lat="42.636429034173489" lon="-0.00721899792552">
        <ele>1654</ele>
      </trkpt>
      <trkpt lat="42.636459963396192" lon="-0.007134005427361">
        <ele>1654</ele>
      </trkpt>
      <trkpt lat="42.636503968387842" lon="-0.006937030702829">
        <ele>1655</ele>
      </trkpt>
      <trkpt lat="42.636530036106706" lon="-0.00687500461936">
        <ele>1655</ele>
      </trkpt>
      <trkpt lat="42.636545961722732" lon="-0.006792023777962">
        <ele>1655</ele>
      </trkpt>
      <trkpt lat="42.636587033048272" lon="-0.006601000204682">
        <ele>1655</ele>
      </trkpt>
      <trkpt lat="42.636591978371143" lon="-0.006560012698174">
        <ele>1655</ele>
      </trkpt>
      <trkpt lat="42.636628020554781" lon="-0.006451969966292">
        <ele>1656</ele>
      </trkpt>
      <trkpt lat="42.636641012504697" lon="-0.006417017430067">
        <ele>1656</ele>
      </trkpt>
      <trkpt lat="42.636680994182825" lon="-0.006253989413381">
        <ele>1656</ele>
      </trkpt>
      <trkpt lat="42.636685017496347" lon="-0.006218031048775">
        <ele>1656</ele>
      </trkpt>
      <trkpt lat="42.636689962819219" lon="-0.006115017458797">
        <ele>1657</ele>
      </trkpt>
      <trkpt lat="42.636702032759786" lon="-0.006007980555296">
        <ele>1657</ele>
      </trkpt>
      <trkpt lat="42.636717958375812" lon="-0.005937991663814">
        <ele>1657</ele>
      </trkpt>
      <trkpt lat="42.636730028316379" lon="-0.005889963358641">
        <ele>1657</ele>
      </trkpt>
      <trkpt lat="42.636738996952772" lon="-0.005831960588694">
        <ele>1657</ele>
      </trkpt>
      <trkpt lat="42.636780990287662" lon="-0.005662981420755">
        <ele>1658</ele>
      </trkpt>
      <trkpt lat="42.636804040521383" lon="-0.005652001127601">
        <ele>1658</ele>
      </trkpt>
      <trkpt lat="42.636801023036242" lon="-0.005620988085866">
        <ele>1658</ele>
      </trkpt>
      <trkpt lat="42.636833041906357" lon="-0.005547981709242">
        <ele>1658</ele>
      </trkpt>
      <trkpt lat="42.636852990835905" lon="-0.00545796006918">
        <ele>1658</ele>
      </trkpt>
      <trkpt lat="42.636919962242246" lon="-0.005184039473534">
        <ele>1658</ele>
      </trkpt>
      <trkpt lat="42.63703303411603" lon="-0.005009025335312">
        <ele>1658</ele>
      </trkpt>
      <trkpt lat="42.637097993865609" lon="-0.004821019247174">
        <ele>1658</ele>
      </trkpt>
      <trkpt lat="42.637091958895326" lon="-0.004742983728647">
        <ele>1658</ele>
      </trkpt>
      <trkpt lat="42.637102017179132" lon="-0.004450036212802">
        <ele>1658</ele>
      </trkpt>
      <trkpt lat="42.637115009129047" lon="-0.004334030672908">
        <ele>1658</ele>
      </trkpt>
      <trkpt lat="42.637129006907344" lon="-0.004268987104297">
        <ele>1658</ele>
      </trkpt>
      <trkpt lat="42.637149961665273" lon="-0.004022978246212">
        <ele>1658</ele>
      </trkpt>
      <trkpt lat="42.63714199885726" lon="-0.003864979371428">
        <ele>1658</ele>
      </trkpt>
      <trkpt lat="42.637139987200499" lon="-0.00380395911634">
        <ele>1658</ele>
      </trkpt>
      <trkpt lat="42.637155996635556" lon="-0.003720978274941">
        <ele>1658</ele>
      </trkpt>
      <trkpt lat="42.637169994413853" lon="-0.003615031018853">
        <ele>1658</ele>
      </trkpt>
      <trkpt lat="42.637183992192149" lon="-0.003576977178454">
        <ele>1658</ele>
      </trkpt>
      <trkpt lat="42.637209976091981" lon="-0.00350397080183">
        <ele>1658</ele>
      </trkpt>
      <trkpt lat="42.637277031317353" lon="-0.003418978303671">
        <ele>1661</ele>
      </trkpt>
      <trkpt lat="42.63729203492403" lon="-0.003399029374123">
        <ele>1661</ele>
      </trkpt>
      <trkpt lat="42.637302009388804" lon="-0.003344966098666">
        <ele>1661</ele>
      </trkpt>
      <trkpt lat="42.637319024652243" lon="-0.003174981102347">
        <ele>1661</ele>
      </trkpt>
      <trkpt lat="42.637350959703326" lon="-0.003081019967794">
        <ele>1662</ele>
      </trkpt>
      <trkpt lat="42.637355988845229" lon="-0.003017988055944">
        <ele>1663</ele>
      </trkpt>
      <trkpt lat="42.637439975515008" lon="-0.002941964194179">
        <ele>1664</ele>
      </trkpt>
      <trkpt lat="42.637475011870265" lon="-0.002920003607869">
        <ele>1664</ele>
      </trkpt>
      <trkpt lat="42.637504013255239" lon="-0.002806009724736">
        <ele>1666</ele>
      </trkpt>
      <trkpt lat="42.637505019083619" lon="-0.002757981419563">
        <ele>1667</ele>
      </trkpt>
      <trkpt lat="42.637540977448225" lon="-0.002665026113391">
        <ele>1668</ele>
      </trkpt>
      <trkpt lat="42.637579031288624" lon="-0.002567963674664">
        <ele>1670</ele>
      </trkpt>
      <trkpt lat="42.637583976611495" lon="-0.002490011975169">
        <ele>1670</ele>
      </trkpt>
      <trkpt lat="42.637599986046553" lon="-0.002469979226589">
        <ele>1670</ele>
      </trkpt>
      <trkpt lat="42.637613983824849" lon="-0.002451036125422">
        <ele>1670</ele>
      </trkpt>
      <trkpt lat="42.637627981603146" lon="-0.002414993941784">
        <ele>1670</ele>
      </trkpt>
      <trkpt lat="42.63763502240181" lon="-0.002352967858315">
        <ele>1670</ele>
      </trkpt>
      <trkpt lat="42.637669974938035" lon="-0.002165967598557">
        <ele>1670</ele>
      </trkpt>
      <trkpt lat="42.637695036828518" lon="-0.002054991200566">
        <ele>1670</ele>
      </trkpt>
      <trkpt lat="42.637732001021504" lon="-0.001951977610588">
        <ele>1670</ele>
      </trkpt>
      <trkpt lat="42.637749016284943" lon="-0.001863967627287">
        <ele>1670</ele>
      </trkpt>
      <trkpt lat="42.637753039598465" lon="-0.001706974580884">
        <ele>1671</ele>
      </trkpt>
      <trkpt lat="42.637777011841536" lon="-0.001609995961189">
        <ele>1672</ele>
      </trkpt>
      <trkpt lat="42.637800984084606" lon="-0.001502959057689">
        <ele>1673</ele>
      </trkpt>
      <trkpt lat="42.637819005176425" lon="-0.001370022073388">
        <ele>1675</ele>
      </trkpt>
      <trkpt lat="42.637843983247876" lon="-0.00126801431179">
        <ele>1676</ele>
      </trkpt>
      <trkpt lat="42.637860998511314" lon="-0.001189978793263">
        <ele>1678</ele>
      </trkpt>
      <trkpt lat="42.637882959097624" lon="-0.001060981303453">
        <ele>1680</ele>
      </trkpt>
      <trkpt lat="42.63789301738143" lon="-0.000973977148533">
        <ele>1681</ele>
      </trkpt>
      <trkpt lat="42.637909026816487" lon="-0.000853026285768">
        <ele>1681</ele>
      </trkpt>
      <trkpt lat="42.637934004887938" lon="-0.00073098577559">
        <ele>1683</ele>
      </trkpt>
      <trkpt lat="42.637931993231177" lon="-0.000669965520501">
        <ele>1684</ele>
      </trkpt>
      <trkpt lat="42.637942973524332" lon="-0.00060198828578">
        <ele>1685</ele>
      </trkpt>
      <trkpt lat="42.637944985181093" lon="-0.000599976629019">
        <ele>1685</ele>
      </trkpt>
      <trkpt lat="42.637985972687602" lon="-0.000449018552899">
        <ele>1685</ele>
      </trkpt>
      <trkpt lat="42.637987984344363" lon="-0.000361008569598">
        <ele>1685</ele>
      </trkpt>
      <trkpt lat="42.637996030971408" lon="-0.000350028276443">
        <ele>1685</ele>
      </trkpt>
      <trkpt lat="42.637997958809137" lon="-0.000323038548231">
        <ele>1685</ele>
      </trkpt>
      <trkpt lat="42.638012962415814" lon="-0.000227987766266">
        <ele>1685</ele>
      </trkpt>
      <trkpt lat="42.638014974072576" lon="-0.000191023573279">
        <ele>1685</ele>
      </trkpt>
      <trkpt lat="42.638015979900956" lon="-0.000082980841398">
        <ele>1685</ele>
      </trkpt>
      <trkpt lat="42.638012962415814" lon="-0.000047022476792">
        <ele>1686</ele>
      </trkpt>
      <trkpt lat="42.638020003214478" lon="-0.000032018870115">
        <ele>1686</ele>
      </trkpt>
      <trkpt lat="42.638039030134678" lon="0.000008968636394">
        <ele>1686</ele>
      </trkpt>
      <trkpt lat="42.63804498128593" lon="0.000037970021367">
        <ele>1686</ele>
      </trkpt>
      <trkpt lat="42.638039030134678" lon="0.000064037740231">
        <ele>1687</ele>
      </trkpt>
      <trkpt lat="42.638039030134678" lon="0.000064037740231">
        <ele>1687</ele>
      </trkpt>
      <trkpt lat="42.638031989336014" lon="0.000155987218022">
        <ele>1688</ele>
      </trkpt>
      <trkpt lat="42.638006005436182" lon="0.000271992757916">
        <ele>1689</ele>
      </trkpt>
      <trkpt lat="42.638069959357381" lon="0.000279033556581">
        <ele>1690</ele>
      </trkpt>
      <trkpt lat="42.638103989884257" lon="0.000241985544562">
        <ele>1691</ele>
      </trkpt>
      <trkpt lat="42.638129973784089" lon="0.000190017744899">
        <ele>1693</ele>
      </trkpt>
      <trkpt lat="42.638139026239514" lon="0.000262018293142">
        <ele>1694</ele>
      </trkpt>
      <trkpt lat="42.638157969340682" lon="0.000245003029704">
        <ele>1696</ele>
      </trkpt>
      <trkpt lat="42.638162998482585" lon="0.000216001644731">
        <ele>1696</ele>
      </trkpt>
      <trkpt lat="42.638181019574404" lon="0.000178031623363">
        <ele>1698</ele>
      </trkpt>
      <trkpt lat="42.638186970725656" lon="0.000160010531545">
        <ele>1700</ele>
      </trkpt>
      <trkpt lat="42.638193005695939" lon="0.000131009146571">
        <ele>1701</ele>
      </trkpt>
      <trkpt lat="42.638212032616138" lon="0.000097984448075">
        <ele>1702</ele>
      </trkpt>
      <trkpt lat="42.638242961838841" lon="0.000029001384974">
        <ele>1702</ele>
      </trkpt>
      <trkpt lat="42.638245979323983" lon="0.000018021091819">
        <ele>1703</ele>
      </trkpt>
      <trkpt lat="42.638275986537337" lon="-0.000105025246739">
        <ele>1704</ele>
      </trkpt>
      <trkpt lat="42.638272969052196" lon="-0.000126985833049">
        <ele>1705</ele>
      </trkpt>
      <trkpt lat="42.638276992365718" lon="-0.000107036903501">
        <ele>1706</ele>
      </trkpt>
      <trkpt lat="42.638274980708957" lon="-0.000055991113186">
        <ele>1706</ele>
      </trkpt>
      <trkpt lat="42.638271041214466" lon="0.000117011368275">
        <ele>1705</ele>
      </trkpt>
      <trkpt lat="42.638271041214466" lon="0.000133020803332">
        <ele>1704</ele>
      </trkpt>
      <trkpt lat="42.638243967667222" lon="0.000384980812669">
        <ele>1704</ele>
      </trkpt>
      <trkpt lat="42.638275986537337" lon="0.000480031594634">
        <ele>1703</ele>
      </trkpt>
      <trkpt lat="42.638318985700607" lon="0.000599976629019">
        <ele>1705</ele>
      </trkpt>
      <trkpt lat="42.638363996520638" lon="0.000641969963908">
        <ele>1706</ele>
      </trkpt>
      <trkpt lat="42.638385035097599" lon="0.000595031306148">
        <ele>1707</ele>
      </trkpt>
      <trkpt lat="42.638439014554024" lon="0.000663008540869">
        <ele>1708</ele>
      </trkpt>
      <trkpt lat="42.638457035645843" lon="0.000684969127178">
        <ele>1709</ele>
      </trkpt>
      <trkpt lat="42.638467010110617" lon="0.000809021294117">
        <ele>1708</ele>
      </trkpt>
      <trkpt lat="42.638458041474223" lon="0.00096601434052">
        <ele>1707</ele>
      </trkpt>
      <trkpt lat="42.638445971533656" lon="0.001085037365556">
        <ele>1706</ele>
      </trkpt>
      <trkpt lat="42.638471033424139" lon="0.001216968521476">
        <ele>1705</ele>
      </trkpt>
      <trkpt lat="42.638480002060533" lon="0.001173969358206">
        <ele>1707</ele>
      </trkpt>
      <trkpt lat="42.638545967638493" lon="0.001103980466723">
        <ele>1708</ele>
      </trkpt>
      <trkpt lat="42.638563988730311" lon="0.001072967424989">
        <ele>1710</ele>
      </trkpt>
      <trkpt lat="42.638610005378723" lon="0.001144967973232">
        <ele>1712</ele>
      </trkpt>
      <trkpt lat="42.638648981228471" lon="0.001209005713463">
        <ele>1714</ele>
      </trkpt>
      <trkpt lat="42.63871000148356" lon="0.001264996826649">
        <ele>1715</ele>
      </trkpt>
      <trkpt lat="42.638765992596745" lon="0.001324005424976">
        <ele>1717</ele>
      </trkpt>
      <trkpt lat="42.638778984546661" lon="0.001381002366543">
        <ele>1717</ele>
      </trkpt>
      <trkpt lat="42.63881896622479" lon="0.00144001096487">
        <ele>1717</ele>
      </trkpt>
      <trkpt lat="42.63888199813664" lon="0.001470018178225">
        <ele>1717</ele>
      </trkpt>
      <trkpt lat="42.638916028663516" lon="0.001521985977888">
        <ele>1717</ele>
      </trkpt>
      <trkpt lat="42.63898802921176" lon="0.00171803869307">
        <ele>1720</ele>
      </trkpt>
      <trkpt lat="42.639013007283211" lon="0.00176103785634">
        <ele>1720</ele>
      </trkpt>
      <trkpt lat="42.6390550006181" lon="0.001810993999243">
        <ele>1720</ele>
      </trkpt>
      <trkpt lat="42.639094982296228" lon="0.001845024526119">
        <ele>1720</ele>
      </trkpt>
      <trkpt lat="42.639149967581034" lon="0.001878971233964">
        <ele>1720</ele>
      </trkpt>
      <trkpt lat="42.63926899060607" lon="0.002029007300735">
        <ele>1720</ele>
      </trkpt>
      <trkpt lat="42.639310983940959" lon="0.002132020890713">
        <ele>1721</ele>
      </trkpt>
      <trkpt lat="42.639407040551305" lon="0.002321032807231">
        <ele>1721</ele>
      </trkpt>
      <trkpt lat="42.639480968937278" lon="0.002549020573497">
        <ele>1721</ele>
      </trkpt>
      <trkpt lat="42.639490021392703" lon="0.00257802195847">
        <ele>1721</ele>
      </trkpt>
      <trkpt lat="42.639508964493871" lon="0.0026869866997">
        <ele>1721</ele>
      </trkpt>
      <trkpt lat="42.639540983363986" lon="0.002894019708037">
        <ele>1721</ele>
      </trkpt>
      <trkpt lat="42.639594040811062" lon="0.003035003319383">
        <ele>1720</ele>
      </trkpt>
      <trkpt lat="42.639637961983681" lon="0.003148997202516">
        <ele>1720</ele>
      </trkpt>
      <trkpt lat="42.639711974188685" lon="0.00322300940752">
        <ele>1720</ele>
      </trkpt>
      <trkpt lat="42.639737036079168" lon="0.003271037712693">
        <ele>1720</ele>
      </trkpt>
      <trkpt lat="42.639749022200704" lon="0.003329962491989">
        <ele>1720</ele>
      </trkpt>
      <trkpt lat="42.639801995828748" lon="0.003382014110684">
        <ele>1720</ele>
      </trkpt>
      <trkpt lat="42.639869973063469" lon="0.003518974408507">
        <ele>1722</ele>
      </trkpt>
      <trkpt lat="42.639880031347275" lon="0.00354303047061">
        <ele>1722</ele>
      </trkpt>
      <trkpt lat="42.639906015247107" lon="0.003556022420526">
        <ele>1723</ele>
      </trkpt>
      <trkpt lat="42.639926970005035" lon="0.0035659968853">
        <ele>1723</ele>
      </trkpt>
      <trkpt lat="42.639980027452111" lon="0.003602039068937">
        <ele>1723</ele>
      </trkpt>
      <trkpt lat="42.640101984143257" lon="0.003789039328694">
        <ele>1723</ele>
      </trkpt>
      <trkpt lat="42.640189994126558" lon="0.003972016274929">
        <ele>1723</ele>
      </trkpt>
      <trkpt lat="42.640352016314864" lon="0.004057008773088">
        <ele>1724</ele>
      </trkpt>
      <trkpt lat="42.640433991327882" lon="0.004040999338031">
        <ele>1724</ele>
      </trkpt>
      <trkpt lat="42.640583021566272" lon="0.00412599183619">
        <ele>1725</ele>
      </trkpt>
      <trkpt lat="42.640629038214684" lon="0.004176031798124">
        <ele>1725</ele>
      </trkpt>
      <trkpt lat="42.640675976872444" lon="0.004255995154381">
        <ele>1725</ele>
      </trkpt>
      <trkpt lat="42.640784019604325" lon="0.004449030384421">
        <ele>1725</ele>
      </trkpt>
      <trkpt lat="42.640804974362254" lon="0.004527987912297">
        <ele>1725</ele>
      </trkpt>
      <trkpt lat="42.640840010717511" lon="0.00461901538074">
        <ele>1725</ele>
      </trkpt>
      <trkpt lat="42.640907987952232" lon="0.004766033962369">
        <ele>1725</ele>
      </trkpt>
      <trkpt lat="42.64096699655056" lon="0.004789000377059">
        <ele>1725</ele>
      </trkpt>
      <trkpt lat="42.641026005148888" lon="0.004798974841833">
        <ele>1726</ele>
      </trkpt>
      <trkpt lat="42.641034973785281" lon="0.004891008138657">
        <ele>1726</ele>
      </trkpt>
      <trkpt lat="42.641074033454061" lon="0.005126958712935">
        <ele>1724</ele>
      </trkpt>
      <trkpt lat="42.641153996810317" lon="0.005318988114595">
        <ele>1722</ele>
      </trkpt>
      <trkpt lat="42.641235971823335" lon="0.005461983382702">
        <ele>1722</ele>
      </trkpt>
      <trkpt lat="42.641346026211977" lon="0.005699023604393">
        <ele>1722</ele>
      </trkpt>
      <trkpt lat="42.641466977074742" lon="0.005916031077504">
        <ele>1722</ele>
      </trkpt>
      <trkpt lat="42.641541995108128" lon="0.006109988316894">
        <ele>1722</ele>
      </trkpt>
      <trkpt lat="42.641547024250031" lon="0.006117029115558">
        <ele>1722</ele>
      </trkpt>
      <trkpt lat="42.641636962071061" lon="0.006213001906872">
        <ele>1723</ele>
      </trkpt>
      <trkpt lat="42.641691025346518" lon="0.006263041868806">
        <ele>1722</ele>
      </trkpt>
      <trkpt lat="42.641780041158199" lon="0.006305035203695">
        <ele>1723</ele>
      </trkpt>
      <trkpt lat="42.641866961494088" lon="0.006394973024726">
        <ele>1724</ele>
      </trkpt>
      <trkpt lat="42.642010040581226" lon="0.006483988836408">
        <ele>1725</ele>
      </trkpt>
      <trkpt lat="42.642144989222288" lon="0.006634024903178">
        <ele>1726</ele>
      </trkpt>
      <trkpt lat="42.642207015305758" lon="0.006722034886479">
        <ele>1726</ele>
      </trkpt>
      <trkpt lat="42.642291001975536" lon="0.006848014891148">
        <ele>1726</ele>
      </trkpt>
      <trkpt lat="42.642293013632298" lon="0.006867041811347">
        <ele>1727</ele>
      </trkpt>
      <trkpt lat="42.642384963110089" lon="0.007033003494143">
        <ele>1728</ele>
      </trkpt>
      <trkpt lat="42.642455035820603" lon="0.007122019305825">
        <ele>1728</ele>
      </trkpt>
      <trkpt lat="42.642470961436629" lon="0.007167030125856">
        <ele>1728</ele>
      </trkpt>
      <trkpt lat="42.642560983076692" lon="0.007272977381945">
        <ele>1728</ele>
      </trkpt>
      <trkpt lat="42.642573975026608" lon="0.007287980988622">
        <ele>1728</ele>
      </trkpt>
      <trkpt lat="42.642653016373515" lon="0.007394012063742">
        <ele>1728</ele>
      </trkpt>
      <trkpt lat="42.642841022461653" lon="0.007536001503468">
        <ele>1730</ele>
      </trkpt>
      <trkpt lat="42.642962979152799" lon="0.007652007043362">
        <ele>1730</ele>
      </trkpt>
      <trkpt lat="42.643005978316069" lon="0.007711015641689">
        <ele>1728</ele>
      </trkpt>
      <trkpt lat="42.643103962764144" lon="0.007836995646358">
        <ele>1728</ele>
      </trkpt>
      <trkpt lat="42.643231032416224" lon="0.007964987307787">
        <ele>1728</ele>
      </trkpt>
      <trkpt lat="42.643382996320724" lon="0.008116029202938">
        <ele>1728</ele>
      </trkpt>
      <trkpt lat="42.643534038215876" lon="0.008223988115788">
        <ele>1728</ele>
      </trkpt>
      <trkpt lat="42.643702011555433" lon="0.008318033069372">
        <ele>1728</ele>
      </trkpt>
      <trkpt lat="42.643773006275296" lon="0.008394978940487">
        <ele>1728</ele>
      </trkpt>
      <trkpt lat="42.643991019576788" lon="0.008578961715102">
        <ele>1727</ele>
      </trkpt>
      <trkpt lat="42.644137032330036" lon="0.008751964196563">
        <ele>1726</ele>
      </trkpt>
      <trkpt lat="42.6441890001297" lon="0.008841985836625">
        <ele>1725</ele>
      </trkpt>
      <trkpt lat="42.644324032589793" lon="0.009015994146466">
        <ele>1725</ele>
      </trkpt>
      <trkpt lat="42.644486976787448" lon="0.009255968034267">
        <ele>1725</ele>
      </trkpt>
      <trkpt lat="42.644536010921001" lon="0.009316988289356">
        <ele>1725</ele>
      </trkpt>
      <trkpt lat="42.644657967612147" lon="0.009415978565812">
        <ele>1725</ele>
      </trkpt>
      <trkpt lat="42.644784031435847" lon="0.009552016854286">
        <ele>1725</ele>
      </trkpt>
      <trkpt lat="42.64496298506856" lon="0.009642038494349">
        <ele>1725</ele>
      </trkpt>
      <trkpt lat="42.645106986165047" lon="0.009677996858954">
        <ele>1725</ele>
      </trkpt>
      <trkpt lat="42.645251993089914" lon="0.009725019335747">
        <ele>1725</ele>
      </trkpt>
      <trkpt lat="42.645355006679893" lon="0.009755026549101">
        <ele>1726</ele>
      </trkpt>
      <trkpt lat="42.645530020818114" lon="0.009837001562119">
        <ele>1726</ele>
      </trkpt>
      <trkpt lat="42.645668992772698" lon="0.009899027645588">
        <ele>1726</ele>
      </trkpt>
      <trkpt lat="42.645793966948986" lon="0.010000029578805">
        <ele>1726</ele>
      </trkpt>
      <trkpt lat="42.645939979702234" lon="0.010068006813526">
        <ele>1726</ele>
      </trkpt>
      <trkpt lat="42.646067971363664" lon="0.010178983211517">
        <ele>1727</ele>
      </trkpt>
      <trkpt lat="42.646076017990708" lon="0.010188035666943">
        <ele>1727</ele>
      </trkpt>
      <trkpt lat="42.646127985790372" lon="0.010260036215186">
        <ele>1727</ele>
      </trkpt>
      <trkpt lat="42.646158998832107" lon="0.010304963216186">
        <ele>1727</ele>
      </trkpt>
      <trkpt lat="42.646195963025093" lon="0.010363971814513">
        <ele>1727</ele>
      </trkpt>
      <trkpt lat="42.646225970238447" lon="0.010456005111337">
        <ele>1727</ele>
      </trkpt>
      <trkpt lat="42.646314986050129" lon="0.010629007592797">
        <ele>1727</ele>
      </trkpt>
      <trkpt lat="42.646435014903545" lon="0.010807039216161">
        <ele>1727</ele>
      </trkpt>
      <trkpt lat="42.646536016836762" lon="0.010983981192112">
        <ele>1727</ele>
      </trkpt>
      <trkpt lat="42.646650010719895" lon="0.011237030848861">
        <ele>1728</ele>
      </trkpt>
      <trkpt lat="42.646797029301524" lon="0.01136502251029">
        <ele>1728</ele>
      </trkpt>
      <trkpt lat="42.646872969344258" lon="0.011438028886914">
        <ele>1729</ele>
      </trkpt>
      <trkpt lat="42.647019987925887" lon="0.011543976143003">
        <ele>1730</ele>
      </trkpt>
      <trkpt lat="42.647160971537232" lon="0.011639026924968">
        <ele>1730</ele>
      </trkpt>
      <trkpt lat="42.647231966257095" lon="0.011841030791402">
        <ele>1730</ele>
      </trkpt>
      <trkpt lat="42.647265996783972" lon="0.011934991925955">
        <ele>1730</ele>
      </trkpt>
      <trkpt lat="42.647279994562268" lon="0.011949995532632">
        <ele>1731</ele>
      </trkpt>
      <trkpt lat="42.647306984290481" lon="0.012012021616101">
        <ele>1730</ele>
      </trkpt>
      <trkpt lat="42.647334979847074" lon="0.012062983587384">
        <ele>1731</ele>
      </trkpt>
      <trkpt lat="42.647463977336884" lon="0.012199021875858">
        <ele>1732</ele>
      </trkpt>
      <trkpt lat="42.647523991763592" lon="0.012293988838792">
        <ele>1733</ele>
      </trkpt>
      <trkpt lat="42.647632034495473" lon="0.012461962178349">
        <ele>1733</ele>
      </trkpt>
      <trkpt lat="42.647707974538207" lon="0.01267796382308">
        <ele>1733</ele>
      </trkpt>
      <trkpt lat="42.647801013663411" lon="0.012878039851785">
        <ele>1732</ele>
      </trkpt>
      <trkpt lat="42.647888017818332" lon="0.013073002919555">
        <ele>1732</ele>
      </trkpt>
      <trkpt lat="42.647962030023336" lon="0.013249022886157">
        <ele>1732</ele>
      </trkpt>
      <trkpt lat="42.648047022521496" lon="0.013381037861109">
        <ele>1733</ele>
      </trkpt>
      <trkpt lat="42.648114999756217" lon="0.013593016192317">
        <ele>1733</ele>
      </trkpt>
      <trkpt lat="42.648152969777584" lon="0.013666022568941">
        <ele>1734</ele>
      </trkpt>
      <trkpt lat="42.648207033053041" lon="0.013843970373273">
        <ele>1734</ele>
      </trkpt>
      <trkpt lat="42.648290013894439" lon="0.014032982289791">
        <ele>1735</ele>
      </trkpt>
      <trkpt lat="42.648299988359213" lon="0.014144964516163">
        <ele>1735</ele>
      </trkpt>
      <trkpt lat="42.648318009451032" lon="0.014248983934522">
        <ele>1736</ele>
      </trkpt>
      <trkpt lat="42.64837902970612" lon="0.014355015009642">
        <ele>1736</ele>
      </trkpt>
      <trkpt lat="42.648434014990926" lon="0.01454796642065">
        <ele>1737</ele>
      </trkpt>
      <trkpt lat="42.648518001660705" lon="0.01469699665904">
        <ele>1738</ele>
      </trkpt>
      <trkpt lat="42.648588996380568" lon="0.014796992763877">
        <ele>1738</ele>
      </trkpt>
      <trkpt lat="42.648676000535488" lon="0.014865975826979">
        <ele>1739</ele>
      </trkpt>
      <trkpt lat="42.648774990811944" lon="0.01497401855886">
        <ele>1739</ele>
      </trkpt>
      <trkpt lat="42.648882027715445" lon="0.015063034370542">
        <ele>1739</ele>
      </trkpt>
      <trkpt lat="42.648973977193236" lon="0.015164958313107">
        <ele>1739</ele>
      </trkpt>
      <trkpt lat="42.649053018540144" lon="0.015236958861351">
        <ele>1739</ele>
      </trkpt>
      <trkpt lat="42.649157959967852" lon="0.01527501270175">
        <ele>1739</ele>
      </trkpt>
      <trkpt lat="42.649197019636631" lon="0.015290016308427">
        <ele>1740</ele>
      </trkpt>
      <trkpt lat="42.649220991879702" lon="0.015283981338143">
        <ele>1742</ele>
      </trkpt>
      <trkpt lat="42.649258961901069" lon="0.015238970518112">
        <ele>1744</ele>
      </trkpt>
      <trkpt lat="42.649298021569848" lon="0.015222039073706">
        <ele>1744</ele>
      </trkpt>
      <trkpt lat="42.649372033774853" lon="0.015188008546829">
        <ele>1744</ele>
      </trkpt>
      <trkpt lat="42.649382008239627" lon="0.015187002718449">
        <ele>1744</ele>
      </trkpt>
      <trkpt lat="42.649479992687702" lon="0.015163030475378">
        <ele>1744</ele>
      </trkpt>
      <trkpt lat="42.64954000711441" lon="0.01516898162663">
        <ele>1744</ele>
      </trkpt>
      <trkpt lat="42.649588035419583" lon="0.015187002718449">
        <ele>1743</ele>
      </trkpt>
      <trkpt lat="42.649713009595871" lon="0.015195971354842">
        <ele>1743</ele>
      </trkpt>
      <trkpt lat="42.649741005152464" lon="0.015222961083055">
        <ele>1743</ele>
      </trkpt>
      <trkpt lat="42.649785010144114" lon="0.015284987166524">
        <ele>1743</ele>
      </trkpt>
      <trkpt lat="42.649852987378836" lon="0.015363022685051">
        <ele>1743</ele>
      </trkpt>
      <trkpt lat="42.649867990985513" lon="0.015453966334462">
        <ele>1743</ele>
      </trkpt>
      <trkpt lat="42.649897998198867" lon="0.015449021011591">
        <ele>1743</ele>
      </trkpt>
      <trkpt lat="42.649919036775827" lon="0.015460001304746">
        <ele>1743</ele>
      </trkpt>
      <trkpt lat="42.649862039834261" lon="0.015527978539467">
        <ele>1744</ele>
      </trkpt>
      <trkpt lat="42.649795990437269" lon="0.015588998794556">
        <ele>1745</ele>
      </trkpt>
      <trkpt lat="42.649746034294367" lon="0.01559997908771">
        <ele>1745</ele>
      </trkpt>
      <trkpt lat="42.649640003219247" lon="0.015673991292715">
        <ele>1745</ele>
      </trkpt>
      <trkpt lat="42.649584012106061" lon="0.015702992677689">
        <ele>1747</ele>
      </trkpt>
      <trkpt lat="42.649511005729437" lon="0.015708021819592">
        <ele>1747</ele>
      </trkpt>
      <trkpt lat="42.649439005181193" lon="0.015681032091379">
        <ele>1747</ele>
      </trkpt>
      <trkpt lat="42.649428024888039" lon="0.015679020434618">
        <ele>1747</ele>
      </trkpt>
      <trkpt lat="42.64928201213479" lon="0.015622023493052">
        <ele>1745</ele>
      </trkpt>
      <trkpt lat="42.649159971624613" lon="0.015550022944808">
        <ele>1745</ele>
      </trkpt>
      <trkpt lat="42.64908897690475" lon="0.015553962439299">
        <ele>1745</ele>
      </trkpt>
      <trkpt lat="42.649013036862016" lon="0.015519009903073">
        <ele>1745</ele>
      </trkpt>
      <trkpt lat="42.648870963603258" lon="0.015568966045976">
        <ele>1745</ele>
      </trkpt>
      <trkpt lat="42.648760993033648" lon="0.015653958544135">
        <ele>1746</ele>
      </trkpt>
      <trkpt lat="42.64868002384901" lon="0.015731994062662">
        <ele>1748</ele>
      </trkpt>
      <trkpt lat="42.648639036342502" lon="0.015775999054313">
        <ele>1750</ele>
      </trkpt>
      <trkpt lat="42.648598970845342" lon="0.015801982954144">
        <ele>1751</ele>
      </trkpt>
      <trkpt lat="42.648568963631988" lon="0.015777004882693">
        <ele>1751</ele>
      </trkpt>
      <trkpt lat="42.648502998054028" lon="0.015781028196216">
        <ele>1751</ele>
      </trkpt>
      <trkpt lat="42.648434014990926" lon="0.015827966853976">
        <ele>1752</ele>
      </trkpt>
      <trkpt lat="42.648395961150527" lon="0.015896027907729">
        <ele>1752</ele>
      </trkpt>
      <trkpt lat="42.648386992514133" lon="0.015939027070999">
        <ele>1753</ele>
      </trkpt>
      <trkpt lat="42.648313986137509" lon="0.016076993197203">
        <ele>1754</ele>
      </trkpt>
      <trkpt lat="42.648231005296111" lon="0.016171960160136">
        <ele>1756</ele>
      </trkpt>
      <trkpt lat="42.648232011124492" lon="0.01624496653676">
        <ele>1757</ele>
      </trkpt>
      <trkpt lat="42.648270986974239" lon="0.016312021762133">
        <ele>1759</ele>
      </trkpt>
      <trkpt lat="42.64833502471447" lon="0.016395002603531">
        <ele>1760</ele>
      </trkpt>
      <trkpt lat="42.64833502471447" lon="0.016395002603531">
        <ele>1763</ele>
      </trkpt>
      <trkpt lat="42.648243997246027" lon="0.016507990658283">
        <ele>1764</ele>
      </trkpt>
      <trkpt lat="42.648216001689434" lon="0.016528023406863">
        <ele>1766</ele>
      </trkpt>
      <trkpt lat="42.648216001689434" lon="0.016528023406863">
        <ele>1768</ele>
      </trkpt>
      <trkpt lat="42.648189011961222" lon="0.016668001189828">
        <ele>1770</ele>
      </trkpt>
      <trkpt lat="42.648124974220991" lon="0.016821976751089">
        <ele>1771</ele>
      </trkpt>
      <trkpt lat="42.647902015596628" lon="0.016743019223213">
        <ele>1782</ele>
      </trkpt>
      <trkpt lat="42.647748962044716" lon="0.016716029495001">
        <ele>1784</ele>
      </trkpt>
      <trkpt lat="42.647588029503822" lon="0.016678981482983">
        <ele>1787</ele>
      </trkpt>
      <trkpt lat="42.647471018135548" lon="0.016665989533067">
        <ele>1788</ele>
      </trkpt>
      <trkpt lat="42.647380996495485" lon="0.016648974269629">
        <ele>1790</ele>
      </trkpt>
      <trkpt lat="42.647274965420365" lon="0.01663195900619">
        <ele>1792</ele>
      </trkpt>
      <trkpt lat="42.647157032042742" lon="0.016613015905023">
        <ele>1794</ele>
      </trkpt>
      <trkpt lat="42.647059969604015" lon="0.016603041440248">
        <ele>1796</ele>
      </trkpt>
      <trkpt lat="42.646944969892502" lon="0.016603041440248">
        <ele>1798</ele>
      </trkpt>
      <trkpt lat="42.646937007084489" lon="0.016603041440248">
        <ele>1798</ele>
      </trkpt>
      <trkpt lat="42.646813960745931" lon="0.016647968441248">
        <ele>1800</ele>
      </trkpt>
      <trkpt lat="42.646740032359958" lon="0.016643023118377">
        <ele>1802</ele>
      </trkpt>
      <trkpt lat="42.646570969372988" lon="0.016655009239912">
        <ele>1805</ele>
      </trkpt>
      <trkpt lat="42.64646602794528" lon="0.016686022281647">
        <ele>1807</ele>
      </trkpt>
      <trkpt lat="42.646357985213399" lon="0.01675701700151">
        <ele>1809</ele>
      </trkpt>
      <trkpt lat="42.64631599187851" lon="0.016805967316031">
        <ele>1811</ele>
      </trkpt>
      <trkpt lat="42.646482037380338" lon="0.016965977847576">
        <ele>1816</ele>
      </trkpt>
      <trkpt lat="42.646545991301537" lon="0.017060022801161">
        <ele>1819</ele>
      </trkpt>
      <trkpt lat="42.646615980193019" lon="0.017118025571108">
        <ele>1820</ele>
      </trkpt>
      <trkpt lat="42.646678006276488" lon="0.017206035554409">
        <ele>1822</ele>
      </trkpt>
      <trkpt lat="42.646745983511209" lon="0.017285998910666">
        <ele>1824</ele>
      </trkpt>
      <trkpt lat="42.646785965189338" lon="0.017307959496975">
        <ele>1827</ele>
      </trkpt>
      <trkpt lat="42.646842040121555" lon="0.017351964488626">
        <ele>1828</ele>
      </trkpt>
      <trkpt lat="42.646928960457444" lon="0.017432011663914">
        <ele>1830</ele>
      </trkpt>
      <trkpt lat="42.64696198515594" lon="0.01746503636241">
        <ele>1832</ele>
      </trkpt>
      <trkpt lat="42.647190978750587" lon="0.017512980848551">
        <ele>1837</ele>
      </trkpt>
      <trkpt lat="42.647272031754255" lon="0.01763703301549">
        <ele>1839</ele>
      </trkpt>
      <trkpt lat="42.647360041737556" lon="0.017675003036857">
        <ele>1841</ele>
      </trkpt>
      <trkpt lat="42.647457020357251" lon="0.017728982493281">
        <ele>1842</ele>
      </trkpt>
      <trkpt lat="42.647457020357251" lon="0.017728982493281">
        <ele>1844</ele>
      </trkpt>
      <trkpt lat="42.647421984001994" lon="0.017823027446866">
        <ele>1846</ele>
      </trkpt>
      <trkpt lat="42.647337997332215" lon="0.017954036593437">
        <ele>1852</ele>
      </trkpt>
      <trkpt lat="42.647390970960259" lon="0.01802695915103">
        <ele>1853</ele>
      </trkpt>
      <trkpt lat="42.647441010922194" lon="0.018104994669557">
        <ele>1855</ele>
      </trkpt>
      <trkpt lat="42.647488033398986" lon="0.018166014924645">
        <ele>1857</ele>
      </trkpt>
      <trkpt lat="42.647538995370269" lon="0.018243966624141">
        <ele>1859</ele>
      </trkpt>
      <trkpt lat="42.647476969286799" lon="0.018213959410787">
        <ele>1861</ele>
      </trkpt>
      <trkpt lat="42.64739197678864" lon="0.018211025744677">
        <ele>1863</ele>
      </trkpt>
      <trkpt lat="42.647286029532552" lon="0.018196022138">
        <ele>1864</ele>
      </trkpt>
      <trkpt lat="42.647329028695822" lon="0.018270034343004">
        <ele>1867</ele>
      </trkpt>
      <trkpt lat="42.647386025637388" lon="0.018331976607442">
        <ele>1869</ele>
      </trkpt>
      <trkpt lat="42.647468000650406" lon="0.01841101795435">
        <ele>1870</ele>
      </trkpt>
      <trkpt lat="42.647468000650406" lon="0.018442030996084">
        <ele>1872</ele>
      </trkpt>
      <trkpt lat="42.647427013143897" lon="0.01843398436904">
        <ele>1873</ele>
      </trkpt>
      <trkpt lat="42.647335985675454" lon="0.018441025167704">
        <ele>1875</ele>
      </trkpt>
      <trkpt lat="42.647302038967609" lon="0.018458040431142">
        <ele>1877</ele>
      </trkpt>
      <trkpt lat="42.647345038130879" lon="0.018500033766031">
        <ele>1878</ele>
      </trkpt>
      <trkpt lat="42.647390970960259" lon="0.018532974645495">
        <ele>1879</ele>
      </trkpt>
      <trkpt lat="42.647402035072446" lon="0.018558036535978">
        <ele>1880</ele>
      </trkpt>
      <trkpt lat="42.647397005930543" lon="0.018602963536978">
        <ele>1882</ele>
      </trkpt>
      <trkpt lat="42.647346965968609" lon="0.018613021820784">
        <ele>1884</ele>
      </trkpt>
      <trkpt lat="42.6473059784621" lon="0.018613021820784">
        <ele>1886</ele>
      </trkpt>
      <trkpt lat="42.647260967642069" lon="0.018585026264191">
        <ele>1888</ele>
      </trkpt>
      <trkpt lat="42.647142028436065" lon="0.018568011000752">
        <ele>1890</ele>
      </trkpt>
      <trkpt lat="42.647185027599335" lon="0.018624002113938">
        <ele>1893</ele>
      </trkpt>
      <trkpt lat="42.647243030369282" lon="0.018639005720615">
        <ele>1895</ele>
      </trkpt>
      <trkpt lat="42.647290974855423" lon="0.018673036247492">
        <ele>1897</ele>
      </trkpt>
      <trkpt lat="42.647321987897158" lon="0.018731961026788">
        <ele>1899</ele>
      </trkpt>
      <trkpt lat="42.647383008152246" lon="0.018783006817102">
        <ele>1900</ele>
      </trkpt>
      <trkpt lat="42.647457020357251" lon="0.018828017637134">
        <ele>1902</ele>
      </trkpt>
      <trkpt lat="42.64747797511518" lon="0.018860036507249">
        <ele>1903</ele>
      </trkpt>
      <trkpt lat="42.647552993148565" lon="0.018919967114925">
        <ele>1905</ele>
      </trkpt>
      <trkpt lat="42.647610995918512" lon="0.018966989591718">
        <ele>1906</ele>
      </trkpt>
      <trkpt lat="42.647634968161583" lon="0.019022980704904">
        <ele>1907</ele>
      </trkpt>
      <trkpt lat="42.647779975086451" lon="0.019024992361665">
        <ele>1908</ele>
      </trkpt>
      <trkpt lat="42.647891035303473" lon="0.019006971269846">
        <ele>1908</ele>
      </trkpt>
      <trkpt lat="42.647953983396292" lon="0.019012000411749">
        <ele>1908</ele>
      </trkpt>
      <trkpt lat="42.648037970066071" lon="0.019076038151979">
        <ele>1908</ele>
      </trkpt>
      <trkpt lat="42.648111982271075" lon="0.019127000123262">
        <ele>1908</ele>
      </trkpt>
      <trkpt lat="42.648194963112473" lon="0.019195983186364">
        <ele>1908</ele>
      </trkpt>
      <trkpt lat="42.648282973095775" lon="0.019240994006395">
        <ele>1908</ele>
      </trkpt>
      <trkpt lat="42.648318009451032" lon="0.019265972077847">
        <ele>1908</ele>
      </trkpt>
      <trkpt lat="42.648471985012293" lon="0.019298996776342">
        <ele>1908</ele>
      </trkpt>
      <trkpt lat="42.648596959188581" lon="0.019269995391369">
        <ele>1908</ele>
      </trkpt>
      <trkpt lat="42.648678012192249" lon="0.01925197429955">
        <ele>1908</ele>
      </trkpt>
      <trkpt lat="42.648828970268369" lon="0.019288016483188">
        <ele>1908</ele>
      </trkpt>
      <trkpt lat="42.648936007171869" lon="0.019305031746626">
        <ele>1907</ele>
      </trkpt>
      <trkpt lat="42.648962996900082" lon="0.019295979291201">
        <ele>1906</ele>
      </trkpt>
      <trkpt lat="42.649087971076369" lon="0.019237976521254">
        <ele>1906</ele>
      </trkpt>
      <trkpt lat="42.649125019088387" lon="0.019234959036112">
        <ele>1906</ele>
      </trkpt>
      <trkpt lat="42.649206994101405" lon="0.019262032583356">
        <ele>1906</ele>
      </trkpt>
      <trkpt lat="42.649243036285043" lon="0.019244011491537">
        <ele>1905</ele>
      </trkpt>
      <trkpt lat="42.649262985214591" lon="0.019221967086196">
        <ele>1905</ele>
      </trkpt>
      <trkpt lat="42.649391982704401" lon="0.019108979031444">
        <ele>1905</ele>
      </trkpt>
      <trkpt lat="42.649678979068995" lon="0.018960032612085">
        <ele>1904</ele>
      </trkpt>
      <trkpt lat="42.649723989889026" lon="0.018849978223443">
        <ele>1904</ele>
      </trkpt>
      <trkpt lat="42.649821974337101" lon="0.018822988495231">
        <ele>1904</ele>
      </trkpt>
      <trkpt lat="42.649939991533756" lon="0.018758028745651">
        <ele>1904</ele>
      </trkpt>
      <trkpt lat="42.649960024282336" lon="0.01873598434031">
        <ele>1904</ele>
      </trkpt>
      <trkpt lat="42.650069994851947" lon="0.018659038469195">
        <ele>1904</ele>
      </trkpt>
      <trkpt lat="42.650125985965133" lon="0.018595000728965">
        <ele>1904</ele>
      </trkpt>
      <trkpt lat="42.650237968191504" lon="0.018516965210438">
        <ele>1904</ele>
      </trkpt>
      <trkpt lat="42.650317009538412" lon="0.018493998795748">
        <ele>1903</ele>
      </trkpt>
      <trkpt lat="42.650406025350094" lon="0.01847698353231">
        <ele>1903</ele>
      </trkpt>
      <trkpt lat="42.650477020069957" lon="0.018460974097252">
        <ele>1902</ele>
      </trkpt>
      <trkpt lat="42.650569975376129" lon="0.018432978540659">
        <ele>1902</ele>
      </trkpt>
      <trkpt lat="42.650684975087643" lon="0.018376987427473">
        <ele>1902</ele>
      </trkpt>
      <trkpt lat="42.650822019204497" lon="0.018293000757694">
        <ele>1902</ele>
      </trkpt>
      <trkpt lat="42.650905000045896" lon="0.018251007422805">
        <ele>1902</ele>
      </trkpt>
      <trkpt lat="42.650924026966095" lon="0.018236003816128">
        <ele>1902</ele>
      </trkpt>
      <trkpt lat="42.651018993929029" lon="0.018212031573057">
        <ele>1902</ele>
      </trkpt>
      <trkpt lat="42.651083031669259" lon="0.018194010481238">
        <ele>1902</ele>
      </trkpt>
      <trkpt lat="42.651161989197135" lon="0.018148999661207">
        <ele>1902</ele>
      </trkpt>
      <trkpt lat="42.651245975866914" lon="0.018156040459871">
        <ele>1903</ele>
      </trkpt>
      <trkpt lat="42.651332980021834" lon="0.018173977732658">
        <ele>1904</ele>
      </trkpt>
      <trkpt lat="42.651413027197123" lon="0.01817598938942">
        <ele>1907</ele>
      </trkpt>
      <trkpt lat="42.651513023301959" lon="0.018169032409787">
        <ele>1908</ele>
      </trkpt>
      <trkpt lat="42.651545964181423" lon="0.018169032409787">
        <ele>1910</ele>
      </trkpt>
      <trkpt lat="42.651640009135008" lon="0.018170038238168">
        <ele>1912</ele>
      </trkpt>
      <trkpt lat="42.651737993583083" lon="0.018152017146349">
        <ele>1913</ele>
      </trkpt>
      <trkpt lat="42.65181896276772" lon="0.018113041296601">
        <ele>1915</ele>
      </trkpt>
      <trkpt lat="42.651895992457867" lon="0.018082028254867">
        <ele>1916</ele>
      </trkpt>
      <trkpt lat="42.6519909594208" lon="0.018083034083247">
        <ele>1917</ele>
      </trkpt>
      <trkpt lat="42.652078969404101" lon="0.01809099689126">
        <ele>1918</ele>
      </trkpt>
      <trkpt lat="42.65215901657939" lon="0.01811396330595">
        <ele>1919</ele>
      </trkpt>
      <trkpt lat="42.65222498215735" lon="0.018096026033163">
        <ele>1921</ele>
      </trkpt>
      <trkpt lat="42.652295976877213" lon="0.01807096414268">
        <ele>1922</ele>
      </trkpt>
      <trkpt lat="42.652368983253837" lon="0.018018996343017">
        <ele>1923</ele>
      </trkpt>
      <trkpt lat="42.652449030429125" lon="0.017968034371734">
        <ele>1925</ele>
      </trkpt>
      <trkpt lat="42.652511978521943" lon="0.017914976924658">
        <ele>1926</ele>
      </trkpt>
      <trkpt lat="42.652528993785381" lon="0.017911037430167">
        <ele>1926</ele>
      </trkpt>
      <trkpt lat="42.652551960200071" lon="0.01789796166122">
        <ele>1927</ele>
      </trkpt>
      <trkpt lat="42.65256897546351" lon="0.017886981368065">
        <ele>1927</ele>
      </trkpt>
      <trkpt lat="42.65258900821209" lon="0.017873989418149">
        <ele>1928</ele>
      </trkpt>
      <trkpt lat="42.652623038738966" lon="0.017851023003459">
        <ele>1928</ele>
      </trkpt>
      <trkpt lat="42.652682969346642" lon="0.017786985263228">
        <ele>1929</ele>
      </trkpt>
      <trkpt lat="42.652737032622099" lon="0.017761001363397">
        <ele>1929</ele>
      </trkpt>
      <trkpt lat="42.65280500985682" lon="0.017701992765069">
        <ele>1931</ele>
      </trkpt>
      <trkpt lat="42.652853960171342" lon="0.017657987773418">
        <ele>1931</ele>
      </trkpt>
      <trkpt lat="42.652853960171342" lon="0.017657987773418">
        <ele>1931</ele>
      </trkpt>
      <trkpt lat="42.652896959334612" lon="0.017537958920002">
        <ele>1933</ele>
      </trkpt>
      <trkpt lat="42.652958985418081" lon="0.01746503636241">
        <ele>1934</ele>
      </trkpt>
      <trkpt lat="42.652958985418081" lon="0.01746503636241">
        <ele>1934</ele>
      </trkpt>
      <trkpt lat="42.653006007894874" lon="0.017389012500644">
        <ele>1935</ele>
      </trkpt>
      <trkpt lat="42.653002990409732" lon="0.017333021387458">
        <ele>1935</ele>
      </trkpt>
      <trkpt lat="42.653034003451467" lon="0.017191031947732">
        <ele>1936</ele>
      </trkpt>
      <trkpt lat="42.653040960431099" lon="0.017175022512674">
        <ele>1936</ele>
      </trkpt>
      <trkpt lat="42.653074990957975" lon="0.01708198338747">
        <ele>1937</ele>
      </trkpt>
      <trkpt lat="42.653083959594369" lon="0.017039990052581">
        <ele>1939</ele>
      </trkpt>
      <trkpt lat="42.653080020099878" lon="0.016991961747408">
        <ele>1938</ele>
      </trkpt>
      <trkpt lat="42.653091000393033" lon="0.016943011432886">
        <ele>1940</ele>
      </trkpt>
      <trkpt lat="42.653089994564652" lon="0.016935970634222">
        <ele>1940</ele>
      </trkpt>
      <trkpt lat="42.653070967644453" lon="0.016901018097997">
        <ele>1941</ele>
      </trkpt>
      <trkpt lat="42.653049007058144" lon="0.016830023378134">
        <ele>1942</ele>
      </trkpt>
      <trkpt lat="42.653045989573002" lon="0.016808984801173">
        <ele>1942</ele>
      </trkpt>
      <trkpt lat="42.653028974309564" lon="0.016724998131394">
        <ele>1943</ele>
      </trkpt>
      <trkpt lat="42.653039032593369" lon="0.016658026725054">
        <ele>1944</ele>
      </trkpt>
      <trkpt lat="42.653039032593369" lon="0.016654003411531">
        <ele>1945</ele>
      </trkpt>
      <trkpt lat="42.653058981522918" lon="0.01658502034843">
        <ele>1947</ele>
      </trkpt>
      <trkpt lat="42.653083959594369" lon="0.016570016741753">
        <ele>1948</ele>
      </trkpt>
      <trkpt lat="42.653116984292865" lon="0.016510002315044">
        <ele>1949</ele>
      </trkpt>
      <trkpt lat="42.653141962364316" lon="0.016430038958788">
        <ele>1949</ele>
      </trkpt>
      <trkpt lat="42.653168030083179" lon="0.016400031745434">
        <ele>1951</ele>
      </trkpt>
      <trkpt lat="42.65321496874094" lon="0.016334988176823">
        <ele>1952</ele>
      </trkpt>
      <trkpt lat="42.653281018137932" lon="0.016249995678663">
        <ele>1952</ele>
      </trkpt>
      <trkpt lat="42.653324017301202" lon="0.016170032322407">
        <ele>1953</ele>
      </trkpt>
      <trkpt lat="42.653371961787343" lon="0.016138013452291">
        <ele>1953</ele>
      </trkpt>
      <trkpt lat="42.65342703089118" lon="0.016120998188853">
        <ele>1954</ele>
      </trkpt>
      <trkpt lat="42.653509005904198" lon="0.016111023724079">
        <ele>1955</ele>
      </trkpt>
      <trkpt lat="42.653529038652778" lon="0.01611496321857">
        <ele>1955</ele>
      </trkpt>
      <trkpt lat="42.653571031987667" lon="0.01611496321857">
        <ele>1956</ele>
      </trkpt>
      <trkpt lat="42.653650995343924" lon="0.016100965440273">
        <ele>1957</ele>
      </trkpt>
      <trkpt lat="42.653720984235406" lon="0.016117980703712">
        <ele>1958</ele>
      </trkpt>
      <trkpt lat="42.653786027804017" lon="0.01611596904695">
        <ele>1960</ele>
      </trkpt>
      <trkpt lat="42.65385702252388" lon="0.016127033159137">
        <ele>1963</ele>
      </trkpt>
      <trkpt lat="42.653908990323544" lon="0.016088979318738">
        <ele>1964</ele>
      </trkpt>
      <trkpt lat="42.653974033892155" lon="0.016142036765814">
        <ele>1966</ele>
      </trkpt>
      <trkpt lat="42.654007980599999" lon="0.016140025109053">
        <ele>1968</ele>
      </trkpt>
      <trkpt lat="42.654018038883805" lon="0.016133990138769">
        <ele>1970</ele>
      </trkpt>
      <trkpt lat="42.654037987813354" lon="0.016129966825247">
        <ele>1972</ele>
      </trkpt>
      <trkpt lat="42.654038993641734" lon="0.016148993745446">
        <ele>1973</ele>
      </trkpt>
      <trkpt lat="42.654032036662102" lon="0.016246978193522">
        <ele>1975</ele>
      </trkpt>
      <trkpt lat="42.654021978378296" lon="0.016262987628579">
        <ele>1976</ele>
      </trkpt>
      <trkpt lat="42.653984008356929" lon="0.016326019540429">
        <ele>1978</ele>
      </trkpt>
      <trkpt lat="42.653917958959937" lon="0.01637396402657">
        <ele>1980</ele>
      </trkpt>
      <trkpt lat="42.653884012252092" lon="0.016398020088673">
        <ele>1980</ele>
      </trkpt>
      <trkpt lat="42.653850987553596" lon="0.01639299094677">
        <ele>1980</ele>
      </trkpt>
      <trkpt lat="42.653779992833734" lon="0.016420986503363">
        <ele>1981</ele>
      </trkpt>
      <trkpt lat="42.653715033084154" lon="0.01645996235311">
        <ele>1982</ele>
      </trkpt>
      <trkpt lat="42.653634985908866" lon="0.016583008691669">
        <ele>1983</ele>
      </trkpt>
      <trkpt lat="42.653631968423724" lon="0.016588037833571">
        <ele>1983</ele>
      </trkpt>
      <trkpt lat="42.653598021715879" lon="0.01662902534008">
        <ele>1984</ele>
      </trkpt>
      <trkpt lat="42.653585029765964" lon="0.016670012846589">
        <ele>1984</ele>
      </trkpt>
      <trkpt lat="42.653573965653777" lon="0.01669499091804">
        <ele>1985</ele>
      </trkpt>
      <trkpt lat="42.653544964268804" lon="0.016730027273297">
        <ele>1986</ele>
      </trkpt>
      <trkpt lat="42.653468018397689" lon="0.016818037256598">
        <ele>1987</ele>
      </trkpt>
      <trkpt lat="42.653414960950613" lon="0.016933036968112">
        <ele>1988</ele>
      </trkpt>
      <trkpt lat="42.653375985100865" lon="0.017000008374453">
        <ele>1989</ele>
      </trkpt>
      <trkpt lat="42.653327034786344" lon="0.017085000872612">
        <ele>1989</ele>
      </trkpt>
      <trkpt lat="42.653295015916228" lon="0.017208969220519">
        <ele>1989</ele>
      </trkpt>
      <trkpt lat="42.653240030631423" lon="0.017349030822515">
        <ele>1990</ele>
      </trkpt>
      <trkpt lat="42.653211029246449" lon="0.017451960593462">
        <ele>1990</ele>
      </trkpt>
      <trkpt lat="42.653189990669489" lon="0.017529996111989">
        <ele>1990</ele>
      </trkpt>
      <trkpt lat="42.653152020648122" lon="0.017569977790117">
        <ele>1991</ele>
      </trkpt>
      <trkpt lat="42.653110027313232" lon="0.01765999943018">
        <ele>1992</ele>
      </trkpt>
      <trkpt lat="42.653093012049794" lon="0.01774599775672">
        <ele>1993</ele>
      </trkpt>
      <trkpt lat="42.653064010664821" lon="0.017825039103627">
        <ele>1993</ele>
      </trkpt>
      <trkpt lat="42.65306199900806" lon="0.017837025225163">
        <ele>1994</ele>
      </trkpt>
      <trkpt lat="42.653069039806724" lon="0.017936015501618">
        <ele>1994</ele>
      </trkpt>
      <trkpt lat="42.653126958757639" lon="0.017975997179747">
        <ele>1995</ele>
      </trkpt>
      <trkpt lat="42.65314900316298" lon="0.017957976087928">
        <ele>1997</ele>
      </trkpt>
      <trkpt lat="42.653141040354967" lon="0.017952024936676">
        <ele>1999</ele>
      </trkpt>
      <trkpt lat="42.653146991506219" lon="0.017952024936676">
        <ele>2000</ele>
      </trkpt>
      <trkpt lat="42.653207005932927" lon="0.017914976924658">
        <ele>2001</ele>
      </trkpt>
      <trkpt lat="42.653225027024746" lon="0.017865020781755">
        <ele>2003</ele>
      </trkpt>
      <trkpt lat="42.653236007317901" lon="0.017816992476583">
        <ele>2004</ele>
      </trkpt>
      <trkpt lat="42.653253022581339" lon="0.017795031890273">
        <ele>2005</ele>
      </trkpt>
      <trkpt lat="42.653280012309551" lon="0.017780028283596">
        <ele>2005</ele>
      </trkpt>
      <trkpt lat="42.653350001201034" lon="0.017647007480264">
        <ele>2006</ele>
      </trkpt>
      <trkpt lat="42.653413033112884" lon="0.017586993053555">
        <ele>2006</ele>
      </trkpt>
      <trkpt lat="42.653502970933914" lon="0.017491020262241">
        <ele>2006</ele>
      </trkpt>
      <trkpt lat="42.653506994247437" lon="0.0174880027771">
        <ele>2006</ele>
      </trkpt>
      <trkpt lat="42.653577988967299" lon="0.017407033592463">
        <ele>2007</ele>
      </trkpt>
      <trkpt lat="42.653630040585995" lon="0.017363028600812">
        <ele>2007</ele>
      </trkpt>
      <trkpt lat="42.653632974252105" lon="0.017354981973767">
        <ele>2008</ele>
      </trkpt>
      <trkpt lat="42.653679996728897" lon="0.017346013337374">
        <ele>2008</ele>
      </trkpt>
      <trkpt lat="42.653800025582314" lon="0.017309971153736">
        <ele>2008</ele>
      </trkpt>
      <trkpt lat="42.653915025293827" lon="0.017258003354073">
        <ele>2008</ele>
      </trkpt>
      <trkpt lat="42.653970010578632" lon="0.01725398004055">
        <ele>2008</ele>
      </trkpt>
      <trkpt lat="42.654059026390314" lon="0.017222966998816">
        <ele>2008</ele>
      </trkpt>
      <trkpt lat="42.654133038595319" lon="0.017178962007165">
        <ele>2009</ele>
      </trkpt>
      <trkpt lat="42.654152987524867" lon="0.017152978107333">
        <ele>2009</ele>
      </trkpt>
      <trkpt lat="42.654274022206664" lon="0.017072008922696">
        <ele>2010</ele>
      </trkpt>
      <trkpt lat="42.654390027746558" lon="0.017065973952413">
        <ele>2010</ele>
      </trkpt>
      <trkpt lat="42.654415005818009" lon="0.017050970345736">
        <ele>2010</ele>
      </trkpt>
      <trkpt lat="42.654469991102815" lon="0.017045019194484">
        <ele>2010</ele>
      </trkpt>
      <trkpt lat="42.654604017734528" lon="0.016978969797492">
        <ele>2009</ele>
      </trkpt>
      <trkpt lat="42.654732009395957" lon="0.016918033361435">
        <ele>2009</ele>
      </trkpt>
      <trkpt lat="42.654855977743864" lon="0.016924990341067">
        <ele>2009</ele>
      </trkpt>
      <trkpt lat="42.654972989112139" lon="0.016935970634222">
        <ele>2010</ele>
      </trkpt>
      <trkpt lat="42.655059993267059" lon="0.016905963420868">
        <ele>2011</ele>
      </trkpt>
      <trkpt lat="42.655132999643683" lon="0.016904035583138">
        <ele>2012</ele>
      </trkpt>
      <trkpt lat="42.655158983543515" lon="0.016919039189816">
        <ele>2012</ele>
      </trkpt>
      <trkpt lat="42.655179016292095" lon="0.016945023089647">
        <ele>2012</ele>
      </trkpt>
      <trkpt lat="42.655273983255029" lon="0.016959020867944">
        <ele>2014</ele>
      </trkpt>
      <trkpt lat="42.65529703348875" lon="0.016953991726041">
        <ele>2014</ele>
      </trkpt>
      <trkpt lat="42.65538202598691" lon="0.016950974240899">
        <ele>2015</ele>
      </trkpt>
      <trkpt lat="42.65542603097856" lon="0.016923984512687">
        <ele>2017</ele>
      </trkpt>
      <trkpt lat="42.655518986284733" lon="0.016901018097997">
        <ele>2017</ele>
      </trkpt>
      <trkpt lat="42.655600039288402" lon="0.016934964805841">
        <ele>2017</ele>
      </trkpt>
      <trkpt lat="42.655680002644658" lon="0.016914010047913">
        <ele>2018</ele>
      </trkpt>
      <trkpt lat="42.655698023736477" lon="0.016920967027545">
        <ele>2018</ele>
      </trkpt>
      <trkpt lat="42.655761977657676" lon="0.016958015039563">
        <ele>2019</ele>
      </trkpt>
      <trkpt lat="42.655847975984216" lon="0.016978969797492">
        <ele>2020</ele>
      </trkpt>
      <trkpt lat="42.655865997076035" lon="0.016996990889311">
        <ele>2020</ele>
      </trkpt>
      <trkpt lat="42.655887035652995" lon="0.017011994495988">
        <ele>2021</ele>
      </trkpt>
      <trkpt lat="42.655980996787548" lon="0.017050970345736">
        <ele>2023</ele>
      </trkpt>
      <trkpt lat="42.656078981235623" lon="0.017052982002497">
        <ele>2024</ele>
      </trkpt>
      <trkpt lat="42.656101025640965" lon="0.017064968124032">
        <ele>2025</ele>
      </trkpt>
      <trkpt lat="42.656123992055655" lon="0.01710101030767">
        <ele>2026</ele>
      </trkpt>
      <trkpt lat="42.656146958470345" lon="0.017106039449573">
        <ele>2026</ele>
      </trkpt>
      <trkpt lat="42.656220970675349" lon="0.017129005864263">
        <ele>2027</ele>
      </trkpt>
      <trkpt lat="42.656271010637283" lon="0.017148032784462">
        <ele>2029</ele>
      </trkpt>
      <trkpt lat="42.656284002587199" lon="0.017158007249236">
        <ele>2030</ele>
      </trkpt>
      <trkpt lat="42.656335970386863" lon="0.017189020290971">
        <ele>2032</ele>
      </trkpt>
      <trkpt lat="42.656434960663319" lon="0.017202012240887">
        <ele>2041</ele>
      </trkpt>
      <trkpt lat="42.656532023102045" lon="0.017205029726028">
        <ele>2043</ele>
      </trkpt>
      <trkpt lat="42.656620033085346" lon="0.0172099750489">
        <ele>2044</ele>
      </trkpt>
      <trkpt lat="42.65669303946197" lon="0.017190026119351">
        <ele>2053</ele>
      </trkpt>
      <trkpt lat="42.656806027516723" lon="0.017146021127701">
        <ele>2054</ele>
      </trkpt>
      <trkpt lat="42.656865958124399" lon="0.017126994207501">
        <ele>2055</ele>
      </trkpt>
      <trkpt lat="42.656939970329404" lon="0.017097992822528">
        <ele>2057</ele>
      </trkpt>
      <trkpt lat="42.65703602693975" lon="0.017074020579457">
        <ele>2059</ele>
      </trkpt>
      <trkpt lat="42.6570800319314" lon="0.017023980617523">
        <ele>2061</ele>
      </trkpt>
      <trkpt lat="42.657113978639245" lon="0.017005037516356">
        <ele>2061</ele>
      </trkpt>
      <trkpt lat="42.657126970589161" lon="0.016990033909678">
        <ele>2061</ele>
      </trkpt>
      <trkpt lat="42.657183967530727" lon="0.01695198006928">
        <ele>2062</ele>
      </trkpt>
      <trkpt lat="42.657195031642914" lon="0.016940999776125">
        <ele>2063</ele>
      </trkpt>
      <trkpt lat="42.657253034412861" lon="0.016922978684306">
        <ele>2064</ele>
      </trkpt>
      <trkpt lat="42.657326962798834" lon="0.016907975077629">
        <ele>2065</ele>
      </trkpt>
      <trkpt lat="42.657354036346078" lon="0.016902023926377">
        <ele>2067</ele>
      </trkpt>
      <trkpt lat="42.657372979447246" lon="0.01690998673439">
        <ele>2069</ele>
      </trkpt>
      <trkpt lat="42.65742402523756" lon="0.016885008662939">
        <ele>2071</ele>
      </trkpt>
      <trkpt lat="42.657479010522366" lon="0.016877967864275">
        <ele>2073</ele>
      </trkpt>
      <trkpt lat="42.65750901773572" lon="0.016876962035894">
        <ele>2075</ele>
      </trkpt>
      <trkpt lat="42.657568026334047" lon="0.01686698757112">
        <ele>2077</ele>
      </trkpt>
      <trkpt lat="42.657625023275614" lon="0.016857013106346">
        <ele>2079</ele>
      </trkpt>
      <trkpt lat="42.657671039924026" lon="0.016838992014527">
        <ele>2080</ele>
      </trkpt>
      <trkpt lat="42.657705992460251" lon="0.016851983964443">
        <ele>2082</ele>
      </trkpt>
      <trkpt lat="42.657759971916676" lon="0.016835974529386">
        <ele>2083</ele>
      </trkpt>
      <trkpt lat="42.65781001187861" lon="0.016838992014527">
        <ele>2084</ele>
      </trkpt>
      <trkpt lat="42.657843958586454" lon="0.016847038641572">
        <ele>2085</ele>
      </trkpt>
      <trkpt lat="42.657892992720008" lon="0.016814013943076">
        <ele>2087</ele>
      </trkpt>
      <trkpt lat="42.657958036288619" lon="0.016806973144412">
        <ele>2087</ele>
      </trkpt>
      <trkpt lat="42.657981002703309" lon="0.01684301532805">
        <ele>2089</ele>
      </trkpt>
      <trkpt lat="42.657991982996464" lon="0.016850978136063">
        <ele>2089</ele>
      </trkpt>
      <trkpt lat="42.658021990209818" lon="0.016839997842908">
        <ele>2090</ele>
      </trkpt>
      <trkpt lat="42.658060966059566" lon="0.016828011721373">
        <ele>2090</ele>
      </trkpt>
      <trkpt lat="42.658131960779428" lon="0.016816025599837">
        <ele>2092</ele>
      </trkpt>
      <trkpt lat="42.658255007117987" lon="0.016747964546084">
        <ele>2093</ele>
      </trkpt>
      <trkpt lat="42.65834896825254" lon="0.016692979261279">
        <ele>2094</ele>
      </trkpt>
      <trkpt lat="42.658386016264558" lon="0.016661966219544">
        <ele>2094</ele>
      </trkpt>
      <trkpt lat="42.658423986285925" lon="0.016658026725054">
        <ele>2094</ele>
      </trkpt>
      <trkpt lat="42.658552983775735" lon="0.016498016193509">
        <ele>2095</ele>
      </trkpt>
      <trkpt lat="42.658678963780403" lon="0.01637396402657">
        <ele>2095</ele>
      </trkpt>
      <trkpt lat="42.65886495821178" lon="0.016268016770482">
        <ele>2094</ele>
      </trkpt>
      <trkpt lat="42.658952968195081" lon="0.01624102704227">
        <ele>2094</ele>
      </trkpt>
      <trkpt lat="42.659006025642157" lon="0.01622099429369">
        <ele>2095</ele>
      </trkpt>
      <trkpt lat="42.659036032855511" lon="0.016210014000535">
        <ele>2096</ele>
      </trkpt>
      <trkpt lat="42.659097975119948" lon="0.016217976808548">
        <ele>2098</ele>
      </trkpt>
      <trkpt lat="42.659126976504922" lon="0.016214037314057">
        <ele>2099</ele>
      </trkpt>
      <trkpt lat="42.659197971224785" lon="0.016200039535761">
        <ele>2101</ele>
      </trkpt>
      <trkpt lat="42.659223033115268" lon="0.016200039535761">
        <ele>2102</ele>
      </trkpt>
      <trkpt lat="42.659244993701577" lon="0.016192998737097">
        <ele>2103</ele>
      </trkpt>
      <trkpt lat="42.659359993413091" lon="0.016130972653627">
        <ele>2105</ele>
      </trkpt>
      <trkpt lat="42.659500977024436" lon="0.016084033995867">
        <ele>2105</ele>
      </trkpt>
      <trkpt lat="42.659620000049472" lon="0.016019996255636">
        <ele>2106</ele>
      </trkpt>
      <trkpt lat="42.659665010869503" lon="0.01598697155714">
        <ele>2106</ele>
      </trkpt>
      <trkpt lat="42.659759977832437" lon="0.015994012355804">
        <ele>2107</ele>
      </trkpt>
      <trkpt lat="42.659789985045791" lon="0.01602603122592">
        <ele>2108</ele>
      </trkpt>
      <trkpt lat="42.659803982824087" lon="0.016073975712061">
        <ele>2110</ele>
      </trkpt>
      <trkpt lat="42.659828038886189" lon="0.016067018732429">
        <ele>2111</ele>
      </trkpt>
      <trkpt lat="42.659855028614402" lon="0.016075987368822">
        <ele>2111</ele>
      </trkpt>
      <trkpt lat="42.659894004464149" lon="0.016057966277003">
        <ele>2113</ele>
      </trkpt>
      <trkpt lat="42.659958964213729" lon="0.016051009297371">
        <ele>2114</ele>
      </trkpt>
      <trkpt lat="42.659995006397367" lon="0.016052015125751">
        <ele>2115</ele>
      </trkpt>
      <trkpt lat="42.660064995288849" lon="0.016022007912397">
        <ele>2117</ele>
      </trkpt>
      <trkpt lat="42.6600899733603" lon="0.015999963507056">
        <ele>2118</ele>
      </trkpt>
      <trkpt lat="42.660130960866809" lon="0.015992000699043">
        <ele>2118</ele>
      </trkpt>
      <trkpt lat="42.660188041627407" lon="0.015953024849296">
        <ele>2119</ele>
      </trkpt>
      <trkpt lat="42.660223999992013" lon="0.015926035121083">
        <ele>2119</ele>
      </trkpt>
      <trkpt lat="42.660306980833411" lon="0.015947995707393">
        <ele>2121</ele>
      </trkpt>
      <trkpt lat="42.660362971946597" lon="0.015970040112734">
        <ele>2122</ele>
      </trkpt>
      <trkpt lat="42.660456011071801" lon="0.015914971008897">
        <ele>2124</ele>
      </trkpt>
      <trkpt lat="42.660477971658111" lon="0.015906002372503">
        <ele>2124</ele>
      </trkpt>
      <trkpt lat="42.660559024661779" lon="0.015882030129433">
        <ele>2125</ele>
      </trkpt>
      <trkpt lat="42.660579979419708" lon="0.015874989330769">
        <ele>2125</ele>
      </trkpt>
      <trkpt lat="42.660687016323209" lon="0.0159009732306">
        <ele>2127</ele>
      </trkpt>
      <trkpt lat="42.660792041569948" lon="0.015896027907729">
        <ele>2128</ele>
      </trkpt>
      <trkpt lat="42.660819031298161" lon="0.015868032351136">
        <ele>2129</ele>
      </trkpt>
      <trkpt lat="42.660862030461431" lon="0.015858979895711">
        <ele>2129</ele>
      </trkpt>
      <trkpt lat="42.660897988826036" lon="0.015844982117414">
        <ele>2129</ele>
      </trkpt>
      <trkpt lat="42.660988010466099" lon="0.015716990455985">
        <ele>2130</ele>
      </trkpt>
      <trkpt lat="42.661045007407665" lon="0.015633003786206">
        <ele>2131</ele>
      </trkpt>
      <trkpt lat="42.661082977429032" lon="0.015597967430949">
        <ele>2132</ele>
      </trkpt>
      <trkpt lat="42.661113990470767" lon="0.015586987137794">
        <ele>2132</ele>
      </trkpt>
      <trkpt lat="42.661145003512502" lon="0.015586987137794">
        <ele>2134</ele>
      </trkpt>
      <trkpt lat="42.661193031817675" lon="0.015572989359498">
        <ele>2136</ele>
      </trkpt>
      <trkpt lat="42.661246005445719" lon="0.015543987974524">
        <ele>2137</ele>
      </trkpt>
      <trkpt lat="42.661268971860409" lon="0.015538958832622">
        <ele>2138</ele>
      </trkpt>
      <trkpt lat="42.661298979073763" lon="0.015506017953157">
        <ele>2138</ele>
      </trkpt>
      <trkpt lat="42.661326974630356" lon="0.01549101434648">
        <ele>2139</ele>
      </trkpt>
      <trkpt lat="42.661359999328852" lon="0.015444997698069">
        <ele>2140</ele>
      </trkpt>
      <trkpt lat="42.661387994885445" lon="0.015409961342812">
        <ele>2140</ele>
      </trkpt>
      <trkpt lat="42.661408027634025" lon="0.015391018241644">
        <ele>2140</ele>
      </trkpt>
      <trkpt lat="42.661430994048715" lon="0.015379032120109">
        <ele>2140</ele>
      </trkpt>
      <trkpt lat="42.661471981555223" lon="0.015337960794568">
        <ele>2141</ele>
      </trkpt>
      <trkpt lat="42.661519004032016" lon="0.015333015471697">
        <ele>2142</ele>
      </trkpt>
      <trkpt lat="42.661587987095118" lon="0.015288004651666">
        <ele>2143</ele>
      </trkpt>
      <trkpt lat="42.661622017621994" lon="0.015280963853002">
        <ele>2143</ele>
      </trkpt>
      <trkpt lat="42.661716984584928" lon="0.015218015760183">
        <ele>2144</ele>
      </trkpt>
      <trkpt lat="42.661742968484759" lon="0.015209969133139">
        <ele>2145</ele>
      </trkpt>
      <trkpt lat="42.661799965426326" lon="0.015165964141488">
        <ele>2146</ele>
      </trkpt>
      <trkpt lat="42.66182997263968" lon="0.015140986070037">
        <ele>2149</ele>
      </trkpt>
      <trkpt lat="42.66182997263968" lon="0.015140986070037">
        <ele>2149</ele>
      </trkpt>
      <trkpt lat="42.661876995116472" lon="0.015072003006935">
        <ele>2150</ele>
      </trkpt>
      <trkpt lat="42.661896022036672" lon="0.015035960823298">
        <ele>2151</ele>
      </trkpt>
      <trkpt lat="42.661914965137839" lon="0.015011988580227">
        <ele>2151</ele>
      </trkpt>
      <trkpt lat="42.661985959857702" lon="0.015059011057019">
        <ele>2153</ele>
      </trkpt>
      <trkpt lat="42.661985959857702" lon="0.015059011057019">
        <ele>2153</ele>
      </trkpt>
      <trkpt lat="42.66206500120461" lon="0.015052976086736">
        <ele>2155</ele>
      </trkpt>
      <trkpt lat="42.662073969841003" lon="0.015056999400258">
        <ele>2156</ele>
      </trkpt>
      <trkpt lat="42.662143958732486" lon="0.015006037428975">
        <ele>2157</ele>
      </trkpt>
      <trkpt lat="42.662192992866039" lon="0.014979969710112">
        <ele>2158</ele>
      </trkpt>
      <trkpt lat="42.662224005907774" lon="0.01495398581028">
        <ele>2159</ele>
      </trkpt>
      <trkpt lat="42.662277985364199" lon="0.014923978596926">
        <ele>2160</ele>
      </trkpt>
      <trkpt lat="42.662333976477385" lon="0.014904029667377">
        <ele>2160</ele>
      </trkpt>
      <trkpt lat="42.66243296675384" lon="0.014902018010616">
        <ele>2162</ele>
      </trkpt>
      <trkpt lat="42.662507984787226" lon="0.014915009960532">
        <ele>2164</ele>
      </trkpt>
      <trkpt lat="42.662586020305753" lon="0.014947028830647">
        <ele>2166</ele>
      </trkpt>
      <trkpt lat="42.662631031125784" lon="0.014949040487409">
        <ele>2167</ele>
      </trkpt>
      <trkpt lat="42.662704959511757" lon="0.014987010508776">
        <ele>2168</ele>
      </trkpt>
      <trkpt lat="42.662828005850315" lon="0.01506102271378">
        <ele>2170</ele>
      </trkpt>
      <trkpt lat="42.662864970043302" lon="0.015066973865032">
        <ele>2171</ele>
      </trkpt>
      <trkpt lat="42.66288299113512" lon="0.015097986906767">
        <ele>2172</ele>
      </trkpt>
      <trkpt lat="42.662908975034952" lon="0.015121037140489">
        <ele>2172</ele>
      </trkpt>
      <trkpt lat="42.662930013611913" lon="0.015124976634979">
        <ele>2172</ele>
      </trkpt>
      <trkpt lat="42.663050964474678" lon="0.015136962756515">
        <ele>2174</ele>
      </trkpt>
      <trkpt lat="42.663105027750134" lon="0.015170993283391">
        <ele>2175</ele>
      </trkpt>
      <trkpt lat="42.663206029683352" lon="0.015161018818617">
        <ele>2178</ele>
      </trkpt>
    </trkseg>
  </trk>

</gpx>