<?xml version="1.0" encoding="utf-8"?><gpx creator="Garmin Desktop App" version="1.1" xsi:schemaLocation="http://www.topografix.com/GPX/1/1 http://www.topografix.com/GPX/1/1/gpx.xsd http://www.garmin.com/xmlschemas/WaypointExtension/v1 http://www8.garmin.com/xmlschemas/WaypointExtensionv1.xsd http://www.garmin.com/xmlschemas/TrackPointExtension/v1 http://www.garmin.com/xmlschemas/TrackPointExtensionv1.xsd http://www.garmin.com/xmlschemas/GpxExtensions/v3 http://www8.garmin.com/xmlschemas/GpxExtensionsv3.xsd http://www.garmin.com/xmlschemas/ActivityExtension/v1 http://www8.garmin.com/xmlschemas/ActivityExtensionv1.xsd http://www.garmin.com/xmlschemas/AdventuresExtensions/v1 http://www8.garmin.com/xmlschemas/AdventuresExtensionv1.xsd http://www.garmin.com/xmlschemas/PressureExtension/v1 http://www.garmin.com/xmlschemas/PressureExtensionv1.xsd http://www.garmin.com/xmlschemas/TripExtensions/v1 http://www.garmin.com/xmlschemas/TripExtensionsv1.xsd http://www.garmin.com/xmlschemas/TripMetaDataExtensions/v1 http://www.garmin.com/xmlschemas/TripMetaDataExtensionsv1.xsd http://www.garmin.com/xmlschemas/ViaPointTransportationModeExtensions/v1 http://www.garmin.com/xmlschemas/ViaPointTransportationModeExtensionsv1.xsd http://www.garmin.com/xmlschemas/CreationTimeExtension/v1 http://www.garmin.com/xmlschemas/CreationTimeExtensionsv1.xsd http://www.garmin.com/xmlschemas/AccelerationExtension/v1 http://www.garmin.com/xmlschemas/AccelerationExtensionv1.xsd http://www.garmin.com/xmlschemas/PowerExtension/v1 http://www.garmin.com/xmlschemas/PowerExtensionv1.xsd http://www.garmin.com/xmlschemas/VideoExtension/v1 http://www.garmin.com/xmlschemas/VideoExtensionv1.xsd" xmlns="http://www.topografix.com/GPX/1/1" xmlns:xsi="http://www.w3.org/2001/XMLSchema-instance" xmlns:wptx1="http://www.garmin.com/xmlschemas/WaypointExtension/v1" xmlns:gpxtrx="http://www.garmin.com/xmlschemas/GpxExtensions/v3" xmlns:gpxtpx="http://www.garmin.com/xmlschemas/TrackPointExtension/v1" xmlns:gpxx="http://www.garmin.com/xmlschemas/GpxExtensions/v3" xmlns:trp="http://www.garmin.com/xmlschemas/TripExtensions/v1" xmlns:adv="http://www.garmin.com/xmlschemas/AdventuresExtensions/v1" xmlns:prs="http://www.garmin.com/xmlschemas/PressureExtension/v1" xmlns:tmd="http://www.garmin.com/xmlschemas/TripMetaDataExtensions/v1" xmlns:vptm="http://www.garmin.com/xmlschemas/ViaPointTransportationModeExtensions/v1" xmlns:ctx="http://www.garmin.com/xmlschemas/CreationTimeExtension/v1" xmlns:gpxacc="http://www.garmin.com/xmlschemas/AccelerationExtension/v1" xmlns:gpxpx="http://www.garmin.com/xmlschemas/PowerExtension/v1" xmlns:vidx1="http://www.garmin.com/xmlschemas/VideoExtension/v1">

  <metadata>
    <link href="http://www.garmin.com">
      <text>Garmin International</text>
    </link>
    <time>2026-05-10T12:42:13Z</time>
    <bounds maxlat="42.666535992175341" maxlon="0.103479959070683" minlat="42.640913017094135" minlon="0.015161018818617" />
  </metadata>

  <trk>
    <name>GR11_17_Goriz-Pineta(Fuenblanca)</name>
    <extensions>
      <gpxx:TrackExtension>
        <gpxx:DisplayColor>Magenta</gpxx:DisplayColor>
      </gpxx:TrackExtension>
    </extensions>
    <trkseg>
      <trkpt lat="42.663206029683352" lon="0.015161018818617">
        <ele>2200</ele>
      </trkpt>
      <trkpt lat="42.663304014131427" lon="0.015322035178542">
        <ele>2199</ele>
      </trkpt>
      <trkpt lat="42.663313988596201" lon="0.015364028513432">
        <ele>2200</ele>
      </trkpt>
      <trkpt lat="42.66328901052475" lon="0.015428988263011">
        <ele>2200</ele>
      </trkpt>
      <trkpt lat="42.663270989432931" lon="0.015428988263011">
        <ele>2201</ele>
      </trkpt>
      <trkpt lat="42.663270989432931" lon="0.015428988263011">
        <ele>2202</ele>
      </trkpt>
      <trkpt lat="42.663224972784519" lon="0.015438962727785">
        <ele>2202</ele>
      </trkpt>
      <trkpt lat="42.663198988884687" lon="0.015530996024609">
        <ele>2202</ele>
      </trkpt>
      <trkpt lat="42.663185996934772" lon="0.015549017116427">
        <ele>2202</ele>
      </trkpt>
      <trkpt lat="42.663168981671333" lon="0.015570977702737">
        <ele>2202</ele>
      </trkpt>
      <trkpt lat="42.663093041628599" lon="0.015695029869676">
        <ele>2203</ele>
      </trkpt>
      <trkpt lat="42.663055993616581" lon="0.015796031802893">
        <ele>2204</ele>
      </trkpt>
      <trkpt lat="42.662996985018253" lon="0.015937015414238">
        <ele>2204</ele>
      </trkpt>
      <trkpt lat="42.66288299113512" lon="0.01604899764061">
        <ele>2205</ele>
      </trkpt>
      <trkpt lat="42.66273396089673" lon="0.01611303538084">
        <ele>2206</ele>
      </trkpt>
      <trkpt lat="42.662643017247319" lon="0.016205990687013">
        <ele>2205</ele>
      </trkpt>
      <trkpt lat="42.662597000598907" lon="0.016230968758464">
        <ele>2206</ele>
      </trkpt>
      <trkpt lat="42.662479989230633" lon="0.01630699262023">
        <ele>2206</ele>
      </trkpt>
      <trkpt lat="42.662393990904093" lon="0.01637002453208">
        <ele>2206</ele>
      </trkpt>
      <trkpt lat="42.662319978699088" lon="0.016446970403194">
        <ele>2206</ele>
      </trkpt>
      <trkpt lat="42.662284020334482" lon="0.01647999510169">
        <ele>2206</ele>
      </trkpt>
      <trkpt lat="42.662229035049677" lon="0.01656599342823">
        <ele>2206</ele>
      </trkpt>
      <trkpt lat="42.662138007581234" lon="0.016705971211195">
        <ele>2207</ele>
      </trkpt>
      <trkpt lat="42.662120992317796" lon="0.016734972596169">
        <ele>2207</ele>
      </trkpt>
      <trkpt lat="42.662052009254694" lon="0.016856007277966">
        <ele>2208</ele>
      </trkpt>
      <trkpt lat="42.661965005099773" lon="0.017023980617523">
        <ele>2208</ele>
      </trkpt>
      <trkpt lat="42.661905996501446" lon="0.01714501529932">
        <ele>2208</ele>
      </trkpt>
      <trkpt lat="42.661826033145189" lon="0.017197988927364">
        <ele>2209</ele>
      </trkpt>
      <trkpt lat="42.661704998463392" lon="0.017262026667595">
        <ele>2209</ele>
      </trkpt>
      <trkpt lat="42.661666022613645" lon="0.017331009730697">
        <ele>2209</ele>
      </trkpt>
      <trkpt lat="42.661620005965233" lon="0.017393035814166">
        <ele>2209</ele>
      </trkpt>
      <trkpt lat="42.661586981266737" lon="0.017426982522011">
        <ele>2209</ele>
      </trkpt>
      <trkpt lat="42.661514980718493" lon="0.01755497418344">
        <ele>2209</ele>
      </trkpt>
      <trkpt lat="42.661441974341869" lon="0.017583975568414">
        <ele>2209</ele>
      </trkpt>
      <trkpt lat="42.661337032914162" lon="0.017666034400463">
        <ele>2209</ele>
      </trkpt>
      <trkpt lat="42.661292022094131" lon="0.017695035785437">
        <ele>2209</ele>
      </trkpt>
      <trkpt lat="42.661279030144215" lon="0.017759995535016">
        <ele>2210</ele>
      </trkpt>
      <trkpt lat="42.661340972408652" lon="0.017755972221494">
        <ele>2211</ele>
      </trkpt>
      <trkpt lat="42.661297973245382" lon="0.01785303466022">
        <ele>2214</ele>
      </trkpt>
      <trkpt lat="42.661264026537538" lon="0.017932998016477">
        <ele>2215</ele>
      </trkpt>
      <trkpt lat="42.661172999069095" lon="0.018056966364384">
        <ele>2216</ele>
      </trkpt>
      <trkpt lat="42.661128994077444" lon="0.018125027418137">
        <ele>2216</ele>
      </trkpt>
      <trkpt lat="42.661083983257413" lon="0.018217982724309">
        <ele>2217</ele>
      </trkpt>
      <trkpt lat="42.661023968830705" lon="0.018323007971048">
        <ele>2217</ele>
      </trkpt>
      <trkpt lat="42.660946017131209" lon="0.018457034602761">
        <ele>2217</ele>
      </trkpt>
      <trkpt lat="42.660910980775952" lon="0.018507996574044">
        <ele>2217</ele>
      </trkpt>
      <trkpt lat="42.660897988826036" lon="0.018530962988734">
        <ele>2218</ele>
      </trkpt>
      <trkpt lat="42.660880973562598" lon="0.018558036535978">
        <ele>2218</ele>
      </trkpt>
      <trkpt lat="42.660851972177625" lon="0.018613021820784">
        <ele>2218</ele>
      </trkpt>
      <trkpt lat="42.660737978294492" lon="0.018728021532297">
        <ele>2218</ele>
      </trkpt>
      <trkpt lat="42.660693973302841" lon="0.018784012645483">
        <ele>2217</ele>
      </trkpt>
      <trkpt lat="42.660629013553262" lon="0.018906975165009">
        <ele>2218</ele>
      </trkpt>
      <trkpt lat="42.660552989691496" lon="0.019043013453484">
        <ele>2218</ele>
      </trkpt>
      <trkpt lat="42.660537986084819" lon="0.019102022051811">
        <ele>2218</ele>
      </trkpt>
      <trkpt lat="42.660529017448425" lon="0.01912297680974">
        <ele>2218</ele>
      </trkpt>
      <trkpt lat="42.660506973043084" lon="0.019137980416417">
        <ele>2218</ele>
      </trkpt>
      <trkpt lat="42.660432960838079" lon="0.019350964576006">
        <ele>2218</ele>
      </trkpt>
      <trkpt lat="42.660337993875146" lon="0.019508041441441">
        <ele>2219</ele>
      </trkpt>
      <trkpt lat="42.660249983891845" lon="0.019620023667812">
        <ele>2219</ele>
      </trkpt>
      <trkpt lat="42.660159962251782" lon="0.019747009500861">
        <ele>2219</ele>
      </trkpt>
      <trkpt lat="42.660088967531919" lon="0.019833007827401">
        <ele>2220</ele>
      </trkpt>
      <trkpt lat="42.659955024719238" lon="0.019957982003689">
        <ele>2220</ele>
      </trkpt>
      <trkpt lat="42.659856034442782" lon="0.02004599198699">
        <ele>2220</ele>
      </trkpt>
      <trkpt lat="42.659769030287862" lon="0.020163003355265">
        <ele>2221</ele>
      </trkpt>
      <trkpt lat="42.659737011417747" lon="0.020206002518535">
        <ele>2221</ele>
      </trkpt>
      <trkpt lat="42.659730976447463" lon="0.020232992246747">
        <ele>2221</ele>
      </trkpt>
      <trkpt lat="42.659687977284193" lon="0.020259981974959">
        <ele>2222</ele>
      </trkpt>
      <trkpt lat="42.659623017534614" lon="0.02034698612988">
        <ele>2222</ele>
      </trkpt>
      <trkpt lat="42.659612959250808" lon="0.020428039133549">
        <ele>2223</ele>
      </trkpt>
      <trkpt lat="42.659540958702564" lon="0.020542033016682">
        <ele>2224</ele>
      </trkpt>
      <trkpt lat="42.659482033923268" lon="0.020611016079783">
        <ele>2225</ele>
      </trkpt>
      <trkpt lat="42.659376002848148" lon="0.020716041326523">
        <ele>2226</ele>
      </trkpt>
      <trkpt lat="42.659302996471524" lon="0.020808996632695">
        <ele>2227</ele>
      </trkpt>
      <trkpt lat="42.659243987873197" lon="0.020897006615996">
        <ele>2228</ele>
      </trkpt>
      <trkpt lat="42.65914298593998" lon="0.021003959700465">
        <ele>2229</ele>
      </trkpt>
      <trkpt lat="42.659012982621789" lon="0.021124994382262">
        <ele>2229</ele>
      </trkpt>
      <trkpt lat="42.65897199511528" lon="0.021158019080758">
        <ele>2229</ele>
      </trkpt>
      <trkpt lat="42.658961014822125" lon="0.021192971616983">
        <ele>2229</ele>
      </trkpt>
      <trkpt lat="42.658858001232147" lon="0.021380977705121">
        <ele>2229</ele>
      </trkpt>
      <trkpt lat="42.658805027604103" lon="0.021411990746856">
        <ele>2229</ele>
      </trkpt>
      <trkpt lat="42.658761022612453" lon="0.021430011838675">
        <ele>2229</ele>
      </trkpt>
      <trkpt lat="42.658667983487248" lon="0.021584993228316">
        <ele>2229</ele>
      </trkpt>
      <trkpt lat="42.658567987382412" lon="0.021706027910113">
        <ele>2229</ele>
      </trkpt>
      <trkpt lat="42.658525994047523" lon="0.021733017638326">
        <ele>2229</ele>
      </trkpt>
      <trkpt lat="42.65843597240746" lon="0.021846005693078">
        <ele>2229</ele>
      </trkpt>
      <trkpt lat="42.658357014879584" lon="0.02198196016252">
        <ele>2229</ele>
      </trkpt>
      <trkpt lat="42.658288031816483" lon="0.022048009559512">
        <ele>2229</ele>
      </trkpt>
      <trkpt lat="42.658205972984433" lon="0.022168038412929">
        <ele>2229</ele>
      </trkpt>
      <trkpt lat="42.658131960779428" lon="0.022211959585547">
        <ele>2229</ele>
      </trkpt>
      <trkpt lat="42.65804797410965" lon="0.022257976233959">
        <ele>2229</ele>
      </trkpt>
      <trkpt lat="42.657987037673593" lon="0.022292006760836">
        <ele>2229</ele>
      </trkpt>
      <trkpt lat="42.657965999096632" lon="0.022310027852654">
        <ele>2229</ele>
      </trkpt>
      <trkpt lat="42.65783398412168" lon="0.022379010915756">
        <ele>2227</ele>
      </trkpt>
      <trkpt lat="42.657714961096644" lon="0.022436007857323">
        <ele>2227</ele>
      </trkpt>
      <trkpt lat="42.657655030488968" lon="0.022489987313747">
        <ele>2227</ele>
      </trkpt>
      <trkpt lat="42.657615970820189" lon="0.022539021447301">
        <ele>2227</ele>
      </trkpt>
      <trkpt lat="42.657581018283963" lon="0.022555030882359">
        <ele>2226</ele>
      </trkpt>
      <trkpt lat="42.657556962221861" lon="0.022547990083694">
        <ele>2226</ele>
      </trkpt>
      <trkpt lat="42.657483033835888" lon="0.022655026987195">
        <ele>2226</ele>
      </trkpt>
      <trkpt lat="42.657460989430547" lon="0.022670030593872">
        <ele>2226</ele>
      </trkpt>
      <trkpt lat="42.657391000539064" lon="0.022761980071664">
        <ele>2225</ele>
      </trkpt>
      <trkpt lat="42.657334003597498" lon="0.022803973406553">
        <ele>2225</ele>
      </trkpt>
      <trkpt lat="42.65727398917079" lon="0.022898018360138">
        <ele>2225</ele>
      </trkpt>
      <trkpt lat="42.657233001664281" lon="0.02303397282958">
        <ele>2225</ele>
      </trkpt>
      <trkpt lat="42.657205006107688" lon="0.023065991699696">
        <ele>2225</ele>
      </trkpt>
      <trkpt lat="42.657162006944418" lon="0.02313899807632">
        <ele>2226</ele>
      </trkpt>
      <trkpt lat="42.657054970040917" lon="0.023194989189506">
        <ele>2226</ele>
      </trkpt>
      <trkpt lat="42.657011970877647" lon="0.023276964202523">
        <ele>2226</ele>
      </trkpt>
      <trkpt lat="42.657007025554776" lon="0.023329015821218">
        <ele>2226</ele>
      </trkpt>
      <trkpt lat="42.656963020563126" lon="0.023496989160776">
        <ele>2226</ele>
      </trkpt>
      <trkpt lat="42.656954973936081" lon="0.023586004972458">
        <ele>2227</ele>
      </trkpt>
      <trkpt lat="42.656944999471307" lon="0.02369798719883">
        <ele>2228</ele>
      </trkpt>
      <trkpt lat="42.656925972551107" lon="0.023839976638556">
        <ele>2229</ele>
      </trkpt>
      <trkpt lat="42.656924966722727" lon="0.02391298301518">
        <ele>2229</ele>
      </trkpt>
      <trkpt lat="42.656880039721727" lon="0.024033011868596">
        <ele>2230</ele>
      </trkpt>
      <trkpt lat="42.656792029738426" lon="0.024121021851897">
        <ele>2230</ele>
      </trkpt>
      <trkpt lat="42.656754981726408" lon="0.024220012128353">
        <ele>2229</ele>
      </trkpt>
      <trkpt lat="42.656707037240267" lon="0.024394020438194">
        <ele>2227</ele>
      </trkpt>
      <trkpt lat="42.656676024198532" lon="0.024564005434513">
        <ele>2227</ele>
      </trkpt>
      <trkpt lat="42.65664903447032" lon="0.024640029296279">
        <ele>2227</ele>
      </trkpt>
      <trkpt lat="42.65660603530705" lon="0.024827029556036">
        <ele>2227</ele>
      </trkpt>
      <trkpt lat="42.656557001173496" lon="0.024939011782408">
        <ele>2229</ele>
      </trkpt>
      <trkpt lat="42.656564963981509" lon="0.024990979582071">
        <ele>2229</ele>
      </trkpt>
      <trkpt lat="42.656550966203213" lon="0.025135986506939">
        <ele>2230</ele>
      </trkpt>
      <trkpt lat="42.656455999240279" lon="0.025295997038484">
        <ele>2230</ele>
      </trkpt>
      <trkpt lat="42.656422974541783" lon="0.025360034778714">
        <ele>2230</ele>
      </trkpt>
      <trkpt lat="42.65635097399354" lon="0.025572013109922">
        <ele>2230</ele>
      </trkpt>
      <trkpt lat="42.656289031729102" lon="0.025680977851152">
        <ele>2230</ele>
      </trkpt>
      <trkpt lat="42.65624301508069" lon="0.025789020583034">
        <ele>2230</ele>
      </trkpt>
      <trkpt lat="42.65617897734046" lon="0.025922963395715">
        <ele>2230</ele>
      </trkpt>
      <trkpt lat="42.656103959307075" lon="0.026052966713905">
        <ele>2230</ele>
      </trkpt>
      <trkpt lat="42.656064983457327" lon="0.026119016110897">
        <ele>2230</ele>
      </trkpt>
      <trkpt lat="42.655976973474026" lon="0.026291012763977">
        <ele>2231</ele>
      </trkpt>
      <trkpt lat="42.655910002067685" lon="0.026479018852115">
        <ele>2232</ele>
      </trkpt>
      <trkpt lat="42.65587798319757" lon="0.02657700330019">
        <ele>2232</ele>
      </trkpt>
      <trkpt lat="42.655816040933132" lon="0.026799039915204">
        <ele>2232</ele>
      </trkpt>
      <trkpt lat="42.655797014012933" lon="0.026891995221376">
        <ele>2231</ele>
      </trkpt>
      <trkpt lat="42.655776981264353" lon="0.026999032124877">
        <ele>2231</ele>
      </trkpt>
      <trkpt lat="42.655735993757844" lon="0.027131969109178">
        <ele>2231</ele>
      </trkpt>
      <trkpt lat="42.655713027343154" lon="0.027236994355917">
        <ele>2231</ele>
      </trkpt>
      <trkpt lat="42.655718978494406" lon="0.027304971590638">
        <ele>2231</ele>
      </trkpt>
      <trkpt lat="42.655747979879379" lon="0.027399016544223">
        <ele>2232</ele>
      </trkpt>
      <trkpt lat="42.655797014012933" lon="0.027526002377272">
        <ele>2233</ele>
      </trkpt>
      <trkpt lat="42.655775975435972" lon="0.02760998904705">
        <ele>2234</ele>
      </trkpt>
      <trkpt lat="42.655732976272702" lon="0.027650976553559">
        <ele>2235</ele>
      </trkpt>
      <trkpt lat="42.655715961009264" lon="0.027718031778932">
        <ele>2236</ele>
      </trkpt>
      <trkpt lat="42.655694000422955" lon="0.027739992365241">
        <ele>2236</ele>
      </trkpt>
      <trkpt lat="42.655592998489738" lon="0.027820039540529">
        <ele>2236</ele>
      </trkpt>
      <trkpt lat="42.655510017648339" lon="0.02788701094687">
        <ele>2236</ele>
      </trkpt>
      <trkpt lat="42.655403986573219" lon="0.027907965704799">
        <ele>2237</ele>
      </trkpt>
      <trkpt lat="42.655335003510118" lon="0.027924980968237">
        <ele>2238</ele>
      </trkpt>
      <trkpt lat="42.6552530284971" lon="0.027964040637016">
        <ele>2239</ele>
      </trkpt>
      <trkpt lat="42.655131993815303" lon="0.028022965416312">
        <ele>2240</ele>
      </trkpt>
      <trkpt lat="42.655002996325493" lon="0.028093038126826">
        <ele>2241</ele>
      </trkpt>
      <trkpt lat="42.654913980513811" lon="0.028119022026658">
        <ele>2241</ele>
      </trkpt>
      <trkpt lat="42.654881961643696" lon="0.028133019804955">
        <ele>2241</ele>
      </trkpt>
      <trkpt lat="42.654842985793948" lon="0.028132013976574">
        <ele>2241</ele>
      </trkpt>
      <trkpt lat="42.654766961932182" lon="0.028178030624986">
        <ele>2243</ele>
      </trkpt>
      <trkpt lat="42.654713988304138" lon="0.028208959847689">
        <ele>2243</ele>
      </trkpt>
      <trkpt lat="42.654704013839364" lon="0.028290012851357">
        <ele>2245</ele>
      </trkpt>
      <trkpt lat="42.654714994132519" lon="0.02836000174284">
        <ele>2251</ele>
      </trkpt>
      <trkpt lat="42.654679035767913" lon="0.028427978977561">
        <ele>2249</ele>
      </trkpt>
      <trkpt lat="42.654635030776262" lon="0.028465026989579">
        <ele>2250</ele>
      </trkpt>
      <trkpt lat="42.654561018571258" lon="0.028481958433986">
        <ele>2252</ele>
      </trkpt>
      <trkpt lat="42.654550960287452" lon="0.028545996174216">
        <ele>2253</ele>
      </trkpt>
      <trkpt lat="42.654550960287452" lon="0.028627971187234">
        <ele>2254</ele>
      </trkpt>
      <trkpt lat="42.654614998027682" lon="0.028778007254004">
        <ele>2257</ele>
      </trkpt>
      <trkpt lat="42.654626984149218" lon="0.028802985325456">
        <ele>2257</ele>
      </trkpt>
      <trkpt lat="42.654640981927514" lon="0.028844978660345">
        <ele>2257</ele>
      </trkpt>
      <trkpt lat="42.654670989140868" lon="0.028913039714098">
        <ele>2258</ele>
      </trkpt>
      <trkpt lat="42.654704013839364" lon="0.029043965041637">
        <ele>2259</ele>
      </trkpt>
      <trkpt lat="42.654784983024001" lon="0.029094005003572">
        <ele>2260</ele>
      </trkpt>
      <trkpt lat="42.654837034642696" lon="0.029178997501731">
        <ele>2261</ele>
      </trkpt>
      <trkpt lat="42.654864024370909" lon="0.029199030250311">
        <ele>2262</ele>
      </trkpt>
      <trkpt lat="42.654941976070404" lon="0.029286034405231">
        <ele>2263</ele>
      </trkpt>
      <trkpt lat="42.654996961355209" lon="0.029302965849638">
        <ele>2263</ele>
      </trkpt>
      <trkpt lat="42.655031997710466" lon="0.029330961406231">
        <ele>2263</ele>
      </trkpt>
      <trkpt lat="42.655066028237343" lon="0.029383013024926">
        <ele>2264</ele>
      </trkpt>
      <trkpt lat="42.65510500408709" lon="0.029431963339448">
        <ele>2264</ele>
      </trkpt>
      <trkpt lat="42.655122019350529" lon="0.029454007744789">
        <ele>2264</ele>
      </trkpt>
      <trkpt lat="42.655157977715135" lon="0.029517961665988">
        <ele>2265</ele>
      </trkpt>
      <trkpt lat="42.655184967443347" lon="0.029546963050961">
        <ele>2266</ele>
      </trkpt>
      <trkpt lat="42.65525596216321" lon="0.029577976092696">
        <ele>2266</ele>
      </trkpt>
      <trkpt lat="42.655301978811622" lon="0.029616029933095">
        <ele>2268</ele>
      </trkpt>
      <trkpt lat="42.65531999990344" lon="0.029675960540771">
        <ele>2269</ele>
      </trkpt>
      <trkpt lat="42.655341038480401" lon="0.029747961089015">
        <ele>2271</ele>
      </trkpt>
      <trkpt lat="42.655387977138162" lon="0.029844017699361">
        <ele>2272</ele>
      </trkpt>
      <trkpt lat="42.655398035421968" lon="0.029920041561127">
        <ele>2275</ele>
      </trkpt>
      <trkpt lat="42.655390994623303" lon="0.029963962733746">
        <ele>2276</ele>
      </trkpt>
      <trkpt lat="42.655409015715122" lon="0.030030012130737">
        <ele>2279</ele>
      </trkpt>
      <trkpt lat="42.655360987409949" lon="0.030083991587162">
        <ele>2280</ele>
      </trkpt>
      <trkpt lat="42.65534196048975" lon="0.030127996578813">
        <ele>2281</ele>
      </trkpt>
      <trkpt lat="42.65534003265202" lon="0.030189016833901">
        <ele>2283</ele>
      </trkpt>
      <trkpt lat="42.655294016003609" lon="0.03020603209734">
        <ele>2285</ele>
      </trkpt>
      <trkpt lat="42.655294016003609" lon="0.030259005725384">
        <ele>2285</ele>
      </trkpt>
      <trkpt lat="42.65529602766037" lon="0.030297981575131">
        <ele>2287</ele>
      </trkpt>
      <trkpt lat="42.655251016840339" lon="0.030333017930388">
        <ele>2288</ele>
      </trkpt>
      <trkpt lat="42.655236013233662" lon="0.030392026528716">
        <ele>2290</ele>
      </trkpt>
      <trkpt lat="42.655215980485082" lon="0.030470984056592">
        <ele>2291</ele>
      </trkpt>
      <trkpt lat="42.655182033777237" lon="0.030565029010177">
        <ele>2294</ele>
      </trkpt>
      <trkpt lat="42.655185973271728" lon="0.030626971274614">
        <ele>2296</ele>
      </trkpt>
      <trkpt lat="42.655158983543515" lon="0.030686985701323">
        <ele>2297</ele>
      </trkpt>
      <trkpt lat="42.655137022957206" lon="0.030709030106664">
        <ele>2297</ele>
      </trkpt>
      <trkpt lat="42.655108021572232" lon="0.030797040089965">
        <ele>2299</ele>
      </trkpt>
      <trkpt lat="42.655125958845019" lon="0.030838027596474">
        <ele>2300</ele>
      </trkpt>
      <trkpt lat="42.655092012137175" lon="0.030861999839544">
        <ele>2301</ele>
      </trkpt>
      <trkpt lat="42.655110033228993" lon="0.030931988731027">
        <ele>2303</ele>
      </trkpt>
      <trkpt lat="42.655096035450697" lon="0.030988985672593">
        <ele>2304</ele>
      </trkpt>
      <trkpt lat="42.655057981610298" lon="0.031010024249554">
        <ele>2305</ele>
      </trkpt>
      <trkpt lat="42.655025040730834" lon="0.030960990116">
        <ele>2307</ele>
      </trkpt>
      <trkpt lat="42.655007019639015" lon="0.030953027307987">
        <ele>2307</ele>
      </trkpt>
      <trkpt lat="42.654896965250373" lon="0.030881026759744">
        <ele>2308</ele>
      </trkpt>
      <trkpt lat="42.654826976358891" lon="0.030827969312668">
        <ele>2310</ele>
      </trkpt>
      <trkpt lat="42.654769979417324" lon="0.03078798763454">
        <ele>2312</ele>
      </trkpt>
      <trkpt lat="42.654710970818996" lon="0.030812965705991">
        <ele>2313</ele>
      </trkpt>
      <trkpt lat="42.654712982475758" lon="0.03085101954639">
        <ele>2316</ele>
      </trkpt>
      <trkpt lat="42.654738966375589" lon="0.030877003446221">
        <ele>2316</ele>
      </trkpt>
      <trkpt lat="42.654750030487776" lon="0.030934000387788">
        <ele>2317</ele>
      </trkpt>
      <trkpt lat="42.654743995517492" lon="0.031028967350721">
        <ele>2318</ele>
      </trkpt>
      <trkpt lat="42.654789006337523" lon="0.031128041446209">
        <ele>2318</ele>
      </trkpt>
      <trkpt lat="42.654785988852382" lon="0.031230971217155">
        <ele>2319</ele>
      </trkpt>
      <trkpt lat="42.654746007174253" lon="0.031321998685598">
        <ele>2320</ele>
      </trkpt>
      <trkpt lat="42.654753969982266" lon="0.031375978142023">
        <ele>2321</ele>
      </trkpt>
      <trkpt lat="42.654740978032351" lon="0.031557027250528">
        <ele>2324</ele>
      </trkpt>
      <trkpt lat="42.654718011617661" lon="0.031621987000108">
        <ele>2324</ele>
      </trkpt>
      <trkpt lat="42.654665959998965" lon="0.031707985326648">
        <ele>2326</ele>
      </trkpt>
      <trkpt lat="42.654645005241036" lon="0.031730029731989">
        <ele>2326</ele>
      </trkpt>
      <trkpt lat="42.654609968885779" lon="0.031860033050179">
        <ele>2327</ele>
      </trkpt>
      <trkpt lat="42.65460804104805" lon="0.031945025548339">
        <ele>2327</ele>
      </trkpt>
      <trkpt lat="42.654539979994297" lon="0.032139988616109">
        <ele>2329</ele>
      </trkpt>
      <trkpt lat="42.654503015801311" lon="0.032244008034468">
        <ele>2330</ele>
      </trkpt>
      <trkpt lat="42.654478037729859" lon="0.032298993319273">
        <ele>2343</ele>
      </trkpt>
      <trkpt lat="42.654404025524855" lon="0.032391026616096">
        <ele>2341</ele>
      </trkpt>
      <trkpt lat="42.65439597889781" lon="0.032407036051154">
        <ele>2337</ele>
      </trkpt>
      <trkpt lat="42.654305035248399" lon="0.03246596083045">
        <ele>2337</ele>
      </trkpt>
      <trkpt lat="42.654272010549903" lon="0.032505020499229">
        <ele>2337</ele>
      </trkpt>
      <trkpt lat="42.654154999181628" lon="0.032683974131942">
        <ele>2337</ele>
      </trkpt>
      <trkpt lat="42.654143013060093" lon="0.032694032415748">
        <ele>2334</ele>
      </trkpt>
      <trkpt lat="42.654103031381965" lon="0.032796040177345">
        <ele>2335</ele>
      </trkpt>
      <trkpt lat="42.654007980599999" lon="0.032985974103212">
        <ele>2333</ele>
      </trkpt>
      <trkpt lat="42.653875965625048" lon="0.03325997851789">
        <ele>2331</ele>
      </trkpt>
      <trkpt lat="42.653818968683481" lon="0.033360980451107">
        <ele>2328</ele>
      </trkpt>
      <trkpt lat="42.653811005875468" lon="0.033443961292505">
        <ele>2327</ele>
      </trkpt>
      <trkpt lat="42.653806982561946" lon="0.033457037061453">
        <ele>2327</ele>
      </trkpt>
      <trkpt lat="42.653736993670464" lon="0.03364403732121">
        <ele>2324</ele>
      </trkpt>
      <trkpt lat="42.653711009770632" lon="0.033687958493829">
        <ele>2323</ele>
      </trkpt>
      <trkpt lat="42.653700029477477" lon="0.033699022606015">
        <ele>2323</ele>
      </trkpt>
      <trkpt lat="42.653636997565627" lon="0.033841012045741">
        <ele>2322</ele>
      </trkpt>
      <trkpt lat="42.653652001172304" lon="0.033860960975289">
        <ele>2320</ele>
      </trkpt>
      <trkpt lat="42.653655018657446" lon="0.033880993723869">
        <ele>2319</ele>
      </trkpt>
      <trkpt lat="42.653611013665795" lon="0.03394796513021">
        <ele>2317</ele>
      </trkpt>
      <trkpt lat="42.653587041422725" lon="0.033989958465099">
        <ele>2316</ele>
      </trkpt>
      <trkpt lat="42.653554016724229" lon="0.034093977883458">
        <ele>2314</ele>
      </trkpt>
      <trkpt lat="42.653481010347605" lon="0.034174025058746">
        <ele>2313</ele>
      </trkpt>
      <trkpt lat="42.653486961498857" lon="0.034242002293468">
        <ele>2311</ele>
      </trkpt>
      <trkpt lat="42.653529038652778" lon="0.03429003059864">
        <ele>2309</ele>
      </trkpt>
      <trkpt lat="42.653501965105534" lon="0.03442196175456">
        <ele>2305</ele>
      </trkpt>
      <trkpt lat="42.653405992314219" lon="0.034545008093119">
        <ele>2302</ele>
      </trkpt>
      <trkpt lat="42.653344972059131" lon="0.034619020298123">
        <ele>2299</ele>
      </trkpt>
      <trkpt lat="42.653287975117564" lon="0.034704012796283">
        <ele>2296</ele>
      </trkpt>
      <trkpt lat="42.653198959305882" lon="0.034753968939185">
        <ele>2294</ele>
      </trkpt>
      <trkpt lat="42.653189990669489" lon="0.034756986424327">
        <ele>2294</ele>
      </trkpt>
      <trkpt lat="42.653152020648122" lon="0.034851031377912">
        <ele>2292</ele>
      </trkpt>
      <trkpt lat="42.653133999556303" lon="0.034948009997606">
        <ele>2288</ele>
      </trkpt>
      <trkpt lat="42.653072979301214" lon="0.035041971132159">
        <ele>2286</ele>
      </trkpt>
      <trkpt lat="42.653053030371666" lon="0.03510701470077">
        <ele>2285</ele>
      </trkpt>
      <trkpt lat="42.653029980137944" lon="0.035180021077394">
        <ele>2283</ele>
      </trkpt>
      <trkpt lat="42.65304003842175" lon="0.035272976383567">
        <ele>2280</ele>
      </trkpt>
      <trkpt lat="42.65302000567317" lon="0.035357968881726">
        <ele>2280</ele>
      </trkpt>
      <trkpt lat="42.652992010116577" lon="0.03545000217855">
        <ele>2279</ele>
      </trkpt>
      <trkpt lat="42.65297600068152" lon="0.035519991070032">
        <ele>2276</ele>
      </trkpt>
      <trkpt lat="42.652834011241794" lon="0.035630967468023">
        <ele>2274</ele>
      </trkpt>
      <trkpt lat="42.652806015685201" lon="0.035639014095068">
        <ele>2272</ele>
      </trkpt>
      <trkpt lat="42.652799980714917" lon="0.035655023530126">
        <ele>2270</ele>
      </trkpt>
      <trkpt lat="42.652714988216758" lon="0.035701962187886">
        <ele>2274</ele>
      </trkpt>
      <trkpt lat="42.652693027630448" lon="0.035736998543143">
        <ele>2274</ele>
      </trkpt>
      <trkpt lat="42.652692021802068" lon="0.035755019634962">
        <ele>2274</ele>
      </trkpt>
      <trkpt lat="42.652686992660165" lon="0.035770023241639">
        <ele>2274</ele>
      </trkpt>
      <trkpt lat="42.652681041508913" lon="0.035785026848316">
        <ele>2274</ele>
      </trkpt>
      <trkpt lat="42.652678024023771" lon="0.035797012969851">
        <ele>2274</ele>
      </trkpt>
      <trkpt lat="42.652670983225107" lon="0.035806987434626">
        <ele>2274</ele>
      </trkpt>
      <trkpt lat="42.652653967961669" lon="0.035882005468011">
        <ele>2270</ele>
      </trkpt>
      <trkpt lat="42.652720017358661" lon="0.035933973267674">
        <ele>2267</ele>
      </trkpt>
      <trkpt lat="42.65269797295332" lon="0.035995999351144">
        <ele>2266</ele>
      </trkpt>
      <trkpt lat="42.652680035680532" lon="0.036054002121091">
        <ele>2265</ele>
      </trkpt>
      <trkpt lat="42.652597976848483" lon="0.036142012104392">
        <ele>2261</ele>
      </trkpt>
      <trkpt lat="42.652585990726948" lon="0.036147041246295">
        <ele>2261</ele>
      </trkpt>
      <trkpt lat="42.652575010433793" lon="0.036155004054308">
        <ele>2261</ele>
      </trkpt>
      <trkpt lat="42.652564030140638" lon="0.036164978519082">
        <ele>2261</ele>
      </trkpt>
      <trkpt lat="42.652553971856833" lon="0.036175958812237">
        <ele>2261</ele>
      </trkpt>
      <trkpt lat="42.652449030429125" lon="0.036332029849291">
        <ele>2257</ele>
      </trkpt>
      <trkpt lat="42.652435032650828" lon="0.0363539904356">
        <ele>2257</ele>
      </trkpt>
      <trkpt lat="42.652431009337306" lon="0.036371005699039">
        <ele>2257</ele>
      </trkpt>
      <trkpt lat="42.652426986023784" lon="0.036385003477335">
        <ele>2257</ele>
      </trkpt>
      <trkpt lat="42.652329001575708" lon="0.036596981808543">
        <ele>2254</ele>
      </trkpt>
      <trkpt lat="42.652266975492239" lon="0.03674098290503">
        <ele>2252</ele>
      </trkpt>
      <trkpt lat="42.652235040441155" lon="0.036779958754778">
        <ele>2252</ele>
      </trkpt>
      <trkpt lat="42.652218025177717" lon="0.03684701398015">
        <ele>2251</ele>
      </trkpt>
      <trkpt lat="42.652205033227801" lon="0.036923037841916">
        <ele>2250</ele>
      </trkpt>
      <trkpt lat="42.652094978839159" lon="0.037076007574797">
        <ele>2248</ele>
      </trkpt>
      <trkpt lat="42.652078969404101" lon="0.037100985646248">
        <ele>2248</ele>
      </trkpt>
      <trkpt lat="42.652014009654522" lon="0.037239035591483">
        <ele>2247</ele>
      </trkpt>
      <trkpt lat="42.651968998834491" lon="0.037337020039558">
        <ele>2246</ele>
      </trkpt>
      <trkpt lat="42.65192398801446" lon="0.037396028637886">
        <ele>2246</ele>
      </trkpt>
      <trkpt lat="42.651903033256531" lon="0.03742503002286">
        <ele>2247</ele>
      </trkpt>
      <trkpt lat="42.651875959709287" lon="0.037451013922691">
        <ele>2246</ele>
      </trkpt>
      <trkpt lat="42.65172902494669" lon="0.037525026127696">
        <ele>2245</ele>
      </trkpt>
      <trkpt lat="42.6516870316118" lon="0.03755402751267">
        <ele>2246</ele>
      </trkpt>
      <trkpt lat="42.65162399969995" lon="0.037570958957076">
        <ele>2245</ele>
      </trkpt>
      <trkpt lat="42.651594998314977" lon="0.037596020847559">
        <ele>2245</ele>
      </trkpt>
      <trkpt lat="42.651468012481928" lon="0.037719989195466">
        <ele>2247</ele>
      </trkpt>
      <trkpt lat="42.651303978636861" lon="0.037872958928347">
        <ele>2248</ele>
      </trkpt>
      <trkpt lat="42.651211023330688" lon="0.037931967526674">
        <ele>2248</ele>
      </trkpt>
      <trkpt lat="42.65102100558579" lon="0.038014026358724">
        <ele>2248</ele>
      </trkpt>
      <trkpt lat="42.650886978954077" lon="0.038127014413476">
        <ele>2245</ele>
      </trkpt>
      <trkpt lat="42.650834005326033" lon="0.038209995254874">
        <ele>2244</ele>
      </trkpt>
      <trkpt lat="42.65080701559782" lon="0.038254000246525">
        <ele>2243</ele>
      </trkpt>
      <trkpt lat="42.650739038363099" lon="0.038322983309627">
        <ele>2244</ele>
      </trkpt>
      <trkpt lat="42.6507200114429" lon="0.038352990522981">
        <ele>2243</ele>
      </trkpt>
      <trkpt lat="42.650682041421533" lon="0.03839498385787">
        <ele>2243</ele>
      </trkpt>
      <trkpt lat="42.650682041421533" lon="0.038430020213127">
        <ele>2242</ele>
      </trkpt>
      <trkpt lat="42.650675000622869" lon="0.03847997635603">
        <ele>2239</ele>
      </trkpt>
      <trkpt lat="42.650622026994824" lon="0.038508977741003">
        <ele>2234</ele>
      </trkpt>
      <trkpt lat="42.650540973991156" lon="0.0386300124228">
        <ele>2235</ele>
      </trkpt>
      <trkpt lat="42.650490012019873" lon="0.038726991042495">
        <ele>2232</ele>
      </trkpt>
      <trkpt lat="42.650467967614532" lon="0.038782982155681">
        <ele>2231</ele>
      </trkpt>
      <trkpt lat="42.650445001199841" lon="0.038823969662189">
        <ele>2229</ele>
      </trkpt>
      <trkpt lat="42.650385992601514" lon="0.038943998515606">
        <ele>2228</ele>
      </trkpt>
      <trkpt lat="42.650287002325058" lon="0.039093028753996">
        <ele>2226</ele>
      </trkpt>
      <trkpt lat="42.650271998718381" lon="0.039129992946982">
        <ele>2226</ele>
      </trkpt>
      <trkpt lat="42.650196980684996" lon="0.039251027628779">
        <ele>2224</ele>
      </trkpt>
      <trkpt lat="42.650173008441925" lon="0.039356974884868">
        <ele>2221</ele>
      </trkpt>
      <trkpt lat="42.650071000680327" lon="0.039540035650134">
        <ele>2217</ele>
      </trkpt>
      <trkpt lat="42.650060020387173" lon="0.039581023156643">
        <ele>2217</ele>
      </trkpt>
      <trkpt lat="42.650036970153451" lon="0.039675990119576">
        <ele>2215</ele>
      </trkpt>
      <trkpt lat="42.650021966546774" lon="0.039696022868156">
        <ele>2214</ele>
      </trkpt>
      <trkpt lat="42.649944014847279" lon="0.039805993437767">
        <ele>2213</ele>
      </trkpt>
      <trkpt lat="42.649849969893694" lon="0.039972960948944">
        <ele>2213</ele>
      </trkpt>
      <trkpt lat="42.649829015135765" lon="0.040031969547272">
        <ele>2214</ele>
      </trkpt>
      <trkpt lat="42.649793978780508" lon="0.040078992024064">
        <ele>2215</ele>
      </trkpt>
      <trkpt lat="42.649778975173831" lon="0.040214024484158">
        <ele>2213</ele>
      </trkpt>
      <trkpt lat="42.649732958525419" lon="0.040320977568626">
        <ele>2212</ele>
      </trkpt>
      <trkpt lat="42.649718038737774" lon="0.040398007258773">
        <ele>2211</ele>
      </trkpt>
      <trkpt lat="42.649672022089362" lon="0.040580984205008">
        <ele>2211</ele>
      </trkpt>
      <trkpt lat="42.649577977135777" lon="0.040744012221694">
        <ele>2212</ele>
      </trkpt>
      <trkpt lat="42.649531038478017" lon="0.040878038853407">
        <ele>2212</ele>
      </trkpt>
      <trkpt lat="42.649464989081025" lon="0.041053975000978">
        <ele>2211</ele>
      </trkpt>
      <trkpt lat="42.649436993524432" lon="0.041137039661407">
        <ele>2210</ele>
      </trkpt>
      <trkpt lat="42.649331968277693" lon="0.041353963315487">
        <ele>2209</ele>
      </trkpt>
      <trkpt lat="42.649244964122772" lon="0.041500981897116">
        <ele>2210</ele>
      </trkpt>
      <trkpt lat="42.649143040180206" lon="0.041757971048355">
        <ele>2207</ele>
      </trkpt>
      <trkpt lat="42.649065004661679" lon="0.041948994621634">
        <ele>2206</ele>
      </trkpt>
      <trkpt lat="42.648957967758179" lon="0.042074974626303">
        <ele>2207</ele>
      </trkpt>
      <trkpt lat="42.648826958611608" lon="0.042257029563189">
        <ele>2204</ele>
      </trkpt>
      <trkpt lat="42.648697961121798" lon="0.042479988187551">
        <ele>2202</ele>
      </trkpt>
      <trkpt lat="42.648611040785909" lon="0.042650979012251">
        <ele>2199</ele>
      </trkpt>
      <trkpt lat="42.648554965853691" lon="0.042774025350809">
        <ele>2197</ele>
      </trkpt>
      <trkpt lat="42.648518001660705" lon="0.042836973443627">
        <ele>2198</ele>
      </trkpt>
      <trkpt lat="42.64848698861897" lon="0.042854994535446">
        <ele>2199</ele>
      </trkpt>
      <trkpt lat="42.648387998342514" lon="0.042978040874004">
        <ele>2199</ele>
      </trkpt>
      <trkpt lat="42.648364026099443" lon="0.043016010895371">
        <ele>2200</ele>
      </trkpt>
      <trkpt lat="42.648334018886089" lon="0.04303595982492">
        <ele>2200</ele>
      </trkpt>
      <trkpt lat="42.648194041103125" lon="0.043236035853624">
        <ele>2200</ele>
      </trkpt>
      <trkpt lat="42.648050962015986" lon="0.043487995862961">
        <ele>2201</ele>
      </trkpt>
      <trkpt lat="42.647982984781265" lon="0.043631996959448">
        <ele>2202</ele>
      </trkpt>
      <trkpt lat="42.647989019751549" lon="0.043659992516041">
        <ele>2203</ele>
      </trkpt>
      <trkpt lat="42.647979967296124" lon="0.043697962537408">
        <ele>2202</ele>
      </trkpt>
      <trkpt lat="42.647952977567911" lon="0.043778009712696">
        <ele>2202</ele>
      </trkpt>
      <trkpt lat="42.647903021425009" lon="0.04387297667563">
        <ele>2200</ele>
      </trkpt>
      <trkpt lat="42.647869996726513" lon="0.043962998315692">
        <ele>2199</ele>
      </trkpt>
      <trkpt lat="42.647812999784946" lon="0.044056959450245">
        <ele>2198</ele>
      </trkpt>
      <trkpt lat="42.647794978693128" lon="0.044072968885303">
        <ele>2198</ele>
      </trkpt>
      <trkpt lat="42.647676961496472" lon="0.044180005788803">
        <ele>2198</ele>
      </trkpt>
      <trkpt lat="42.647638991475105" lon="0.044253012165427">
        <ele>2197</ele>
      </trkpt>
      <trkpt lat="42.647633962333202" lon="0.044316966086626">
        <ele>2195</ele>
      </trkpt>
      <trkpt lat="42.647620970383286" lon="0.044332975521684">
        <ele>2194</ele>
      </trkpt>
      <trkpt lat="42.647615019232035" lon="0.044378992170095">
        <ele>2192</ele>
      </trkpt>
      <trkpt lat="42.647680984809995" lon="0.04451796412468">
        <ele>2185</ele>
      </trkpt>
      <trkpt lat="42.647673022001982" lon="0.044531961902976">
        <ele>2185</ele>
      </trkpt>
      <trkpt lat="42.647637985646725" lon="0.044523999094963">
        <ele>2183</ele>
      </trkpt>
      <trkpt lat="42.647629017010331" lon="0.044520981609821">
        <ele>2183</ele>
      </trkpt>
      <trkpt lat="42.647599009796977" lon="0.044502038508654">
        <ele>2183</ele>
      </trkpt>
      <trkpt lat="42.647556010633707" lon="0.044502960518003">
        <ele>2183</ele>
      </trkpt>
      <trkpt lat="42.647446962073445" lon="0.044614020735025">
        <ele>2183</ele>
      </trkpt>
      <trkpt lat="42.647433970123529" lon="0.044640004634857">
        <ele>2184</ele>
      </trkpt>
      <trkpt lat="42.647423995658755" lon="0.044703958556056">
        <ele>2184</ele>
      </trkpt>
      <trkpt lat="42.647415027022362" lon="0.044748969376087">
        <ele>2182</ele>
      </trkpt>
      <trkpt lat="42.647345960140228" lon="0.044791968539357">
        <ele>2180</ele>
      </trkpt>
      <trkpt lat="42.647248981520534" lon="0.044830022379756">
        <ele>2180</ele>
      </trkpt>
      <trkpt lat="42.647150997072458" lon="0.044887019321322">
        <ele>2180</ele>
      </trkpt>
      <trkpt lat="42.647082014009356" lon="0.044943010434508">
        <ele>2181</ele>
      </trkpt>
      <trkpt lat="42.647041026502848" lon="0.044963965192437">
        <ele>2180</ele>
      </trkpt>
      <trkpt lat="42.647024011239409" lon="0.04498902708292">
        <ele>2179</ele>
      </trkpt>
      <trkpt lat="42.646946981549263" lon="0.045009981840849">
        <ele>2181</ele>
      </trkpt>
      <trkpt lat="42.646930972114205" lon="0.045058010146022">
        <ele>2180</ele>
      </trkpt>
      <trkpt lat="42.646919991821051" lon="0.045091034844518">
        <ele>2178</ele>
      </trkpt>
      <trkpt lat="42.646897025406361" lon="0.045090029016137">
        <ele>2177</ele>
      </trkpt>
      <trkpt lat="42.646831981837749" lon="0.04511802457273">
        <ele>2177</ele>
      </trkpt>
      <trkpt lat="42.646803986281157" lon="0.045145014300942">
        <ele>2176</ele>
      </trkpt>
      <trkpt lat="42.646826030686498" lon="0.045158006250858">
        <ele>2176</ele>
      </trkpt>
      <trkpt lat="42.646841034293175" lon="0.045206034556031">
        <ele>2175</ele>
      </trkpt>
      <trkpt lat="42.646847991272807" lon="0.045208968222141">
        <ele>2175</ele>
      </trkpt>
      <trkpt lat="42.646851008757949" lon="0.045218020677567">
        <ele>2174</ele>
      </trkpt>
      <trkpt lat="42.646867018193007" lon="0.045224977657199">
        <ele>2175</ele>
      </trkpt>
      <trkpt lat="42.646879004314542" lon="0.045255990698934">
        <ele>2175</ele>
      </trkpt>
      <trkpt lat="42.646884033456445" lon="0.045251967385411">
        <ele>2175</ele>
      </trkpt>
      <trkpt lat="42.646912029013038" lon="0.045259008184075">
        <ele>2175</ele>
      </trkpt>
      <trkpt lat="42.646928960457444" lon="0.045240987092257">
        <ele>2175</ele>
      </trkpt>
      <trkpt lat="42.646949999034405" lon="0.045252973213792">
        <ele>2175</ele>
      </trkpt>
      <trkpt lat="42.646957961842418" lon="0.045264959335327">
        <ele>2175</ele>
      </trkpt>
      <trkpt lat="42.647012025117874" lon="0.045255990698934">
        <ele>2163</ele>
      </trkpt>
      <trkpt lat="42.647045971825719" lon="0.045250039547682">
        <ele>2163</ele>
      </trkpt>
      <trkpt lat="42.647035997360945" lon="0.045245010405779">
        <ele>2163</ele>
      </trkpt>
      <trkpt lat="42.647008001804352" lon="0.045285997912288">
        <ele>2162</ele>
      </trkpt>
      <trkpt lat="42.647087965160608" lon="0.045307958498597">
        <ele>2148</ele>
      </trkpt>
      <trkpt lat="42.647092994302511" lon="0.045346012338996">
        <ele>2145</ele>
      </trkpt>
      <trkpt lat="42.647098023444414" lon="0.045366967096925">
        <ele>2144</ele>
      </trkpt>
      <trkpt lat="42.647107997909188" lon="0.045446008443832">
        <ele>2143</ele>
      </trkpt>
      <trkpt lat="42.647063992917538" lon="0.045633008703589">
        <ele>2142</ele>
      </trkpt>
      <trkpt lat="42.647029962390661" lon="0.04565698094666">
        <ele>2141</ele>
      </trkpt>
      <trkpt lat="42.647010013461113" lon="0.045714983716607">
        <ele>2140</ele>
      </trkpt>
      <trkpt lat="42.646900964900851" lon="0.045845992863178">
        <ele>2138</ele>
      </trkpt>
      <trkpt lat="42.646860983222723" lon="0.045889997854829">
        <ele>2138</ele>
      </trkpt>
      <trkpt lat="42.646799962967634" lon="0.045940959826112">
        <ele>2137</ele>
      </trkpt>
      <trkpt lat="42.646787976846099" lon="0.045969039201736">
        <ele>2136</ele>
      </trkpt>
      <trkpt lat="42.646769033744931" lon="0.04599804058671">
        <ele>2136</ele>
      </trkpt>
      <trkpt lat="42.646683035418391" lon="0.046186968684196">
        <ele>2133</ele>
      </trkpt>
      <trkpt lat="42.646672977134585" lon="0.04621597006917">
        <ele>2133</ele>
      </trkpt>
      <trkpt lat="42.646664008498192" lon="0.046274978667498">
        <ele>2133</ele>
      </trkpt>
      <trkpt lat="42.646608017385006" lon="0.046372963115573">
        <ele>2131</ele>
      </trkpt>
      <trkpt lat="42.646548002958298" lon="0.046432977542281">
        <ele>2130</ele>
      </trkpt>
      <trkpt lat="42.646502992138267" lon="0.046629030257463">
        <ele>2129</ele>
      </trkpt>
      <trkpt lat="42.646497040987015" lon="0.046662976965308">
        <ele>2130</ele>
      </trkpt>
      <trkpt lat="42.646450018510222" lon="0.046799015253782">
        <ele>2129</ele>
      </trkpt>
      <trkpt lat="42.646454041823745" lon="0.04683799110353">
        <ele>2127</ele>
      </trkpt>
      <trkpt lat="42.64642596244812" lon="0.046898005530238">
        <ele>2126</ele>
      </trkpt>
      <trkpt lat="42.646430991590023" lon="0.04694402217865">
        <ele>2124</ele>
      </trkpt>
      <trkpt lat="42.646430991590023" lon="0.046939998865128">
        <ele>2123</ele>
      </trkpt>
      <trkpt lat="42.646434009075165" lon="0.04696698859334">
        <ele>2122</ele>
      </trkpt>
      <trkpt lat="42.646421017125249" lon="0.0469880271703">
        <ele>2121</ele>
      </trkpt>
      <trkpt lat="42.646398972719908" lon="0.047042006626725">
        <ele>2120</ele>
      </trkpt>
      <trkpt lat="42.646396039053798" lon="0.04711601883173">
        <ele>2120</ele>
      </trkpt>
      <trkpt lat="42.646368965506554" lon="0.047192964702845">
        <ele>2116</ele>
      </trkpt>
      <trkpt lat="42.646324038505554" lon="0.04724501632154">
        <ele>2111</ele>
      </trkpt>
      <trkpt lat="42.646284978836775" lon="0.047315005213022">
        <ele>2108</ele>
      </trkpt>
      <trkpt lat="42.64625295996666" lon="0.047372002154589">
        <ele>2105</ele>
      </trkpt>
      <trkpt lat="42.646224964410067" lon="0.04743997938931">
        <ele>2100</ele>
      </trkpt>
      <trkpt lat="42.64621096663177" lon="0.04750401712954">
        <ele>2093</ele>
      </trkpt>
      <trkpt lat="42.646203003823757" lon="0.047570988535881">
        <ele>2091</ele>
      </trkpt>
      <trkpt lat="42.64618800021708" lon="0.04767601378262">
        <ele>2088</ele>
      </trkpt>
      <trkpt lat="42.646191017702222" lon="0.047768969088793">
        <ele>2085</ele>
      </trkpt>
      <trkpt lat="42.646157993003726" lon="0.047876005992293">
        <ele>2079</ele>
      </trkpt>
      <trkpt lat="42.646158998832107" lon="0.047962004318833">
        <ele>2078</ele>
      </trkpt>
      <trkpt lat="42.646147012710571" lon="0.04804003983736">
        <ele>2077</ele>
      </trkpt>
      <trkpt lat="42.64612203463912" lon="0.048187980428338">
        <ele>2076</ele>
      </trkpt>
      <trkpt lat="42.646061014384031" lon="0.048291999846697">
        <ele>2075</ele>
      </trkpt>
      <trkpt lat="42.645998988300562" lon="0.048412028700113">
        <ele>2074</ele>
      </trkpt>
      <trkpt lat="42.645932016894221" lon="0.048514036461711">
        <ele>2073</ele>
      </trkpt>
      <trkpt lat="42.645925981923938" lon="0.048517975956202">
        <ele>2072</ele>
      </trkpt>
      <trkpt lat="42.645836966112256" lon="0.048632975667715">
        <ele>2069</ele>
      </trkpt>
      <trkpt lat="42.645824979990721" lon="0.048666000366211">
        <ele>2069</ele>
      </trkpt>
      <trkpt lat="42.645808970555663" lon="0.04870698787272">
        <ele>2067</ele>
      </trkpt>
      <trkpt lat="42.645753985270858" lon="0.048799021169543">
        <ele>2065</ele>
      </trkpt>
      <trkpt lat="42.64569397084415" lon="0.048915026709437">
        <ele>2061</ele>
      </trkpt>
      <trkpt lat="42.64562800526619" lon="0.049085011705756">
        <ele>2059</ele>
      </trkpt>
      <trkpt lat="42.645578971132636" lon="0.049240998923779">
        <ele>2055</ele>
      </trkpt>
      <trkpt lat="42.645554998889565" lon="0.049344012513757">
        <ele>2055</ele>
      </trkpt>
      <trkpt lat="42.645558016374707" lon="0.049383994191885">
        <ele>2055</ele>
      </trkpt>
      <trkpt lat="42.645513005554676" lon="0.0495679769665">
        <ele>2053</ele>
      </trkpt>
      <trkpt lat="42.645503031089902" lon="0.04960997030139">
        <ele>2052</ele>
      </trkpt>
      <trkpt lat="42.645487021654844" lon="0.04969596862793">
        <ele>2053</ele>
      </trkpt>
      <trkpt lat="42.645486015826464" lon="0.04973603412509">
        <ele>2053</ele>
      </trkpt>
      <trkpt lat="42.645373027771711" lon="0.049864025786519">
        <ele>2053</ele>
      </trkpt>
      <trkpt lat="42.645354000851512" lon="0.049895038828254">
        <ele>2053</ele>
      </trkpt>
      <trkpt lat="42.645322987809777" lon="0.050007021054626">
        <ele>2053</ele>
      </trkpt>
      <trkpt lat="42.645303960889578" lon="0.050090001896024">
        <ele>2053</ele>
      </trkpt>
      <trkpt lat="42.645293986424804" lon="0.050111962482333">
        <ele>2053</ele>
      </trkpt>
      <trkpt lat="42.645302033051848" lon="0.050245989114046">
        <ele>2052</ele>
      </trkpt>
      <trkpt lat="42.645309995859861" lon="0.050250012427568">
        <ele>2051</ele>
      </trkpt>
      <trkpt lat="42.645383002236485" lon="0.050266021862626">
        <ele>2048</ele>
      </trkpt>
      <trkpt lat="42.645424995571375" lon="0.050302986055613">
        <ele>2047</ele>
      </trkpt>
      <trkpt lat="42.645438993349671" lon="0.050307009369135">
        <ele>2047</ele>
      </trkpt>
      <trkpt lat="42.645467994734645" lon="0.050290999934077">
        <ele>2049</ele>
      </trkpt>
      <trkpt lat="42.645491966977715" lon="0.050293011590838">
        <ele>2047</ele>
      </trkpt>
      <trkpt lat="42.645491966977715" lon="0.050280019640923">
        <ele>2044</ele>
      </trkpt>
      <trkpt lat="42.645505964756012" lon="0.050267027691007">
        <ele>2042</ele>
      </trkpt>
      <trkpt lat="42.645558016374707" lon="0.050246994942427">
        <ele>2043</ele>
      </trkpt>
      <trkpt lat="42.645567990839481" lon="0.050228973850608">
        <ele>2043</ele>
      </trkpt>
      <trkpt lat="42.645573019981384" lon="0.050207013264298">
        <ele>2039</ele>
      </trkpt>
      <trkpt lat="42.645584000274539" lon="0.050184968858957">
        <ele>2036</ele>
      </trkpt>
      <trkpt lat="42.645595986396074" lon="0.050174994394183">
        <ele>2032</ele>
      </trkpt>
      <trkpt lat="42.645645020529628" lon="0.050151022151113">
        <ele>2029</ele>
      </trkpt>
      <trkpt lat="42.645677039399743" lon="0.050122020766139">
        <ele>2028</ele>
      </trkpt>
      <trkpt lat="42.645709980279207" lon="0.050084972754121">
        <ele>2026</ele>
      </trkpt>
      <trkpt lat="42.645749961957335" lon="0.050031999126077">
        <ele>2023</ele>
      </trkpt>
      <trkpt lat="42.645768988877535" lon="0.050031999126077">
        <ele>2021</ele>
      </trkpt>
      <trkpt lat="42.64582397416234" lon="0.050033004954457">
        <ele>2019</ele>
      </trkpt>
      <trkpt lat="42.645849036052823" lon="0.050066029652953">
        <ele>2018</ele>
      </trkpt>
      <trkpt lat="42.6459089666605" lon="0.050105005502701">
        <ele>2015</ele>
      </trkpt>
      <trkpt lat="42.64597300440073" lon="0.050095031037927">
        <ele>2013</ele>
      </trkpt>
      <trkpt lat="42.646005023270845" lon="0.05012696608901">
        <ele>2009</ele>
      </trkpt>
      <trkpt lat="42.646061014384031" lon="0.050101988017559">
        <ele>2009</ele>
      </trkpt>
      <trkpt lat="42.646091021597385" lon="0.050091007724404">
        <ele>2008</ele>
      </trkpt>
      <trkpt lat="42.64614399522543" lon="0.050137024372816">
        <ele>2005</ele>
      </trkpt>
      <trkpt lat="42.646138966083527" lon="0.050248000770807">
        <ele>2004</ele>
      </trkpt>
      <trkpt lat="42.646093033254147" lon="0.050327964127064">
        <ele>2000</ele>
      </trkpt>
      <trkpt lat="42.646094961091876" lon="0.050423014909029">
        <ele>1997</ele>
      </trkpt>
      <trkpt lat="42.64608096331358" lon="0.050518987700343">
        <ele>1993</ele>
      </trkpt>
      <trkpt lat="42.646070988848805" lon="0.050534997135401">
        <ele>1989</ele>
      </trkpt>
      <trkpt lat="42.646112982183695" lon="0.050557963550091">
        <ele>1989</ele>
      </trkpt>
      <trkpt lat="42.646125974133611" lon="0.050585037097335">
        <ele>1989</ele>
      </trkpt>
      <trkpt lat="42.646152963861823" lon="0.050601968541741">
        <ele>1990</ele>
      </trkpt>
      <trkpt lat="42.646241979673505" lon="0.050600962713361">
        <ele>1988</ele>
      </trkpt>
      <trkpt lat="42.646232005208731" lon="0.050557041540742">
        <ele>1974</ele>
      </trkpt>
      <trkpt lat="42.646269975230098" lon="0.050551006570458">
        <ele>1973</ele>
      </trkpt>
      <trkpt lat="42.646318003535271" lon="0.050518987700343">
        <ele>1973</ele>
      </trkpt>
      <trkpt lat="42.646311968564987" lon="0.05053399130702">
        <ele>1971</ele>
      </trkpt>
      <trkpt lat="42.646242985501885" lon="0.050556035712361">
        <ele>1967</ele>
      </trkpt>
      <trkpt lat="42.646112982183695" lon="0.050589982420206">
        <ele>1957</ele>
      </trkpt>
      <trkpt lat="42.646108036860824" lon="0.050585959106684">
        <ele>1957</ele>
      </trkpt>
      <trkpt lat="42.64605900272727" lon="0.050583025440574">
        <ele>1956</ele>
      </trkpt>
      <trkpt lat="42.64599303714931" lon="0.050669023767114">
        <ele>1956</ele>
      </trkpt>
      <trkpt lat="42.645939979702234" lon="0.050710011273623">
        <ele>1957</ele>
      </trkpt>
      <trkpt lat="42.645890023559332" lon="0.050710011273623">
        <ele>1957</ele>
      </trkpt>
      <trkpt lat="42.645939979702234" lon="0.050740018486977">
        <ele>1959</ele>
      </trkpt>
      <trkpt lat="42.645895974710584" lon="0.050758039578795">
        <ele>1959</ele>
      </trkpt>
      <trkpt lat="42.645833026617765" lon="0.050814030691981">
        <ele>1960</ele>
      </trkpt>
      <trkpt lat="42.645751973614097" lon="0.050859041512012">
        <ele>1960</ele>
      </trkpt>
      <trkpt lat="42.645687013864517" lon="0.050917966291308">
        <ele>1960</ele>
      </trkpt>
      <trkpt lat="42.645639991387725" lon="0.050959959626198">
        <ele>1960</ele>
      </trkpt>
      <trkpt lat="42.645593974739313" lon="0.050999019294977">
        <ele>1959</ele>
      </trkpt>
      <trkpt lat="42.645559022203088" lon="0.051047969609499">
        <ele>1958</ele>
      </trkpt>
      <trkpt lat="42.645515017211437" lon="0.051080994307995">
        <ele>1956</ele>
      </trkpt>
      <trkpt lat="42.645476963371038" lon="0.051142014563084">
        <ele>1956</ele>
      </trkpt>
      <trkpt lat="42.645474029704928" lon="0.051203034818172">
        <ele>1956</ele>
      </trkpt>
      <trkpt lat="42.645439999178052" lon="0.051231030374765">
        <ele>1955</ele>
      </trkpt>
      <trkpt lat="42.645447039976716" lon="0.05130797624588">
        <ele>1952</ele>
      </trkpt>
      <trkpt lat="42.645422983914614" lon="0.051345024257898">
        <ele>1950</ele>
      </trkpt>
      <trkpt lat="42.645386019721627" lon="0.051379976794124">
        <ele>1949</ele>
      </trkpt>
      <trkpt lat="42.645366992801428" lon="0.051453988999128">
        <ele>1947</ele>
      </trkpt>
      <trkpt lat="42.645344026386738" lon="0.051529007032514">
        <ele>1944</ele>
      </trkpt>
      <trkpt lat="42.645314019173384" lon="0.051578963175416">
        <ele>1943</ele>
      </trkpt>
      <trkpt lat="42.645271020010114" lon="0.051631014794111">
        <ele>1941</ele>
      </trkpt>
      <trkpt lat="42.645243024453521" lon="0.051693040877581">
        <ele>1939</ele>
      </trkpt>
      <trkpt lat="42.645203964784741" lon="0.051764035597444">
        <ele>1934</ele>
      </trkpt>
      <trkpt lat="42.645215028896928" lon="0.051827989518642">
        <ele>1933</ele>
      </trkpt>
      <trkpt lat="42.645201031118631" lon="0.051875011995435">
        <ele>1931</ele>
      </trkpt>
      <trkpt lat="42.645202036947012" lon="0.051896972581744">
        <ele>1930</ele>
      </trkpt>
      <trkpt lat="42.645171023905277" lon="0.051937960088253">
        <ele>1926</ele>
      </trkpt>
      <trkpt lat="42.645171023905277" lon="0.052020018920302">
        <ele>1923</ele>
      </trkpt>
      <trkpt lat="42.645185021683574" lon="0.052061006426811">
        <ele>1920</ele>
      </trkpt>
      <trkpt lat="42.645206982269883" lon="0.052083972841501">
        <ele>1921</ele>
      </trkpt>
      <trkpt lat="42.645213017240167" lon="0.052127977833152">
        <ele>1921</ele>
      </trkpt>
      <trkpt lat="42.645202958956361" lon="0.052180029451847">
        <ele>1920</ele>
      </trkpt>
      <trkpt lat="42.645184015855193" lon="0.052262004464865">
        <ele>1916</ele>
      </trkpt>
      <trkpt lat="42.645208993926644" lon="0.052282037213445">
        <ele>1913</ele>
      </trkpt>
      <trkpt lat="42.645232966169715" lon="0.052297962829471">
        <ele>1911</ele>
      </trkpt>
      <trkpt lat="42.645247969776392" lon="0.052317995578051">
        <ele>1911</ele>
      </trkpt>
      <trkpt lat="42.645231960341334" lon="0.052373986691236">
        <ele>1910</ele>
      </trkpt>
      <trkpt lat="42.645246963948011" lon="0.052449004724622">
        <ele>1908</ele>
      </trkpt>
      <trkpt lat="42.645197007805109" lon="0.052537014707923">
        <ele>1904</ele>
      </trkpt>
      <trkpt lat="42.645106986165047" lon="0.052616978064179">
        <ele>1899</ele>
      </trkpt>
      <trkpt lat="42.645067004486918" lon="0.052648996934295">
        <ele>1895</ele>
      </trkpt>
      <trkpt lat="42.645088965073228" lon="0.052675986662507">
        <ele>1896</ele>
      </trkpt>
      <trkpt lat="42.645154008641839" lon="0.052677998319268">
        <ele>1896</ele>
      </trkpt>
      <trkpt lat="42.645146967843175" lon="0.052704988047481">
        <ele>1894</ele>
      </trkpt>
      <trkpt lat="42.645180998370051" lon="0.052711023017764">
        <ele>1894</ele>
      </trkpt>
      <trkpt lat="42.645196001976728" lon="0.052732983604074">
        <ele>1894</ele>
      </trkpt>
      <trkpt lat="42.645191978663206" lon="0.052736001089215">
        <ele>1899</ele>
      </trkpt>
      <trkpt lat="42.645215028896928" lon="0.052770031616092">
        <ele>1901</ele>
      </trkpt>
      <trkpt lat="42.645203964784741" lon="0.052823005244136">
        <ele>1899</ele>
      </trkpt>
      <trkpt lat="42.645191978663206" lon="0.052849994972348">
        <ele>1898</ele>
      </trkpt>
      <trkpt lat="42.645131964236498" lon="0.052916966378689">
        <ele>1895</ele>
      </trkpt>
      <trkpt lat="42.645130958408117" lon="0.052997013553977">
        <ele>1896</ele>
      </trkpt>
      <trkpt lat="42.645107991993427" lon="0.053105978295207">
        <ele>1896</ele>
      </trkpt>
      <trkpt lat="42.645060969516635" lon="0.053186025470495">
        <ele>1896</ele>
      </trkpt>
      <trkpt lat="42.645014030858874" lon="0.053289039060473">
        <ele>1897</ele>
      </trkpt>
      <trkpt lat="42.644933983683586" lon="0.053392974659801">
        <ele>1897</ele>
      </trkpt>
      <trkpt lat="42.644867012277246" lon="0.053479978814721">
        <ele>1897</ele>
      </trkpt>
      <trkpt lat="42.644804986193776" lon="0.053554996848106">
        <ele>1898</ele>
      </trkpt>
      <trkpt lat="42.644743965938687" lon="0.053633032366633">
        <ele>1900</ele>
      </trkpt>
      <trkpt lat="42.64472502283752" lon="0.053764963522553">
        <ele>1899</ele>
      </trkpt>
      <trkpt lat="42.644690992310643" lon="0.0538419932127">
        <ele>1897</ele>
      </trkpt>
      <trkpt lat="42.644644975662231" lon="0.053891027346253">
        <ele>1895</ele>
      </trkpt>
      <trkpt lat="42.644650004804134" lon="0.053979959338903">
        <ele>1894</ele>
      </trkpt>
      <trkpt lat="42.644635001197457" lon="0.054136030375957">
        <ele>1893</ele>
      </trkpt>
      <trkpt lat="42.6445999648422" lon="0.05420702509582">
        <ele>1891</ele>
      </trkpt>
      <trkpt lat="42.644601976498961" lon="0.054222028702497">
        <ele>1891</ele>
      </trkpt>
      <trkpt lat="42.644601976498961" lon="0.054368041455746">
        <ele>1889</ele>
      </trkpt>
      <trkpt lat="42.64457699842751" lon="0.054481029510498">
        <ele>1886</ele>
      </trkpt>
      <trkpt lat="42.644585967063904" lon="0.054543977603316">
        <ele>1886</ele>
      </trkpt>
      <trkpt lat="42.644586972892284" lon="0.054650008678436">
        <ele>1884</ele>
      </trkpt>
      <trkpt lat="42.644569035619497" lon="0.054742963984609">
        <ele>1881</ele>
      </trkpt>
      <trkpt lat="42.644518995657563" lon="0.054815970361233">
        <ele>1880</ele>
      </trkpt>
      <trkpt lat="42.644482031464577" lon="0.054858969524503">
        <ele>1879</ele>
      </trkpt>
      <trkpt lat="42.644432997331023" lon="0.054868021979928">
        <ele>1876</ele>
      </trkpt>
      <trkpt lat="42.644368037581444" lon="0.05491797812283">
        <ele>1875</ele>
      </trkpt>
      <trkpt lat="42.644320009276271" lon="0.054947985336185">
        <ele>1873</ele>
      </trkpt>
      <trkpt lat="42.644278015941381" lon="0.054967012256384">
        <ele>1871</ele>
      </trkpt>
      <trkpt lat="42.644249014556408" lon="0.055016968399286">
        <ele>1870</ele>
      </trkpt>
      <trkpt lat="42.644273992627859" lon="0.055011017248034">
        <ele>1869</ele>
      </trkpt>
      <trkpt lat="42.644204003736377" lon="0.05504697561264">
        <ele>1867</ele>
      </trkpt>
      <trkpt lat="42.644151030108333" lon="0.055072037503123">
        <ele>1865</ele>
      </trkpt>
      <trkpt lat="42.644130997359753" lon="0.055081006139517">
        <ele>1863</ele>
      </trkpt>
      <trkpt lat="42.644089004024863" lon="0.055143032222986">
        <ele>1860</ele>
      </trkpt>
      <trkpt lat="42.644048016518354" lon="0.055198017507792">
        <ele>1857</ele>
      </trkpt>
      <trkpt lat="42.644009962677956" lon="0.055202962830663">
        <ele>1856</ele>
      </trkpt>
      <trkpt lat="42.643925976008177" lon="0.055243028327823">
        <ele>1854</ele>
      </trkpt>
      <trkpt lat="42.643856992945075" lon="0.055284015834332">
        <ele>1849</ele>
      </trkpt>
      <trkpt lat="42.643758002668619" lon="0.055383006110787">
        <ele>1845</ele>
      </trkpt>
      <trkpt lat="42.643699999898672" lon="0.055455006659031">
        <ele>1842</ele>
      </trkpt>
      <trkpt lat="42.643682984635234" lon="0.055512003600597">
        <ele>1840</ele>
      </trkpt>
      <trkpt lat="42.643697988241911" lon="0.055590961128473">
        <ele>1839</ele>
      </trkpt>
      <trkpt lat="42.64367401599884" lon="0.055615017190576">
        <ele>1835</ele>
      </trkpt>
      <trkpt lat="42.643670998513699" lon="0.055623985826969">
        <ele>1832</ele>
      </trkpt>
      <trkpt lat="42.64365297742188" lon="0.055606970563531">
        <ele>1827</ele>
      </trkpt>
      <trkpt lat="42.643592040985823" lon="0.055620968341827">
        <ele>1824</ele>
      </trkpt>
      <trkpt lat="42.643579971045256" lon="0.055623985826969">
        <ele>1823</ele>
      </trkpt>
      <trkpt lat="42.643557004630566" lon="0.055611999705434">
        <ele>1823</ele>
      </trkpt>
      <trkpt lat="42.643510987982154" lon="0.055586015805602">
        <ele>1823</ele>
      </trkpt>
      <trkpt lat="42.643476035445929" lon="0.055570006370544">
        <ele>1820</ele>
      </trkpt>
      <trkpt lat="42.643443010747433" lon="0.055563971400261">
        <ele>1820</ele>
      </trkpt>
      <trkpt lat="42.643381990492344" lon="0.055504962801933">
        <ele>1818</ele>
      </trkpt>
      <trkpt lat="42.643344020470977" lon="0.0555619597435">
        <ele>1813</ele>
      </trkpt>
      <trkpt lat="42.643345026299357" lon="0.055619962513447">
        <ele>1813</ele>
      </trkpt>
      <trkpt lat="42.643332034349442" lon="0.055628009140491">
        <ele>1809</ele>
      </trkpt>
      <trkpt lat="42.643306972458959" lon="0.055644018575549">
        <ele>1808</ele>
      </trkpt>
      <trkpt lat="42.643295992165804" lon="0.055681988596916">
        <ele>1807</ele>
      </trkpt>
      <trkpt lat="42.643304960802197" lon="0.05573496222496">
        <ele>1806</ele>
      </trkpt>
      <trkpt lat="42.643302027136087" lon="0.055875023826957">
        <ele>1803</ele>
      </trkpt>
      <trkpt lat="42.64328601770103" lon="0.055987006053329">
        <ele>1801</ele>
      </trkpt>
      <trkpt lat="42.643280988559127" lon="0.05607501603663">
        <ele>1800</ele>
      </trkpt>
      <trkpt lat="42.643290041014552" lon="0.056190015748143">
        <ele>1802</ele>
      </trkpt>
      <trkpt lat="42.643304038792849" lon="0.056292023509741">
        <ele>1804</ele>
      </trkpt>
      <trkpt lat="42.643273025751114" lon="0.056311972439289">
        <ele>1806</ele>
      </trkpt>
      <trkpt lat="42.643234971910715" lon="0.056490004062653">
        <ele>1800</ele>
      </trkpt>
      <trkpt lat="42.643197001889348" lon="0.056583965197206">
        <ele>1795</ele>
      </trkpt>
      <trkpt lat="42.643171017989516" lon="0.056669963523746">
        <ele>1793</ele>
      </trkpt>
      <trkpt lat="42.643148973584175" lon="0.056818993762136">
        <ele>1792</ele>
      </trkpt>
      <trkpt lat="42.64316095970571" lon="0.056983027607203">
        <ele>1793</ele>
      </trkpt>
      <trkpt lat="42.643164983019233" lon="0.057057961821556">
        <ele>1793</ele>
      </trkpt>
      <trkpt lat="42.643189039081335" lon="0.057125017046928">
        <ele>1791</ele>
      </trkpt>
      <trkpt lat="42.64318099245429" lon="0.057223001495004">
        <ele>1792</ele>
      </trkpt>
      <trkpt lat="42.643188033252954" lon="0.057261977344751">
        <ele>1792</ele>
      </trkpt>
      <trkpt lat="42.64316095970571" lon="0.05732299759984">
        <ele>1791</ele>
      </trkpt>
      <trkpt lat="42.643148973584175" lon="0.057397009804845">
        <ele>1792</ele>
      </trkpt>
      <trkpt lat="42.643146961927414" lon="0.057426011189818">
        <ele>1791</ele>
      </trkpt>
      <trkpt lat="42.643053000792861" lon="0.057555008679628">
        <ele>1790</ele>
      </trkpt>
      <trkpt lat="42.643058029934764" lon="0.057719964534044">
        <ele>1792</ele>
      </trkpt>
      <trkpt lat="42.64311796054244" lon="0.057714013382792">
        <ele>1793</ele>
      </trkpt>
      <trkpt lat="42.643121983855963" lon="0.057747038081288">
        <ele>1793</ele>
      </trkpt>
      <trkpt lat="42.643175963312387" lon="0.057789031416178">
        <ele>1794</ele>
      </trkpt>
      <trkpt lat="42.643216028809547" lon="0.057782996445894">
        <ele>1795</ele>
      </trkpt>
      <trkpt lat="42.643256010487676" lon="0.057775033637881">
        <ele>1795</ele>
      </trkpt>
      <trkpt lat="42.643315019086003" lon="0.057790959253907">
        <ele>1795</ele>
      </trkpt>
      <trkpt lat="42.643342008814216" lon="0.057821972295642">
        <ele>1795</ele>
      </trkpt>
      <trkpt lat="42.643339997157454" lon="0.057874023914337">
        <ele>1795</ele>
      </trkpt>
      <trkpt lat="42.643396994099021" lon="0.057893972843885">
        <ele>1794</ele>
      </trkpt>
      <trkpt lat="42.643424989655614" lon="0.057893972843885">
        <ele>1791</ele>
      </trkpt>
      <trkpt lat="42.643402023240924" lon="0.057938983663917">
        <ele>1788</ele>
      </trkpt>
      <trkpt lat="42.643418032675982" lon="0.058006038889289">
        <ele>1783</ele>
      </trkpt>
      <trkpt lat="42.643433036282659" lon="0.058033028617501">
        <ele>1776</ele>
      </trkpt>
      <trkpt lat="42.643417026847601" lon="0.058067981153727">
        <ele>1774</ele>
      </trkpt>
      <trkpt lat="42.643421972170472" lon="0.058078961446881">
        <ele>1773</ele>
      </trkpt>
      <trkpt lat="42.643452985212207" lon="0.058097988367081">
        <ele>1769</ele>
      </trkpt>
      <trkpt lat="42.643429012969136" lon="0.05811701528728">
        <ele>1764</ele>
      </trkpt>
      <trkpt lat="42.643432030454278" lon="0.058197984471917">
        <ele>1762</ele>
      </trkpt>
      <trkpt lat="42.643419960513711" lon="0.05822598002851">
        <ele>1759</ele>
      </trkpt>
      <trkpt lat="42.643371010199189" lon="0.058235032483935">
        <ele>1756</ele>
      </trkpt>
      <trkpt lat="42.643362963572145" lon="0.058290017768741">
        <ele>1753</ele>
      </trkpt>
      <trkpt lat="42.643322981894016" lon="0.058331005275249">
        <ele>1749</ele>
      </trkpt>
      <trkpt lat="42.64330898411572" lon="0.058374004438519">
        <ele>1748</ele>
      </trkpt>
      <trkpt lat="42.643312001600862" lon="0.058449022471905">
        <ele>1745</ele>
      </trkpt>
      <trkpt lat="42.643298003822565" lon="0.058519011363387">
        <ele>1743</ele>
      </trkpt>
      <trkpt lat="42.643276965245605" lon="0.058600986376405">
        <ele>1741</ele>
      </trkpt>
      <trkpt lat="42.643255004659295" lon="0.058657983317971">
        <ele>1739</ele>
      </trkpt>
      <trkpt lat="42.643216028809547" lon="0.058650020509958">
        <ele>1735</ele>
      </trkpt>
      <trkpt lat="42.643199013546109" lon="0.058710034936666">
        <ele>1732</ele>
      </trkpt>
      <trkpt lat="42.643126007169485" lon="0.058792009949684">
        <ele>1734</ele>
      </trkpt>
      <trkpt lat="42.643075967207551" lon="0.058864010497928">
        <ele>1732</ele>
      </trkpt>
      <trkpt lat="42.643055012449622" lon="0.058909021317959">
        <ele>1729</ele>
      </trkpt>
      <trkpt lat="42.642957028001547" lon="0.058924024924636">
        <ele>1726</ele>
      </trkpt>
      <trkpt lat="42.642884021624923" lon="0.05891396664083">
        <ele>1724</ele>
      </trkpt>
      <trkpt lat="42.642828030511737" lon="0.058909021317959">
        <ele>1722</ele>
      </trkpt>
      <trkpt lat="42.642829958349466" lon="0.058909021317959">
        <ele>1721</ele>
      </trkpt>
      <trkpt lat="42.642780002206564" lon="0.058849006891251">
        <ele>1720</ele>
      </trkpt>
      <trkpt lat="42.642710013315082" lon="0.058853030204773">
        <ele>1718</ele>
      </trkpt>
      <trkpt lat="42.642700960859656" lon="0.058880019932985">
        <ele>1715</ele>
      </trkpt>
      <trkpt lat="42.642639018595219" lon="0.058950008824468">
        <ele>1714</ele>
      </trkpt>
      <trkpt lat="42.642587972804904" lon="0.058960989117622">
        <ele>1712</ele>
      </trkpt>
      <trkpt lat="42.642584033310413" lon="0.058963000774384">
        <ele>1712</ele>
      </trkpt>
      <trkpt lat="42.642539022490382" lon="0.058979010209441">
        <ele>1709</ele>
      </trkpt>
      <trkpt lat="42.64249300584197" lon="0.058979010209441">
        <ele>1704</ele>
      </trkpt>
      <trkpt lat="42.642461992800236" lon="0.058974986895919">
        <ele>1703</ele>
      </trkpt>
      <trkpt lat="42.642418993636966" lon="0.058974986895919">
        <ele>1702</ele>
      </trkpt>
      <trkpt lat="42.642394015565515" lon="0.059004994109273">
        <ele>1700</ele>
      </trkpt>
      <trkpt lat="42.642378006130457" lon="0.059157041832805">
        <ele>1694</ele>
      </trkpt>
      <trkpt lat="42.642379011958838" lon="0.059237005189061">
        <ele>1693</ele>
      </trkpt>
      <trkpt lat="42.642340958118439" lon="0.059309005737305">
        <ele>1692</ele>
      </trkpt>
      <trkpt lat="42.642326960340142" lon="0.059321997687221">
        <ele>1692</ele>
      </trkpt>
      <trkpt lat="42.642280021682382" lon="0.059389974921942">
        <ele>1691</ele>
      </trkpt>
      <trkpt lat="42.642227970063686" lon="0.059445966035128">
        <ele>1690</ele>
      </trkpt>
      <trkpt lat="42.642205003648996" lon="0.059458035975695">
        <ele>1685</ele>
      </trkpt>
      <trkpt lat="42.642169967293739" lon="0.059459963813424">
        <ele>1687</ele>
      </trkpt>
      <trkpt lat="42.642131997272372" lon="0.059461975470185">
        <ele>1684</ele>
      </trkpt>
      <trkpt lat="42.642030995339155" lon="0.059496005997062">
        <ele>1682</ele>
      </trkpt>
      <trkpt lat="42.642011968418956" lon="0.059488965198398">
        <ele>1682</ele>
      </trkpt>
      <trkpt lat="42.641980033367872" lon="0.059469016268849">
        <ele>1681</ele>
      </trkpt>
      <trkpt lat="42.641960000619292" lon="0.059425011277199">
        <ele>1681</ele>
      </trkpt>
      <trkpt lat="42.641894035041332" lon="0.059389974921942">
        <ele>1678</ele>
      </trkpt>
      <trkpt lat="42.641883976757526" lon="0.059378994628787">
        <ele>1678</ele>
      </trkpt>
      <trkpt lat="42.64186997897923" lon="0.059359967708588">
        <ele>1678</ele>
      </trkpt>
      <trkpt lat="42.641812982037663" lon="0.059362985193729">
        <ele>1677</ele>
      </trkpt>
      <trkpt lat="42.641723966225982" lon="0.059377988800406">
        <ele>1678</ele>
      </trkpt>
      <trkpt lat="42.641627993434668" lon="0.059396009892225">
        <ele>1676</ele>
      </trkpt>
      <trkpt lat="42.641494972631335" lon="0.059418976306915">
        <ele>1672</ele>
      </trkpt>
      <trkpt lat="42.641449039801955" lon="0.059378994628787">
        <ele>1670</ele>
      </trkpt>
      <trkpt lat="42.641372010111809" lon="0.059398021548986">
        <ele>1668</ele>
      </trkpt>
      <trkpt lat="42.641293974593282" lon="0.059431968256831">
        <ele>1666</ele>
      </trkpt>
      <trkpt lat="42.641266984865069" lon="0.059458035975695">
        <ele>1666</ele>
      </trkpt>
      <trkpt lat="42.641215017065406" lon="0.059464992955327">
        <ele>1667</ele>
      </trkpt>
      <trkpt lat="42.641103034839034" lon="0.059411013498902">
        <ele>1667</ele>
      </trkpt>
      <trkpt lat="42.641079984605312" lon="0.059441020712256">
        <ele>1667</ele>
      </trkpt>
      <trkpt lat="42.641054000705481" lon="0.059512015432119">
        <ele>1663</ele>
      </trkpt>
      <trkpt lat="42.641038997098804" lon="0.059502040967345">
        <ele>1662</ele>
      </trkpt>
      <trkpt lat="42.640982000157237" lon="0.059481002390385">
        <ele>1661</ele>
      </trkpt>
      <trkpt lat="42.640970014035702" lon="0.059497011825442">
        <ele>1661</ele>
      </trkpt>
      <trkpt lat="42.640968002378941" lon="0.059562977403402">
        <ele>1661</ele>
      </trkpt>
      <trkpt lat="42.640962973237038" lon="0.059600025415421">
        <ele>1660</ele>
      </trkpt>
      <trkpt lat="42.640913017094135" lon="0.059649981558323">
        <ele>1672</ele>
      </trkpt>
      <trkpt lat="42.640959033742547" lon="0.059742014855146">
        <ele>1672</ele>
      </trkpt>
      <trkpt lat="42.641018964350224" lon="0.059778979048133">
        <ele>1672</ele>
      </trkpt>
      <trkpt lat="42.641101023182273" lon="0.059827007353306">
        <ele>1670</ele>
      </trkpt>
      <trkpt lat="42.641177969053388" lon="0.059895990416408">
        <ele>1670</ele>
      </trkpt>
      <trkpt lat="42.641231026500463" lon="0.059954999014735">
        <ele>1670</ele>
      </trkpt>
      <trkpt lat="42.641337979584932" lon="0.060050971806049">
        <ele>1670</ele>
      </trkpt>
      <trkpt lat="42.641376033425331" lon="0.060033034533262">
        <ele>1675</ele>
      </trkpt>
      <trkpt lat="42.641449961811304" lon="0.060093970969319">
        <ele>1681</ele>
      </trkpt>
      <trkpt lat="42.641487009823322" lon="0.060181980952621">
        <ele>1682</ele>
      </trkpt>
      <trkpt lat="42.64154601842165" lon="0.060278959572315">
        <ele>1682</ele>
      </trkpt>
      <trkpt lat="42.641605027019978" lon="0.060356995090842">
        <ele>1682</ele>
      </trkpt>
      <trkpt lat="42.641665963456035" lon="0.060421032831073">
        <ele>1682</ele>
      </trkpt>
      <trkpt lat="42.641755985096097" lon="0.060527985915542">
        <ele>1682</ele>
      </trkpt>
      <trkpt lat="42.641840977594256" lon="0.060607027262449">
        <ele>1682</ele>
      </trkpt>
      <trkpt lat="42.641939967870712" lon="0.060698976740241">
        <ele>1683</ele>
      </trkpt>
      <trkpt lat="42.642012974247336" lon="0.060794027522206">
        <ele>1683</ele>
      </trkpt>
      <trkpt lat="42.642082963138819" lon="0.060843983665109">
        <ele>1686</ele>
      </trkpt>
      <trkpt lat="42.642145995050669" lon="0.060859993100166">
        <ele>1690</ele>
      </trkpt>
      <trkpt lat="42.642232999205589" lon="0.060894023627043">
        <ele>1693</ele>
      </trkpt>
      <trkpt lat="42.64229997061193" lon="0.060925958678126">
        <ele>1694</ele>
      </trkpt>
      <trkpt lat="42.642369959503412" lon="0.060950014740229">
        <ele>1694</ele>
      </trkpt>
      <trkpt lat="42.642412958666682" lon="0.061009023338556">
        <ele>1695</ele>
      </trkpt>
      <trkpt lat="42.64247003942728" lon="0.061095021665096">
        <ele>1695</ele>
      </trkpt>
      <trkpt lat="42.642537010833621" lon="0.061155958101153">
        <ele>1695</ele>
      </trkpt>
      <trkpt lat="42.642617980018258" lon="0.061252014711499">
        <ele>1695</ele>
      </trkpt>
      <trkpt lat="42.642709007486701" lon="0.061309011653066">
        <ele>1696</ele>
      </trkpt>
      <trkpt lat="42.642782013863325" lon="0.061369026079774">
        <ele>1696</ele>
      </trkpt>
      <trkpt lat="42.642833981662989" lon="0.061466004699469">
        <ele>1697</ele>
      </trkpt>
      <trkpt lat="42.64290296472609" lon="0.061499029397964">
        <ele>1697</ele>
      </trkpt>
      <trkpt lat="42.642962979152799" lon="0.061539011076093">
        <ele>1698</ele>
      </trkpt>
      <trkpt lat="42.643013019114733" lon="0.061611011624336">
        <ele>1701</ele>
      </trkpt>
      <trkpt lat="42.643057024106383" lon="0.061567006632686">
        <ele>1708</ele>
      </trkpt>
      <trkpt lat="42.643089964985847" lon="0.061567006632686">
        <ele>1717</ele>
      </trkpt>
      <trkpt lat="42.643112009391189" lon="0.061612017452717">
        <ele>1718</ele>
      </trkpt>
      <trkpt lat="42.643123995512724" lon="0.06164101883769">
        <ele>1723</ele>
      </trkpt>
      <trkpt lat="42.643143022432923" lon="0.061693992465734">
        <ele>1726</ele>
      </trkpt>
      <trkpt lat="42.643189961090684" lon="0.061733974143863">
        <ele>1726</ele>
      </trkpt>
      <trkpt lat="42.643295992165804" lon="0.061777979135513">
        <ele>1726</ele>
      </trkpt>
      <trkpt lat="42.643376961350441" lon="0.061848973855376">
        <ele>1726</ele>
      </trkpt>
      <trkpt lat="42.64343798160553" lon="0.061913011595607">
        <ele>1726</ele>
      </trkpt>
      <trkpt lat="42.643490033224225" lon="0.061947964131832">
        <ele>1726</ele>
      </trkpt>
      <trkpt lat="42.64352397993207" lon="0.061965985223651">
        <ele>1726</ele>
      </trkpt>
      <trkpt lat="42.643589023500681" lon="0.061993980780244">
        <ele>1726</ele>
      </trkpt>
      <trkpt lat="42.643651971593499" lon="0.06205097772181">
        <ele>1726</ele>
      </trkpt>
      <trkpt lat="42.643705029040575" lon="0.062079979106784">
        <ele>1726</ele>
      </trkpt>
      <trkpt lat="42.643772000446916" lon="0.062104035168886">
        <ele>1726</ele>
      </trkpt>
      <trkpt lat="42.643826985731721" lon="0.062166983261704">
        <ele>1726</ele>
      </trkpt>
      <trkpt lat="42.643869984894991" lon="0.062251975759864">
        <ele>1763</ele>
      </trkpt>
      <trkpt lat="42.643906027078629" lon="0.06230897270143">
        <ele>1769</ele>
      </trkpt>
      <trkpt lat="42.643925976008177" lon="0.062387008219957">
        <ele>1769</ele>
      </trkpt>
      <trkpt lat="42.643969980999827" lon="0.062447022646666">
        <ele>1770</ele>
      </trkpt>
      <trkpt lat="42.644054973497987" lon="0.062497984617949">
        <ele>1771</ele>
      </trkpt>
      <trkpt lat="42.644149018451571" lon="0.062537966296077">
        <ele>1774</ele>
      </trkpt>
      <trkpt lat="42.64421003870666" lon="0.062541989609599">
        <ele>1777</ele>
      </trkpt>
      <trkpt lat="42.644267035648227" lon="0.062509970739484">
        <ele>1783</ele>
      </trkpt>
      <trkpt lat="42.644316991791129" lon="0.062532015144825">
        <ele>1786</ele>
      </trkpt>
      <trkpt lat="42.644354961812496" lon="0.062552969902754">
        <ele>1790</ele>
      </trkpt>
      <trkpt lat="42.644399972632527" lon="0.062579037621617">
        <ele>1792</ele>
      </trkpt>
      <trkpt lat="42.644428974017501" lon="0.062549030408263">
        <ele>1794</ele>
      </trkpt>
      <trkpt lat="42.644480019807816" lon="0.062546012923121">
        <ele>1796</ele>
      </trkpt>
      <trkpt lat="42.644465016201138" lon="0.06258700042963">
        <ele>1799</ele>
      </trkpt>
      <trkpt lat="42.644494017586112" lon="0.062639974057674">
        <ele>1801</ele>
      </trkpt>
      <trkpt lat="42.644559983164072" lon="0.06267199292779">
        <ele>1803</ele>
      </trkpt>
      <trkpt lat="42.6446189917624" lon="0.062686996534467">
        <ele>1803</ele>
      </trkpt>
      <trkpt lat="42.644681017845869" lon="0.062722032889724">
        <ele>1804</ele>
      </trkpt>
      <trkpt lat="42.644695015624166" lon="0.062792021781206">
        <ele>1804</ele>
      </trkpt>
      <trkpt lat="42.644728040322661" lon="0.062851030379534">
        <ele>1807</ele>
      </trkpt>
      <trkpt lat="42.644776990637183" lon="0.062927976250648">
        <ele>1807</ele>
      </trkpt>
      <trkpt lat="42.644815966486931" lon="0.062971981242299">
        <ele>1807</ele>
      </trkpt>
      <trkpt lat="42.644853014498949" lon="0.063002994284034">
        <ele>1808</ele>
      </trkpt>
      <trkpt lat="42.64491998590529" lon="0.063013974577188">
        <ele>1807</ele>
      </trkpt>
      <trkpt lat="42.64496298506856" lon="0.0630790181458">
        <ele>1810</ele>
      </trkpt>
      <trkpt lat="42.645050995051861" lon="0.063164010643959">
        <ele>1813</ele>
      </trkpt>
      <trkpt lat="42.645118972286582" lon="0.063212038949132">
        <ele>1819</ele>
      </trkpt>
      <trkpt lat="42.645165994763374" lon="0.063250008970499">
        <ele>1823</ele>
      </trkpt>
      <trkpt lat="42.645230032503605" lon="0.063284961506724">
        <ele>1827</ele>
      </trkpt>
      <trkpt lat="42.645257022231817" lon="0.063303988426924">
        <ele>1832</ele>
      </trkpt>
      <trkpt lat="42.645302033051848" lon="0.06329501979053">
        <ele>1833</ele>
      </trkpt>
      <trkpt lat="42.64532801695168" lon="0.063450001180172">
        <ele>1836</ele>
      </trkpt>
      <trkpt lat="42.645407980307937" lon="0.063570030033588">
        <ele>1839</ele>
      </trkpt>
      <trkpt lat="42.645463971421123" lon="0.063656028360128">
        <ele>1841</ele>
      </trkpt>
      <trkpt lat="42.64550001360476" lon="0.063714031130075">
        <ele>1844</ele>
      </trkpt>
      <trkpt lat="42.64554200693965" lon="0.063701961189508">
        <ele>1846</ele>
      </trkpt>
      <trkpt lat="42.645574025809765" lon="0.063695004209876">
        <ele>1851</ele>
      </trkpt>
      <trkpt lat="42.645659018307924" lon="0.063714031130075">
        <ele>1855</ele>
      </trkpt>
      <trkpt lat="42.645735964179039" lon="0.063732974231243">
        <ele>1856</ele>
      </trkpt>
      <trkpt lat="42.645772006362677" lon="0.063753006979823">
        <ele>1860</ele>
      </trkpt>
      <trkpt lat="42.645834032446146" lon="0.06376700475812">
        <ele>1863</ele>
      </trkpt>
      <trkpt lat="42.645893963053823" lon="0.063803968951106">
        <ele>1863</ele>
      </trkpt>
      <trkpt lat="42.645916007459164" lon="0.06383003666997">
        <ele>1864</ele>
      </trkpt>
      <trkpt lat="42.645963029935956" lon="0.063862977549434">
        <ele>1864</ele>
      </trkpt>
      <trkpt lat="42.645991025492549" lon="0.06389600224793">
        <ele>1864</ele>
      </trkpt>
      <trkpt lat="42.646008962765336" lon="0.063843028619885">
        <ele>1864</ele>
      </trkpt>
      <trkpt lat="42.646027989685535" lon="0.063843028619885">
        <ele>1867</ele>
      </trkpt>
      <trkpt lat="42.646049028262496" lon="0.06387596949935">
        <ele>1871</ele>
      </trkpt>
      <trkpt lat="42.646055985242128" lon="0.063928021118045">
        <ele>1875</ele>
      </trkpt>
      <trkpt lat="42.646074006333947" lon="0.063946964219213">
        <ele>1876</ele>
      </trkpt>
      <trkpt lat="42.646088004112244" lon="0.06394000723958">
        <ele>1876</ele>
      </trkpt>
      <trkpt lat="42.64607802964747" lon="0.063988035544753">
        <ele>1876</ele>
      </trkpt>
      <trkpt lat="42.646115999668837" lon="0.064023993909359">
        <ele>1875</ele>
      </trkpt>
      <trkpt lat="42.64612496830523" lon="0.064078979194164">
        <ele>1874</ele>
      </trkpt>
      <trkpt lat="42.646139971911907" lon="0.064130024984479">
        <ele>1873</ele>
      </trkpt>
      <trkpt lat="42.646180037409067" lon="0.064109992235899">
        <ele>1872</ele>
      </trkpt>
      <trkpt lat="42.646302999928594" lon="0.064118038862944">
        <ele>1872</ele>
      </trkpt>
      <trkpt lat="42.646410958841443" lon="0.064072022214532">
        <ele>1872</ele>
      </trkpt>
      <trkpt lat="42.646525036543608" lon="0.064075961709023">
        <ele>1872</ele>
      </trkpt>
      <trkpt lat="42.646591002121568" lon="0.064117033034563">
        <ele>1872</ele>
      </trkpt>
      <trkpt lat="42.646680017933249" lon="0.06423999555409">
        <ele>1872</ele>
      </trkpt>
      <trkpt lat="42.646706001833081" lon="0.064286012202501">
        <ele>1872</ele>
      </trkpt>
      <trkpt lat="42.646842962130904" lon="0.064357006922364">
        <ele>1872</ele>
      </trkpt>
      <trkpt lat="42.646957039833069" lon="0.064419033005834">
        <ele>1873</ele>
      </trkpt>
      <trkpt lat="42.647069022059441" lon="0.064546018838882">
        <ele>1873</ele>
      </trkpt>
      <trkpt lat="42.647144962102175" lon="0.064661018550396">
        <ele>1873</ele>
      </trkpt>
      <trkpt lat="42.647246969863772" lon="0.064768977463245">
        <ele>1873</ele>
      </trkpt>
      <trkpt lat="42.647345038130879" lon="0.064897974953055">
        <ele>1873</ele>
      </trkpt>
      <trkpt lat="42.647413015365601" lon="0.065024038776755">
        <ele>1874</ele>
      </trkpt>
      <trkpt lat="42.647462971508503" lon="0.065134009346366">
        <ele>1874</ele>
      </trkpt>
      <trkpt lat="42.64752097427845" lon="0.065184971317649">
        <ele>1874</ele>
      </trkpt>
      <trkpt lat="42.647557016462088" lon="0.065240962430835">
        <ele>1875</ele>
      </trkpt>
      <trkpt lat="42.647623987868428" lon="0.065271975472569">
        <ele>1875</ele>
      </trkpt>
      <trkpt lat="42.647704035043716" lon="0.065313968807459">
        <ele>1875</ele>
      </trkpt>
      <trkpt lat="42.647764971479774" lon="0.065396027639508">
        <ele>1876</ele>
      </trkpt>
      <trkpt lat="42.647810988128185" lon="0.065497029572725">
        <ele>1876</ele>
      </trkpt>
      <trkpt lat="42.64784200116992" lon="0.065521001815796">
        <ele>1877</ele>
      </trkpt>
      <trkpt lat="42.647881982848048" lon="0.065587973222136">
        <ele>1877</ele>
      </trkpt>
      <trkpt lat="42.647918025031686" lon="0.065654022619128">
        <ele>1877</ele>
      </trkpt>
      <trkpt lat="42.647935962304473" lon="0.065671959891915">
        <ele>1877</ele>
      </trkpt>
      <trkpt lat="42.647934034466743" lon="0.065632984042168">
        <ele>1882</ele>
      </trkpt>
      <trkpt lat="42.648018021136522" lon="0.065686963498592">
        <ele>1881</ele>
      </trkpt>
      <trkpt lat="42.648108964785933" lon="0.065762987360358">
        <ele>1883</ele>
      </trkpt>
      <trkpt lat="42.648217007517815" lon="0.065812021493912">
        <ele>1886</ele>
      </trkpt>
      <trkpt lat="42.648219019174576" lon="0.065780002623796">
        <ele>1887</ele>
      </trkpt>
      <trkpt lat="42.648307029157877" lon="0.06587203592062">
        <ele>1889</ele>
      </trkpt>
      <trkpt lat="42.648424962535501" lon="0.065902965143323">
        <ele>1891</ele>
      </trkpt>
      <trkpt lat="42.648512972518802" lon="0.06589500233531">
        <ele>1891</ele>
      </trkpt>
      <trkpt lat="42.648608023300767" lon="0.065861977636814">
        <ele>1896</ele>
      </trkpt>
      <trkpt lat="42.648634007200599" lon="0.065835993736982">
        <ele>1897</ele>
      </trkpt>
      <trkpt lat="42.648711958900094" lon="0.065828030928969">
        <ele>1899</ele>
      </trkpt>
      <trkpt lat="42.648779014125466" lon="0.065840017050505">
        <ele>1903</ele>
      </trkpt>
      <trkpt lat="42.648824024945498" lon="0.06587496958673">
        <ele>1905</ele>
      </trkpt>
      <trkpt lat="42.648860989138484" lon="0.065944036468863">
        <ele>1904</ele>
      </trkpt>
      <trkpt lat="42.648893008008599" lon="0.066017964854836">
        <ele>1906</ele>
      </trkpt>
      <trkpt lat="42.648870041593909" lon="0.066074961796403">
        <ele>1908</ele>
      </trkpt>
      <trkpt lat="42.648899964988232" lon="0.06615299731493">
        <ele>1909</ele>
      </trkpt>
      <trkpt lat="42.648908011615276" lon="0.066177975386381">
        <ele>1912</ele>
      </trkpt>
      <trkpt lat="42.648875992745161" lon="0.066193984821439">
        <ele>1911</ele>
      </trkpt>
      <trkpt lat="42.648845985531807" lon="0.066207982599735">
        <ele>1912</ele>
      </trkpt>
      <trkpt lat="42.64878798276186" lon="0.066240001469851">
        <ele>1911</ele>
      </trkpt>
      <trkpt lat="42.648781025782228" lon="0.066229021176696">
        <ele>1908</ele>
      </trkpt>
      <trkpt lat="42.64878898859024" lon="0.066256010904908">
        <ele>1908</ele>
      </trkpt>
      <trkpt lat="42.648753030225635" lon="0.066242013126612">
        <ele>1909</ele>
      </trkpt>
      <trkpt lat="42.648751018568873" lon="0.066255005076528">
        <ele>1908</ele>
      </trkpt>
      <trkpt lat="42.648739032447338" lon="0.066293980926275">
        <ele>1909</ele>
      </trkpt>
      <trkpt lat="42.648737020790577" lon="0.066304039210081">
        <ele>1906</ele>
      </trkpt>
      <trkpt lat="42.648738026618958" lon="0.066317031159997">
        <ele>1909</ele>
      </trkpt>
      <trkpt lat="42.648742971941829" lon="0.066329017281532">
        <ele>1907</ele>
      </trkpt>
      <trkpt lat="42.648668037727475" lon="0.066378973424435">
        <ele>1907</ele>
      </trkpt>
      <trkpt lat="42.64865898527205" lon="0.066382996737957">
        <ele>1907</ele>
      </trkpt>
      <trkpt lat="42.64863702468574" lon="0.066401017829776">
        <ele>1907</ele>
      </trkpt>
      <trkpt lat="42.648610034957528" lon="0.066391965374351">
        <ele>1908</ele>
      </trkpt>
      <trkpt lat="42.648480031639338" lon="0.066427001729608">
        <ele>1906</ele>
      </trkpt>
      <trkpt lat="42.648395961150527" lon="0.06641099229455">
        <ele>1906</ele>
      </trkpt>
      <trkpt lat="42.648312980309129" lon="0.066405041143298">
        <ele>1906</ele>
      </trkpt>
      <trkpt lat="42.648284984752536" lon="0.066475030034781">
        <ele>1906</ele>
      </trkpt>
      <trkpt lat="42.648269981145859" lon="0.066525992006063">
        <ele>1907</ele>
      </trkpt>
      <trkpt lat="42.648312980309129" lon="0.06660302169621">
        <ele>1910</ele>
      </trkpt>
      <trkpt lat="42.648355979472399" lon="0.06671198643744">
        <ele>1915</ele>
      </trkpt>
      <trkpt lat="42.648418005555868" lon="0.066756997257471">
        <ele>1919</ele>
      </trkpt>
      <trkpt lat="42.648472990840673" lon="0.066789016127586">
        <ele>1925</ele>
      </trkpt>
      <trkpt lat="42.64852998778224" lon="0.066820029169321">
        <ele>1927</ele>
      </trkpt>
      <trkpt lat="42.648601988330483" lon="0.06686202250421">
        <ele>1929</ele>
      </trkpt>
      <trkpt lat="42.648645993322134" lon="0.066875014454126">
        <ele>1934</ele>
      </trkpt>
      <trkpt lat="42.648682035505772" lon="0.066897980868816">
        <ele>1938</ele>
      </trkpt>
      <trkpt lat="42.648740038275719" lon="0.066908961161971">
        <ele>1941</ele>
      </trkpt>
      <trkpt lat="42.648781025782228" lon="0.066937040537596">
        <ele>1943</ele>
      </trkpt>
      <trkpt lat="42.648812960833311" lon="0.066998982802033">
        <ele>1945</ele>
      </trkpt>
      <trkpt lat="42.648837016895413" lon="0.067032007500529">
        <ele>1945</ele>
      </trkpt>
      <trkpt lat="42.648876998573542" lon="0.067060003057122">
        <ele>1947</ele>
      </trkpt>
      <trkpt lat="42.64891798608005" lon="0.067082969471812">
        <ele>1950</ele>
      </trkpt>
      <trkpt lat="42.648999961093068" lon="0.067091016098857">
        <ele>1950</ele>
      </trkpt>
      <trkpt lat="42.649058969691396" lon="0.067101996392012">
        <ele>1950</ele>
      </trkpt>
      <trkpt lat="42.649140022695065" lon="0.067066038027406">
        <ele>1948</ele>
      </trkpt>
      <trkpt lat="42.649240018799901" lon="0.067085986956954">
        <ele>1947</ele>
      </trkpt>
      <trkpt lat="42.649331968277693" lon="0.067118005827069">
        <ele>1947</ele>
      </trkpt>
      <trkpt lat="42.64941000379622" lon="0.067107025533915">
        <ele>1947</ele>
      </trkpt>
      <trkpt lat="42.649471024051309" lon="0.067151030525565">
        <ele>1948</ele>
      </trkpt>
      <trkpt lat="42.649530032649636" lon="0.067176008597016">
        <ele>1948</ele>
      </trkpt>
      <trkpt lat="42.649556016549468" lon="0.067201992496848">
        <ele>1949</ele>
      </trkpt>
      <trkpt lat="42.64960303902626" lon="0.067211966961622">
        <ele>1948</ele>
      </trkpt>
      <trkpt lat="42.649670010432601" lon="0.067219007760286">
        <ele>1947</ele>
      </trkpt>
      <trkpt lat="42.649760032072663" lon="0.067267036065459">
        <ele>1948</ele>
      </trkpt>
      <trkpt lat="42.649803031235933" lon="0.067281033843756">
        <ele>1951</ele>
      </trkpt>
      <trkpt lat="42.649853993207216" lon="0.067242980003357">
        <ele>1951</ele>
      </trkpt>
      <trkpt lat="42.649919036775827" lon="0.067233005538583">
        <ele>1951</ele>
      </trkpt>
      <trkpt lat="42.649981984868646" lon="0.067190006375313">
        <ele>1951</ele>
      </trkpt>
      <trkpt lat="42.650004029273987" lon="0.067218001931906">
        <ele>1952</ele>
      </trkpt>
      <trkpt lat="42.650101007893682" lon="0.067253960296512">
        <ele>1952</ele>
      </trkpt>
      <trkpt lat="42.650221036747098" lon="0.067273993045092">
        <ele>1952</ele>
      </trkpt>
      <trkpt lat="42.650305023416877" lon="0.067315986379981">
        <ele>1952</ele>
      </trkpt>
      <trkpt lat="42.650421028956771" lon="0.067311963066459">
        <ele>1953</ele>
      </trkpt>
      <trkpt lat="42.650525970384479" lon="0.067341970279813">
        <ele>1955</ele>
      </trkpt>
      <trkpt lat="42.650644993409514" lon="0.067336019128561">
        <ele>1956</ele>
      </trkpt>
      <trkpt lat="42.650759993121028" lon="0.06729100830853">
        <ele>1956</ele>
      </trkpt>
      <trkpt lat="42.650894019752741" lon="0.067333001643419">
        <ele>1956</ele>
      </trkpt>
      <trkpt lat="42.650909023359418" lon="0.067366026341915">
        <ele>1970</ele>
      </trkpt>
      <trkpt lat="42.650969037786126" lon="0.067391004413366">
        <ele>1970</ele>
      </trkpt>
      <trkpt lat="42.651095017790794" lon="0.067422017455101">
        <ele>1971</ele>
      </trkpt>
      <trkpt lat="42.651199037209153" lon="0.067416988313198">
        <ele>1972</ele>
      </trkpt>
      <trkpt lat="42.651292998343706" lon="0.067457975819707">
        <ele>1973</ele>
      </trkpt>
      <trkpt lat="42.651410009711981" lon="0.067564006894827">
        <ele>1974</ele>
      </trkpt>
      <trkpt lat="42.651500031352043" lon="0.067662997171283">
        <ele>1975</ele>
      </trkpt>
      <trkpt lat="42.651565996930003" lon="0.067691998556256">
        <ele>1975</ele>
      </trkpt>
      <trkpt lat="42.651592986658216" lon="0.067730974406004">
        <ele>1980</ele>
      </trkpt>
      <trkpt lat="42.65166699886322" lon="0.067811021581292">
        <ele>1981</ele>
      </trkpt>
      <trkpt lat="42.651721984148026" lon="0.067881010472775">
        <ele>1981</ele>
      </trkpt>
      <trkpt lat="42.651768000796437" lon="0.067952005192637">
        <ele>1982</ele>
      </trkpt>
      <trkpt lat="42.651842013001442" lon="0.068011013790965">
        <ele>1982</ele>
      </trkpt>
      <trkpt lat="42.651896998286247" lon="0.068018976598978">
        <ele>1982</ele>
      </trkpt>
      <trkpt lat="42.651939997449517" lon="0.068056024610996">
        <ele>1982</ele>
      </trkpt>
      <trkpt lat="42.651947038248181" lon="0.06808603182435">
        <ele>1985</ele>
      </trkpt>
      <trkpt lat="42.651982996612787" lon="0.068142022937536">
        <ele>1985</ele>
      </trkpt>
      <trkpt lat="42.65203395858407" lon="0.068161971867085">
        <ele>1986</ele>
      </trkpt>
      <trkpt lat="42.652061032131314" lon="0.068187033757567">
        <ele>1991</ele>
      </trkpt>
      <trkpt lat="42.652118029072881" lon="0.068222992122173">
        <ele>1993</ele>
      </trkpt>
      <trkpt lat="42.652151975780725" lon="0.068212011829019">
        <ele>1995</ele>
      </trkpt>
      <trkpt lat="42.65222598798573" lon="0.06823799572885">
        <ele>1996</ele>
      </trkpt>
      <trkpt lat="42.652280973270535" lon="0.068274037912488">
        <ele>2001</ele>
      </trkpt>
      <trkpt lat="42.652344005182385" lon="0.068324999883771">
        <ele>2003</ele>
      </trkpt>
      <trkpt lat="42.652428997680545" lon="0.068360036239028">
        <ele>2006</ele>
      </trkpt>
      <trkpt lat="42.652496974915266" lon="0.06840898655355">
        <ele>2006</ele>
      </trkpt>
      <trkpt lat="42.652572998777032" lon="0.068428013473749">
        <ele>2005</ele>
      </trkpt>
      <trkpt lat="42.652646005153656" lon="0.068453997373581">
        <ele>2006</ele>
      </trkpt>
      <trkpt lat="42.652689004316926" lon="0.068437987938523">
        <ele>2009</ele>
      </trkpt>
      <trkpt lat="42.652706019580364" lon="0.068445028737187">
        <ele>2010</ele>
      </trkpt>
      <trkpt lat="42.652757987380028" lon="0.068465983495116">
        <ele>2012</ele>
      </trkpt>
      <trkpt lat="42.652814984321594" lon="0.068501019850373">
        <ele>2011</ele>
      </trkpt>
      <trkpt lat="42.652857983484864" lon="0.068541001528502">
        <ele>2012</ele>
      </trkpt>
      <trkpt lat="42.65291104093194" lon="0.068591041490436">
        <ele>2012</ele>
      </trkpt>
      <trkpt lat="42.652970971539617" lon="0.068625994026661">
        <ele>2014</ele>
      </trkpt>
      <trkpt lat="42.653008019551635" lon="0.068631023168564">
        <ele>2017</ele>
      </trkpt>
      <trkpt lat="42.653011037036777" lon="0.068628005683422">
        <ele>2016</ele>
      </trkpt>
      <trkpt lat="42.65304297208786" lon="0.068634962663054">
        <ele>2017</ele>
      </trkpt>
      <trkpt lat="42.65308496542275" lon="0.068701012060046">
        <ele>2020</ele>
      </trkpt>
      <trkpt lat="42.653082031756639" lon="0.068735964596272">
        <ele>2024</ele>
      </trkpt>
      <trkpt lat="42.653098963201046" lon="0.068761026486754">
        <ele>2025</ele>
      </trkpt>
      <trkpt lat="42.653141962364316" lon="0.068789022043347">
        <ele>2026</ele>
      </trkpt>
      <trkpt lat="42.653181022033095" lon="0.068810982629657">
        <ele>2027</ele>
      </trkpt>
      <trkpt lat="42.653223015367985" lon="0.068849958479404">
        <ele>2027</ele>
      </trkpt>
      <trkpt lat="42.65327800065279" lon="0.068897986784577">
        <ele>2030</ele>
      </trkpt>
      <trkpt lat="42.653316976502538" lon="0.068918019533157">
        <ele>2032</ele>
      </trkpt>
      <trkpt lat="42.653338015079498" lon="0.068969987332821">
        <ele>2033</ele>
      </trkpt>
      <trkpt lat="42.653356036171317" lon="0.068998988717794">
        <ele>2034</ele>
      </trkpt>
      <trkpt lat="42.653435999527574" lon="0.069027990102768">
        <ele>2041</ele>
      </trkpt>
      <trkpt lat="42.653515040874481" lon="0.069050034508109">
        <ele>2043</ele>
      </trkpt>
      <trkpt lat="42.653577988967299" lon="0.069083981215954">
        <ele>2045</ele>
      </trkpt>
      <trkpt lat="42.653629034757614" lon="0.069122035056353">
        <ele>2047</ele>
      </trkpt>
      <trkpt lat="42.653712015599012" lon="0.069092027842999">
        <ele>2048</ele>
      </trkpt>
      <trkpt lat="42.653808994218707" lon="0.069080963730812">
        <ele>2050</ele>
      </trkpt>
      <trkpt lat="42.653889041393995" lon="0.069103008136153">
        <ele>2054</ele>
      </trkpt>
      <trkpt lat="42.653952995315194" lon="0.069091022014618">
        <ele>2055</ele>
      </trkpt>
      <trkpt lat="42.654007980599999" lon="0.069089010357857">
        <ele>2059</ele>
      </trkpt>
      <trkpt lat="42.654066989198327" lon="0.069089010357857">
        <ele>2061</ele>
      </trkpt>
      <trkpt lat="42.654100013896823" lon="0.069091022014618">
        <ele>2063</ele>
      </trkpt>
      <trkpt lat="42.654159022495151" lon="0.069127986207604">
        <ele>2064</ele>
      </trkpt>
      <trkpt lat="42.654214007779956" lon="0.069165034219623">
        <ele>2065</ele>
      </trkpt>
      <trkpt lat="42.654266981408" lon="0.069172997027636">
        <ele>2066</ele>
      </trkpt>
      <trkpt lat="42.654312998056412" lon="0.06916000507772">
        <ele>2069</ele>
      </trkpt>
      <trkpt lat="42.654337976127863" lon="0.069162016734481">
        <ele>2072</ele>
      </trkpt>
      <trkpt lat="42.654392039403319" lon="0.069179031997919">
        <ele>2075</ele>
      </trkpt>
      <trkpt lat="42.654463034123182" lon="0.069164028391242">
        <ele>2077</ele>
      </trkpt>
      <trkpt lat="42.654546014964581" lon="0.069137960672379">
        <ele>2080</ele>
      </trkpt>
      <trkpt lat="42.654618015512824" lon="0.069134021177888">
        <ele>2080</ele>
      </trkpt>
      <trkpt lat="42.654656991362572" lon="0.069137960672379">
        <ele>2081</ele>
      </trkpt>
      <trkpt lat="42.654724968597293" lon="0.069142989814281">
        <ele>2084</ele>
      </trkpt>
      <trkpt lat="42.654789006337523" lon="0.069155981764197">
        <ele>2086</ele>
      </trkpt>
      <trkpt lat="42.654840974137187" lon="0.06916000507772">
        <ele>2087</ele>
      </trkpt>
      <trkpt lat="42.654905011877418" lon="0.069185988977551">
        <ele>2090</ele>
      </trkpt>
      <trkpt lat="42.654944993555546" lon="0.069189006462693">
        <ele>2093</ele>
      </trkpt>
      <trkpt lat="42.654977012425661" lon="0.069164028391242">
        <ele>2095</ele>
      </trkpt>
      <trkpt lat="42.655016994103789" lon="0.069210967049003">
        <ele>2098</ele>
      </trkpt>
      <trkpt lat="42.655055969953537" lon="0.069236028939486">
        <ele>2099</ele>
      </trkpt>
      <trkpt lat="42.655093017965555" lon="0.069267963990569">
        <ele>2100</ele>
      </trkpt>
      <trkpt lat="42.655120007693768" lon="0.069286990910769">
        <ele>2102</ele>
      </trkpt>
      <trkpt lat="42.65512403100729" lon="0.06930903531611">
        <ele>2105</ele>
      </trkpt>
      <trkpt lat="42.655130987986922" lon="0.069284979254007">
        <ele>2105</ele>
      </trkpt>
      <trkpt lat="42.655140962451696" lon="0.06935203447938">
        <ele>2105</ele>
      </trkpt>
      <trkpt lat="42.655163006857038" lon="0.069394027814269">
        <ele>2107</ele>
      </trkpt>
      <trkpt lat="42.655172981321812" lon="0.069415988400578">
        <ele>2111</ele>
      </trkpt>
      <trkpt lat="42.655150014907122" lon="0.069443983957171">
        <ele>2113</ele>
      </trkpt>
      <trkpt lat="42.655117996037006" lon="0.069486983120441">
        <ele>2113</ele>
      </trkpt>
      <trkpt lat="42.655120007693768" lon="0.069552026689053">
        <ele>2113</ele>
      </trkpt>
      <trkpt lat="42.655172981321812" lon="0.069554038345814">
        <ele>2115</ele>
      </trkpt>
      <trkpt lat="42.655195025727153" lon="0.069583039730787">
        <ele>2117</ele>
      </trkpt>
      <trkpt lat="42.655245987698436" lon="0.069599971175194">
        <ele>2118</ele>
      </trkpt>
      <trkpt lat="42.655283035710454" lon="0.069600977003574">
        <ele>2120</ele>
      </trkpt>
      <trkpt lat="42.655294016003609" lon="0.069626960903406">
        <ele>2122</ele>
      </trkpt>
      <trkpt lat="42.655345983803272" lon="0.069649005308747">
        <ele>2124</ele>
      </trkpt>
      <trkpt lat="42.655376996845007" lon="0.06961103528738">
        <ele>2126</ele>
      </trkpt>
      <trkpt lat="42.655421001836658" lon="0.069655040279031">
        <ele>2129</ele>
      </trkpt>
      <trkpt lat="42.655431982129812" lon="0.06972000002861">
        <ele>2132</ele>
      </trkpt>
      <trkpt lat="42.655453020706773" lon="0.069741038605571">
        <ele>2136</ele>
      </trkpt>
      <trkpt lat="42.655474981293082" lon="0.06980499252677">
        <ele>2138</ele>
      </trkpt>
      <trkpt lat="42.655529966577888" lon="0.069862995296717">
        <ele>2139</ele>
      </trkpt>
      <trkpt lat="42.655560979619622" lon="0.069888979196548">
        <ele>2142</ele>
      </trkpt>
      <trkpt lat="42.655614037066698" lon="0.06995796225965">
        <ele>2143</ele>
      </trkpt>
      <trkpt lat="42.65566298738122" lon="0.069975983351469">
        <ele>2147</ele>
      </trkpt>
      <trkpt lat="42.655741022899747" lon="0.070024011656642">
        <ele>2149</ele>
      </trkpt>
      <trkpt lat="42.655827021226287" lon="0.070074973627925">
        <ele>2151</ele>
      </trkpt>
      <trkpt lat="42.655901033431292" lon="0.07014898583293">
        <ele>2152</ele>
      </trkpt>
      <trkpt lat="42.656001029536128" lon="0.070236995816231">
        <ele>2158</ele>
      </trkpt>
      <trkpt lat="42.656055008992553" lon="0.070283012464643">
        <ele>2162</ele>
      </trkpt>
      <trkpt lat="42.656117035076022" lon="0.070301033556461">
        <ele>2167</ele>
      </trkpt>
      <trkpt lat="42.656192975118756" lon="0.070310002192855">
        <ele>2169</ele>
      </trkpt>
      <trkpt lat="42.65624301508069" lon="0.070379991084337">
        <ele>2171</ele>
      </trkpt>
      <trkpt lat="42.656301017850637" lon="0.070458026602864">
        <ele>2171</ele>
      </trkpt>
      <trkpt lat="42.656348962336779" lon="0.070490967482328">
        <ele>2171</ele>
      </trkpt>
      <trkpt lat="42.656358014792204" lon="0.070559028536081">
        <ele>2172</ele>
      </trkpt>
      <trkpt lat="42.656382992863655" lon="0.070589035749435">
        <ele>2171</ele>
      </trkpt>
      <trkpt lat="42.656399002298713" lon="0.070603033527732">
        <ele>2171</ele>
      </trkpt>
      <trkpt lat="42.656454993411899" lon="0.070592975243926">
        <ele>2171</ele>
      </trkpt>
      <trkpt lat="42.656538980081677" lon="0.070565985515714">
        <ele>2171</ele>
      </trkpt>
      <trkpt lat="42.65656697563827" lon="0.070601021870971">
        <ele>2171</ele>
      </trkpt>
      <trkpt lat="42.656574016436934" lon="0.070560034364462">
        <ele>2172</ele>
      </trkpt>
      <trkpt lat="42.656591031700373" lon="0.070587024092674">
        <ele>2172</ele>
      </trkpt>
      <trkpt lat="42.656667977571487" lon="0.070633040741086">
        <ele>2172</ele>
      </trkpt>
      <trkpt lat="42.656687004491687" lon="0.070648966357112">
        <ele>2172</ele>
      </trkpt>
      <trkpt lat="42.656719023361802" lon="0.070644021034241">
        <ele>2173</ele>
      </trkpt>
      <trkpt lat="42.656792029738426" lon="0.070650978013873">
        <ele>2173</ele>
      </trkpt>
      <trkpt lat="42.656862018629909" lon="0.070690959692001">
        <ele>2174</ele>
      </trkpt>
      <trkpt lat="42.656923038884997" lon="0.070739993825555">
        <ele>2175</ele>
      </trkpt>
      <trkpt lat="42.656999984756112" lon="0.070774024352431">
        <ele>2178</ele>
      </trkpt>
      <trkpt lat="42.657069973647594" lon="0.070816017687321">
        <ele>2179</ele>
      </trkpt>
      <trkpt lat="42.657094029709697" lon="0.070866979658604">
        <ele>2179</ele>
      </trkpt>
      <trkpt lat="42.657147003337741" lon="0.070911990478635">
        <ele>2180</ele>
      </trkpt>
      <trkpt lat="42.657177010551095" lon="0.070929005742073">
        <ele>2180</ele>
      </trkpt>
      <trkpt lat="42.657240964472294" lon="0.07096596993506">
        <ele>2182</ele>
      </trkpt>
      <trkpt lat="42.657306008040905" lon="0.071011986583471">
        <ele>2185</ele>
      </trkpt>
      <trkpt lat="42.657357975840569" lon="0.071017015725374">
        <ele>2185</ele>
      </trkpt>
      <trkpt lat="42.657397035509348" lon="0.071027996018529">
        <ele>2186</ele>
      </trkpt>
      <trkpt lat="42.657442968338728" lon="0.071046017110348">
        <ele>2188</ele>
      </trkpt>
      <trkpt lat="42.657495019957423" lon="0.071026990190148">
        <ele>2188</ele>
      </trkpt>
      <trkpt lat="42.657499965280294" lon="0.071021039038897">
        <ele>2188</ele>
      </trkpt>
      <trkpt lat="42.65753298997879" lon="0.070990025997162">
        <ele>2188</ele>
      </trkpt>
      <trkpt lat="42.657565008848906" lon="0.071019027382135">
        <ele>2185</ele>
      </trkpt>
      <trkpt lat="42.657585041597486" lon="0.071099996566772">
        <ele>2185</ele>
      </trkpt>
      <trkpt lat="42.657628962770104" lon="0.071190018206835">
        <ele>2188</ele>
      </trkpt>
      <trkpt lat="42.657677996903658" lon="0.071283979341388">
        <ele>2191</ele>
      </trkpt>
      <trkpt lat="42.657714961096644" lon="0.071326978504658">
        <ele>2192</ele>
      </trkpt>
      <trkpt lat="42.657772963866591" lon="0.071399984881282">
        <ele>2196</ele>
      </trkpt>
      <trkpt lat="42.657805988565087" lon="0.071422029286623">
        <ele>2198</ele>
      </trkpt>
      <trkpt lat="42.657856028527021" lon="0.071408031508327">
        <ele>2200</ele>
      </trkpt>
      <trkpt lat="42.657916964963078" lon="0.071414988487959">
        <ele>2201</ele>
      </trkpt>
      <trkpt lat="42.657967004925013" lon="0.071408031508327">
        <ele>2202</ele>
      </trkpt>
      <trkpt lat="42.657991982996464" lon="0.071413982659578">
        <ele>2203</ele>
      </trkpt>
      <trkpt lat="42.658036993816495" lon="0.071428986266255">
        <ele>2205</ele>
      </trkpt>
      <trkpt lat="42.658074041828513" lon="0.071476008743048">
        <ele>2205</ele>
      </trkpt>
      <trkpt lat="42.658115029335022" lon="0.071475002914667">
        <ele>2205</ele>
      </trkpt>
      <trkpt lat="42.658150987699628" lon="0.071512972936034">
        <ele>2206</ele>
      </trkpt>
      <trkpt lat="42.658206978812814" lon="0.071511967107654">
        <ele>2207</ele>
      </trkpt>
      <trkpt lat="42.658273028209805" lon="0.071582039818168">
        <ele>2208</ele>
      </trkpt>
      <trkpt lat="42.658328013494611" lon="0.071604000404477">
        <ele>2209</ele>
      </trkpt>
      <trkpt lat="42.658361960202456" lon="0.071623027324677">
        <ele>2209</ele>
      </trkpt>
      <trkpt lat="42.658375035971403" lon="0.071639036759734">
        <ele>2210</ele>
      </trkpt>
      <trkpt lat="42.65843303874135" lon="0.071649011224508">
        <ele>2210</ele>
      </trkpt>
      <trkpt lat="42.658485006541014" lon="0.071606012061238">
        <ele>2210</ele>
      </trkpt>
      <trkpt lat="42.658549966290593" lon="0.071540968492627">
        <ele>2210</ele>
      </trkpt>
      <trkpt lat="42.658602017909288" lon="0.071565024554729">
        <ele>2211</ele>
      </trkpt>
      <trkpt lat="42.658668989315629" lon="0.071539962664247">
        <ele>2213</ele>
      </trkpt>
      <trkpt lat="42.658696984872222" lon="0.071556977927685">
        <ele>2213</ele>
      </trkpt>
      <trkpt lat="42.658727997913957" lon="0.071608023717999">
        <ele>2215</ele>
      </trkpt>
      <trkpt lat="42.65875699929893" lon="0.071650017052889">
        <ele>2215</ele>
      </trkpt>
      <trkpt lat="42.658769991248846" lon="0.071655968204141">
        <ele>2223</ele>
      </trkpt>
      <trkpt lat="42.658836962655187" lon="0.071729980409145">
        <ele>2239</ele>
      </trkpt>
      <trkpt lat="42.658877028152347" lon="0.071741966530681">
        <ele>2240</ele>
      </trkpt>
      <trkpt lat="42.658897982910275" lon="0.071746995672584">
        <ele>2239</ele>
      </trkpt>
      <trkpt lat="42.658922960981727" lon="0.071804998442531">
        <ele>2239</ele>
      </trkpt>
      <trkpt lat="42.658932013437152" lon="0.071808015927672">
        <ele>2239</ele>
      </trkpt>
      <trkpt lat="42.658968977630138" lon="0.071812961250544">
        <ele>2238</ele>
      </trkpt>
      <trkpt lat="42.658993033692241" lon="0.071794018149376">
        <ele>2241</ele>
      </trkpt>
      <trkpt lat="42.659062016755342" lon="0.071786977350712">
        <ele>2247</ele>
      </trkpt>
      <trkpt lat="42.659117002040148" lon="0.071791000664234">
        <ele>2249</ele>
      </trkpt>
      <trkpt lat="42.659167964011431" lon="0.071769962087274">
        <ele>2252</ele>
      </trkpt>
      <trkpt lat="42.659236025065184" lon="0.071784965693951">
        <ele>2258</ele>
      </trkpt>
      <trkpt lat="42.659284975379705" lon="0.071755964308977">
        <ele>2260</ele>
      </trkpt>
      <trkpt lat="42.659341972321272" lon="0.071732997894287">
        <ele>2263</ele>
      </trkpt>
      <trkpt lat="42.659394023939967" lon="0.071696033701301">
        <ele>2265</ele>
      </trkpt>
      <trkpt lat="42.659399975091219" lon="0.071683041751385">
        <ele>2265</ele>
      </trkpt>
      <trkpt lat="42.659430988132954" lon="0.071630990132689">
        <ele>2266</ele>
      </trkpt>
      <trkpt lat="42.659440962597728" lon="0.071622021496296">
        <ele>2267</ele>
      </trkpt>
      <trkpt lat="42.659407015889883" lon="0.071686981245875">
        <ele>2269</ele>
      </trkpt>
      <trkpt lat="42.659406010061502" lon="0.071792006492615">
        <ele>2271</ele>
      </trkpt>
      <trkpt lat="42.659491002559662" lon="0.071759987622499">
        <ele>2271</ele>
      </trkpt>
      <trkpt lat="42.659512963145971" lon="0.071715982630849">
        <ele>2269</ele>
      </trkpt>
      <trkpt lat="42.659549005329609" lon="0.07156896404922">
        <ele>2267</ele>
      </trkpt>
      <trkpt lat="42.65953098423779" lon="0.071511967107654">
        <ele>2262</ele>
      </trkpt>
      <trkpt lat="42.659577000886202" lon="0.071412976831198">
        <ele>2264</ele>
      </trkpt>
      <trkpt lat="42.659655958414078" lon="0.071370983496308">
        <ele>2265</ele>
      </trkpt>
      <trkpt lat="42.659699041396379" lon="0.071385987102985">
        <ele>2266</ele>
      </trkpt>
      <trkpt lat="42.659786967560649" lon="0.071391016244888">
        <ele>2268</ele>
      </trkpt>
      <trkpt lat="42.659858968108892" lon="0.071410965174437">
        <ele>2271</ele>
      </trkpt>
      <trkpt lat="42.659920994192362" lon="0.071382969617844">
        <ele>2274</ele>
      </trkpt>
      <trkpt lat="42.659957958385348" lon="0.071401996538043">
        <ele>2278</ele>
      </trkpt>
      <trkpt lat="42.659995006397367" lon="0.07139596156776">
        <ele>2279</ele>
      </trkpt>
      <trkpt lat="42.660015961155295" lon="0.071410965174437">
        <ele>2281</ele>
      </trkpt>
      <trkpt lat="42.660068012773991" lon="0.071406019851565">
        <ele>2283</ele>
      </trkpt>
      <trkpt lat="42.660098019987345" lon="0.071420017629862">
        <ele>2285</ele>
      </trkpt>
      <trkpt lat="42.660104976966977" lon="0.071393027901649">
        <ele>2284</ele>
      </trkpt>
      <trkpt lat="42.660136995837092" lon="0.071370983496308">
        <ele>2287</ele>
      </trkpt>
      <trkpt lat="42.660130960866809" lon="0.07139696739614">
        <ele>2289</ele>
      </trkpt>
      <trkpt lat="42.660171026363969" lon="0.071436027064919">
        <ele>2289</ele>
      </trkpt>
      <trkpt lat="42.660216959193349" lon="0.071450024843216">
        <ele>2291</ele>
      </trkpt>
      <trkpt lat="42.660259958356619" lon="0.071452958509326">
        <ele>2293</ele>
      </trkpt>
      <trkpt lat="42.660315027460456" lon="0.071428986266255">
        <ele>2293</ele>
      </trkpt>
      <trkpt lat="42.660320978611708" lon="0.071389004588127">
        <ele>2291</ele>
      </trkpt>
      <trkpt lat="42.660335982218385" lon="0.071366960182786">
        <ele>2296</ele>
      </trkpt>
      <trkpt lat="42.660349979996681" lon="0.071338964626193">
        <ele>2296</ele>
      </trkpt>
      <trkpt lat="42.660418041050434" lon="0.071326978504658">
        <ele>2298</ele>
      </trkpt>
      <trkpt lat="42.660483000800014" lon="0.071333013474941">
        <ele>2300</ele>
      </trkpt>
      <trkpt lat="42.660509990528226" lon="0.071346005424857">
        <ele>2304</ele>
      </trkpt>
      <trkpt lat="42.660558018833399" lon="0.071378024294972">
        <ele>2306</ele>
      </trkpt>
      <trkpt lat="42.66060596331954" lon="0.071341982111335">
        <ele>2309</ele>
      </trkpt>
      <trkpt lat="42.66064896248281" lon="0.07137400098145">
        <ele>2316</ele>
      </trkpt>
      <trkpt lat="42.660681987181306" lon="0.071403002366424">
        <ele>2318</ele>
      </trkpt>
      <trkpt lat="42.660720963031054" lon="0.071428986266255">
        <ele>2321</ele>
      </trkpt>
      <trkpt lat="42.660767985507846" lon="0.071405014023185">
        <ele>2325</ele>
      </trkpt>
      <trkpt lat="42.660777037963271" lon="0.071411971002817">
        <ele>2328</ele>
      </trkpt>
      <trkpt lat="42.660826994106174" lon="0.071424962952733">
        <ele>2328</ele>
      </trkpt>
      <trkpt lat="42.660886002704501" lon="0.071467040106654">
        <ele>2328</ele>
      </trkpt>
      <trkpt lat="42.660905029624701" lon="0.071457987651229">
        <ele>2329</ele>
      </trkpt>
      <trkpt lat="42.660945011302829" lon="0.071478020399809">
        <ele>2330</ele>
      </trkpt>
      <trkpt lat="42.660993961617351" lon="0.071469973772764">
        <ele>2330</ele>
      </trkpt>
      <trkpt lat="42.661038972437382" lon="0.071447007358074">
        <ele>2332</ele>
      </trkpt>
      <trkpt lat="42.661096975207329" lon="0.071477014571428">
        <ele>2334</ele>
      </trkpt>
      <trkpt lat="42.66114198602736" lon="0.071457987651229">
        <ele>2334</ele>
      </trkpt>
      <trkpt lat="42.661189008504152" lon="0.071442984044552">
        <ele>2338</ele>
      </trkpt>
      <trkpt lat="42.661211974918842" lon="0.071425968781114">
        <ele>2338</ele>
      </trkpt>
      <trkpt lat="42.661247011274099" lon="0.071410965174437">
        <ele>2339</ele>
      </trkpt>
      <trkpt lat="42.661281963810325" lon="0.071410965174437">
        <ele>2343</ele>
      </trkpt>
      <trkpt lat="42.661293027922511" lon="0.071403002366424">
        <ele>2345</ele>
      </trkpt>
      <trkpt lat="42.661328986287117" lon="0.07139403373003">
        <ele>2347</ele>
      </trkpt>
      <trkpt lat="42.66137701459229" lon="0.071358997374773">
        <ele>2349</ele>
      </trkpt>
      <trkpt lat="42.661425964906812" lon="0.071340976282954">
        <ele>2349</ele>
      </trkpt>
      <trkpt lat="42.661448009312153" lon="0.0713299959898">
        <ele>2352</ele>
      </trkpt>
      <trkpt lat="42.661473993211985" lon="0.071314992383122">
        <ele>2353</ele>
      </trkpt>
      <trkpt lat="42.661509029567242" lon="0.071306023746729">
        <ele>2355</ele>
      </trkpt>
      <trkpt lat="42.661556974053383" lon="0.071300994604826">
        <ele>2357</ele>
      </trkpt>
      <trkpt lat="42.661577006801963" lon="0.071260007098317">
        <ele>2358</ele>
      </trkpt>
      <trkpt lat="42.661612965166569" lon="0.071208961308002">
        <ele>2360</ele>
      </trkpt>
      <trkpt lat="42.661681026220322" lon="0.07118096575141">
        <ele>2360</ele>
      </trkpt>
      <trkpt lat="42.661733999848366" lon="0.071165040135384">
        <ele>2362</ele>
      </trkpt>
      <trkpt lat="42.661771969869733" lon="0.071128997951746">
        <ele>2362</ele>
      </trkpt>
      <trkpt lat="42.661800971254706" lon="0.071133021265268">
        <ele>2364</ele>
      </trkpt>
      <trkpt lat="42.661836007609963" lon="0.071099996566772">
        <ele>2365</ele>
      </trkpt>
      <trkpt lat="42.661885963752866" lon="0.071061020717025">
        <ele>2367</ele>
      </trkpt>
      <trkpt lat="42.661918988451362" lon="0.071012992411852">
        <ele>2370</ele>
      </trkpt>
      <trkpt lat="42.661947989836335" lon="0.071021039038897">
        <ele>2373</ele>
      </trkpt>
      <trkpt lat="42.661989983171225" lon="0.071036964654922">
        <ele>2374</ele>
      </trkpt>
      <trkpt lat="42.662014039233327" lon="0.071004023775458">
        <ele>2375</ele>
      </trkpt>
      <trkpt lat="42.662040023133159" lon="0.0710070412606">
        <ele>2376</ele>
      </trkpt>
      <trkpt lat="42.662068018689752" lon="0.071002012118697">
        <ele>2379</ele>
      </trkpt>
      <trkpt lat="42.662094002589583" lon="0.07098700851202">
        <ele>2382</ele>
      </trkpt>
      <trkpt lat="42.662101965397596" lon="0.070961024612188">
        <ele>2382</ele>
      </trkpt>
      <trkpt lat="42.662119986489415" lon="0.070930011570454">
        <ele>2385</ele>
      </trkpt>
      <trkpt lat="42.662134990096092" lon="0.07085801102221">
        <ele>2383</ele>
      </trkpt>
      <trkpt lat="42.66217396594584" lon="0.070867985486984">
        <ele>2386</ele>
      </trkpt>
      <trkpt lat="42.66221797093749" lon="0.070830015465617">
        <ele>2388</ele>
      </trkpt>
      <trkpt lat="42.662271028384566" lon="0.070775030180812">
        <ele>2390</ele>
      </trkpt>
      <trkpt lat="42.662329031154513" lon="0.070732031017542">
        <ele>2393</ele>
      </trkpt>
      <trkpt lat="42.662390973418951" lon="0.070709986612201">
        <ele>2396</ele>
      </trkpt>
      <trkpt lat="42.662413017824292" lon="0.070682996883988">
        <ele>2397</ele>
      </trkpt>
      <trkpt lat="42.66243196092546" lon="0.070763966068625">
        <ele>2401</ele>
      </trkpt>
      <trkpt lat="42.662435984238982" lon="0.07077100686729">
        <ele>2401</ele>
      </trkpt>
      <trkpt lat="42.662449982017279" lon="0.070820041000843">
        <ele>2402</ele>
      </trkpt>
      <trkpt lat="42.662449982017279" lon="0.070908972993493">
        <ele>2402</ele>
      </trkpt>
      <trkpt lat="42.662449982017279" lon="0.070908972993493">
        <ele>2402</ele>
      </trkpt>
      <trkpt lat="42.662443025037646" lon="0.070930011570454">
        <ele>2402</ele>
      </trkpt>
      <trkpt lat="42.662417041137815" lon="0.071019027382135">
        <ele>2402</ele>
      </trkpt>
      <trkpt lat="42.662373036146164" lon="0.071169985458255">
        <ele>2403</ele>
      </trkpt>
      <trkpt lat="42.662326013669372" lon="0.071257995441556">
        <ele>2406</ele>
      </trkpt>
      <trkpt lat="42.662261975929141" lon="0.071379030123353">
        <ele>2410</ele>
      </trkpt>
      <trkpt lat="42.662199027836323" lon="0.071516996249557">
        <ele>2412</ele>
      </trkpt>
      <trkpt lat="42.662113029509783" lon="0.071668038144708">
        <ele>2414</ele>
      </trkpt>
      <trkpt lat="42.662017978727818" lon="0.071856966242194">
        <ele>2413</ele>
      </trkpt>
      <trkpt lat="42.661952013149858" lon="0.072038015350699">
        <ele>2413</ele>
      </trkpt>
      <trkpt lat="42.661856962367892" lon="0.072170030325651">
        <ele>2414</ele>
      </trkpt>
      <trkpt lat="42.661819998174906" lon="0.072217974811792">
        <ele>2413</ele>
      </trkpt>
      <trkpt lat="42.661742968484759" lon="0.072344038635492">
        <ele>2415</ele>
      </trkpt>
      <trkpt lat="42.661718996241689" lon="0.072386031970382">
        <ele>2415</ele>
      </trkpt>
      <trkpt lat="42.661688989028335" lon="0.072499020025134">
        <ele>2416</ele>
      </trkpt>
      <trkpt lat="42.661613970994949" lon="0.072674034163356">
        <ele>2418</ele>
      </trkpt>
      <trkpt lat="42.661548005416989" lon="0.072818035259843">
        <ele>2419</ele>
      </trkpt>
      <trkpt lat="42.661529984325171" lon="0.07285600528121">
        <ele>2420</ele>
      </trkpt>
      <trkpt lat="42.661454966291785" lon="0.073030013591051">
        <ele>2421</ele>
      </trkpt>
      <trkpt lat="42.661391012370586" lon="0.073145013302565">
        <ele>2422</ele>
      </trkpt>
      <trkpt lat="42.661372991278768" lon="0.073161022737622">
        <ele>2422</ele>
      </trkpt>
      <trkpt lat="42.661335021257401" lon="0.073274010792375">
        <ele>2423</ele>
      </trkpt>
      <trkpt lat="42.661247011274099" lon="0.073489006608725">
        <ele>2423</ele>
      </trkpt>
      <trkpt lat="42.661212980747223" lon="0.073576010763645">
        <ele>2424</ele>
      </trkpt>
      <trkpt lat="42.661116002127528" lon="0.073725963011384">
        <ele>2424</ele>
      </trkpt>
      <trkpt lat="42.661047019064426" lon="0.073871975764632">
        <ele>2426</ele>
      </trkpt>
      <trkpt lat="42.660977030172944" lon="0.074008014053106">
        <ele>2427</ele>
      </trkpt>
      <trkpt lat="42.660903017967939" lon="0.07416701875627">
        <ele>2427</ele>
      </trkpt>
      <trkpt lat="42.660873010754585" lon="0.07436097599566">
        <ele>2429</ele>
      </trkpt>
      <trkpt lat="42.660852978006005" lon="0.074522998183966">
        <ele>2431</ele>
      </trkpt>
      <trkpt lat="42.660822970792651" lon="0.074698012322187">
        <ele>2431</ele>
      </trkpt>
      <trkpt lat="42.660802016034722" lon="0.074861040338874">
        <ele>2433</ele>
      </trkpt>
      <trkpt lat="42.660793969407678" lon="0.074965981766582">
        <ele>2437</ele>
      </trkpt>
      <trkpt lat="42.660750970244408" lon="0.075086010619998">
        <ele>2438</ele>
      </trkpt>
      <trkpt lat="42.660739989951253" lon="0.075182989239693">
        <ele>2440</ele>
      </trkpt>
      <trkpt lat="42.660724986344576" lon="0.075274016708136">
        <ele>2443</ele>
      </trkpt>
      <trkpt lat="42.660714006051421" lon="0.075372001156211">
        <ele>2445</ele>
      </trkpt>
      <trkpt lat="42.660674024373293" lon="0.075483983382583">
        <ele>2447</ele>
      </trkpt>
      <trkpt lat="42.660614009946585" lon="0.075612980872393">
        <ele>2447</ele>
      </trkpt>
      <trkpt lat="42.660577967762947" lon="0.075687998905778">
        <ele>2449</ele>
      </trkpt>
      <trkpt lat="42.660547960549593" lon="0.075712976977229">
        <ele>2449</ele>
      </trkpt>
      <trkpt lat="42.660479983314872" lon="0.075868964195251">
        <ele>2450</ele>
      </trkpt>
      <trkpt lat="42.660437989979982" lon="0.075983041897416">
        <ele>2452</ele>
      </trkpt>
      <trkpt lat="42.660441007465124" lon="0.076050013303757">
        <ele>2453</ele>
      </trkpt>
      <trkpt lat="42.660407982766628" lon="0.076053030788898">
        <ele>2453</ele>
      </trkpt>
      <trkpt lat="42.660407982766628" lon="0.076053030788898">
        <ele>2453</ele>
      </trkpt>
      <trkpt lat="42.660401025786996" lon="0.076071973890066">
        <ele>2453</ele>
      </trkpt>
      <trkpt lat="42.660393984988332" lon="0.076095024123788">
        <ele>2452</ele>
      </trkpt>
      <trkpt lat="42.660378981381655" lon="0.076104998588562">
        <ele>2452</ele>
      </trkpt>
      <trkpt lat="42.660329025238752" lon="0.076132994145155">
        <ele>2452</ele>
      </trkpt>
      <trkpt lat="42.660210002213717" lon="0.076278001070023">
        <ele>2451</ele>
      </trkpt>
      <trkpt lat="42.660231040790677" lon="0.076305996626616">
        <ele>2451</ele>
      </trkpt>
      <trkpt lat="42.660265993326902" lon="0.076331980526447">
        <ele>2450</ele>
      </trkpt>
      <trkpt lat="42.660286026075482" lon="0.076352013275027">
        <ele>2449</ele>
      </trkpt>
      <trkpt lat="42.660359032452106" lon="0.076363999396563">
        <ele>2445</ele>
      </trkpt>
      <trkpt lat="42.660449976101518" lon="0.076382020488381">
        <ele>2441</ele>
      </trkpt>
      <trkpt lat="42.660404965281487" lon="0.076500959694386">
        <ele>2439</ele>
      </trkpt>
      <trkpt lat="42.660370012745261" lon="0.076549993827939">
        <ele>2437</ele>
      </trkpt>
      <trkpt lat="42.660328019410372" lon="0.076670022681355">
        <ele>2435</ele>
      </trkpt>
      <trkpt lat="42.660306980833411" lon="0.0767039693892">
        <ele>2434</ele>
      </trkpt>
      <trkpt lat="42.66026197001338" lon="0.076816035434604">
        <ele>2432</ele>
      </trkpt>
      <trkpt lat="42.660268004983664" lon="0.076820980757475">
        <ele>2431</ele>
      </trkpt>
      <trkpt lat="42.660317961126566" lon="0.076788039878011">
        <ele>2428</ele>
      </trkpt>
      <trkpt lat="42.660320978611708" lon="0.076805977150798">
        <ele>2428</ele>
      </trkpt>
      <trkpt lat="42.660337993875146" lon="0.076928017660975">
        <ele>2425</ele>
      </trkpt>
      <trkpt lat="42.6603680010885" lon="0.076899016276002">
        <ele>2424</ele>
      </trkpt>
      <trkpt lat="42.660461040213704" lon="0.076868003234267">
        <ele>2421</ele>
      </trkpt>
      <trkpt lat="42.660485012456775" lon="0.07689499296248">
        <ele>2419</ele>
      </trkpt>
      <trkpt lat="42.660478977486491" lon="0.076936986297369">
        <ele>2417</ele>
      </trkpt>
      <trkpt lat="42.660533962771297" lon="0.076972022652626">
        <ele>2415</ele>
      </trkpt>
      <trkpt lat="42.660595988854766" lon="0.076955007389188">
        <ele>2412</ele>
      </trkpt>
      <trkpt lat="42.660595988854766" lon="0.076986020430923">
        <ele>2409</ele>
      </trkpt>
      <trkpt lat="42.660598000511527" lon="0.07700496353209">
        <ele>2407</ele>
      </trkpt>
      <trkpt lat="42.660616021603346" lon="0.077047040686011">
        <ele>2407</ele>
      </trkpt>
      <trkpt lat="42.660678969696164" lon="0.076999012380838">
        <ele>2405</ele>
      </trkpt>
      <trkpt lat="42.660705037415028" lon="0.077035976573825">
        <ele>2403</ele>
      </trkpt>
      <trkpt lat="42.660690033808351" lon="0.077074030414224">
        <ele>2402</ele>
      </trkpt>
      <trkpt lat="42.660731021314859" lon="0.077096996828914">
        <ele>2400</ele>
      </trkpt>
      <trkpt lat="42.660781983286142" lon="0.077082999050617">
        <ele>2397</ele>
      </trkpt>
      <trkpt lat="42.660810984671116" lon="0.077065983787179">
        <ele>2396</ele>
      </trkpt>
      <trkpt lat="42.660918021574616" lon="0.07704502902925">
        <ele>2393</ele>
      </trkpt>
      <trkpt lat="42.660976024344563" lon="0.077051986008883">
        <ele>2391</ele>
      </trkpt>
      <trkpt lat="42.661034027114511" lon="0.077042011544108">
        <ele>2387</ele>
      </trkpt>
      <trkpt lat="42.661085994914174" lon="0.077009992673993">
        <ele>2384</ele>
      </trkpt>
      <trkpt lat="42.661089012399316" lon="0.077003035694361">
        <ele>2382</ele>
      </trkpt>
      <trkpt lat="42.661156989634037" lon="0.077012004330754">
        <ele>2380</ele>
      </trkpt>
      <trkpt lat="42.661190014332533" lon="0.077036982402205">
        <ele>2378</ele>
      </trkpt>
      <trkpt lat="42.661208035424352" lon="0.077063972130418">
        <ele>2376</ele>
      </trkpt>
      <trkpt lat="42.661204012110829" lon="0.077119963243604">
        <ele>2374</ele>
      </trkpt>
      <trkpt lat="42.661198982968926" lon="0.077146030962467">
        <ele>2372</ele>
      </trkpt>
      <trkpt lat="42.661197977140546" lon="0.077165979892015">
        <ele>2371</ele>
      </trkpt>
      <trkpt lat="42.66118498519063" lon="0.07719598710537">
        <ele>2371</ele>
      </trkpt>
      <trkpt lat="42.661165036261082" lon="0.077275028452277">
        <ele>2368</ele>
      </trkpt>
      <trkpt lat="42.661165036261082" lon="0.077354991808534">
        <ele>2366</ele>
      </trkpt>
      <trkpt lat="42.661175010725856" lon="0.077348034828901">
        <ele>2363</ele>
      </trkpt>
      <trkpt lat="42.66120501793921" lon="0.077271005138755">
        <ele>2363</ele>
      </trkpt>
      <trkpt lat="42.661214992403984" lon="0.077253989875317">
        <ele>2363</ele>
      </trkpt>
      <trkpt lat="42.661219015717506" lon="0.077234040945768">
        <ele>2364</ele>
      </trkpt>
      <trkpt lat="42.661269977688789" lon="0.077098002657294">
        <ele>2364</ele>
      </trkpt>
      <trkpt lat="42.661281041800976" lon="0.077059026807547">
        <ele>2364</ele>
      </trkpt>
      <trkpt lat="42.661300990730524" lon="0.077018039301038">
        <ele>2366</ele>
      </trkpt>
      <trkpt lat="42.661326974630356" lon="0.076946038752794">
        <ele>2366</ele>
      </trkpt>
      <trkpt lat="42.661326974630356" lon="0.076946038752794">
        <ele>2367</ele>
      </trkpt>
      <trkpt lat="42.661405010148883" lon="0.07678996771574">
        <ele>2368</ele>
      </trkpt>
      <trkpt lat="42.661440968513489" lon="0.076689971610904">
        <ele>2369</ele>
      </trkpt>
      <trkpt lat="42.661461001262069" lon="0.076658958569169">
        <ele>2369</ele>
      </trkpt>
      <trkpt lat="42.661491008475423" lon="0.076582012698054">
        <ele>2370</ele>
      </trkpt>
      <trkpt lat="42.66150701791048" lon="0.076555022969842">
        <ele>2370</ele>
      </trkpt>
      <trkpt lat="42.661519004032016" lon="0.076548987999558">
        <ele>2371</ele>
      </trkpt>
      <trkpt lat="42.661522021517158" lon="0.076545970514417">
        <ele>2372</ele>
      </trkpt>
      <trkpt lat="42.661562003195286" lon="0.076553011313081">
        <ele>2351</ele>
      </trkpt>
      <trkpt lat="42.661599973216653" lon="0.07657203823328">
        <ele>2350</ele>
      </trkpt>
      <trkpt lat="42.661702986806631" lon="0.076601039618254">
        <ele>2344</ele>
      </trkpt>
      <trkpt lat="42.661753026768565" lon="0.076713021844625">
        <ele>2337</ele>
      </trkpt>
      <trkpt lat="42.661779010668397" lon="0.076811006292701">
        <ele>2335</ele>
      </trkpt>
      <trkpt lat="42.66178797930479" lon="0.076864985749125">
        <ele>2333</ele>
      </trkpt>
      <trkpt lat="42.661901973187923" lon="0.076906979084015">
        <ele>2331</ele>
      </trkpt>
      <trkpt lat="42.661883030086756" lon="0.07698099128902">
        <ele>2328</ele>
      </trkpt>
      <trkpt lat="42.661985037848353" lon="0.07709096185863">
        <ele>2292</ele>
      </trkpt>
      <trkpt lat="42.662075981497765" lon="0.07723999209702">
        <ele>2291</ele>
      </trkpt>
      <trkpt lat="42.66215099953115" lon="0.077316015958786">
        <ele>2289</ele>
      </trkpt>
      <trkpt lat="42.6621950045228" lon="0.077554984018207">
        <ele>2287</ele>
      </trkpt>
      <trkpt lat="42.662250995635986" lon="0.077592032030225">
        <ele>2278</ele>
      </trkpt>
      <trkpt lat="42.662265999242663" lon="0.077684987336397">
        <ele>2276</ele>
      </trkpt>
      <trkpt lat="42.662265999242663" lon="0.077684987336397">
        <ele>2274</ele>
      </trkpt>
      <trkpt lat="42.662354009225965" lon="0.077691022306681">
        <ele>2272</ele>
      </trkpt>
      <trkpt lat="42.662422992289066" lon="0.077679958194494">
        <ele>2271</ele>
      </trkpt>
      <trkpt lat="42.662542015314102" lon="0.077713988721371">
        <ele>2266</ele>
      </trkpt>
      <trkpt lat="42.662569005042315" lon="0.077722035348415">
        <ele>2265</ele>
      </trkpt>
      <trkpt lat="42.662573028355837" lon="0.077719017863274">
        <ele>2265</ele>
      </trkpt>
      <trkpt lat="42.662605969235301" lon="0.07773301564157">
        <ele>2262</ele>
      </trkpt>
      <trkpt lat="42.662661038339138" lon="0.077767968177795">
        <ele>2259</ele>
      </trkpt>
      <trkpt lat="42.662684004753828" lon="0.077820019796491">
        <ele>2256</ele>
      </trkpt>
      <trkpt lat="42.662678975611925" lon="0.077906018123031">
        <ele>2248</ele>
      </trkpt>
      <trkpt lat="42.662693979218602" lon="0.078043984249234">
        <ele>2245</ele>
      </trkpt>
      <trkpt lat="42.662764973938465" lon="0.078103998675942">
        <ele>2242</ele>
      </trkpt>
      <trkpt lat="42.662802021950483" lon="0.078119002282619">
        <ele>2240</ele>
      </trkpt>
      <trkpt lat="42.662815013900399" lon="0.078154038637877">
        <ele>2231</ele>
      </trkpt>
      <trkpt lat="42.66285901889205" lon="0.078179016709328">
        <ele>2229</ele>
      </trkpt>
      <trkpt lat="42.662960020825267" lon="0.07824900560081">
        <ele>2224</ele>
      </trkpt>
      <trkpt lat="42.663073008880019" lon="0.078312959522009">
        <ele>2221</ele>
      </trkpt>
      <trkpt lat="42.663122965022922" lon="0.078302985057235">
        <ele>2218</ele>
      </trkpt>
      <trkpt lat="42.663201000541449" lon="0.078283958137035">
        <ele>2216</ele>
      </trkpt>
      <trkpt lat="42.663205023854971" lon="0.078278006985784">
        <ele>2215</ele>
      </trkpt>
      <trkpt lat="42.663205023854971" lon="0.078278006985784">
        <ele>2214</ele>
      </trkpt>
      <trkpt lat="42.663219021633267" lon="0.078281024470925">
        <ele>2211</ele>
      </trkpt>
      <trkpt lat="42.663239976391196" lon="0.078285969793797">
        <ele>2210</ele>
      </trkpt>
      <trkpt lat="42.663239976391196" lon="0.078285969793797">
        <ele>2207</ele>
      </trkpt>
      <trkpt lat="42.663255985826254" lon="0.078289993107319">
        <ele>2206</ele>
      </trkpt>
      <trkpt lat="42.663337960839272" lon="0.07831203751266">
        <ele>2205</ele>
      </trkpt>
      <trkpt lat="42.663424964994192" lon="0.078324023634195">
        <ele>2203</ele>
      </trkpt>
      <trkpt lat="42.6634849794209" lon="0.078367022797465">
        <ele>2201</ele>
      </trkpt>
      <trkpt lat="42.663557985797524" lon="0.078366016969085">
        <ele>2198</ele>
      </trkpt>
      <trkpt lat="42.663597967475653" lon="0.078366016969085">
        <ele>2196</ele>
      </trkpt>
      <trkpt lat="42.663644989952445" lon="0.078396024182439">
        <ele>2194</ele>
      </trkpt>
      <trkpt lat="42.663691006600857" lon="0.078411027789116">
        <ele>2193</ele>
      </trkpt>
      <trkpt lat="42.663721013814211" lon="0.078395018354058">
        <ele>2192</ele>
      </trkpt>
      <trkpt lat="42.663740962743759" lon="0.078399041667581">
        <ele>2191</ele>
      </trkpt>
      <trkpt lat="42.663794020190835" lon="0.078417984768748">
        <ele>2189</ele>
      </trkpt>
      <trkpt lat="42.663857974112034" lon="0.078417984768748">
        <ele>2187</ele>
      </trkpt>
      <trkpt lat="42.663930980488658" lon="0.078438017517328">
        <ele>2185</ele>
      </trkpt>
      <trkpt lat="42.663987977430224" lon="0.078450003638864">
        <ele>2184</ele>
      </trkpt>
      <trkpt lat="42.66406299546361" lon="0.078442040830851">
        <ele>2181</ele>
      </trkpt>
      <trkpt lat="42.664124015718699" lon="0.078470958396792">
        <ele>2179</ele>
      </trkpt>
      <trkpt lat="42.664145976305008" lon="0.078475987538695">
        <ele>2178</ele>
      </trkpt>
      <trkpt lat="42.664182018488646" lon="0.078489985316992">
        <ele>2176</ele>
      </trkpt>
      <trkpt lat="42.664208002388477" lon="0.078552011400461">
        <ele>2174</ele>
      </trkpt>
      <trkpt lat="42.664253013208508" lon="0.078583024442196">
        <ele>2171</ele>
      </trkpt>
      <trkpt lat="42.664282014593482" lon="0.078589981421828">
        <ele>2170</ele>
      </trkpt>
      <trkpt lat="42.664318978786469" lon="0.078616971150041">
        <ele>2169</ele>
      </trkpt>
      <trkpt lat="42.6643449626863" lon="0.078647984191775">
        <ele>2169</ele>
      </trkpt>
      <trkpt lat="42.664439007639885" lon="0.078685032203794">
        <ele>2167</ele>
      </trkpt>
      <trkpt lat="42.664496004581451" lon="0.07869902998209">
        <ele>2165</ele>
      </trkpt>
      <trkpt lat="42.664553001523018" lon="0.078714033588767">
        <ele>2162</ele>
      </trkpt>
      <trkpt lat="42.664566999301314" lon="0.078711016103625">
        <ele>2161</ele>
      </trkpt>
      <trkpt lat="42.664591977372766" lon="0.078706992790103">
        <ele>2160</ele>
      </trkpt>
      <trkpt lat="42.664694990962744" lon="0.078741023316979">
        <ele>2157</ele>
      </trkpt>
      <trkpt lat="42.664795992895961" lon="0.078773964196444">
        <ele>2155</ele>
      </trkpt>
      <trkpt lat="42.664799010381103" lon="0.078789973631501">
        <ele>2153</ele>
      </trkpt>
      <trkpt lat="42.664799010381103" lon="0.078789973631501">
        <ele>2153</ele>
      </trkpt>
      <trkpt lat="42.664823988452554" lon="0.078796008601785">
        <ele>2152</ele>
      </trkpt>
      <trkpt lat="42.664823988452554" lon="0.078796008601785">
        <ele>2152</ele>
      </trkpt>
      <trkpt lat="42.664863970130682" lon="0.078817969188094">
        <ele>2152</ele>
      </trkpt>
      <trkpt lat="42.6649010181427" lon="0.078816963359714">
        <ele>2151</ele>
      </trkpt>
      <trkpt lat="42.664940999820828" lon="0.078804977238178">
        <ele>2150</ele>
      </trkpt>
      <trkpt lat="42.664968995377421" lon="0.078817969188094">
        <ele>2149</ele>
      </trkpt>
      <trkpt lat="42.664973018690944" lon="0.078840013593435">
        <ele>2148</ele>
      </trkpt>
      <trkpt lat="42.664988022297621" lon="0.078883012756705">
        <ele>2146</ele>
      </trkpt>
      <trkpt lat="42.665004031732678" lon="0.07891402579844">
        <ele>2143</ele>
      </trkpt>
      <trkpt lat="42.664995985105634" lon="0.078932968899608">
        <ele>2141</ele>
      </trkpt>
      <trkpt lat="42.664993973448873" lon="0.078944033011794">
        <ele>2139</ele>
      </trkpt>
      <trkpt lat="42.664993973448873" lon="0.079030031338334">
        <ele>2137</ele>
      </trkpt>
      <trkpt lat="42.66500897705555" lon="0.079048974439502">
        <ele>2135</ele>
      </trkpt>
      <trkpt lat="42.66500897705555" lon="0.079048974439502">
        <ele>2134</ele>
      </trkpt>
      <trkpt lat="42.665018029510975" lon="0.079073030501604">
        <ele>2133</ele>
      </trkpt>
      <trkpt lat="42.665049964562058" lon="0.079089961946011">
        <ele>2131</ele>
      </trkpt>
      <trkpt lat="42.665063962340355" lon="0.079090967774391">
        <ele>2130</ele>
      </trkpt>
      <trkpt lat="42.665111990645528" lon="0.079112006351352">
        <ele>2130</ele>
      </trkpt>
      <trkpt lat="42.665149038657546" lon="0.07910898886621">
        <ele>2130</ele>
      </trkpt>
      <trkpt lat="42.665170999243855" lon="0.07908602245152">
        <ele>2129</ele>
      </trkpt>
      <trkpt lat="42.665207963436842" lon="0.079063978046179">
        <ele>2128</ele>
      </trkpt>
      <trkpt lat="42.665215004235506" lon="0.079050986096263">
        <ele>2128</ele>
      </trkpt>
      <trkpt lat="42.665231013670564" lon="0.079037994146347">
        <ele>2127</ele>
      </trkpt>
      <trkpt lat="42.665233025327325" lon="0.079117035493255">
        <ele>2125</ele>
      </trkpt>
      <trkpt lat="42.665236964821815" lon="0.079122986644506">
        <ele>2124</ele>
      </trkpt>
      <trkpt lat="42.665259009227157" lon="0.079130027443171">
        <ele>2123</ele>
      </trkpt>
      <trkpt lat="42.665250962600112" lon="0.079181995242834">
        <ele>2121</ele>
      </trkpt>
      <trkpt lat="42.665238976478577" lon="0.079203033819795">
        <ele>2119</ele>
      </trkpt>
      <trkpt lat="42.665231013670564" lon="0.0792580191046">
        <ele>2117</ele>
      </trkpt>
      <trkpt lat="42.665251968428493" lon="0.079307975247502">
        <ele>2115</ele>
      </trkpt>
      <trkpt lat="42.665278958156705" lon="0.079310992732644">
        <ele>2113</ele>
      </trkpt>
      <trkpt lat="42.66530997119844" lon="0.079335970804095">
        <ele>2110</ele>
      </trkpt>
      <trkpt lat="42.665323968976736" lon="0.079364972189069">
        <ele>2107</ele>
      </trkpt>
      <trkpt lat="42.665378032252192" lon="0.079395985230803">
        <ele>2106</ele>
      </trkpt>
      <trkpt lat="42.665418013930321" lon="0.079397996887565">
        <ele>2105</ele>
      </trkpt>
      <trkpt lat="42.665425976738334" lon="0.079428004100919">
        <ele>2103</ele>
      </trkpt>
      <trkpt lat="42.665432011708617" lon="0.079459017142653">
        <ele>2101</ele>
      </trkpt>
      <trkpt lat="42.665419019758701" lon="0.079523976892233">
        <ele>2099</ele>
      </trkpt>
      <trkpt lat="42.665425976738334" lon="0.079560019075871">
        <ele>2097</ele>
      </trkpt>
      <trkpt lat="42.665443997830153" lon="0.079577034339309">
        <ele>2095</ele>
      </trkpt>
      <trkpt lat="42.665464030578732" lon="0.079608969390392">
        <ele>2094</ele>
      </trkpt>
      <trkpt lat="42.66546000726521" lon="0.079687004908919">
        <ele>2091</ele>
      </trkpt>
      <trkpt lat="42.665484985336661" lon="0.079707959666848">
        <ele>2089</ele>
      </trkpt>
      <trkpt lat="42.665526978671551" lon="0.079754982143641">
        <ele>2085</ele>
      </trkpt>
      <trkpt lat="42.665541982278228" lon="0.079792030155659">
        <ele>2083</ele>
      </trkpt>
      <trkpt lat="42.665533013641834" lon="0.079840980470181">
        <ele>2081</ele>
      </trkpt>
      <trkpt lat="42.665553968399763" lon="0.079879034310579">
        <ele>2080</ele>
      </trkpt>
      <trkpt lat="42.665576012805104" lon="0.079912981018424">
        <ele>2078</ele>
      </trkpt>
      <trkpt lat="42.665562015026808" lon="0.079963020980358">
        <ele>2076</ele>
      </trkpt>
      <trkpt lat="42.665577018633485" lon="0.079991016536951">
        <ele>2075</ele>
      </trkpt>
      <trkpt lat="42.66556796617806" lon="0.080015994608402">
        <ele>2073</ele>
      </trkpt>
      <trkpt lat="42.665622029453516" lon="0.080015994608402">
        <ele>2071</ele>
      </trkpt>
      <trkpt lat="42.665633009746671" lon="0.080001996830106">
        <ele>2070</ele>
      </trkpt>
      <trkpt lat="42.665637033060193" lon="0.080001996830106">
        <ele>2069</ele>
      </trkpt>
      <trkpt lat="42.665647007524967" lon="0.079994034022093">
        <ele>2068</ele>
      </trkpt>
      <trkpt lat="42.665667040273547" lon="0.080010965466499">
        <ele>2067</ele>
      </trkpt>
      <trkpt lat="42.66569796949625" lon="0.079969977959991">
        <ele>2067</ele>
      </trkpt>
      <trkpt lat="42.665698975324631" lon="0.080014988780022">
        <ele>2065</ele>
      </trkpt>
      <trkpt lat="42.665699981153011" lon="0.080020017921925">
        <ele>2064</ele>
      </trkpt>
      <trkpt lat="42.665707021951675" lon="0.080030998215079">
        <ele>2063</ele>
      </trkpt>
      <trkpt lat="42.665706016123295" lon="0.080105010420084">
        <ele>2062</ele>
      </trkpt>
      <trkpt lat="42.665693024173379" lon="0.080176005139947">
        <ele>2060</ele>
      </trkpt>
      <trkpt lat="42.665736023336649" lon="0.08018204011023">
        <ele>2058</ele>
      </trkpt>
      <trkpt lat="42.66573996283114" lon="0.080242976546288">
        <ele>2055</ele>
      </trkpt>
      <trkpt lat="42.665730994194746" lon="0.08031103760004">
        <ele>2054</ele>
      </trkpt>
      <trkpt lat="42.665708027780056" lon="0.080371974036098">
        <ele>2052</ele>
      </trkpt>
      <trkpt lat="42.665711967274547" lon="0.080426959320903">
        <ele>2050</ele>
      </trkpt>
      <trkpt lat="42.665774999186397" lon="0.08043902926147">
        <ele>2047</ele>
      </trkpt>
      <trkpt lat="42.665814980864525" lon="0.080415979027748">
        <ele>2045</ele>
      </trkpt>
      <trkpt lat="42.665860997512937" lon="0.080407010391355">
        <ele>2043</ele>
      </trkpt>
      <trkpt lat="42.665868038311601" lon="0.080456966534257">
        <ele>2041</ele>
      </trkpt>
      <trkpt lat="42.665857980027795" lon="0.080509018152952">
        <ele>2039</ele>
      </trkpt>
      <trkpt lat="42.665857980027795" lon="0.080533996224403">
        <ele>2037</ele>
      </trkpt>
      <trkpt lat="42.665891004726291" lon="0.080542964860797">
        <ele>2035</ele>
      </trkpt>
      <trkpt lat="42.66588999889791" lon="0.08054899983108">
        <ele>2034</ele>
      </trkpt>
      <trkpt lat="42.665843982249498" lon="0.080674979835749">
        <ele>2033</ele>
      </trkpt>
      <trkpt lat="42.66582302749157" lon="0.080737005919218">
        <ele>2031</ele>
      </trkpt>
      <trkpt lat="42.66584599390626" lon="0.080752009525895">
        <ele>2030</ele>
      </trkpt>
      <trkpt lat="42.665876001119614" lon="0.080749997869134">
        <ele>2028</ele>
      </trkpt>
      <trkpt lat="42.665901985019445" lon="0.080742035061121">
        <ele>2026</ele>
      </trkpt>
      <trkpt lat="42.665920006111264" lon="0.080785034224391">
        <ele>2025</ele>
      </trkpt>
      <trkpt lat="42.665907014161348" lon="0.080843036994338">
        <ele>2023</ele>
      </trkpt>
      <trkpt lat="42.665882958099246" lon="0.080925012007356">
        <ele>2020</ele>
      </trkpt>
      <trkpt lat="42.665877006947994" lon="0.080944038927555">
        <ele>2019</ele>
      </trkpt>
      <trkpt lat="42.665945990011096" lon="0.080945966765285">
        <ele>2018</ele>
      </trkpt>
      <trkpt lat="42.66599502414465" lon="0.080901039764285">
        <ele>2015</ele>
      </trkpt>
      <trkpt lat="42.666025031358004" lon="0.080924006178975">
        <ele>2013</ele>
      </trkpt>
      <trkpt lat="42.666024025529623" lon="0.081019978970289">
        <ele>2010</ele>
      </trkpt>
      <trkpt lat="42.66599896363914" lon="0.081122992560267">
        <ele>2007</ele>
      </trkpt>
      <trkpt lat="42.665983038023114" lon="0.081200022250414">
        <ele>2006</ele>
      </trkpt>
      <trkpt lat="42.66597499139607" lon="0.081292977556586">
        <ele>2004</ele>
      </trkpt>
      <trkpt lat="42.665950013324618" lon="0.081373024731874">
        <ele>2002</ele>
      </trkpt>
      <trkpt lat="42.665942972525954" lon="0.081409988924861">
        <ele>2001</ele>
      </trkpt>
      <trkpt lat="42.665957976132631" lon="0.081458017230034">
        <ele>1999</ele>
      </trkpt>
      <trkpt lat="42.665940038859844" lon="0.081548038870096">
        <ele>1998</ele>
      </trkpt>
      <trkpt lat="42.66593299806118" lon="0.081594977527857">
        <ele>1998</ele>
      </trkpt>
      <trkpt lat="42.665945990011096" lon="0.081680975854397">
        <ele>1996</ele>
      </trkpt>
      <trkpt lat="42.665977003052831" lon="0.081715006381273">
        <ele>1994</ele>
      </trkpt>
      <trkpt lat="42.665979014709592" lon="0.081791030243039">
        <ele>1992</ele>
      </trkpt>
      <trkpt lat="42.665981026366353" lon="0.081812990829349">
        <ele>1991</ele>
      </trkpt>
      <trkpt lat="42.666016984730959" lon="0.081759011372924">
        <ele>1989</ele>
      </trkpt>
      <trkpt lat="42.666042968630791" lon="0.081721963360906">
        <ele>1988</ele>
      </trkpt>
      <trkpt lat="42.666101977229118" lon="0.081661026924849">
        <ele>1986</ele>
      </trkpt>
      <trkpt lat="42.666112035512924" lon="0.08164300583303">
        <ele>1984</ele>
      </trkpt>
      <trkpt lat="42.666123015806079" lon="0.081651974469423">
        <ele>1982</ele>
      </trkpt>
      <trkpt lat="42.666150005534291" lon="0.08166303858161">
        <ele>1980</ele>
      </trkpt>
      <trkpt lat="42.666176995262504" lon="0.081635965034366">
        <ele>1979</ele>
      </trkpt>
      <trkpt lat="42.666203984990716" lon="0.08162297308445">
        <ele>1977</ele>
      </trkpt>
      <trkpt lat="42.666208008304238" lon="0.081657003611326">
        <ele>1975</ele>
      </trkpt>
      <trkpt lat="42.666204990819097" lon="0.081677958369255">
        <ele>1975</ele>
      </trkpt>
      <trkpt lat="42.666165009140968" lon="0.081805028021336">
        <ele>1973</ele>
      </trkpt>
      <trkpt lat="42.666148999705911" lon="0.081922961398959">
        <ele>1971</ele>
      </trkpt>
      <trkpt lat="42.666160985827446" lon="0.081983981654048">
        <ele>1968</ele>
      </trkpt>
      <trkpt lat="42.666152017191052" lon="0.082091018557549">
        <ele>1966</ele>
      </trkpt>
      <trkpt lat="42.666171966120601" lon="0.082126976922154">
        <ele>1964</ele>
      </trkpt>
      <trkpt lat="42.666218988597393" lon="0.082113984972239">
        <ele>1962</ele>
      </trkpt>
      <trkpt lat="42.666270034387708" lon="0.0820969697088">
        <ele>1960</ele>
      </trkpt>
      <trkpt lat="42.666293000802398" lon="0.082077020779252">
        <ele>1958</ele>
      </trkpt>
      <trkpt lat="42.666313033550978" lon="0.082125971093774">
        <ele>1956</ele>
      </trkpt>
      <trkpt lat="42.666300041601062" lon="0.082212975248694">
        <ele>1953</ele>
      </trkpt>
      <trkpt lat="42.666300041601062" lon="0.082263015210629">
        <ele>1950</ele>
      </trkpt>
      <trkpt lat="42.666291994974017" lon="0.082340966910124">
        <ele>1947</ele>
      </trkpt>
      <trkpt lat="42.666299035772681" lon="0.082413973286748">
        <ele>1945</ele>
      </trkpt>
      <trkpt lat="42.666300041601062" lon="0.082445992156863">
        <ele>1945</ele>
      </trkpt>
      <trkpt lat="42.666269028559327" lon="0.082592004910111">
        <ele>1942</ele>
      </trkpt>
      <trkpt lat="42.666246984153986" lon="0.082727037370205">
        <ele>1939</ele>
      </trkpt>
      <trkpt lat="42.66621395945549" lon="0.082816975191236">
        <ele>1937</ele>
      </trkpt>
      <trkpt lat="42.666199961677194" lon="0.082882018759847">
        <ele>1935</ele>
      </trkpt>
      <trkpt lat="42.666200967505574" lon="0.082934992387891">
        <ele>1932</ele>
      </trkpt>
      <trkpt lat="42.666201973333955" lon="0.082941027358174">
        <ele>1930</ele>
      </trkpt>
      <trkpt lat="42.666181018576026" lon="0.082981009036303">
        <ele>1930</ele>
      </trkpt>
      <trkpt lat="42.66616802662611" lon="0.083079999312758">
        <ele>1928</ele>
      </trkpt>
      <trkpt lat="42.666156962513924" lon="0.083158034831285">
        <ele>1925</ele>
      </trkpt>
      <trkpt lat="42.666164003312588" lon="0.083163985982537">
        <ele>1924</ele>
      </trkpt>
      <trkpt lat="42.666244972497225" lon="0.083156023174524">
        <ele>1921</ele>
      </trkpt>
      <trkpt lat="42.666252013295889" lon="0.083154011517763">
        <ele>1920</ele>
      </trkpt>
      <trkpt lat="42.666247989982367" lon="0.083183012902737">
        <ele>1917</ele>
      </trkpt>
      <trkpt lat="42.666238015517592" lon="0.083260964602232">
        <ele>1915</ele>
      </trkpt>
      <trkpt lat="42.666274979710579" lon="0.083312010392547">
        <ele>1912</ele>
      </trkpt>
      <trkpt lat="42.666325019672513" lon="0.083313016220927">
        <ele>1909</ele>
      </trkpt>
      <trkpt lat="42.666343040764332" lon="0.083328019827604">
        <ele>1906</ele>
      </trkpt>
      <trkpt lat="42.666375981643796" lon="0.083333970978856">
        <ele>1903</ele>
      </trkpt>
      <trkpt lat="42.666459968313575" lon="0.083314022049308">
        <ele>1901</ele>
      </trkpt>
      <trkpt lat="42.666535992175341" lon="0.08327797986567">
        <ele>1898</ele>
      </trkpt>
      <trkpt lat="42.66653498634696" lon="0.083318967372179">
        <ele>1896</ele>
      </trkpt>
      <trkpt lat="42.666532974690199" lon="0.083398008719087">
        <ele>1893</ele>
      </trkpt>
      <trkpt lat="42.666505984961987" lon="0.083528012037277">
        <ele>1889</ele>
      </trkpt>
      <trkpt lat="42.666500033810735" lon="0.083547038957477">
        <ele>1885</ele>
      </trkpt>
      <trkpt lat="42.666486036032438" lon="0.083639994263649">
        <ele>1884</ele>
      </trkpt>
      <trkpt lat="42.666471032425761" lon="0.083734961226583">
        <ele>1882</ele>
      </trkpt>
      <trkpt lat="42.666501961648464" lon="0.08379003033042">
        <ele>1880</ele>
      </trkpt>
      <trkpt lat="42.666516965255141" lon="0.083848033100367">
        <ele>1877</ele>
      </trkpt>
      <trkpt lat="42.666445970535278" lon="0.083936965093017">
        <ele>1874</ele>
      </trkpt>
      <trkpt lat="42.666371036320925" lon="0.083927996456623">
        <ele>1870</ele>
      </trkpt>
      <trkpt lat="42.666372964158654" lon="0.083930008113384">
        <ele>1867</ele>
      </trkpt>
      <trkpt lat="42.666372964158654" lon="0.083930008113384">
        <ele>1868</ele>
      </trkpt>
      <trkpt lat="42.666361983865499" lon="0.083927996456623">
        <ele>1868</ele>
      </trkpt>
      <trkpt lat="42.666313033550978" lon="0.083930008113384">
        <ele>1868</ele>
      </trkpt>
      <trkpt lat="42.666174983605742" lon="0.083887008950114">
        <ele>1867</ele>
      </trkpt>
      <trkpt lat="42.666113041341305" lon="0.083860019221902">
        <ele>1865</ele>
      </trkpt>
      <trkpt lat="42.666029976680875" lon="0.083826994523406">
        <ele>1864</ele>
      </trkpt>
      <trkpt lat="42.665929980576038" lon="0.083786007016897">
        <ele>1864</ele>
      </trkpt>
      <trkpt lat="42.665897961705923" lon="0.08374803699553">
        <ele>1864</ele>
      </trkpt>
      <trkpt lat="42.665870971977711" lon="0.083733033388853">
        <ele>1864</ele>
      </trkpt>
      <trkpt lat="42.665820010006428" lon="0.083719035610557">
        <ele>1864</ele>
      </trkpt>
      <trkpt lat="42.665788996964693" lon="0.083697997033596">
        <ele>1864</ele>
      </trkpt>
      <trkpt lat="42.66573996283114" lon="0.083585008978844">
        <ele>1863</ele>
      </trkpt>
      <trkpt lat="42.665728982537985" lon="0.083564976230264">
        <ele>1863</ele>
      </trkpt>
      <trkpt lat="42.665706016123295" lon="0.083528012037277">
        <ele>1863</ele>
      </trkpt>
      <trkpt lat="42.665614988654852" lon="0.083475038409233">
        <ele>1863</ele>
      </trkpt>
      <trkpt lat="42.665606020018458" lon="0.083472020924091">
        <ele>1863</ele>
      </trkpt>
      <trkpt lat="42.66552496701479" lon="0.083428015932441">
        <ele>1863</ele>
      </trkpt>
      <trkpt lat="42.665509041398764" lon="0.083418041467667">
        <ele>1864</ele>
      </trkpt>
      <trkpt lat="42.665499988943338" lon="0.083393985405564">
        <ele>1865</ele>
      </trkpt>
      <trkpt lat="42.66548196785152" lon="0.083359032869339">
        <ele>1866</ele>
      </trkpt>
      <trkpt lat="42.665448021143675" lon="0.08331703953445">
        <ele>1866</ele>
      </trkpt>
      <trkpt lat="42.665397981181741" lon="0.083218971267343">
        <ele>1867</ele>
      </trkpt>
      <trkpt lat="42.665375014767051" lon="0.083194999024272">
        <ele>1867</ele>
      </trkpt>
      <trkpt lat="42.6653500366956" lon="0.083178989589214">
        <ele>1867</ele>
      </trkpt>
      <trkpt lat="42.665333021432161" lon="0.083202039822936">
        <ele>1866</ele>
      </trkpt>
      <trkpt lat="42.665264960378408" lon="0.083242021501064">
        <ele>1864</ele>
      </trkpt>
      <trkpt lat="42.665225984528661" lon="0.083263982087374">
        <ele>1863</ele>
      </trkpt>
      <trkpt lat="42.66513797454536" lon="0.08331703953445">
        <ele>1861</ele>
      </trkpt>
      <trkpt lat="42.665071003139019" lon="0.083315027877688">
        <ele>1861</ele>
      </trkpt>
      <trkpt lat="42.665033033117652" lon="0.083322990685701">
        <ele>1861</ele>
      </trkpt>
      <trkpt lat="42.664996990934014" lon="0.083348974585533">
        <ele>1859</ele>
      </trkpt>
      <trkpt lat="42.66496698372066" lon="0.083373030647635">
        <ele>1859</ele>
      </trkpt>
      <trkpt lat="42.664948040619493" lon="0.083414018154144">
        <ele>1858</ele>
      </trkpt>
      <trkpt lat="42.664913004264235" lon="0.083443019539118">
        <ele>1857</ele>
      </trkpt>
      <trkpt lat="42.66487997956574" lon="0.083495993167162">
        <ele>1855</ele>
      </trkpt>
      <trkpt lat="42.66485701315105" lon="0.083527006208897">
        <ele>1853</ele>
      </trkpt>
      <trkpt lat="42.664847038686275" lon="0.083530023694038">
        <ele>1852</ele>
      </trkpt>
      <trkpt lat="42.664841003715992" lon="0.083585008978844">
        <ele>1851</ele>
      </trkpt>
      <trkpt lat="42.664787024259567" lon="0.083624990656972">
        <ele>1848</ele>
      </trkpt>
      <trkpt lat="42.664733966812491" lon="0.083680981770158">
        <ele>1843</ele>
      </trkpt>
      <trkpt lat="42.664703037589788" lon="0.083734961226583">
        <ele>1841</ele>
      </trkpt>
      <trkpt lat="42.664679987356067" lon="0.083764968439937">
        <ele>1839</ele>
      </trkpt>
      <trkpt lat="42.664674036204815" lon="0.083788018673658">
        <ele>1838</ele>
      </trkpt>
      <trkpt lat="42.664655009284616" lon="0.083829006180167">
        <ele>1837</ele>
      </trkpt>
      <trkpt lat="42.664611004292965" lon="0.083887008950114">
        <ele>1835</ele>
      </trkpt>
      <trkpt lat="42.664570016786456" lon="0.083913998678327">
        <ele>1833</ele>
      </trkpt>
      <trkpt lat="42.664524000138044" lon="0.083936965093017">
        <ele>1833</ele>
      </trkpt>
      <trkpt lat="42.664490975439548" lon="0.083947023376822">
        <ele>1832</ele>
      </trkpt>
      <trkpt lat="42.664467003196478" lon="0.083978958427906">
        <ele>1831</ele>
      </trkpt>
      <trkpt lat="42.664458034560084" lon="0.084007037803531">
        <ele>1831</ele>
      </trkpt>
      <trkpt lat="42.664420986548066" lon="0.084100998938084">
        <ele>1829</ele>
      </trkpt>
      <trkpt lat="42.66438402235508" lon="0.08415799587965">
        <ele>1827</ele>
      </trkpt>
      <trkpt lat="42.664355020970106" lon="0.084174005314708">
        <ele>1826</ele>
      </trkpt>
      <trkpt lat="42.664287965744734" lon="0.084290010854602">
        <ele>1825</ele>
      </trkpt>
      <trkpt lat="42.664219988510013" lon="0.084382966160774">
        <ele>1824</ele>
      </trkpt>
      <trkpt lat="42.664214037358761" lon="0.084405010566115">
        <ele>1823</ele>
      </trkpt>
      <trkpt lat="42.664195010438561" lon="0.084424037486315">
        <ele>1822</ele>
      </trkpt>
      <trkpt lat="42.664187969639897" lon="0.084492014721036">
        <ele>1821</ele>
      </trkpt>
      <trkpt lat="42.664120998233557" lon="0.084615983068943">
        <ele>1820</ele>
      </trkpt>
      <trkpt lat="42.6640859618783" lon="0.084698963910341">
        <ele>1818</ele>
      </trkpt>
      <trkpt lat="42.664060983806849" lon="0.084779011085629">
        <ele>1815</ele>
      </trkpt>
      <trkpt lat="42.663984959945083" lon="0.084855034947395">
        <ele>1812</ele>
      </trkpt>
      <trkpt lat="42.66391203738749" lon="0.084937009960413">
        <ele>1810</ele>
      </trkpt>
      <trkpt lat="42.663856968283653" lon="0.085015967488289">
        <ele>1808</ele>
      </trkpt>
      <trkpt lat="42.663826961070299" lon="0.085070030763745">
        <ele>1806</ele>
      </trkpt>
      <trkpt lat="42.663797037675977" lon="0.085092997178435">
        <ele>1804</ele>
      </trkpt>
      <trkpt lat="42.663735011592507" lon="0.085143037140369">
        <ele>1802</ele>
      </trkpt>
      <trkpt lat="42.663726964965463" lon="0.085148988291621">
        <ele>1802</ele>
      </trkpt>
      <trkpt lat="42.663701986894011" lon="0.085156029090285">
        <ele>1802</ele>
      </trkpt>
      <trkpt lat="42.66363300383091" lon="0.085209002718329">
        <ele>1800</ele>
      </trkpt>
      <trkpt lat="42.663581036031246" lon="0.08525300770998">
        <ele>1799</ele>
      </trkpt>
      <trkpt lat="42.663522027432919" lon="0.085306987166405">
        <ele>1799</ele>
      </trkpt>
      <trkpt lat="42.663495959714055" lon="0.085338000208139">
        <ele>1799</ele>
      </trkpt>
      <trkpt lat="42.663427982479334" lon="0.085411006584764">
        <ele>1799</ele>
      </trkpt>
      <trkpt lat="42.66341901384294" lon="0.085444031283259">
        <ele>1799</ele>
      </trkpt>
      <trkpt lat="42.663369979709387" lon="0.085527012124658">
        <ele>1798</ele>
      </trkpt>
      <trkpt lat="42.663338966667652" lon="0.085606975480914">
        <ele>1798</ele>
      </trkpt>
      <trkpt lat="42.663307031616569" lon="0.085673024877906">
        <ele>1797</ele>
      </trkpt>
      <trkpt lat="42.663274006918073" lon="0.085739996284246">
        <ele>1796</ele>
      </trkpt>
      <trkpt lat="42.663261014968157" lon="0.085784001275897">
        <ele>1795</ele>
      </trkpt>
      <trkpt lat="42.663208963349462" lon="0.085890032351017">
        <ele>1795</ele>
      </trkpt>
      <trkpt lat="42.663196977227926" lon="0.085917022079229">
        <ele>1796</ele>
      </trkpt>
      <trkpt lat="42.663156995549798" lon="0.085976030677557">
        <ele>1796</ele>
      </trkpt>
      <trkpt lat="42.663146015256643" lon="0.086043002083898">
        <ele>1797</ele>
      </trkpt>
      <trkpt lat="42.663099998608232" lon="0.086181974038482">
        <ele>1797</ele>
      </trkpt>
      <trkpt lat="42.663104021921754" lon="0.086222039535642">
        <ele>1797</ele>
      </trkpt>
      <trkpt lat="42.663107039406896" lon="0.086319018155336">
        <ele>1797</ele>
      </trkpt>
      <trkpt lat="42.663105027750134" lon="0.086397975683212">
        <ele>1795</ele>
      </trkpt>
      <trkpt lat="42.663112990558147" lon="0.08652001619339">
        <ele>1793</ele>
      </trkpt>
      <trkpt lat="42.663109973073006" lon="0.086530996486545">
        <ele>1793</ele>
      </trkpt>
      <trkpt lat="42.663077032193542" lon="0.086598973721266">
        <ele>1792</ele>
      </trkpt>
      <trkpt lat="42.663007965311408" lon="0.086696958169341">
        <ele>1790</ele>
      </trkpt>
      <trkpt lat="42.662975024431944" lon="0.086740041151643">
        <ele>1789</ele>
      </trkpt>
      <trkpt lat="42.662966977804899" lon="0.08675797842443">
        <ele>1788</ele>
      </trkpt>
      <trkpt lat="42.662952980026603" lon="0.086785973981023">
        <ele>1787</ele>
      </trkpt>
      <trkpt lat="42.662949962541461" lon="0.086789997294545">
        <ele>1786</ele>
      </trkpt>
      <trkpt lat="42.662949040532112" lon="0.086792008951306">
        <ele>1786</ele>
      </trkpt>
      <trkpt lat="42.662912998348475" lon="0.086834002286196">
        <ele>1785</ele>
      </trkpt>
      <trkpt lat="42.662880979478359" lon="0.086874989792705">
        <ele>1783</ele>
      </trkpt>
      <trkpt lat="42.662846026942134" lon="0.086916983127594">
        <ele>1782</ele>
      </trkpt>
      <trkpt lat="42.662840997800231" lon="0.086979009211063">
        <ele>1778</ele>
      </trkpt>
      <trkpt lat="42.66281601972878" lon="0.087008010596037">
        <ele>1776</ele>
      </trkpt>
      <trkpt lat="42.66279699280858" lon="0.086999963968992">
        <ele>1776</ele>
      </trkpt>
      <trkpt lat="42.662789030000567" lon="0.087009016424417">
        <ele>1775</ele>
      </trkpt>
      <trkpt lat="42.662790035828948" lon="0.087008010596037">
        <ele>1775</ele>
      </trkpt>
      <trkpt lat="42.662791041657329" lon="0.087012033909559">
        <ele>1774</ele>
      </trkpt>
      <trkpt lat="42.662777965888381" lon="0.087021002545953">
        <ele>1772</ele>
      </trkpt>
      <trkpt lat="42.662762962281704" lon="0.087051009759307">
        <ele>1770</ele>
      </trkpt>
      <trkpt lat="42.662747958675027" lon="0.087085962295532">
        <ele>1769</ele>
      </trkpt>
      <trkpt lat="42.662744019180536" lon="0.087104989215732">
        <ele>1767</ele>
      </trkpt>
      <trkpt lat="42.662736978381872" lon="0.087141031399369">
        <ele>1765</ele>
      </trkpt>
      <trkpt lat="42.662736978381872" lon="0.087141031399369">
        <ele>1764</ele>
      </trkpt>
      <trkpt lat="42.66271099448204" lon="0.087214037775993">
        <ele>1763</ele>
      </trkpt>
      <trkpt lat="42.662681993097067" lon="0.087267011404037">
        <ele>1761</ele>
      </trkpt>
      <trkpt lat="42.662651985883713" lon="0.087310010567307">
        <ele>1758</ele>
      </trkpt>
      <trkpt lat="42.662631031125784" lon="0.087364995852113">
        <ele>1755</ele>
      </trkpt>
      <trkpt lat="42.662579985335469" lon="0.087416963651776">
        <ele>1753</ele>
      </trkpt>
      <trkpt lat="42.662532962858677" lon="0.08744303137064">
        <ele>1752</ele>
      </trkpt>
      <trkpt lat="42.662521982565522" lon="0.087470021098852">
        <ele>1750</ele>
      </trkpt>
      <trkpt lat="42.66251896508038" lon="0.087521988898516">
        <ele>1749</ele>
      </trkpt>
      <trkpt lat="42.662512008100748" lon="0.087540009990335">
        <ele>1746</ele>
      </trkpt>
      <trkpt lat="42.662505973130465" lon="0.087625002488494">
        <ele>1744</ele>
      </trkpt>
      <trkpt lat="42.662460962310433" lon="0.087671019136906">
        <ele>1742</ele>
      </trkpt>
      <trkpt lat="42.662411006167531" lon="0.087715024128556">
        <ele>1741</ele>
      </trkpt>
      <trkpt lat="42.662399020045996" lon="0.087746037170291">
        <ele>1738</ele>
      </trkpt>
      <trkpt lat="42.662397008389235" lon="0.087776966392994">
        <ele>1737</ele>
      </trkpt>
      <trkpt lat="42.662382004782557" lon="0.087789036333561">
        <ele>1735</ele>
      </trkpt>
      <trkpt lat="42.662353003397584" lon="0.087818959727883">
        <ele>1734</ele>
      </trkpt>
      <trkpt lat="42.662333976477385" lon="0.087837986648083">
        <ele>1733</ele>
      </trkpt>
      <trkpt lat="42.662315033376217" lon="0.087865982204676">
        <ele>1732</ele>
      </trkpt>
      <trkpt lat="42.662310004234314" lon="0.087887020781636">
        <ele>1731</ele>
      </trkpt>
      <trkpt lat="42.662310004234314" lon="0.087887020781636">
        <ele>1730</ele>
      </trkpt>
      <trkpt lat="42.662273040041327" lon="0.087933959439397">
        <ele>1729</ele>
      </trkpt>
      <trkpt lat="42.662273040041327" lon="0.087933959439397">
        <ele>1728</ele>
      </trkpt>
      <trkpt lat="42.662254013121128" lon="0.087980981916189">
        <ele>1726</ele>
      </trkpt>
      <trkpt lat="42.662246972322464" lon="0.088011994957924">
        <ele>1725</ele>
      </trkpt>
      <trkpt lat="42.662243032827973" lon="0.088015012443066">
        <ele>1724</ele>
      </trkpt>
      <trkpt lat="42.66223800368607" lon="0.088031021878123">
        <ele>1724</ele>
      </trkpt>
      <trkpt lat="42.662213025614619" lon="0.088054994121194">
        <ele>1723</ele>
      </trkpt>
      <trkpt lat="42.662189975380898" lon="0.088083995506167">
        <ele>1721</ele>
      </trkpt>
      <trkpt lat="42.662177989259362" lon="0.088092964142561">
        <ele>1720</ele>
      </trkpt>
      <trkpt lat="42.662168014794588" lon="0.088104028254747">
        <ele>1719</ele>
      </trkpt>
      <trkpt lat="42.662159968167543" lon="0.08813101798296">
        <ele>1717</ele>
      </trkpt>
      <trkpt lat="42.662159968167543" lon="0.088141998276114">
        <ele>1715</ele>
      </trkpt>
      <trkpt lat="42.662160973995924" lon="0.088151972740889">
        <ele>1714</ele>
      </trkpt>
      <trkpt lat="42.662153011187911" lon="0.088184997439384">
        <ele>1713</ele>
      </trkpt>
      <trkpt lat="42.662153011187911" lon="0.088184997439384">
        <ele>1712</ele>
      </trkpt>
      <trkpt lat="42.662133984267712" lon="0.088245011866093">
        <ele>1711</ele>
      </trkpt>
      <trkpt lat="42.662132978439331" lon="0.088263032957911">
        <ele>1710</ele>
      </trkpt>
      <trkpt lat="42.662098025903106" lon="0.088324975222349">
        <ele>1708</ele>
      </trkpt>
      <trkpt lat="42.662076987326145" lon="0.088377026841044">
        <ele>1707</ele>
      </trkpt>
      <trkpt lat="42.662049997597933" lon="0.088457996025681">
        <ele>1705</ele>
      </trkpt>
      <trkpt lat="42.6620430406183" lon="0.088469982147217">
        <ele>1703</ele>
      </trkpt>
      <trkpt lat="42.662040023133159" lon="0.088493032380939">
        <ele>1702</ele>
      </trkpt>
      <trkpt lat="42.662027031183243" lon="0.088527984917164">
        <ele>1701</ele>
      </trkpt>
      <trkpt lat="42.662016972899437" lon="0.088578024879098">
        <ele>1700</ele>
      </trkpt>
      <trkpt lat="42.662013033404946" lon="0.088695036247373">
        <ele>1698</ele>
      </trkpt>
      <trkpt lat="42.661974979564548" lon="0.088806012645364">
        <ele>1696</ele>
      </trkpt>
      <trkpt lat="42.661969028413296" lon="0.088807018473744">
        <ele>1694</ele>
      </trkpt>
      <trkpt lat="42.661965005099773" lon="0.088821016252041">
        <ele>1693</ele>
      </trkpt>
      <trkpt lat="42.661956958472729" lon="0.088829984888434">
        <ele>1691</ele>
      </trkpt>
      <trkpt lat="42.661930974572897" lon="0.08888203650713">
        <ele>1689</ele>
      </trkpt>
      <trkpt lat="42.6619169767946" lon="0.088897962123156">
        <ele>1688</ele>
      </trkpt>
      <trkpt lat="42.661908008158207" lon="0.088911959901452">
        <ele>1687</ele>
      </trkpt>
      <trkpt lat="42.661903984844685" lon="0.0889250356704">
        <ele>1685</ele>
      </trkpt>
      <trkpt lat="42.661902979016304" lon="0.08892796933651">
        <ele>1685</ele>
      </trkpt>
      <trkpt lat="42.661896022036672" lon="0.088941967114806">
        <ele>1683</ele>
      </trkpt>
      <trkpt lat="42.661896022036672" lon="0.088941967114806">
        <ele>1683</ele>
      </trkpt>
      <trkpt lat="42.661890992894769" lon="0.088957976549864">
        <ele>1683</ele>
      </trkpt>
      <trkpt lat="42.661890992894769" lon="0.088957976549864">
        <ele>1683</ele>
      </trkpt>
      <trkpt lat="42.66187003813684" lon="0.089008016511798">
        <ele>1682</ele>
      </trkpt>
      <trkpt lat="42.661861991509795" lon="0.089036012068391">
        <ele>1682</ele>
      </trkpt>
      <trkpt lat="42.66185000538826" lon="0.089058978483081">
        <ele>1681</ele>
      </trkpt>
      <trkpt lat="42.661847993731499" lon="0.089068030938506">
        <ele>1680</ele>
      </trkpt>
      <trkpt lat="42.661788985133171" lon="0.089160986244678">
        <ele>1678</ele>
      </trkpt>
      <trkpt lat="42.661759983748198" lon="0.089196022599936">
        <ele>1675</ele>
      </trkpt>
      <trkpt lat="42.661770964041352" lon="0.089209014549851">
        <ele>1673</ele>
      </trkpt>
      <trkpt lat="42.661766018718481" lon="0.089225023984909">
        <ele>1671</ele>
      </trkpt>
      <trkpt lat="42.661736011505127" lon="0.089294007048011">
        <ele>1670</ele>
      </trkpt>
      <trkpt lat="42.661683959886432" lon="0.089403977617621">
        <ele>1669</ele>
      </trkpt>
      <trkpt lat="42.661670967936516" lon="0.089435996487737">
        <ele>1668</ele>
      </trkpt>
      <trkpt lat="42.661627968773246" lon="0.089500034227967">
        <ele>1666</ele>
      </trkpt>
      <trkpt lat="42.661613970994949" lon="0.089529035612941">
        <ele>1665</ele>
      </trkpt>
      <trkpt lat="42.66159201040864" lon="0.089619979262352">
        <ele>1663</ele>
      </trkpt>
      <trkpt lat="42.661588992923498" lon="0.089625008404255">
        <ele>1662</ele>
      </trkpt>
      <trkpt lat="42.661564014852047" lon="0.089639006182551">
        <ele>1660</ele>
      </trkpt>
      <trkpt lat="42.661512969061732" lon="0.08972299285233">
        <ele>1659</ele>
      </trkpt>
      <trkpt lat="42.661505006253719" lon="0.089741013944149">
        <ele>1658</ele>
      </trkpt>
      <trkpt lat="42.661488996818662" lon="0.089799016714096">
        <ele>1657</ele>
      </trkpt>
      <trkpt lat="42.661467036232352" lon="0.089826006442308">
        <ele>1655</ele>
      </trkpt>
      <trkpt lat="42.661457983776927" lon="0.089847967028618">
        <ele>1654</ele>
      </trkpt>
      <trkpt lat="42.661451026797295" lon="0.089861964806914">
        <ele>1653</ele>
      </trkpt>
      <trkpt lat="42.661444991827011" lon="0.089899012818933">
        <ele>1651</ele>
      </trkpt>
      <trkpt lat="42.661439962685108" lon="0.089916028082371">
        <ele>1649</ele>
      </trkpt>
      <trkpt lat="42.661439040675759" lon="0.089956009760499">
        <ele>1647</ele>
      </trkpt>
      <trkpt lat="42.661438034847379" lon="0.090004960075021">
        <ele>1646</ele>
      </trkpt>
      <trkpt lat="42.661438034847379" lon="0.090078972280025">
        <ele>1644</ele>
      </trkpt>
      <trkpt lat="42.661422025412321" lon="0.09010897949338">
        <ele>1642</ele>
      </trkpt>
      <trkpt lat="42.661406015977263" lon="0.090167988091707">
        <ele>1640</ele>
      </trkpt>
      <trkpt lat="42.661364022642374" lon="0.090271001681685">
        <ele>1638</ele>
      </trkpt>
      <trkpt lat="42.661364022642374" lon="0.090336967259645">
        <ele>1635</ele>
      </trkpt>
      <trkpt lat="42.661332003772259" lon="0.090368986129761">
        <ele>1633</ele>
      </trkpt>
      <trkpt lat="42.661327980458736" lon="0.090392036363482">
        <ele>1632</ele>
      </trkpt>
      <trkpt lat="42.661332003772259" lon="0.090487003326416">
        <ele>1631</ele>
      </trkpt>
      <trkpt lat="42.661342984065413" lon="0.090506030246615">
        <ele>1628</ele>
      </trkpt>
      <trkpt lat="42.661354970186949" lon="0.09058197028935">
        <ele>1625</ele>
      </trkpt>
      <trkpt lat="42.661327980458736" lon="0.090640978887677">
        <ele>1623</ele>
      </trkpt>
      <trkpt lat="42.661329992115498" lon="0.090661011636257">
        <ele>1622</ele>
      </trkpt>
      <trkpt lat="42.661305014044046" lon="0.090694958344102">
        <ele>1620</ele>
      </trkpt>
      <trkpt lat="42.661265032365918" lon="0.090733012184501">
        <ele>1617</ele>
      </trkpt>
      <trkpt lat="42.661213986575603" lon="0.09081699885428">
        <ele>1615</ele>
      </trkpt>
      <trkpt lat="42.661174004897475" lon="0.090863015502691">
        <ele>1612</ele>
      </trkpt>
      <trkpt lat="42.661149026826024" lon="0.090939039364457">
        <ele>1611</ele>
      </trkpt>
      <trkpt lat="42.661155983805656" lon="0.090982038527727">
        <ele>1608</ele>
      </trkpt>
      <trkpt lat="42.661149026826024" lon="0.091008022427559">
        <ele>1607</ele>
      </trkpt>
      <trkpt lat="42.661150032654405" lon="0.091030988842249">
        <ele>1605</ele>
      </trkpt>
      <trkpt lat="42.661149026826024" lon="0.091083962470293">
        <ele>1603</ele>
      </trkpt>
      <trkpt lat="42.661139974370599" lon="0.09109796024859">
        <ele>1601</ele>
      </trkpt>
      <trkpt lat="42.661127988249063" lon="0.091109024360776">
        <ele>1598</ele>
      </trkpt>
      <trkpt lat="42.661070991307497" lon="0.091163003817201">
        <ele>1595</ele>
      </trkpt>
      <trkpt lat="42.660985998809338" lon="0.09124799631536">
        <ele>1593</ele>
      </trkpt>
      <trkpt lat="42.660958003252745" lon="0.091295018792152">
        <ele>1592</ele>
      </trkpt>
      <trkpt lat="42.660892037674785" lon="0.091452011838555">
        <ele>1590</ele>
      </trkpt>
      <trkpt lat="42.660853983834386" lon="0.091528035700321">
        <ele>1588</ele>
      </trkpt>
      <trkpt lat="42.660854989662766" lon="0.091658039018512">
        <ele>1578</ele>
      </trkpt>
      <trkpt lat="42.660867981612682" lon="0.091683017089963">
        <ele>1573</ele>
      </trkpt>
      <trkpt lat="42.660823976621032" lon="0.091799022629857">
        <ele>1570</ele>
      </trkpt>
      <trkpt lat="42.660810984671116" lon="0.091844033449888">
        <ele>1569</ele>
      </trkpt>
      <trkpt lat="42.660810984671116" lon="0.091859959065914">
        <ele>1566</ele>
      </trkpt>
      <trkpt lat="42.660806039348245" lon="0.091865994036198">
        <ele>1565</ele>
      </trkpt>
      <trkpt lat="42.660788018256426" lon="0.091879991814494">
        <ele>1564</ele>
      </trkpt>
      <trkpt lat="42.660778965801001" lon="0.091960960999131">
        <ele>1563</ele>
      </trkpt>
      <trkpt lat="42.660761028528214" lon="0.092011000961065">
        <ele>1560</ele>
      </trkpt>
      <trkpt lat="42.660753987729549" lon="0.092031033709645">
        <ele>1559</ele>
      </trkpt>
      <trkpt lat="42.660686010494828" lon="0.092208981513977">
        <ele>1557</ele>
      </trkpt>
      <trkpt lat="42.6606460288167" lon="0.092288022860885">
        <ele>1555</ele>
      </trkpt>
      <trkpt lat="42.660595988854766" lon="0.092367986217141">
        <ele>1554</ele>
      </trkpt>
      <trkpt lat="42.660572016611695" lon="0.092424983158708">
        <ele>1554</ele>
      </trkpt>
      <trkpt lat="42.660503033548594" lon="0.092579964548349">
        <ele>1553</ele>
      </trkpt>
      <trkpt lat="42.660480989143252" lon="0.092683983966708">
        <ele>1551</ele>
      </trkpt>
      <trkpt lat="42.660441007465124" lon="0.092690018936992">
        <ele>1550</ele>
      </trkpt>
      <trkpt lat="42.660398008301854" lon="0.092696975916624">
        <ele>1548</ele>
      </trkpt>
      <trkpt lat="42.660397002473474" lon="0.092711979523301">
        <ele>1547</ele>
      </trkpt>
      <trkpt lat="42.660391973331571" lon="0.092749027535319">
        <ele>1546</ele>
      </trkpt>
      <trkpt lat="42.660391973331571" lon="0.092749027535319">
        <ele>1545</ele>
      </trkpt>
      <trkpt lat="42.660391973331571" lon="0.092749027535319">
        <ele>1543</ele>
      </trkpt>
      <trkpt lat="42.66039096750319" lon="0.092759002000093">
        <ele>1541</ele>
      </trkpt>
      <trkpt lat="42.660383004695177" lon="0.092796972021461">
        <ele>1539</ele>
      </trkpt>
      <trkpt lat="42.660383004695177" lon="0.092796972021461">
        <ele>1538</ele>
      </trkpt>
      <trkpt lat="42.660377975553274" lon="0.092814993113279">
        <ele>1537</ele>
      </trkpt>
      <trkpt lat="42.660376969724894" lon="0.092812981456518">
        <ele>1536</ele>
      </trkpt>
      <trkpt lat="42.660370012745261" lon="0.092861009761691">
        <ele>1536</ele>
      </trkpt>
      <trkpt lat="42.660370012745261" lon="0.092861009761691">
        <ele>1536</ele>
      </trkpt>
      <trkpt lat="42.660362971946597" lon="0.092890011146665">
        <ele>1536</ele>
      </trkpt>
      <trkpt lat="42.660360960289836" lon="0.092887999489903">
        <ele>1536</ele>
      </trkpt>
      <trkpt lat="42.660360960289836" lon="0.092887999489903">
        <ele>1536</ele>
      </trkpt>
      <trkpt lat="42.660360038280487" lon="0.092904008924961">
        <ele>1536</ele>
      </trkpt>
      <trkpt lat="42.660351991653442" lon="0.092909038066864">
        <ele>1536</ele>
      </trkpt>
      <trkpt lat="42.660351991653442" lon="0.09292203001678">
        <ele>1535</ele>
      </trkpt>
      <trkpt lat="42.660346962511539" lon="0.092930998653173">
        <ele>1535</ele>
      </trkpt>
      <trkpt lat="42.660346962511539" lon="0.092930998653173">
        <ele>1535</ele>
      </trkpt>
      <trkpt lat="42.660342017188668" lon="0.092932004481554">
        <ele>1535</ele>
      </trkpt>
      <trkpt lat="42.660342017188668" lon="0.092932004481554">
        <ele>1535</ele>
      </trkpt>
      <trkpt lat="42.660337993875146" lon="0.092933010309935">
        <ele>1535</ele>
      </trkpt>
      <trkpt lat="42.660338999703526" lon="0.092930998653173">
        <ele>1535</ele>
      </trkpt>
      <trkpt lat="42.660338999703526" lon="0.092930998653173">
        <ele>1535</ele>
      </trkpt>
      <trkpt lat="42.660354003310204" lon="0.093079023063183">
        <ele>1534</ele>
      </trkpt>
      <trkpt lat="42.660332964733243" lon="0.093154963105917">
        <ele>1533</ele>
      </trkpt>
      <trkpt lat="42.660320978611708" lon="0.093250013887882">
        <ele>1533</ele>
      </trkpt>
      <trkpt lat="42.660332964733243" lon="0.093298964202404">
        <ele>1533</ele>
      </trkpt>
      <trkpt lat="42.660354003310204" lon="0.093351015821099">
        <ele>1531</ele>
      </trkpt>
      <trkpt lat="42.660395996645093" lon="0.093411030247808">
        <ele>1530</ele>
      </trkpt>
      <trkpt lat="42.660451987758279" lon="0.093497028574347">
        <ele>1528</ele>
      </trkpt>
      <trkpt lat="42.660503033548594" lon="0.093618985265493">
        <ele>1527</ele>
      </trkpt>
      <trkpt lat="42.660577967762947" lon="0.093673970550299">
        <ele>1525</ele>
      </trkpt>
      <trkpt lat="42.660637982189655" lon="0.093832975253463">
        <ele>1523</ele>
      </trkpt>
      <trkpt lat="42.660665977746248" lon="0.09389198385179">
        <ele>1522</ele>
      </trkpt>
      <trkpt lat="42.660737978294492" lon="0.093985022976995">
        <ele>1521</ele>
      </trkpt>
      <trkpt lat="42.660744013264775" lon="0.09399700909853">
        <ele>1521</ele>
      </trkpt>
      <trkpt lat="42.660806039348245" lon="0.094130029901862">
        <ele>1520</ele>
      </trkpt>
      <trkpt lat="42.660816013813019" lon="0.094338990747929">
        <ele>1519</ele>
      </trkpt>
      <trkpt lat="42.660781983286142" lon="0.094468994066119">
        <ele>1518</ele>
      </trkpt>
      <trkpt lat="42.660750970244408" lon="0.094530014321208">
        <ele>1519</ele>
      </trkpt>
      <trkpt lat="42.660777037963271" lon="0.094608971849084">
        <ele>1519</ele>
      </trkpt>
      <trkpt lat="42.660764968022704" lon="0.09466596879065">
        <ele>1517</ele>
      </trkpt>
      <trkpt lat="42.660774020478129" lon="0.094742998480797">
        <ele>1516</ele>
      </trkpt>
      <trkpt lat="42.660779971629381" lon="0.094850035384297">
        <ele>1515</ele>
      </trkpt>
      <trkpt lat="42.660815007984638" lon="0.094939973205328">
        <ele>1513</ele>
      </trkpt>
      <trkpt lat="42.660845015197992" lon="0.095080034807324">
        <ele>1511</ele>
      </trkpt>
      <trkpt lat="42.660844009369612" lon="0.095155974850059">
        <ele>1510</ele>
      </trkpt>
      <trkpt lat="42.660860018804669" lon="0.095233004540205">
        <ele>1508</ele>
      </trkpt>
      <trkpt lat="42.660876028239727" lon="0.095258988440037">
        <ele>1508</ele>
      </trkpt>
      <trkpt lat="42.660913998261094" lon="0.095340041443706">
        <ele>1506</ele>
      </trkpt>
      <trkpt lat="42.660950962454081" lon="0.095427967607975">
        <ele>1504</ele>
      </trkpt>
      <trkpt lat="42.660978036001325" lon="0.095473984256387">
        <ele>1502</ele>
      </trkpt>
      <trkpt lat="42.661007959395647" lon="0.095515977591276">
        <ele>1500</ele>
      </trkpt>
      <trkpt lat="42.661053976044059" lon="0.095567023381591">
        <ele>1499</ele>
      </trkpt>
      <trkpt lat="42.661094041541219" lon="0.095599964261055">
        <ele>1497</ele>
      </trkpt>
      <trkpt lat="42.661094041541219" lon="0.095599964261055">
        <ele>1496</ele>
      </trkpt>
      <trkpt lat="42.661109967157245" lon="0.095616979524493">
        <ele>1493</ele>
      </trkpt>
      <trkpt lat="42.661145003512502" lon="0.095638018101454">
        <ele>1491</ele>
      </trkpt>
      <trkpt lat="42.661185991019011" lon="0.095679005607963">
        <ele>1489</ele>
      </trkpt>
      <trkpt lat="42.661228990182281" lon="0.095707001164556">
        <ele>1487</ele>
      </trkpt>
      <trkpt lat="42.661274001002312" lon="0.095725022256374">
        <ele>1484</ele>
      </trkpt>
      <trkpt lat="42.661341978237033" lon="0.095769027248025">
        <ele>1483</ele>
      </trkpt>
      <trkpt lat="42.661386989057064" lon="0.095789982005954">
        <ele>1481</ele>
      </trkpt>
      <trkpt lat="42.661406015977263" lon="0.095804985612631">
        <ele>1479</ele>
      </trkpt>
      <trkpt lat="42.661445997655392" lon="0.095851002261043">
        <ele>1477</ele>
      </trkpt>
      <trkpt lat="42.66155001707375" lon="0.09597203694284">
        <ele>1475</ele>
      </trkpt>
      <trkpt lat="42.661566026508808" lon="0.096072033047676">
        <ele>1473</ele>
      </trkpt>
      <trkpt lat="42.661587987095118" lon="0.09614797309041">
        <ele>1471</ele>
      </trkpt>
      <trkpt lat="42.661623023450375" lon="0.09625299833715">
        <ele>1468</ele>
      </trkpt>
      <trkpt lat="42.661640960723162" lon="0.096346959471703">
        <ele>1467</ele>
      </trkpt>
      <trkpt lat="42.661663005128503" lon="0.096418960019946">
        <ele>1465</ele>
      </trkpt>
      <trkpt lat="42.66167800873518" lon="0.096542006358504">
        <ele>1463</ele>
      </trkpt>
      <trkpt lat="42.66167800873518" lon="0.096542006358504">
        <ele>1462</ele>
      </trkpt>
      <trkpt lat="42.661672979593277" lon="0.096619036048651">
        <ele>1461</ele>
      </trkpt>
      <trkpt lat="42.66167800873518" lon="0.096645019948483">
        <ele>1460</ele>
      </trkpt>
      <trkpt lat="42.661687983199954" lon="0.096669998019934">
        <ele>1459</ele>
      </trkpt>
      <trkpt lat="42.661673985421658" lon="0.096798995509744">
        <ele>1458</ele>
      </trkpt>
      <trkpt lat="42.661649007350206" lon="0.096877031028271">
        <ele>1456</ele>
      </trkpt>
      <trkpt lat="42.661621011793613" lon="0.096989013254642">
        <ele>1455</ele>
      </trkpt>
      <trkpt lat="42.661576000973582" lon="0.097095966339111">
        <ele>1454</ele>
      </trkpt>
      <trkpt lat="42.661558985710144" lon="0.097145000472665">
        <ele>1452</ele>
      </trkpt>
      <trkpt lat="42.661553034558892" lon="0.09724298492074">
        <ele>1451</ele>
      </trkpt>
      <trkpt lat="42.661523027345538" lon="0.097390003502369">
        <ele>1448</ele>
      </trkpt>
      <trkpt lat="42.661524033173919" lon="0.097448006272316">
        <ele>1446</ele>
      </trkpt>
      <trkpt lat="42.661517998203635" lon="0.097491005435586">
        <ele>1443</ele>
      </trkpt>
      <trkpt lat="42.661519004032016" lon="0.097594019025564">
        <ele>1441</ele>
      </trkpt>
      <trkpt lat="42.661486985161901" lon="0.097754029557109">
        <ele>1438</ele>
      </trkpt>
      <trkpt lat="42.661471981555223" lon="0.097854025661945">
        <ele>1435</ele>
      </trkpt>
      <trkpt lat="42.661473993211985" lon="0.097913034260273">
        <ele>1432</ele>
      </trkpt>
      <trkpt lat="42.66148597933352" lon="0.097978999838233">
        <ele>1430</ele>
      </trkpt>
      <trkpt lat="42.661511963233352" lon="0.098063992336392">
        <ele>1427</ele>
      </trkpt>
      <trkpt lat="42.661525039002299" lon="0.098091987892985">
        <ele>1423</ele>
      </trkpt>
      <trkpt lat="42.661542976275086" lon="0.098236994817853">
        <ele>1421</ele>
      </trkpt>
      <trkpt lat="42.661540964618325" lon="0.098356017842889">
        <ele>1419</ele>
      </trkpt>
      <trkpt lat="42.661539036780596" lon="0.098561961203814">
        <ele>1417</ele>
      </trkpt>
      <trkpt lat="42.661541970446706" lon="0.098573025316">
        <ele>1414</ele>
      </trkpt>
      <trkpt lat="42.661530990153551" lon="0.098607977852225">
        <ele>1412</ele>
      </trkpt>
      <trkpt lat="42.661548005416989" lon="0.098645025864244">
        <ele>1410</ele>
      </trkpt>
      <trkpt lat="42.661551022902131" lon="0.098705962300301">
        <ele>1408</ele>
      </trkpt>
      <trkpt lat="42.661649007350206" lon="0.098850969225168">
        <ele>1405</ele>
      </trkpt>
      <trkpt lat="42.661684965714812" lon="0.098946020007133">
        <ele>1402</ele>
      </trkpt>
      <trkpt lat="42.661707010120153" lon="0.099036041647196">
        <ele>1398</ele>
      </trkpt>
      <trkpt lat="42.661677002906799" lon="0.099083986133337">
        <ele>1397</ele>
      </trkpt>
      <trkpt lat="42.661684965714812" lon="0.099114999175072">
        <ele>1395</ele>
      </trkpt>
      <trkpt lat="42.661738023161888" lon="0.099260006099939">
        <ele>1393</ele>
      </trkpt>
      <trkpt lat="42.661747997626662" lon="0.099400989711285">
        <ele>1390</ele>
      </trkpt>
      <trkpt lat="42.661746991798282" lon="0.099540967494249">
        <ele>1387</ele>
      </trkpt>
      <trkpt lat="42.661758977919817" lon="0.099596036598086">
        <ele>1385</ele>
      </trkpt>
      <trkpt lat="42.661755960434675" lon="0.099707012996078">
        <ele>1382</ele>
      </trkpt>
      <trkpt lat="42.661759983748198" lon="0.099748000502586">
        <ele>1380</ele>
      </trkpt>
      <trkpt lat="42.661702986806631" lon="0.099995015189052">
        <ele>1378</ele>
      </trkpt>
      <trkpt lat="42.661724025383592" lon="0.100096017122269">
        <ele>1376</ele>
      </trkpt>
      <trkpt lat="42.661757972091436" lon="0.100170029327273">
        <ele>1374</ele>
      </trkpt>
      <trkpt lat="42.6617650128901" lon="0.100180003792048">
        <ele>1372</ele>
      </trkpt>
      <trkpt lat="42.661773981526494" lon="0.10022995993495">
        <ele>1370</ele>
      </trkpt>
      <trkpt lat="42.661785967648029" lon="0.100344959646463">
        <ele>1367</ele>
      </trkpt>
      <trkpt lat="42.661782028153539" lon="0.100497007369995">
        <ele>1364</ele>
      </trkpt>
      <trkpt lat="42.661774987354875" lon="0.100575964897871">
        <ele>1362</ele>
      </trkpt>
      <trkpt lat="42.661788985133171" lon="0.100663974881172">
        <ele>1361</ele>
      </trkpt>
      <trkpt lat="42.661785967648029" lon="0.100742010399699">
        <ele>1359</ele>
      </trkpt>
      <trkpt lat="42.661775993183255" lon="0.100795989856124">
        <ele>1358</ele>
      </trkpt>
      <trkpt lat="42.661767024546862" lon="0.100818034261465">
        <ele>1356</ele>
      </trkpt>
      <trkpt lat="42.661754032596946" lon="0.100850975140929">
        <ele>1356</ele>
      </trkpt>
      <trkpt lat="42.661783033981919" lon="0.100935967639089">
        <ele>1356</ele>
      </trkpt>
      <trkpt lat="42.66180700622499" lon="0.101022971794009">
        <ele>1354</ele>
      </trkpt>
      <trkpt lat="42.661796025931835" lon="0.101075023412704">
        <ele>1353</ele>
      </trkpt>
      <trkpt lat="42.66180700622499" lon="0.101113999262452">
        <ele>1351</ele>
      </trkpt>
      <trkpt lat="42.661842964589596" lon="0.101193962618709">
        <ele>1349</ele>
      </trkpt>
      <trkpt lat="42.661861991509795" lon="0.101205026730895">
        <ele>1348</ele>
      </trkpt>
      <trkpt lat="42.661871965974569" lon="0.101205026730895">
        <ele>1346</ele>
      </trkpt>
      <trkpt lat="42.661887975409627" lon="0.101211983710527">
        <ele>1344</ele>
      </trkpt>
      <trkpt lat="42.66189300455153" lon="0.101240985095501">
        <ele>1342</ele>
      </trkpt>
      <trkpt lat="42.661917982622981" lon="0.101270992308855">
        <ele>1341</ele>
      </trkpt>
      <trkpt lat="42.661940027028322" lon="0.101341987028718">
        <ele>1339</ele>
      </trkpt>
      <trkpt lat="42.661961987614632" lon="0.101422034204006">
        <ele>1337</ele>
      </trkpt>
      <trkpt lat="42.661974979564548" lon="0.101541979238391">
        <ele>1335</ele>
      </trkpt>
      <trkpt lat="42.661942960694432" lon="0.101601993665099">
        <ele>1334</ele>
      </trkpt>
      <trkpt lat="42.661890992894769" lon="0.10175496339798">
        <ele>1332</ele>
      </trkpt>
      <trkpt lat="42.661841036751866" lon="0.101886978372931">
        <ele>1330</ele>
      </trkpt>
      <trkpt lat="42.661813963204622" lon="0.101999966427684">
        <ele>1327</ele>
      </trkpt>
      <trkpt lat="42.661788985133171" lon="0.102036008611321">
        <ele>1326</ele>
      </trkpt>
      <trkpt lat="42.661795020103455" lon="0.102044977247715">
        <ele>1325</ele>
      </trkpt>
      <trkpt lat="42.661813041195273" lon="0.102213034406304">
        <ele>1322</ele>
      </trkpt>
      <trkpt lat="42.661795020103455" lon="0.102297021076083">
        <ele>1320</ele>
      </trkpt>
      <trkpt lat="42.661780016496778" lon="0.102357035502791">
        <ele>1317</ele>
      </trkpt>
      <trkpt lat="42.661741962656379" lon="0.102481003850698">
        <ele>1315</ele>
      </trkpt>
      <trkpt lat="42.661702986806631" lon="0.102565996348858">
        <ele>1313</ele>
      </trkpt>
      <trkpt lat="42.661663005128503" lon="0.102604972198606">
        <ele>1311</ele>
      </trkpt>
      <trkpt lat="42.661632997915149" lon="0.102680996060371">
        <ele>1309</ele>
      </trkpt>
      <trkpt lat="42.661632997915149" lon="0.102703962475061">
        <ele>1308</ele>
      </trkpt>
      <trkpt lat="42.661648001521826" lon="0.10272198356688">
        <ele>1307</ele>
      </trkpt>
      <trkpt lat="42.661663005128503" lon="0.102732963860035">
        <ele>1305</ele>
      </trkpt>
      <trkpt lat="42.661714972928166" lon="0.102752996608615">
        <ele>1302</ele>
      </trkpt>
      <trkpt lat="42.661760989576578" lon="0.102773029357195">
        <ele>1301</ele>
      </trkpt>
      <trkpt lat="42.661815974861383" lon="0.10274101048708">
        <ele>1298</ele>
      </trkpt>
      <trkpt lat="42.661837013438344" lon="0.102709997445345">
        <ele>1296</ele>
      </trkpt>
      <trkpt lat="42.661869032308459" lon="0.102684013545513">
        <ele>1295</ele>
      </trkpt>
      <trkpt lat="42.66195997595787" lon="0.10267898440361">
        <ele>1293</ele>
      </trkpt>
      <trkpt lat="42.66208897344768" lon="0.102600026875734">
        <ele>1292</ele>
      </trkpt>
      <trkpt lat="42.662169020622969" lon="0.102576976642013">
        <ele>1291</ele>
      </trkpt>
      <trkpt lat="42.662188969552517" lon="0.102588040754199">
        <ele>1290</ele>
      </trkpt>
      <trkpt lat="42.662276979535818" lon="0.102664986625314">
        <ele>1289</ele>
      </trkpt>
      <trkpt lat="42.662334982305765" lon="0.102701028808951">
        <ele>1288</ele>
      </trkpt>
      <trkpt lat="42.662382004782557" lon="0.102660963311791">
        <ele>1288</ele>
      </trkpt>
      <trkpt lat="42.662380998954177" lon="0.102769006043673">
        <ele>1285</ele>
      </trkpt>
      <trkpt lat="42.66241000033915" lon="0.102972015738487">
        <ele>1285</ele>
      </trkpt>
      <trkpt lat="42.662445958703756" lon="0.103016020730138">
        <ele>1284</ele>
      </trkpt>
      <trkpt lat="42.662478983402252" lon="0.103112999349833">
        <ele>1284</ele>
      </trkpt>
      <trkpt lat="42.662525000050664" lon="0.103227999061346">
        <ele>1283</ele>
      </trkpt>
      <trkpt lat="42.66260202974081" lon="0.103440983220935">
        <ele>1282</ele>
      </trkpt>
      <trkpt lat="42.662647040560842" lon="0.103479959070683">
        <ele>1282</ele>
      </trkpt>
      <trkpt lat="42.662800010293722" lon="0.10338599793613">
        <ele>1281</ele>
      </trkpt>
      <trkpt lat="42.66285901889205" lon="0.10332103818655">
        <ele>1281</ele>
      </trkpt>
      <trkpt lat="42.662891037762165" lon="0.103254988789558">
        <ele>1280</ele>
      </trkpt>
      <trkpt lat="42.662983993068337" lon="0.103134037926793">
        <ele>1280</ele>
      </trkpt>
      <trkpt lat="42.662997990846634" lon="0.103114005178213">
        <ele>1279</ele>
      </trkpt>
      <trkpt lat="42.663064040243626" lon="0.10302297770977">
        <ele>1279</ele>
      </trkpt>
      <trkpt lat="42.663163030520082" lon="0.103062959387898">
        <ele>1279</ele>
      </trkpt>
      <trkpt lat="42.66318297944963" lon="0.103072011843324">
        <ele>1279</ele>
      </trkpt>
      <trkpt lat="42.663314994424582" lon="0.103075029328465">
        <ele>1278</ele>
      </trkpt>
      <trkpt lat="42.663382971659303" lon="0.103070000186563">
        <ele>1278</ele>
      </trkpt>
      <trkpt lat="42.663541976362467" lon="0.10300001129508">
        <ele>1278</ele>
      </trkpt>
      <trkpt lat="42.66361397691071" lon="0.1029990054667">
        <ele>1278</ele>
      </trkpt>
      <trkpt lat="42.663706010207534" lon="0.103050973266363">
        <ele>1277</ele>
      </trkpt>
      <trkpt lat="42.663797959685326" lon="0.103025995194912">
        <ele>1277</ele>
      </trkpt>
      <trkpt lat="42.663895022124052" lon="0.102984001860023">
        <ele>1278</ele>
      </trkpt>
      <trkpt lat="42.664054026827216" lon="0.102948965504766">
        <ele>1278</ele>
      </trkpt>
      <trkpt lat="42.66414899379015" lon="0.10289297439158">
        <ele>1278</ele>
      </trkpt>
      <trkpt lat="42.664190987125039" lon="0.102875037118793">
        <ele>1278</ele>
      </trkpt>
      <trkpt lat="42.664222000166774" lon="0.102846035733819">
        <ele>1277</ele>
      </trkpt>
      <trkpt lat="42.664338005706668" lon="0.102750984951854">
        <ele>1277</ele>
      </trkpt>
      <trkpt lat="42.664477983489633" lon="0.102672027423978">
        <ele>1277</ele>
      </trkpt>
      <trkpt lat="42.664507990702987" lon="0.102673033252358">
        <ele>1277</ele>
      </trkpt>
      <trkpt lat="42.664548978209496" lon="0.102674961090088">
        <ele>1277</ele>
      </trkpt>
      <trkpt lat="42.664714017882943" lon="0.102610001340508">
        <ele>1277</ele>
      </trkpt>
      <trkpt lat="42.664844021201134" lon="0.102554010227323">
        <ele>1277</ele>
      </trkpt>
      <trkpt lat="42.664918033406138" lon="0.102559039369226">
        <ele>1277</ele>
      </trkpt>
      <trkpt lat="42.665050970390439" lon="0.102559961378574">
        <ele>1277</ele>
      </trkpt>
      <trkpt lat="42.665071003139019" lon="0.102558033540845">
        <ele>1277</ele>
      </trkpt>
      <trkpt lat="42.665098998695612" lon="0.102573037147522">
        <ele>1277</ele>
      </trkpt>
      <trkpt lat="42.665109978988767" lon="0.102582005783916">
        <ele>1277</ele>
      </trkpt>
      <trkpt lat="42.665204023942351" lon="0.102647971361876">
        <ele>1277</ele>
      </trkpt>
      <trkpt lat="42.665231013670564" lon="0.102676972746849">
        <ele>1277</ele>
      </trkpt>
      <trkpt lat="42.665276024490595" lon="0.102713014930487">
        <ele>1277</ele>
      </trkpt>
      <trkpt lat="42.665318017825484" lon="0.102740004658699">
        <ele>1277</ele>
      </trkpt>
      <trkpt lat="42.665316006168723" lon="0.102737993001938">
        <ele>1277</ele>
      </trkpt>
      <trkpt lat="42.665418013930321" lon="0.102786021307111">
        <ele>1276</ele>
      </trkpt>
      <trkpt lat="42.665558997541666" lon="0.102847963571548">
        <ele>1276</ele>
      </trkpt>
      <trkpt lat="42.665666034445167" lon="0.102887023240328">
        <ele>1276</ele>
      </trkpt>
      <trkpt lat="42.665723031386733" lon="0.10291401296854">
        <ele>1276</ele>
      </trkpt>
      <trkpt lat="42.665828978642821" lon="0.102992970496416">
        <ele>1276</ele>
      </trkpt>
      <trkpt lat="42.665843982249498" lon="0.103036975488067">
        <ele>1276</ele>
      </trkpt>
      <trkpt lat="42.665856974199414" lon="0.103095984086394">
        <ele>1276</ele>
      </trkpt>
      <trkpt lat="42.66586896032095" lon="0.103125991299748">
        <ele>1276</ele>
      </trkpt>
      <trkpt lat="42.665921011939645" lon="0.103197991847992">
        <ele>1276</ele>
      </trkpt>
      <trkpt lat="42.666007010266185" lon="0.103251971304417">
        <ele>1275</ele>
      </trkpt>
      <trkpt lat="42.666012961417437" lon="0.103275021538138">
        <ele>1275</ele>
      </trkpt>
      <trkpt lat="42.66601799055934" lon="0.103335035964847">
        <ele>1275</ele>
      </trkpt>
      <trkpt lat="42.666053026914597" lon="0.103420028463006">
        <ele>1275</ele>
      </trkpt>
      <trkpt lat="42.666053026914597" lon="0.103466967120767">
        <ele>1274</ele>
      </trkpt>
      <trkpt lat="42.666057972237468" lon="0.103477025404572">
        <ele>1275</ele>
      </trkpt>
    </trkseg>
  </trk>

</gpx>