<?xml version="1.0" encoding="utf-8"?><gpx creator="Garmin Desktop App" version="1.1" xsi:schemaLocation="http://www.topografix.com/GPX/1/1 http://www.topografix.com/GPX/1/1/gpx.xsd http://www.garmin.com/xmlschemas/WaypointExtension/v1 http://www8.garmin.com/xmlschemas/WaypointExtensionv1.xsd http://www.garmin.com/xmlschemas/TrackPointExtension/v1 http://www.garmin.com/xmlschemas/TrackPointExtensionv1.xsd http://www.garmin.com/xmlschemas/GpxExtensions/v3 http://www8.garmin.com/xmlschemas/GpxExtensionsv3.xsd http://www.garmin.com/xmlschemas/ActivityExtension/v1 http://www8.garmin.com/xmlschemas/ActivityExtensionv1.xsd http://www.garmin.com/xmlschemas/AdventuresExtensions/v1 http://www8.garmin.com/xmlschemas/AdventuresExtensionv1.xsd http://www.garmin.com/xmlschemas/PressureExtension/v1 http://www.garmin.com/xmlschemas/PressureExtensionv1.xsd http://www.garmin.com/xmlschemas/TripExtensions/v1 http://www.garmin.com/xmlschemas/TripExtensionsv1.xsd http://www.garmin.com/xmlschemas/TripMetaDataExtensions/v1 http://www.garmin.com/xmlschemas/TripMetaDataExtensionsv1.xsd http://www.garmin.com/xmlschemas/ViaPointTransportationModeExtensions/v1 http://www.garmin.com/xmlschemas/ViaPointTransportationModeExtensionsv1.xsd http://www.garmin.com/xmlschemas/CreationTimeExtension/v1 http://www.garmin.com/xmlschemas/CreationTimeExtensionsv1.xsd http://www.garmin.com/xmlschemas/AccelerationExtension/v1 http://www.garmin.com/xmlschemas/AccelerationExtensionv1.xsd http://www.garmin.com/xmlschemas/PowerExtension/v1 http://www.garmin.com/xmlschemas/PowerExtensionv1.xsd http://www.garmin.com/xmlschemas/VideoExtension/v1 http://www.garmin.com/xmlschemas/VideoExtensionv1.xsd" xmlns="http://www.topografix.com/GPX/1/1" xmlns:xsi="http://www.w3.org/2001/XMLSchema-instance" xmlns:wptx1="http://www.garmin.com/xmlschemas/WaypointExtension/v1" xmlns:gpxtrx="http://www.garmin.com/xmlschemas/GpxExtensions/v3" xmlns:gpxtpx="http://www.garmin.com/xmlschemas/TrackPointExtension/v1" xmlns:gpxx="http://www.garmin.com/xmlschemas/GpxExtensions/v3" xmlns:trp="http://www.garmin.com/xmlschemas/TripExtensions/v1" xmlns:adv="http://www.garmin.com/xmlschemas/AdventuresExtensions/v1" xmlns:prs="http://www.garmin.com/xmlschemas/PressureExtension/v1" xmlns:tmd="http://www.garmin.com/xmlschemas/TripMetaDataExtensions/v1" xmlns:vptm="http://www.garmin.com/xmlschemas/ViaPointTransportationModeExtensions/v1" xmlns:ctx="http://www.garmin.com/xmlschemas/CreationTimeExtension/v1" xmlns:gpxacc="http://www.garmin.com/xmlschemas/AccelerationExtension/v1" xmlns:gpxpx="http://www.garmin.com/xmlschemas/PowerExtension/v1" xmlns:vidx1="http://www.garmin.com/xmlschemas/VideoExtension/v1">

  <metadata>
    <link href="http://www.garmin.com">
      <text>Garmin International</text>
    </link>
    <time>2026-05-10T12:42:23Z</time>
    <bounds maxlat="42.6896090246737" maxlon="0.214654002338648" minlat="42.660630019381642" minlon="0.083046974614263" />
  </metadata>

  <trk>
    <name>GR11_18_Pineta-Parzan</name>
    <extensions>
      <gpxx:TrackExtension>
        <gpxx:DisplayColor>Cyan</gpxx:DisplayColor>
      </gpxx:TrackExtension>
    </extensions>
    <trkseg>
      <trkpt lat="42.666057972237468" lon="0.103477025404572">
        <ele>1239</ele>
      </trkpt>
      <trkpt lat="42.666053026914597" lon="0.103466967120767">
        <ele>1238</ele>
      </trkpt>
      <trkpt lat="42.666053026914597" lon="0.103420028463006">
        <ele>1239</ele>
      </trkpt>
      <trkpt lat="42.66601799055934" lon="0.103335035964847">
        <ele>1239</ele>
      </trkpt>
      <trkpt lat="42.666012961417437" lon="0.103275021538138">
        <ele>1239</ele>
      </trkpt>
      <trkpt lat="42.666007010266185" lon="0.103251971304417">
        <ele>1239</ele>
      </trkpt>
      <trkpt lat="42.665921011939645" lon="0.103197991847992">
        <ele>1240</ele>
      </trkpt>
      <trkpt lat="42.66586896032095" lon="0.103125991299748">
        <ele>1240</ele>
      </trkpt>
      <trkpt lat="42.665856974199414" lon="0.103095984086394">
        <ele>1240</ele>
      </trkpt>
      <trkpt lat="42.665843982249498" lon="0.103036975488067">
        <ele>1240</ele>
      </trkpt>
      <trkpt lat="42.665828978642821" lon="0.102992970496416">
        <ele>1240</ele>
      </trkpt>
      <trkpt lat="42.665723031386733" lon="0.10291401296854">
        <ele>1240</ele>
      </trkpt>
      <trkpt lat="42.665666034445167" lon="0.102887023240328">
        <ele>1240</ele>
      </trkpt>
      <trkpt lat="42.665560003370047" lon="0.102847963571548">
        <ele>1240</ele>
      </trkpt>
      <trkpt lat="42.665418013930321" lon="0.102786021307111">
        <ele>1240</ele>
      </trkpt>
      <trkpt lat="42.665316006168723" lon="0.102737993001938">
        <ele>1241</ele>
      </trkpt>
      <trkpt lat="42.665318017825484" lon="0.102740004658699">
        <ele>1241</ele>
      </trkpt>
      <trkpt lat="42.665276024490595" lon="0.102713014930487">
        <ele>1241</ele>
      </trkpt>
      <trkpt lat="42.665231013670564" lon="0.102676972746849">
        <ele>1241</ele>
      </trkpt>
      <trkpt lat="42.665204023942351" lon="0.102647971361876">
        <ele>1241</ele>
      </trkpt>
      <trkpt lat="42.665109978988767" lon="0.102582005783916">
        <ele>1241</ele>
      </trkpt>
      <trkpt lat="42.665100004523993" lon="0.102573037147522">
        <ele>1241</ele>
      </trkpt>
      <trkpt lat="42.665071003139019" lon="0.102558033540845">
        <ele>1241</ele>
      </trkpt>
      <trkpt lat="42.665050970390439" lon="0.102559961378574">
        <ele>1241</ele>
      </trkpt>
      <trkpt lat="42.664918033406138" lon="0.102559039369226">
        <ele>1241</ele>
      </trkpt>
      <trkpt lat="42.664844021201134" lon="0.102554010227323">
        <ele>1241</ele>
      </trkpt>
      <trkpt lat="42.664714017882943" lon="0.102610001340508">
        <ele>1241</ele>
      </trkpt>
      <trkpt lat="42.664548978209496" lon="0.102674961090088">
        <ele>1241</ele>
      </trkpt>
      <trkpt lat="42.664507990702987" lon="0.102673033252358">
        <ele>1241</ele>
      </trkpt>
      <trkpt lat="42.664477983489633" lon="0.102672027423978">
        <ele>1241</ele>
      </trkpt>
      <trkpt lat="42.664338005706668" lon="0.102750984951854">
        <ele>1241</ele>
      </trkpt>
      <trkpt lat="42.664222000166774" lon="0.102846035733819">
        <ele>1241</ele>
      </trkpt>
      <trkpt lat="42.664190987125039" lon="0.102875037118793">
        <ele>1242</ele>
      </trkpt>
      <trkpt lat="42.66414899379015" lon="0.10289297439158">
        <ele>1242</ele>
      </trkpt>
      <trkpt lat="42.664054026827216" lon="0.102948965504766">
        <ele>1242</ele>
      </trkpt>
      <trkpt lat="42.663895022124052" lon="0.102984001860023">
        <ele>1242</ele>
      </trkpt>
      <trkpt lat="42.663797959685326" lon="0.103025995194912">
        <ele>1241</ele>
      </trkpt>
      <trkpt lat="42.663706010207534" lon="0.103050973266363">
        <ele>1241</ele>
      </trkpt>
      <trkpt lat="42.66361397691071" lon="0.1029990054667">
        <ele>1242</ele>
      </trkpt>
      <trkpt lat="42.663541976362467" lon="0.10300001129508">
        <ele>1242</ele>
      </trkpt>
      <trkpt lat="42.663382971659303" lon="0.103070000186563">
        <ele>1242</ele>
      </trkpt>
      <trkpt lat="42.663314994424582" lon="0.103075029328465">
        <ele>1242</ele>
      </trkpt>
      <trkpt lat="42.66318297944963" lon="0.103072011843324">
        <ele>1243</ele>
      </trkpt>
      <trkpt lat="42.663163030520082" lon="0.103062959387898">
        <ele>1243</ele>
      </trkpt>
      <trkpt lat="42.663064040243626" lon="0.10302297770977">
        <ele>1243</ele>
      </trkpt>
      <trkpt lat="42.662997990846634" lon="0.103114005178213">
        <ele>1243</ele>
      </trkpt>
      <trkpt lat="42.662983993068337" lon="0.103134037926793">
        <ele>1244</ele>
      </trkpt>
      <trkpt lat="42.662891037762165" lon="0.103254988789558">
        <ele>1244</ele>
      </trkpt>
      <trkpt lat="42.66285901889205" lon="0.10332103818655">
        <ele>1243</ele>
      </trkpt>
      <trkpt lat="42.662800010293722" lon="0.10338599793613">
        <ele>1243</ele>
      </trkpt>
      <trkpt lat="42.662647040560842" lon="0.103479959070683">
        <ele>1243</ele>
      </trkpt>
      <trkpt lat="42.66260202974081" lon="0.103440983220935">
        <ele>1243</ele>
      </trkpt>
      <trkpt lat="42.662525000050664" lon="0.103227999061346">
        <ele>1243</ele>
      </trkpt>
      <trkpt lat="42.662478983402252" lon="0.103112999349833">
        <ele>1243</ele>
      </trkpt>
      <trkpt lat="42.662445958703756" lon="0.103016020730138">
        <ele>1243</ele>
      </trkpt>
      <trkpt lat="42.66241000033915" lon="0.102972015738487">
        <ele>1243</ele>
      </trkpt>
      <trkpt lat="42.662380998954177" lon="0.102769006043673">
        <ele>1243</ele>
      </trkpt>
      <trkpt lat="42.662382004782557" lon="0.102660963311791">
        <ele>1243</ele>
      </trkpt>
      <trkpt lat="42.662334982305765" lon="0.102701028808951">
        <ele>1243</ele>
      </trkpt>
      <trkpt lat="42.662276979535818" lon="0.102664986625314">
        <ele>1243</ele>
      </trkpt>
      <trkpt lat="42.662188969552517" lon="0.102588040754199">
        <ele>1244</ele>
      </trkpt>
      <trkpt lat="42.662169020622969" lon="0.102576976642013">
        <ele>1244</ele>
      </trkpt>
      <trkpt lat="42.66208897344768" lon="0.102600026875734">
        <ele>1244</ele>
      </trkpt>
      <trkpt lat="42.66195997595787" lon="0.10267898440361">
        <ele>1245</ele>
      </trkpt>
      <trkpt lat="42.661917982622981" lon="0.102530959993601">
        <ele>1244</ele>
      </trkpt>
      <trkpt lat="42.661917982622981" lon="0.102530959993601">
        <ele>1244</ele>
      </trkpt>
      <trkpt lat="42.661887975409627" lon="0.10246398858726">
        <ele>1245</ele>
      </trkpt>
      <trkpt lat="42.66189401037991" lon="0.102415038272738">
        <ele>1245</ele>
      </trkpt>
      <trkpt lat="42.661883030086756" lon="0.102326022461057">
        <ele>1245</ele>
      </trkpt>
      <trkpt lat="42.661938015371561" lon="0.102175986394286">
        <ele>1245</ele>
      </trkpt>
      <trkpt lat="42.661961987614632" lon="0.102132987231016">
        <ele>1245</ele>
      </trkpt>
      <trkpt lat="42.662027031183243" lon="0.101953027769923">
        <ele>1245</ele>
      </trkpt>
      <trkpt lat="42.662038011476398" lon="0.101893013343215">
        <ele>1246</ele>
      </trkpt>
      <trkpt lat="42.662073969841003" lon="0.101722022518516">
        <ele>1248</ele>
      </trkpt>
      <trkpt lat="42.662135995924473" lon="0.10158397257328">
        <ele>1248</ele>
      </trkpt>
      <trkpt lat="42.66217103227973" lon="0.1015380397439">
        <ele>1248</ele>
      </trkpt>
      <trkpt lat="42.662231968715787" lon="0.101396972313523">
        <ele>1248</ele>
      </trkpt>
      <trkpt lat="42.662235992029309" lon="0.101379035040736">
        <ele>1248</ele>
      </trkpt>
      <trkpt lat="42.66227999702096" lon="0.101254982873797">
        <ele>1247</ele>
      </trkpt>
      <trkpt lat="42.66230296343565" lon="0.101192034780979">
        <ele>1247</ele>
      </trkpt>
      <trkpt lat="42.662321990355849" lon="0.101165967062116">
        <ele>1247</ele>
      </trkpt>
      <trkpt lat="42.662315033376217" lon="0.101064965128899">
        <ele>1246</ele>
      </trkpt>
      <trkpt lat="42.662383010610938" lon="0.100977960973978">
        <ele>1244</ele>
      </trkpt>
      <trkpt lat="42.662498010322452" lon="0.100871007889509">
        <ele>1244</ele>
      </trkpt>
      <trkpt lat="42.66251603141427" lon="0.100824991241097">
        <ele>1246</ele>
      </trkpt>
      <trkpt lat="42.662545032799244" lon="0.100800013169646">
        <ele>1246</ele>
      </trkpt>
      <trkpt lat="42.662591971457005" lon="0.10072398930788">
        <ele>1246</ele>
      </trkpt>
      <trkpt lat="42.662618039175868" lon="0.100676966831088">
        <ele>1246</ele>
      </trkpt>
      <trkpt lat="42.662638993933797" lon="0.100577976554632">
        <ele>1246</ele>
      </trkpt>
      <trkpt lat="42.662715017795563" lon="0.100458031520247">
        <ele>1243</ele>
      </trkpt>
      <trkpt lat="42.662721974775195" lon="0.100459959357977">
        <ele>1243</ele>
      </trkpt>
      <trkpt lat="42.66275399364531" lon="0.100472029298544">
        <ele>1243</ele>
      </trkpt>
      <trkpt lat="42.662866981700063" lon="0.100478986278176">
        <ele>1242</ele>
      </trkpt>
      <trkpt lat="42.662919033318758" lon="0.100509999319911">
        <ele>1241</ele>
      </trkpt>
      <trkpt lat="42.663025986403227" lon="0.100517040118575">
        <ele>1241</ele>
      </trkpt>
      <trkpt lat="42.663060016930103" lon="0.100513016805053">
        <ele>1241</ele>
      </trkpt>
      <trkpt lat="42.663305019959807" lon="0.100712003186345">
        <ele>1240</ele>
      </trkpt>
      <trkpt lat="42.663377020508051" lon="0.100770005956292">
        <ele>1240</ele>
      </trkpt>
      <trkpt lat="42.663410967215896" lon="0.100810993462801">
        <ele>1240</ele>
      </trkpt>
      <trkpt lat="42.663605008274317" lon="0.100834965705872">
        <ele>1240</ele>
      </trkpt>
      <trkpt lat="42.66369997523725" lon="0.100816022604704">
        <ele>1240</ele>
      </trkpt>
      <trkpt lat="42.663855962455273" lon="0.100819962099195">
        <ele>1240</ele>
      </trkpt>
      <trkpt lat="42.663916982710361" lon="0.100818034261465">
        <ele>1240</ele>
      </trkpt>
      <trkpt lat="42.664028964936733" lon="0.100825997069478">
        <ele>1240</ele>
      </trkpt>
      <trkpt lat="42.66410700045526" lon="0.10080998763442">
        <ele>1240</ele>
      </trkpt>
      <trkpt lat="42.66412896104157" lon="0.100794984027743">
        <ele>1240</ele>
      </trkpt>
      <trkpt lat="42.664220994338393" lon="0.100753996521235">
        <ele>1240</ele>
      </trkpt>
      <trkpt lat="42.664281008765101" lon="0.100676966831088">
        <ele>1240</ele>
      </trkpt>
      <trkpt lat="42.664383016526699" lon="0.100560039281845">
        <ele>1240</ele>
      </trkpt>
      <trkpt lat="42.664420986548066" lon="0.100503964349627">
        <ele>1240</ele>
      </trkpt>
      <trkpt lat="42.664489969611168" lon="0.100338002666831">
        <ele>1241</ele>
      </trkpt>
      <trkpt lat="42.664574962109327" lon="0.100197019055486">
        <ele>1241</ele>
      </trkpt>
      <trkpt lat="42.664689039811492" lon="0.100066009908915">
        <ele>1241</ele>
      </trkpt>
      <trkpt lat="42.664779983460903" lon="0.099947992712259">
        <ele>1242</ele>
      </trkpt>
      <trkpt lat="42.66485801897943" lon="0.099785970523953">
        <ele>1242</ele>
      </trkpt>
      <trkpt lat="42.664915015920997" lon="0.099658984690905">
        <ele>1243</ele>
      </trkpt>
      <trkpt lat="42.664996990934014" lon="0.099588995799422">
        <ele>1243</ele>
      </trkpt>
      <trkpt lat="42.665025992318988" lon="0.099387997761369">
        <ele>1243</ele>
      </trkpt>
      <trkpt lat="42.665057005360723" lon="0.099271992221475">
        <ele>1243</ele>
      </trkpt>
      <trkpt lat="42.665107967332006" lon="0.099185993894935">
        <ele>1243</ele>
      </trkpt>
      <trkpt lat="42.665145015344024" lon="0.099044004455209">
        <ele>1244</ele>
      </trkpt>
      <trkpt lat="42.665131017565727" lon="0.098990024998784">
        <ele>1244</ele>
      </trkpt>
      <trkpt lat="42.665131017565727" lon="0.098749967291951">
        <ele>1245</ele>
      </trkpt>
      <trkpt lat="42.665150966495275" lon="0.098691964522004">
        <ele>1245</ele>
      </trkpt>
      <trkpt lat="42.665192959830165" lon="0.098558021709323">
        <ele>1245</ele>
      </trkpt>
      <trkpt lat="42.665236964821815" lon="0.09846699424088">
        <ele>1246</ele>
      </trkpt>
      <trkpt lat="42.665296979248524" lon="0.098434975370765">
        <ele>1246</ele>
      </trkpt>
      <trkpt lat="42.66539697535336" lon="0.098327016457915">
        <ele>1245</ele>
      </trkpt>
      <trkpt lat="42.665434023365378" lon="0.098270019516349">
        <ele>1245</ele>
      </trkpt>
      <trkpt lat="42.665465036407113" lon="0.098212016746402">
        <ele>1245</ele>
      </trkpt>
      <trkpt lat="42.66552203334868" lon="0.098147979006171">
        <ele>1245</ele>
      </trkpt>
      <trkpt lat="42.665527984499931" lon="0.098101040348411">
        <ele>1245</ele>
      </trkpt>
      <trkpt lat="42.665508035570383" lon="0.097896018996835">
        <ele>1245</ele>
      </trkpt>
      <trkpt lat="42.665529996156693" lon="0.097760986536741">
        <ele>1244</ele>
      </trkpt>
      <trkpt lat="42.665552962571383" lon="0.097684962674975">
        <ele>1244</ele>
      </trkpt>
      <trkpt lat="42.665682965889573" lon="0.097493017092347">
        <ele>1245</ele>
      </trkpt>
      <trkpt lat="42.66569696366787" lon="0.097309034317732">
        <ele>1245</ele>
      </trkpt>
      <trkpt lat="42.665752032771707" lon="0.097193028777838">
        <ele>1245</ele>
      </trkpt>
      <trkpt lat="42.665754966437817" lon="0.097151035442948">
        <ele>1245</ele>
      </trkpt>
      <trkpt lat="42.665734011679888" lon="0.096996976062655">
        <ele>1245</ele>
      </trkpt>
      <trkpt lat="42.665730994194746" lon="0.096974009647965">
        <ele>1245</ele>
      </trkpt>
      <trkpt lat="42.665794026106596" lon="0.096880970522761">
        <ele>1245</ele>
      </trkpt>
      <trkpt lat="42.665807018056512" lon="0.096779968589544">
        <ele>1245</ele>
      </trkpt>
      <trkpt lat="42.665854040533304" lon="0.096741998568177">
        <ele>1245</ele>
      </trkpt>
      <trkpt lat="42.66597499139607" lon="0.096567990258336">
        <ele>1245</ele>
      </trkpt>
      <trkpt lat="42.666059983894229" lon="0.096522979438305">
        <ele>1245</ele>
      </trkpt>
      <trkpt lat="42.666099965572357" lon="0.096461037173867">
        <ele>1245</ele>
      </trkpt>
      <trkpt lat="42.666161991655827" lon="0.096357017755508">
        <ele>1245</ele>
      </trkpt>
      <trkpt lat="42.666228041052818" lon="0.096302032470703">
        <ele>1245</ele>
      </trkpt>
      <trkpt lat="42.666252013295889" lon="0.09627596475184">
        <ele>1245</ele>
      </trkpt>
      <trkpt lat="42.666257964447141" lon="0.096259033307433">
        <ele>1245</ele>
      </trkpt>
      <trkpt lat="42.666282020509243" lon="0.096183009445667">
        <ele>1245</ele>
      </trkpt>
      <trkpt lat="42.666349997743964" lon="0.096029033884406">
        <ele>1245</ele>
      </trkpt>
      <trkpt lat="42.666412023827434" lon="0.095962984487414">
        <ele>1245</ele>
      </trkpt>
      <trkpt lat="42.666411017999053" lon="0.095885032787919">
        <ele>1245</ele>
      </trkpt>
      <trkpt lat="42.666449993848801" lon="0.095816971734166">
        <ele>1245</ele>
      </trkpt>
      <trkpt lat="42.666514031589031" lon="0.095708006992936">
        <ele>1245</ele>
      </trkpt>
      <trkpt lat="42.666560970246792" lon="0.095572974532843">
        <ele>1245</ele>
      </trkpt>
      <trkpt lat="42.666596006602049" lon="0.095536010339856">
        <ele>1246</ele>
      </trkpt>
      <trkpt lat="42.666682004928589" lon="0.095417993143201">
        <ele>1247</ele>
      </trkpt>
      <trkpt lat="42.666719974949956" lon="0.095294024795294">
        <ele>1247</ele>
      </trkpt>
      <trkpt lat="42.666837992146611" lon="0.095187993720174">
        <ele>1247</ele>
      </trkpt>
      <trkpt lat="42.666973024606705" lon="0.095111969858408">
        <ele>1247</ele>
      </trkpt>
      <trkpt lat="42.667020969092846" lon="0.095078023150563">
        <ele>1247</ele>
      </trkpt>
      <trkpt lat="42.667092969641089" lon="0.095003005117178">
        <ele>1247</ele>
      </trkpt>
      <trkpt lat="42.667180979624391" lon="0.0948999915272">
        <ele>1248</ele>
      </trkpt>
      <trkpt lat="42.667208975180984" lon="0.094844000414014">
        <ele>1248</ele>
      </trkpt>
      <trkpt lat="42.667244011536241" lon="0.09479102678597">
        <ele>1248</ele>
      </trkpt>
      <trkpt lat="42.667255997657776" lon="0.094762025400996">
        <ele>1248</ele>
      </trkpt>
      <trkpt lat="42.667294973507524" lon="0.094673009589314">
        <ele>1249</ele>
      </trkpt>
      <trkpt lat="42.667350964620709" lon="0.094565972685814">
        <ele>1249</ele>
      </trkpt>
      <trkpt lat="42.667378038167953" lon="0.094503024592996">
        <ele>1249</ele>
      </trkpt>
      <trkpt lat="42.667378960177302" lon="0.094452984631062">
        <ele>1249</ele>
      </trkpt>
      <trkpt lat="42.667426988482475" lon="0.094392970204353">
        <ele>1249</ele>
      </trkpt>
      <trkpt lat="42.667502006515861" lon="0.094264978542924">
        <ele>1249</ele>
      </trkpt>
      <trkpt lat="42.667518015950918" lon="0.09423497132957">
        <ele>1249</ele>
      </trkpt>
      <trkpt lat="42.667563026770949" lon="0.094198007136583">
        <ele>1249</ele>
      </trkpt>
      <trkpt lat="42.667569983750582" lon="0.094141010195017">
        <ele>1249</ele>
      </trkpt>
      <trkpt lat="42.66762999817729" lon="0.094074960798025">
        <ele>1250</ele>
      </trkpt>
      <trkpt lat="42.667721025645733" lon="0.093972031027079">
        <ele>1250</ele>
      </trkpt>
      <trkpt lat="42.667725970968604" lon="0.093936994671822">
        <ele>1250</ele>
      </trkpt>
      <trkpt lat="42.667754972353578" lon="0.093886032700539">
        <ele>1250</ele>
      </trkpt>
      <trkpt lat="42.66778196208179" lon="0.093864994123578">
        <ele>1250</ele>
      </trkpt>
      <trkpt lat="42.667827978730202" lon="0.093767009675503">
        <ele>1250</ele>
      </trkpt>
      <trkpt lat="42.667884975671768" lon="0.093603981658816">
        <ele>1250</ele>
      </trkpt>
      <trkpt lat="42.667931998148561" lon="0.093560982495546">
        <ele>1250</ele>
      </trkpt>
      <trkpt lat="42.667941972613335" lon="0.093523012474179">
        <ele>1250</ele>
      </trkpt>
      <trkpt lat="42.667992012575269" lon="0.093338023871183">
        <ele>1250</ele>
      </trkpt>
      <trkpt lat="42.668005004525185" lon="0.0933129619807">
        <ele>1250</ele>
      </trkpt>
      <trkpt lat="42.668028976768255" lon="0.093214977532625">
        <ele>1250</ele>
      </trkpt>
      <trkpt lat="42.668058983981609" lon="0.093168038874865">
        <ele>1250</ele>
      </trkpt>
      <trkpt lat="42.668086979538202" lon="0.093155968934298">
        <ele>1250</ele>
      </trkpt>
      <trkpt lat="42.66812402755022" lon="0.093065025284886">
        <ele>1250</ele>
      </trkpt>
      <trkpt lat="42.668185969814658" lon="0.092926975339651">
        <ele>1250</ele>
      </trkpt>
      <trkpt lat="42.668244978412986" lon="0.092846006155014">
        <ele>1250</ele>
      </trkpt>
      <trkpt lat="42.668256964534521" lon="0.092808036133647">
        <ele>1250</ele>
      </trkpt>
      <trkpt lat="42.66829501837492" lon="0.092763025313616">
        <ele>1250</ele>
      </trkpt>
      <trkpt lat="42.668323013931513" lon="0.092613995075226">
        <ele>1250</ele>
      </trkpt>
      <trkpt lat="42.668335000053048" lon="0.092587005347013">
        <ele>1251</ele>
      </trkpt>
      <trkpt lat="42.668357966467738" lon="0.092582982033491">
        <ele>1251</ele>
      </trkpt>
      <trkpt lat="42.668400965631008" lon="0.092479968443513">
        <ele>1251</ele>
      </trkpt>
      <trkpt lat="42.668386967852712" lon="0.092406962066889">
        <ele>1251</ele>
      </trkpt>
      <trkpt lat="42.668393002822995" lon="0.09236304089427">
        <ele>1251</ele>
      </trkpt>
      <trkpt lat="42.66838202252984" lon="0.092264972627163">
        <ele>1251</ele>
      </trkpt>
      <trkpt lat="42.668411023914814" lon="0.0921939779073">
        <ele>1251</ele>
      </trkpt>
      <trkpt lat="42.668452011421323" lon="0.092155002057552">
        <ele>1251</ele>
      </trkpt>
      <trkpt lat="42.668500039726496" lon="0.092124994844198">
        <ele>1251</ele>
      </trkpt>
      <trkpt lat="42.668527029454708" lon="0.091990968212485">
        <ele>1251</ele>
      </trkpt>
      <trkpt lat="42.668506996706128" lon="0.091955009847879">
        <ele>1251</ele>
      </trkpt>
      <trkpt lat="42.668488975614309" lon="0.091888960450888">
        <ele>1251</ele>
      </trkpt>
      <trkpt lat="42.668483024463058" lon="0.091871023178101">
        <ele>1251</ele>
      </trkpt>
      <trkpt lat="42.66849098727107" lon="0.091853002086282">
        <ele>1251</ele>
      </trkpt>
      <trkpt lat="42.668559970334172" lon="0.091798016801476">
        <ele>1251</ele>
      </trkpt>
      <trkpt lat="42.668572962284088" lon="0.09178401902318">
        <ele>1251</ele>
      </trkpt>
      <trkpt lat="42.668644962832332" lon="0.091743031516671">
        <ele>1251</ele>
      </trkpt>
      <trkpt lat="42.66868201084435" lon="0.091673964634538">
        <ele>1251</ele>
      </trkpt>
      <trkpt lat="42.668679999187589" lon="0.091617973521352">
        <ele>1251</ele>
      </trkpt>
      <trkpt lat="42.668692991137505" lon="0.091578997671604">
        <ele>1251</ele>
      </trkpt>
      <trkpt lat="42.668706988915801" lon="0.091558964923024">
        <ele>1251</ele>
      </trkpt>
      <trkpt lat="42.668865993618965" lon="0.091429967433214">
        <ele>1252</ele>
      </trkpt>
      <trkpt lat="42.668873034417629" lon="0.091384034603834">
        <ele>1252</ele>
      </trkpt>
      <trkpt lat="42.668896000832319" lon="0.091224024072289">
        <ele>1252</ele>
      </trkpt>
      <trkpt lat="42.668916033580899" lon="0.091194016858935">
        <ele>1252</ele>
      </trkpt>
      <trkpt lat="42.668900024145842" lon="0.091112963855267">
        <ele>1252</ele>
      </trkpt>
      <trkpt lat="42.668904969468713" lon="0.091094020754099">
        <ele>1252</ele>
      </trkpt>
      <trkpt lat="42.668927013874054" lon="0.091085974127054">
        <ele>1252</ele>
      </trkpt>
      <trkpt lat="42.668989039957523" lon="0.091082034632564">
        <ele>1252</ele>
      </trkpt>
      <trkpt lat="42.669055005535483" lon="0.091038029640913">
        <ele>1252</ele>
      </trkpt>
      <trkpt lat="42.669083001092076" lon="0.090992012992501">
        <ele>1252</ele>
      </trkpt>
      <trkpt lat="42.669129017740488" lon="0.090940967202187">
        <ele>1252</ele>
      </trkpt>
      <trkpt lat="42.669320041313767" lon="0.090853041037917">
        <ele>1252</ele>
      </trkpt>
      <trkpt lat="42.669402016326785" lon="0.090804006904364">
        <ele>1252</ele>
      </trkpt>
      <trkpt lat="42.669411990791559" lon="0.090766958892345">
        <ele>1252</ele>
      </trkpt>
      <trkpt lat="42.669406961649656" lon="0.09073100052774">
        <ele>1252</ele>
      </trkpt>
      <trkpt lat="42.669411990791559" lon="0.090714991092682">
        <ele>1252</ele>
      </trkpt>
      <trkpt lat="42.669419031590223" lon="0.090699987486005">
        <ele>1252</ele>
      </trkpt>
      <trkpt lat="42.669511986896396" lon="0.09064600802958">
        <ele>1252</ele>
      </trkpt>
      <trkpt lat="42.66952003352344" lon="0.090637961402535">
        <ele>1252</ele>
      </trkpt>
      <trkpt lat="42.669551968574524" lon="0.090612983331084">
        <ele>1252</ele>
      </trkpt>
      <trkpt lat="42.669599996879697" lon="0.090593034401536">
        <ele>1253</ele>
      </trkpt>
      <trkpt lat="42.669635033234954" lon="0.090590016916394">
        <ele>1253</ele>
      </trkpt>
      <trkpt lat="42.669743997976184" lon="0.090527990832925">
        <ele>1253</ele>
      </trkpt>
      <trkpt lat="42.669910965487361" lon="0.0904930382967">
        <ele>1253</ele>
      </trkpt>
      <trkpt lat="42.670022025704384" lon="0.090471999719739">
        <ele>1254</ele>
      </trkpt>
      <trkpt lat="42.67007801681757" lon="0.090426988899708">
        <ele>1254</ele>
      </trkpt>
      <trkpt lat="42.670098971575499" lon="0.090394970029593">
        <ele>1254</ele>
      </trkpt>
      <trkpt lat="42.670117998495698" lon="0.090386001393199">
        <ele>1254</ele>
      </trkpt>
      <trkpt lat="42.670168038457632" lon="0.090330010280013">
        <ele>1254</ele>
      </trkpt>
      <trkpt lat="42.670197961851954" lon="0.090319029986858">
        <ele>1254</ele>
      </trkpt>
      <trkpt lat="42.67025001347065" lon="0.09032104164362">
        <ele>1254</ele>
      </trkpt>
      <trkpt lat="42.670301981270313" lon="0.090297991409898">
        <ele>1254</ele>
      </trkpt>
      <trkpt lat="42.670372975990176" lon="0.090254992246628">
        <ele>1254</ele>
      </trkpt>
      <trkpt lat="42.670394014567137" lon="0.090226996690035">
        <ele>1255</ele>
      </trkpt>
      <trkpt lat="42.670413963496685" lon="0.090189026668668">
        <ele>1255</ele>
      </trkpt>
      <trkpt lat="42.670478001236916" lon="0.090143010020256">
        <ele>1255</ele>
      </trkpt>
      <trkpt lat="42.670513959601521" lon="0.090118031948805">
        <ele>1255</ele>
      </trkpt>
      <trkpt lat="42.670593000948429" lon="0.090064974501729">
        <ele>1255</ele>
      </trkpt>
      <trkpt lat="42.670599035918713" lon="0.090048965066671">
        <ele>1255</ele>
      </trkpt>
      <trkpt lat="42.670647986233234" lon="0.089978976175189">
        <ele>1255</ele>
      </trkpt>
      <trkpt lat="42.670726021751761" lon="0.089903036132455">
        <ele>1255</ele>
      </trkpt>
      <trkpt lat="42.670743959024549" lon="0.089898006990552">
        <ele>1255</ele>
      </trkpt>
      <trkpt lat="42.670763991773129" lon="0.089873028919101">
        <ele>1255</ele>
      </trkpt>
      <trkpt lat="42.67078997567296" lon="0.089873028919101">
        <ele>1255</ele>
      </trkpt>
      <trkpt lat="42.670864993706346" lon="0.089857019484043">
        <ele>1255</ele>
      </trkpt>
      <trkpt lat="42.6708759739995" lon="0.08982801809907">
        <ele>1255</ele>
      </trkpt>
      <trkpt lat="42.67089600674808" lon="0.08980798535049">
        <ele>1255</ele>
      </trkpt>
      <trkpt lat="42.67093900591135" lon="0.08978602476418">
        <ele>1255</ele>
      </trkpt>
      <trkpt lat="42.670947974547744" lon="0.089774038642645">
        <ele>1256</ele>
      </trkpt>
      <trkpt lat="42.671055011451244" lon="0.089673036709428">
        <ele>1256</ele>
      </trkpt>
      <trkpt lat="42.67108996398747" lon="0.089643029496074">
        <ele>1256</ele>
      </trkpt>
      <trkpt lat="42.671117959544063" lon="0.089644035324454">
        <ele>1256</ele>
      </trkpt>
      <trkpt lat="42.6711540017277" lon="0.089626014232635">
        <ele>1256</ele>
      </trkpt>
      <trkpt lat="42.671205969527364" lon="0.089530041441321">
        <ele>1256</ele>
      </trkpt>
      <trkpt lat="42.671234970912337" lon="0.089500034227967">
        <ele>1256</ele>
      </trkpt>
      <trkpt lat="42.671288028359413" lon="0.089418981224298">
        <ele>1257</ele>
      </trkpt>
      <trkpt lat="42.671317029744387" lon="0.089373970404267">
        <ele>1257</ele>
      </trkpt>
      <trkpt lat="42.67134502530098" lon="0.089340023696423">
        <ele>1257</ele>
      </trkpt>
      <trkpt lat="42.67136799171567" lon="0.089328959584236">
        <ele>1257</ele>
      </trkpt>
      <trkpt lat="42.671448960900307" lon="0.089258970692754">
        <ele>1257</ele>
      </trkpt>
      <trkpt lat="42.671553986147046" lon="0.08920599706471">
        <ele>1258</ele>
      </trkpt>
      <trkpt lat="42.671600002795458" lon="0.089165009558201">
        <ele>1258</ele>
      </trkpt>
      <trkpt lat="42.671617018058896" lon="0.089170038700104">
        <ele>1258</ele>
      </trkpt>
      <trkpt lat="42.671663034707308" lon="0.089125027880073">
        <ele>1258</ele>
      </trkpt>
      <trkpt lat="42.671697987243533" lon="0.089081022888422">
        <ele>1258</ele>
      </trkpt>
      <trkpt lat="42.671730006113648" lon="0.088972980156541">
        <ele>1258</ele>
      </trkpt>
      <trkpt lat="42.671761019155383" lon="0.088929980993271">
        <ele>1258</ele>
      </trkpt>
      <trkpt lat="42.67181801609695" lon="0.088815987110138">
        <ele>1258</ele>
      </trkpt>
      <trkpt lat="42.671857997775078" lon="0.088788997381926">
        <ele>1258</ele>
      </trkpt>
      <trkpt lat="42.671879036352038" lon="0.088753961026669">
        <ele>1258</ele>
      </trkpt>
      <trkpt lat="42.671902002766728" lon="0.088722025975585">
        <ele>1259</ele>
      </trkpt>
      <trkpt lat="42.671917006373405" lon="0.088702999055386">
        <ele>1259</ele>
      </trkpt>
      <trkpt lat="42.672047009691596" lon="0.088590011000633">
        <ele>1259</ele>
      </trkpt>
      <trkpt lat="42.672087997198105" lon="0.088551035150886">
        <ele>1259</ele>
      </trkpt>
      <trkpt lat="42.672106018289924" lon="0.088525973260403">
        <ele>1259</ele>
      </trkpt>
      <trkpt lat="42.672200985252857" lon="0.088478028774261">
        <ele>1259</ele>
      </trkpt>
      <trkpt lat="42.672346998006105" lon="0.088376021012664">
        <ele>1259</ele>
      </trkpt>
      <trkpt lat="42.672391002997756" lon="0.088316006585956">
        <ele>1260</ele>
      </trkpt>
      <trkpt lat="42.672453029081225" lon="0.08828398771584">
        <ele>1260</ele>
      </trkpt>
      <trkpt lat="42.672576997429132" lon="0.088210981339216">
        <ele>1260</ele>
      </trkpt>
      <trkpt lat="42.67261597327888" lon="0.088192038238049">
        <ele>1261</ele>
      </trkpt>
      <trkpt lat="42.672736002132297" lon="0.088198995217681">
        <ele>1261</ele>
      </trkpt>
      <trkpt lat="42.672882014885545" lon="0.088118026033044">
        <ele>1261</ele>
      </trkpt>
      <trkpt lat="42.673016041517258" lon="0.088009983301163">
        <ele>1262</ele>
      </trkpt>
      <trkpt lat="42.673059962689877" lon="0.08793999440968">
        <ele>1262</ele>
      </trkpt>
      <trkpt lat="42.673126012086868" lon="0.087837986648083">
        <ele>1262</ele>
      </trkpt>
      <trkpt lat="42.673174040392041" lon="0.08781099691987">
        <ele>1262</ele>
      </trkpt>
      <trkpt lat="42.673191977664828" lon="0.087806973606348">
        <ele>1262</ele>
      </trkpt>
      <trkpt lat="42.673240005970001" lon="0.087793981656432">
        <ele>1262</ele>
      </trkpt>
      <trkpt lat="42.67326096072793" lon="0.087779983878136">
        <ele>1262</ele>
      </trkpt>
      <trkpt lat="42.673317035660148" lon="0.087758023291826">
        <ele>1262</ele>
      </trkpt>
      <trkpt lat="42.673402028158307" lon="0.087715024128556">
        <ele>1262</ele>
      </trkpt>
      <trkpt lat="42.673449972644448" lon="0.087718041613698">
        <ele>1263</ele>
      </trkpt>
      <trkpt lat="42.673460030928254" lon="0.087721981108189">
        <ele>1263</ele>
      </trkpt>
      <trkpt lat="42.673561032861471" lon="0.087715024128556">
        <ele>1263</ele>
      </trkpt>
      <trkpt lat="42.673636972904205" lon="0.087675964459777">
        <ele>1263</ele>
      </trkpt>
      <trkpt lat="42.673744009807706" lon="0.087690968066454">
        <ele>1263</ele>
      </trkpt>
      <trkpt lat="42.673846017569304" lon="0.087598012760282">
        <ele>1264</ele>
      </trkpt>
      <trkpt lat="42.673898991197348" lon="0.08752902969718">
        <ele>1264</ele>
      </trkpt>
      <trkpt lat="42.673911983147264" lon="0.087514026090503">
        <ele>1264</ele>
      </trkpt>
      <trkpt lat="42.674072999507189" lon="0.08742400445044">
        <ele>1265</ele>
      </trkpt>
      <trkpt lat="42.674192022532225" lon="0.087341023609042">
        <ele>1265</ele>
      </trkpt>
      <trkpt lat="42.674252958968282" lon="0.087283020839095">
        <ele>1265</ele>
      </trkpt>
      <trkpt lat="42.674285983666778" lon="0.087202973663807">
        <ele>1265</ele>
      </trkpt>
      <trkpt lat="42.674381034448743" lon="0.087134996429086">
        <ele>1265</ele>
      </trkpt>
      <trkpt lat="42.674407018348575" lon="0.087112030014396">
        <ele>1265</ele>
      </trkpt>
      <trkpt lat="42.674443982541561" lon="0.0870790053159">
        <ele>1265</ele>
      </trkpt>
      <trkpt lat="42.67461203970015" lon="0.087027959525585">
        <ele>1266</ele>
      </trkpt>
      <trkpt lat="42.674667024984956" lon="0.086959982290864">
        <ele>1266</ele>
      </trkpt>
      <trkpt lat="42.674804991111159" lon="0.086562009528279">
        <ele>1267</ele>
      </trkpt>
      <trkpt lat="42.674812031909823" lon="0.086475005373359">
        <ele>1267</ele>
      </trkpt>
      <trkpt lat="42.674811026081443" lon="0.086382972076535">
        <ele>1267</ele>
      </trkpt>
      <trkpt lat="42.674842039123178" lon="0.086302002891898">
        <ele>1267</ele>
      </trkpt>
      <trkpt lat="42.674872968345881" lon="0.086189014837146">
        <ele>1268</ele>
      </trkpt>
      <trkpt lat="42.674888977780938" lon="0.086159007623792">
        <ele>1268</ele>
      </trkpt>
      <trkpt lat="42.675010012462735" lon="0.086001008749008">
        <ele>1269</ele>
      </trkpt>
      <trkpt lat="42.675040019676089" lon="0.085971001535654">
        <ele>1269</ele>
      </trkpt>
      <trkpt lat="42.675057034939528" lon="0.085862036794424">
        <ele>1269</ele>
      </trkpt>
      <trkpt lat="42.67506499774754" lon="0.085816020146012">
        <ele>1270</ele>
      </trkpt>
      <trkpt lat="42.675142027437687" lon="0.085766986012459">
        <ele>1270</ele>
      </trkpt>
      <trkpt lat="42.675317963585258" lon="0.085720969364047">
        <ele>1270</ele>
      </trkpt>
      <trkpt lat="42.675398010760546" lon="0.085681993514299">
        <ele>1270</ele>
      </trkpt>
      <trkpt lat="42.675464982166886" lon="0.085676964372396">
        <ele>1270</ele>
      </trkpt>
      <trkpt lat="42.675535976886749" lon="0.085666989907622">
        <ele>1271</ele>
      </trkpt>
      <trkpt lat="42.675616024062037" lon="0.085650980472565">
        <ele>1271</ele>
      </trkpt>
      <trkpt lat="42.675736974924803" lon="0.085608987137675">
        <ele>1271</ele>
      </trkpt>
      <trkpt lat="42.675819033756852" lon="0.085584009066224">
        <ele>1271</ele>
      </trkpt>
      <trkpt lat="42.675839988514781" lon="0.085561964660883">
        <ele>1271</ele>
      </trkpt>
      <trkpt lat="42.675992036238313" lon="0.085484012961388">
        <ele>1271</ele>
      </trkpt>
      <trkpt lat="42.676051966845989" lon="0.085400026291609">
        <ele>1271</ele>
      </trkpt>
      <trkpt lat="42.676092032343149" lon="0.085358032956719">
        <ele>1271</ele>
      </trkpt>
      <trkpt lat="42.67616000957787" lon="0.085334982722998">
        <ele>1271</ele>
      </trkpt>
      <trkpt lat="42.676207032054663" lon="0.085227023810148">
        <ele>1272</ele>
      </trkpt>
      <trkpt lat="42.676257994025946" lon="0.085173966363072">
        <ele>1272</ele>
      </trkpt>
      <trkpt lat="42.676341980695724" lon="0.085062989965081">
        <ele>1271</ele>
      </trkpt>
      <trkpt lat="42.676352960988879" lon="0.085114035755396">
        <ele>1272</ele>
      </trkpt>
      <trkpt lat="42.676324965432286" lon="0.085321990773082">
        <ele>1272</ele>
      </trkpt>
      <trkpt lat="42.676322031766176" lon="0.085363984107971">
        <ele>1272</ele>
      </trkpt>
      <trkpt lat="42.67633100040257" lon="0.085396002978086">
        <ele>1271</ele>
      </trkpt>
      <trkpt lat="42.676318008452654" lon="0.085621979087591">
        <ele>1271</ele>
      </trkpt>
      <trkpt lat="42.676286995410919" lon="0.085685010999441">
        <ele>1271</ele>
      </trkpt>
      <trkpt lat="42.676234021782875" lon="0.085751982405782">
        <ele>1271</ele>
      </trkpt>
      <trkpt lat="42.67620300874114" lon="0.085891960188746">
        <ele>1271</ele>
      </trkpt>
      <trkpt lat="42.676122961565852" lon="0.086117014288902">
        <ele>1270</ele>
      </trkpt>
      <trkpt lat="42.676082979887724" lon="0.086288005113602">
        <ele>1270</ele>
      </trkpt>
      <trkpt lat="42.676067976281047" lon="0.086423959583044">
        <ele>1270</ele>
      </trkpt>
      <trkpt lat="42.676088009029627" lon="0.086626969277859">
        <ele>1270</ele>
      </trkpt>
      <trkpt lat="42.676106030121446" lon="0.086701987311244">
        <ele>1270</ele>
      </trkpt>
      <trkpt lat="42.676179958507419" lon="0.086814975365996">
        <ele>1270</ele>
      </trkpt>
      <trkpt lat="42.676228992640972" lon="0.08682101033628">
        <ele>1270</ele>
      </trkpt>
      <trkpt lat="42.676258999854326" lon="0.086817992851138">
        <ele>1270</ele>
      </trkpt>
      <trkpt lat="42.676295964047313" lon="0.086872978135943">
        <ele>1270</ele>
      </trkpt>
      <trkpt lat="42.676340974867344" lon="0.086792008951306">
        <ele>1270</ele>
      </trkpt>
      <trkpt lat="42.676387997344136" lon="0.086811035871506">
        <ele>1270</ele>
      </trkpt>
      <trkpt lat="42.676531998440623" lon="0.086679020896554">
        <ele>1270</ele>
      </trkpt>
      <trkpt lat="42.67673903144896" lon="0.086481962352991">
        <ele>1271</ele>
      </trkpt>
      <trkpt lat="42.676770966500044" lon="0.086469976231456">
        <ele>1271</ele>
      </trkpt>
      <trkpt lat="42.676918990910053" lon="0.086347013711929">
        <ele>1272</ele>
      </trkpt>
      <trkpt lat="42.676995014771819" lon="0.086211981251836">
        <ele>1272</ele>
      </trkpt>
      <trkpt lat="42.677025021985173" lon="0.086187003180385">
        <ele>1272</ele>
      </trkpt>
      <trkpt lat="42.677167011424899" lon="0.086094969883561">
        <ele>1272</ele>
      </trkpt>
      <trkpt lat="42.677261978387833" lon="0.085964966565371">
        <ele>1272</ele>
      </trkpt>
      <trkpt lat="42.67729802057147" lon="0.085925990715623">
        <ele>1272</ele>
      </trkpt>
      <trkpt lat="42.677330039441586" lon="0.085908975452185">
        <ele>1272</ele>
      </trkpt>
      <trkpt lat="42.677490971982479" lon="0.085786012932658">
        <ele>1273</ele>
      </trkpt>
      <trkpt lat="42.677618963643909" lon="0.085686016827822">
        <ele>1273</ele>
      </trkpt>
      <trkpt lat="42.677732035517693" lon="0.085581997409463">
        <ele>1274</ele>
      </trkpt>
      <trkpt lat="42.67785700969398" lon="0.08549096994102">
        <ele>1274</ele>
      </trkpt>
      <trkpt lat="42.678030012175441" lon="0.085498010739684">
        <ele>1274</ele>
      </trkpt>
      <trkpt lat="42.678174013271928" lon="0.085583003237844">
        <ele>1275</ele>
      </trkpt>
      <trkpt lat="42.678279038518667" lon="0.085530029609799">
        <ele>1276</ele>
      </trkpt>
      <trkpt lat="42.678345004096627" lon="0.085593983530998">
        <ele>1278</ele>
      </trkpt>
      <trkpt lat="42.67839596606791" lon="0.0856629665941">
        <ele>1278</ele>
      </trkpt>
      <trkpt lat="42.678452963009477" lon="0.085587026551366">
        <ele>1278</ele>
      </trkpt>
      <trkpt lat="42.678485987707973" lon="0.085608987137675">
        <ele>1278</ele>
      </trkpt>
      <trkpt lat="42.678547007963061" lon="0.085690962150693">
        <ele>1279</ele>
      </trkpt>
      <trkpt lat="42.67865102738142" lon="0.085744019597769">
        <ele>1281</ele>
      </trkpt>
      <trkpt lat="42.678677011281252" lon="0.085796993225813">
        <ele>1281</ele>
      </trkpt>
      <trkpt lat="42.678766027092934" lon="0.085835969075561">
        <ele>1283</ele>
      </trkpt>
      <trkpt lat="42.678837021812797" lon="0.085908975452185">
        <ele>1285</ele>
      </trkpt>
      <trkpt lat="42.678886977955699" lon="0.08596102707088">
        <ele>1287</ele>
      </trkpt>
      <trkpt lat="42.678969036787748" lon="0.085997991263866">
        <ele>1289</ele>
      </trkpt>
      <trkpt lat="42.679000971838832" lon="0.085974019020796">
        <ele>1290</ele>
      </trkpt>
      <trkpt lat="42.679076995700598" lon="0.085952980443835">
        <ele>1291</ele>
      </trkpt>
      <trkpt lat="42.679108008742332" lon="0.085945017635822">
        <ele>1291</ele>
      </trkpt>
      <trkpt lat="42.679168023169041" lon="0.085968989878893">
        <ele>1293</ele>
      </trkpt>
      <trkpt lat="42.679204987362027" lon="0.085939988493919">
        <ele>1294</ele>
      </trkpt>
      <trkpt lat="42.679257960990071" lon="0.085909981280565">
        <ele>1297</ele>
      </trkpt>
      <trkpt lat="42.679321998730302" lon="0.085887014865875">
        <ele>1298</ele>
      </trkpt>
      <trkpt lat="42.679386958479881" lon="0.085843009874225">
        <ele>1300</ele>
      </trkpt>
      <trkpt lat="42.679415959864855" lon="0.085831023752689">
        <ele>1302</ele>
      </trkpt>
      <trkpt lat="42.679487960413098" lon="0.085764974355698">
        <ele>1304</ele>
      </trkpt>
      <trkpt lat="42.679547974839807" lon="0.085759023204446">
        <ele>1306</ele>
      </trkpt>
      <trkpt lat="42.679574964568019" lon="0.085772015154362">
        <ele>1308</ele>
      </trkpt>
      <trkpt lat="42.679631039500237" lon="0.085784001275897">
        <ele>1309</ele>
      </trkpt>
      <trkpt lat="42.679664986208081" lon="0.085766986012459">
        <ele>1311</ele>
      </trkpt>
      <trkpt lat="42.679717037826777" lon="0.08574896492064">
        <ele>1313</ele>
      </trkpt>
      <trkpt lat="42.679761964827776" lon="0.085723986849189">
        <ele>1315</ele>
      </trkpt>
      <trkpt lat="42.679851986467838" lon="0.085700014606118">
        <ele>1317</ele>
      </trkpt>
      <trkpt lat="42.679905965924263" lon="0.085669001564384">
        <ele>1319</ele>
      </trkpt>
      <trkpt lat="42.679948965087533" lon="0.085641006007791">
        <ele>1320</ele>
      </trkpt>
      <trkpt lat="42.68000403419137" lon="0.085620973259211">
        <ele>1322</ele>
      </trkpt>
      <trkpt lat="42.680067988112569" lon="0.085618961602449">
        <ele>1323</ele>
      </trkpt>
      <trkpt lat="42.680117022246122" lon="0.085615022107959">
        <ele>1327</ele>
      </trkpt>
      <trkpt lat="42.680172007530928" lon="0.085581997409463">
        <ele>1328</ele>
      </trkpt>
      <trkpt lat="42.680230010300875" lon="0.085575040429831">
        <ele>1331</ele>
      </trkpt>
      <trkpt lat="42.680266974493861" lon="0.085583003237844">
        <ele>1332</ele>
      </trkpt>
      <trkpt lat="42.680332018062472" lon="0.085560036823153">
        <ele>1334</ele>
      </trkpt>
      <trkpt lat="42.680376023054123" lon="0.0855110026896">
        <ele>1338</ele>
      </trkpt>
      <trkpt lat="42.680422039702535" lon="0.085501028224826">
        <ele>1340</ele>
      </trkpt>
      <trkpt lat="42.680521029978991" lon="0.085412012413144">
        <ele>1341</ele>
      </trkpt>
      <trkpt lat="42.680580960586667" lon="0.085358032956719">
        <ele>1343</ele>
      </trkpt>
      <trkpt lat="42.680623959749937" lon="0.085341017693281">
        <ele>1345</ele>
      </trkpt>
      <trkpt lat="42.680651033297181" lon="0.085346968844533">
        <ele>1346</ele>
      </trkpt>
      <trkpt lat="42.680675005540252" lon="0.085328025743365">
        <ele>1348</ele>
      </trkpt>
      <trkpt lat="42.680705012753606" lon="0.085326014086604">
        <ele>1350</ele>
      </trkpt>
      <trkpt lat="42.680750023573637" lon="0.085271028801799">
        <ele>1352</ele>
      </trkpt>
      <trkpt lat="42.680785981938243" lon="0.085245966911316">
        <ele>1354</ele>
      </trkpt>
      <trkpt lat="42.680853959172964" lon="0.085196010768414">
        <ele>1355</ele>
      </trkpt>
      <trkpt lat="42.68095001578331" lon="0.085162986069918">
        <ele>1356</ele>
      </trkpt>
      <trkpt lat="42.681002989411354" lon="0.085109006613493">
        <ele>1358</ele>
      </trkpt>
      <trkpt lat="42.681029979139566" lon="0.085100037977099">
        <ele>1360</ele>
      </trkpt>
      <trkpt lat="42.681085970252752" lon="0.085071036592126">
        <ele>1362</ele>
      </trkpt>
      <trkpt lat="42.681112037971616" lon="0.085028959438205">
        <ele>1365</ele>
      </trkpt>
      <trkpt lat="42.681183032691479" lon="0.084977997466922">
        <ele>1367</ele>
      </trkpt>
      <trkpt lat="42.681265007704496" lon="0.084905996918678">
        <ele>1369</ele>
      </trkpt>
      <trkpt lat="42.681334996595979" lon="0.084861991927028">
        <ele>1371</ele>
      </trkpt>
      <trkpt lat="42.681365003809333" lon="0.084868026897311">
        <ele>1372</ele>
      </trkpt>
      <trkpt lat="42.68142401240766" lon="0.084814969450235">
        <ele>1375</ele>
      </trkpt>
      <trkpt lat="42.68146701157093" lon="0.084727965295315">
        <ele>1377</ele>
      </trkpt>
      <trkpt lat="42.681529959663749" lon="0.084688989445567">
        <ele>1381</ele>
      </trkpt>
      <trkpt lat="42.681573964655399" lon="0.084667028859258">
        <ele>1384</ele>
      </trkpt>
      <trkpt lat="42.681593997403979" lon="0.084658982232213">
        <ele>1385</ele>
      </trkpt>
      <trkpt lat="42.681613024324179" lon="0.084626041352749">
        <ele>1386</ele>
      </trkpt>
      <trkpt lat="42.681635990738869" lon="0.084620006382465">
        <ele>1389</ele>
      </trkpt>
      <trkpt lat="42.681743027642369" lon="0.084542976692319">
        <ele>1392</ele>
      </trkpt>
      <trkpt lat="42.681807987391949" lon="0.084524033591151">
        <ele>1395</ele>
      </trkpt>
      <trkpt lat="42.681947965174913" lon="0.084394030272961">
        <ele>1396</ele>
      </trkpt>
      <trkpt lat="42.682010997086763" lon="0.084335021674633">
        <ele>1398</ele>
      </trkpt>
      <trkpt lat="42.68204502761364" lon="0.084299985319376">
        <ele>1401</ele>
      </trkpt>
      <trkpt lat="42.682051984593272" lon="0.084318006411195">
        <ele>1403</ele>
      </trkpt>
      <trkpt lat="42.68204896710813" lon="0.084358993917704">
        <ele>1405</ele>
      </trkpt>
      <trkpt lat="42.682095989584923" lon="0.084352036938071">
        <ele>1408</ele>
      </trkpt>
      <trkpt lat="42.682095989584923" lon="0.08435295894742">
        <ele>1410</ele>
      </trkpt>
      <trkpt lat="42.682165978476405" lon="0.084294034168124">
        <ele>1412</ele>
      </trkpt>
      <trkpt lat="42.682296987622976" lon="0.084153972566128">
        <ele>1415</ele>
      </trkpt>
      <trkpt lat="42.682341998443007" lon="0.084131006151438">
        <ele>1417</ele>
      </trkpt>
      <trkpt lat="42.682400001212955" lon="0.08413502946496">
        <ele>1419</ele>
      </trkpt>
      <trkpt lat="42.682441994547844" lon="0.08409203030169">
        <ele>1421</ele>
      </trkpt>
      <trkpt lat="42.682542996481061" lon="0.084010977298021">
        <ele>1423</ele>
      </trkpt>
      <trkpt lat="42.682622959837317" lon="0.083932019770145">
        <ele>1425</ele>
      </trkpt>
      <trkpt lat="42.682657996192575" lon="0.083811990916729">
        <ele>1428</ele>
      </trkpt>
      <trkpt lat="42.682745000347495" lon="0.08372699841857">
        <ele>1429</ele>
      </trkpt>
      <trkpt lat="42.682763021439314" lon="0.083717023953795">
        <ele>1431</ele>
      </trkpt>
      <trkpt lat="42.682795962318778" lon="0.083686010912061">
        <ele>1433</ele>
      </trkpt>
      <trkpt lat="42.682867040857673" lon="0.083617027848959">
        <ele>1434</ele>
      </trkpt>
      <trkpt lat="42.682899981737137" lon="0.083613004535437">
        <ele>1437</ele>
      </trkpt>
      <trkpt lat="42.682939041405916" lon="0.083580985665321">
        <ele>1439</ele>
      </trkpt>
      <trkpt lat="42.682947004213929" lon="0.083580985665321">
        <ele>1441</ele>
      </trkpt>
      <trkpt lat="42.682979023084044" lon="0.083537986502051">
        <ele>1445</ele>
      </trkpt>
      <trkpt lat="42.683037025853992" lon="0.083499010652304">
        <ele>1446</ele>
      </trkpt>
      <trkpt lat="42.683109026402235" lon="0.08347000926733">
        <ele>1448</ele>
      </trkpt>
      <trkpt lat="42.683174991980195" lon="0.083443019539118">
        <ele>1449</ele>
      </trkpt>
      <trkpt lat="42.683266019448638" lon="0.083438996225595">
        <ele>1456</ele>
      </trkpt>
      <trkpt lat="42.683325028046966" lon="0.083371018990874">
        <ele>1458</ele>
      </trkpt>
      <trkpt lat="42.683327961713076" lon="0.083355009555817">
        <ele>1461</ele>
      </trkpt>
      <trkpt lat="42.683347994461656" lon="0.083332965150476">
        <ele>1461</ele>
      </trkpt>
      <trkpt lat="42.683411026373506" lon="0.083237998187542">
        <ele>1459</ele>
      </trkpt>
      <trkpt lat="42.683452013880014" lon="0.083198016509414">
        <ele>1462</ele>
      </trkpt>
      <trkpt lat="42.683474980294704" lon="0.083178989589214">
        <ele>1464</ele>
      </trkpt>
      <trkpt lat="42.683482021093369" lon="0.083170020952821">
        <ele>1466</ele>
      </trkpt>
      <trkpt lat="42.683545975014567" lon="0.083088967949152">
        <ele>1468</ele>
      </trkpt>
      <trkpt lat="42.683568019419909" lon="0.083046974614263">
        <ele>1470</ele>
      </trkpt>
      <trkpt lat="42.683587968349457" lon="0.08308201096952">
        <ele>1472</ele>
      </trkpt>
      <trkpt lat="42.683568019419909" lon="0.083103971555829">
        <ele>1473</ele>
      </trkpt>
      <trkpt lat="42.683567013591528" lon="0.083210002630949">
        <ele>1475</ele>
      </trkpt>
      <trkpt lat="42.683586040511727" lon="0.083278985694051">
        <ele>1477</ele>
      </trkpt>
      <trkpt lat="42.683556033298373" lon="0.083404965698719">
        <ele>1478</ele>
      </trkpt>
      <trkpt lat="42.68357103690505" lon="0.083463974297047">
        <ele>1482</ele>
      </trkpt>
      <trkpt lat="42.683598026633263" lon="0.083559025079012">
        <ele>1483</ele>
      </trkpt>
      <trkpt lat="42.683567013591528" lon="0.083693973720074">
        <ele>1484</ele>
      </trkpt>
      <trkpt lat="42.683515967801213" lon="0.083763040602207">
        <ele>1485</ele>
      </trkpt>
      <trkpt lat="42.683481015264988" lon="0.083843003958464">
        <ele>1487</ele>
      </trkpt>
      <trkpt lat="42.683482021093369" lon="0.083950040861964">
        <ele>1488</ele>
      </trkpt>
      <trkpt lat="42.683470034971833" lon="0.084125977009535">
        <ele>1490</ele>
      </trkpt>
      <trkpt lat="42.68348403275013" lon="0.084206024184823">
        <ele>1492</ele>
      </trkpt>
      <trkpt lat="42.683510016649961" lon="0.084224967285991">
        <ele>1493</ele>
      </trkpt>
      <trkpt lat="42.683554021641612" lon="0.084212981164455">
        <ele>1495</ele>
      </trkpt>
      <trkpt lat="42.683560978621244" lon="0.084202000871301">
        <ele>1496</ele>
      </trkpt>
      <trkpt lat="42.683580005541444" lon="0.084175011143088">
        <ele>1496</ele>
      </trkpt>
      <trkpt lat="42.683583023026586" lon="0.084140980616212">
        <ele>1496</ele>
      </trkpt>
      <trkpt lat="42.68361696973443" lon="0.084080966189504">
        <ele>1497</ele>
      </trkpt>
      <trkpt lat="42.68370003439486" lon="0.084037967026234">
        <ele>1498</ele>
      </trkpt>
      <trkpt lat="42.683777986094356" lon="0.084030004218221">
        <ele>1499</ele>
      </trkpt>
      <trkpt lat="42.683816961944103" lon="0.084018018096685">
        <ele>1500</ele>
      </trkpt>
      <trkpt lat="42.683887034654617" lon="0.083975018933415">
        <ele>1503</ele>
      </trkpt>
      <trkpt lat="42.683956017717719" lon="0.083935037255287">
        <ele>1503</ele>
      </trkpt>
      <trkpt lat="42.683988958597183" lon="0.083843003958464">
        <ele>1505</ele>
      </trkpt>
      <trkpt lat="42.683995999395847" lon="0.083824982866645">
        <ele>1505</ele>
      </trkpt>
      <trkpt lat="42.684042016044259" lon="0.0837910361588">
        <ele>1506</ele>
      </trkpt>
      <trkpt lat="42.684094989672303" lon="0.083801010623574">
        <ele>1508</ele>
      </trkpt>
      <trkpt lat="42.684141006320715" lon="0.083845015615225">
        <ele>1509</ele>
      </trkpt>
      <trkpt lat="42.684179982170463" lon="0.08387602865696">
        <ele>1511</ele>
      </trkpt>
      <trkpt lat="42.684212001040578" lon="0.083825988695025">
        <ele>1513</ele>
      </trkpt>
      <trkpt lat="42.684219963848591" lon="0.083796987310052">
        <ele>1512</ele>
      </trkpt>
      <trkpt lat="42.684225998818874" lon="0.083768991753459">
        <ele>1513</ele>
      </trkpt>
      <trkpt lat="42.684233961626887" lon="0.083630019798875">
        <ele>1514</ele>
      </trkpt>
      <trkpt lat="42.684234967455268" lon="0.083563970401883">
        <ele>1514</ele>
      </trkpt>
      <trkpt lat="42.684232033789158" lon="0.083520971238613">
        <ele>1515</ele>
      </trkpt>
      <trkpt lat="42.684262963011861" lon="0.083530023694038">
        <ele>1515</ele>
      </trkpt>
      <trkpt lat="42.684289030730724" lon="0.083538992330432">
        <ele>1516</ele>
      </trkpt>
      <trkpt lat="42.684342004358768" lon="0.083586014807224">
        <ele>1518</ele>
      </trkpt>
      <trkpt lat="42.684359019622207" lon="0.083617027848959">
        <ele>1521</ele>
      </trkpt>
      <trkpt lat="42.684406964108348" lon="0.083681987598538">
        <ele>1522</ele>
      </trkpt>
      <trkpt lat="42.684436971321702" lon="0.083697997033596">
        <ele>1523</ele>
      </trkpt>
      <trkpt lat="42.684434959664941" lon="0.083788018673658">
        <ele>1525</ele>
      </trkpt>
      <trkpt lat="42.684479970484972" lon="0.083819031715393">
        <ele>1526</ele>
      </trkpt>
      <trkpt lat="42.684500003233552" lon="0.08383696898818">
        <ele>1527</ele>
      </trkpt>
      <trkpt lat="42.684509977698326" lon="0.083887008950114">
        <ele>1529</ele>
      </trkpt>
      <trkpt lat="42.684553982689977" lon="0.083880973979831">
        <ele>1532</ele>
      </trkpt>
      <trkpt lat="42.684591030701995" lon="0.083867982029915">
        <ele>1533</ele>
      </trkpt>
      <trkpt lat="42.684618020430207" lon="0.08387996815145">
        <ele>1535</ele>
      </trkpt>
      <trkpt lat="42.684648027643561" lon="0.083873011171818">
        <ele>1536</ele>
      </trkpt>
      <trkpt lat="42.684678034856915" lon="0.083850966766477">
        <ele>1539</ele>
      </trkpt>
      <trkpt lat="42.684708964079618" lon="0.083807967603207">
        <ele>1541</ele>
      </trkpt>
      <trkpt lat="42.684748023748398" lon="0.083733033388853">
        <ele>1543</ele>
      </trkpt>
      <trkpt lat="42.68475498072803" lon="0.083725992590189">
        <ele>1543</ele>
      </trkpt>
      <trkpt lat="42.684816000983119" lon="0.083659021183848">
        <ele>1544</ele>
      </trkpt>
      <trkpt lat="42.684874003753066" lon="0.083596995100379">
        <ele>1545</ele>
      </trkpt>
      <trkpt lat="42.684881966561079" lon="0.083596995100379">
        <ele>1546</ele>
      </trkpt>
      <trkpt lat="42.684935024008155" lon="0.083587020635605">
        <ele>1546</ele>
      </trkpt>
      <trkpt lat="42.685014987364411" lon="0.083519965410233">
        <ele>1548</ele>
      </trkpt>
      <trkpt lat="42.685023033991456" lon="0.083518037572503">
        <ele>1548</ele>
      </trkpt>
      <trkpt lat="42.685059998184443" lon="0.083494987338781">
        <ele>1549</ele>
      </trkpt>
      <trkpt lat="42.6850760076195" lon="0.083480989560485">
        <ele>1550</ele>
      </trkpt>
      <trkpt lat="42.685102997347713" lon="0.083445031195879">
        <ele>1550</ele>
      </trkpt>
      <trkpt lat="42.685131998732686" lon="0.0834059715271">
        <ele>1550</ele>
      </trkpt>
      <trkpt lat="42.685170974582434" lon="0.083388034254313">
        <ele>1551</ele>
      </trkpt>
      <trkpt lat="42.685303995385766" lon="0.083350986242294">
        <ele>1551</ele>
      </trkpt>
      <trkpt lat="42.685326961800456" lon="0.083328019827604">
        <ele>1551</ele>
      </trkpt>
      <trkpt lat="42.685369960963726" lon="0.083303041756153">
        <ele>1551</ele>
      </trkpt>
      <trkpt lat="42.685471968725324" lon="0.083288038149476">
        <ele>1553</ele>
      </trkpt>
      <trkpt lat="42.685543969273567" lon="0.083288038149476">
        <ele>1553</ele>
      </trkpt>
      <trkpt lat="42.685672966763377" lon="0.083318967372179">
        <ele>1554</ele>
      </trkpt>
      <trkpt lat="42.685758965089917" lon="0.083360960707068">
        <ele>1555</ele>
      </trkpt>
      <trkpt lat="42.685866001993418" lon="0.083360960707068">
        <ele>1556</ele>
      </trkpt>
      <trkpt lat="42.685939008370042" lon="0.08338300511241">
        <ele>1556</ele>
      </trkpt>
      <trkpt lat="42.685974966734648" lon="0.083389040082693">
        <ele>1557</ele>
      </trkpt>
      <trkpt lat="42.686010003089905" lon="0.083402032032609">
        <ele>1558</ele>
      </trkpt>
      <trkpt lat="42.686103964224458" lon="0.083418963477015">
        <ele>1558</ele>
      </trkpt>
      <trkpt lat="42.686166996136308" lon="0.083437990397215">
        <ele>1559</ele>
      </trkpt>
      <trkpt lat="42.686240002512932" lon="0.083458023145795">
        <ele>1560</ele>
      </trkpt>
      <trkpt lat="42.686337986961007" lon="0.083520971238613">
        <ele>1561</ele>
      </trkpt>
      <trkpt lat="42.686423985287547" lon="0.083607975393534">
        <ele>1563</ele>
      </trkpt>
      <trkpt lat="42.686470001935959" lon="0.08366103284061">
        <ele>1563</ele>
      </trkpt>
      <trkpt lat="42.686501014977694" lon="0.083695985376835">
        <ele>1564</ele>
      </trkpt>
      <trkpt lat="42.686546025797725" lon="0.083829006180167">
        <ele>1565</ele>
      </trkpt>
      <trkpt lat="42.686564968898892" lon="0.083882985636592">
        <ele>1567</ele>
      </trkpt>
      <trkpt lat="42.6866440102458" lon="0.084024975076318">
        <ele>1567</ele>
      </trkpt>
      <trkpt lat="42.686647027730942" lon="0.084056993946433">
        <ele>1566</ele>
      </trkpt>
      <trkpt lat="42.686651973053813" lon="0.084125977009535">
        <ele>1566</ele>
      </trkpt>
      <trkpt lat="42.686661025509238" lon="0.084272995591164">
        <ele>1566</ele>
      </trkpt>
      <trkpt lat="42.686701007187366" lon="0.084521016106009">
        <ele>1569</ele>
      </trkpt>
      <trkpt lat="42.686700001358986" lon="0.084560997784138">
        <ele>1569</ele>
      </trkpt>
      <trkpt lat="42.686689021065831" lon="0.084720002487302">
        <ele>1569</ele>
      </trkpt>
      <trkpt lat="42.68668700940907" lon="0.084813041612506">
        <ele>1569</ele>
      </trkpt>
      <trkpt lat="42.686693966388702" lon="0.084901973605156">
        <ele>1570</ele>
      </trkpt>
      <trkpt lat="42.686720034107566" lon="0.085055027157068">
        <ele>1571</ele>
      </trkpt>
      <trkpt lat="42.686723973602057" lon="0.085125016048551">
        <ele>1571</ele>
      </trkpt>
      <trkpt lat="42.686744006350636" lon="0.085199028253555">
        <ele>1572</ele>
      </trkpt>
      <trkpt lat="42.686775019392371" lon="0.085374964401126">
        <ele>1574</ele>
      </trkpt>
      <trkpt lat="42.686790022999048" lon="0.085417963564396">
        <ele>1575</ele>
      </trkpt>
      <trkpt lat="42.686785999685526" lon="0.085437996312976">
        <ele>1575</ele>
      </trkpt>
      <trkpt lat="42.686834027990699" lon="0.085545033216476">
        <ele>1576</ele>
      </trkpt>
      <trkpt lat="42.686868980526924" lon="0.085622984915972">
        <ele>1577</ele>
      </trkpt>
      <trkpt lat="42.686926983296871" lon="0.085710994899273">
        <ele>1578</ele>
      </trkpt>
      <trkpt lat="42.686942992731929" lon="0.08574603125453">
        <ele>1579</ele>
      </trkpt>
      <trkpt lat="42.686970988288522" lon="0.08583496324718">
        <ele>1580</ele>
      </trkpt>
      <trkpt lat="42.686992026865482" lon="0.085856001824141">
        <ele>1581</ele>
      </trkpt>
      <trkpt lat="42.687022034078836" lon="0.085919033735991">
        <ele>1582</ele>
      </trkpt>
      <trkpt lat="42.687055980786681" lon="0.086000002920628">
        <ele>1583</ele>
      </trkpt>
      <trkpt lat="42.687080958858132" lon="0.086080972105265">
        <ele>1585</ele>
      </trkpt>
      <trkpt lat="42.687107026576996" lon="0.086150960996747">
        <ele>1587</ele>
      </trkpt>
      <trkpt lat="42.687112977728248" lon="0.086181974038482">
        <ele>1587</ele>
      </trkpt>
      <trkpt lat="42.687152037397027" lon="0.08628498762846">
        <ele>1589</ele>
      </trkpt>
      <trkpt lat="42.687135022133589" lon="0.086369980126619">
        <ele>1590</ele>
      </trkpt>
      <trkpt lat="42.687123036012053" lon="0.086482968181372">
        <ele>1592</ele>
      </trkpt>
      <trkpt lat="42.687158994376659" lon="0.086539965122938">
        <ele>1594</ele>
      </trkpt>
      <trkpt lat="42.687156982719898" lon="0.086575001478195">
        <ele>1595</ele>
      </trkpt>
      <trkpt lat="42.687152959406376" lon="0.086622023954988">
        <ele>1596</ele>
      </trkpt>
      <trkpt lat="42.687126975506544" lon="0.086637027561665">
        <ele>1598</ele>
      </trkpt>
      <trkpt lat="42.687118006870151" lon="0.086643984541297">
        <ele>1599</ele>
      </trkpt>
      <trkpt lat="42.687069978564978" lon="0.086660999804735">
        <ele>1600</ele>
      </trkpt>
      <trkpt lat="42.687058998271823" lon="0.086667034775019">
        <ele>1600</ele>
      </trkpt>
      <trkpt lat="42.686994038522243" lon="0.086700981482863">
        <ele>1601</ele>
      </trkpt>
      <trkpt lat="42.68694500438869" lon="0.086749009788036">
        <ele>1603</ele>
      </trkpt>
      <trkpt lat="42.686961013823748" lon="0.086787985637784">
        <ele>1605</ele>
      </trkpt>
      <trkpt lat="42.686959002166986" lon="0.086812041699886">
        <ele>1606</ele>
      </trkpt>
      <trkpt lat="42.68696797080338" lon="0.086825033649802">
        <ele>1606</ele>
      </trkpt>
      <trkpt lat="42.68696797080338" lon="0.086825033649802">
        <ele>1606</ele>
      </trkpt>
      <trkpt lat="42.686980962753296" lon="0.086866021156311">
        <ele>1606</ele>
      </trkpt>
      <trkpt lat="42.686979034915566" lon="0.086911031976342">
        <ele>1608</ele>
      </trkpt>
      <trkpt lat="42.686963025480509" lon="0.086925029754639">
        <ele>1608</ele>
      </trkpt>
      <trkpt lat="42.686921032145619" lon="0.08697398006916">
        <ele>1610</ele>
      </trkpt>
      <trkpt lat="42.686937041580677" lon="0.087018990889192">
        <ele>1611</ele>
      </trkpt>
      <trkpt lat="42.686937963590026" lon="0.08705897256732">
        <ele>1613</ele>
      </trkpt>
      <trkpt lat="42.686947016045451" lon="0.08710197173059">
        <ele>1614</ele>
      </trkpt>
      <trkpt lat="42.686923965811729" lon="0.087126027792692">
        <ele>1616</ele>
      </trkpt>
      <trkpt lat="42.686905022710562" lon="0.087156035006046">
        <ele>1618</ele>
      </trkpt>
      <trkpt lat="42.686869986355305" lon="0.087211020290852">
        <ele>1619</ele>
      </trkpt>
      <trkpt lat="42.686819024384022" lon="0.087254019454122">
        <ele>1621</ele>
      </trkpt>
      <trkpt lat="42.686810977756977" lon="0.087290983647108">
        <ele>1623</ele>
      </trkpt>
      <trkpt lat="42.68683897331357" lon="0.087329959496856">
        <ele>1624</ele>
      </trkpt>
      <trkpt lat="42.686837967485189" lon="0.087352003902197">
        <ele>1626</ele>
      </trkpt>
      <trkpt lat="42.686818018555641" lon="0.087420986965299">
        <ele>1627</ele>
      </trkpt>
      <trkpt lat="42.686780970543623" lon="0.087442025542259">
        <ele>1628</ele>
      </trkpt>
      <trkpt lat="42.686765966936946" lon="0.087481001392007">
        <ele>1630</ele>
      </trkpt>
      <trkpt lat="42.686778036877513" lon="0.087520983070135">
        <ele>1632</ele>
      </trkpt>
      <trkpt lat="42.686801003292203" lon="0.087565993890166">
        <ele>1634</ele>
      </trkpt>
      <trkpt lat="42.686789017170668" lon="0.087633971124887">
        <ele>1635</ele>
      </trkpt>
      <trkpt lat="42.686764039099216" lon="0.087669007480145">
        <ele>1637</ele>
      </trkpt>
      <trkpt lat="42.686763033270836" lon="0.087779983878136">
        <ele>1638</ele>
      </trkpt>
      <trkpt lat="42.686733026057482" lon="0.087808985263109">
        <ele>1640</ele>
      </trkpt>
      <trkpt lat="42.686701007187366" lon="0.087847039103508">
        <ele>1642</ele>
      </trkpt>
      <trkpt lat="42.686674017459154" lon="0.087887020781636">
        <ele>1644</ele>
      </trkpt>
      <trkpt lat="42.686661025509238" lon="0.087941000238061">
        <ele>1645</ele>
      </trkpt>
      <trkpt lat="42.686626994982362" lon="0.087965978309512">
        <ele>1646</ele>
      </trkpt>
      <trkpt lat="42.686625989153981" lon="0.08800302632153">
        <ele>1648</ele>
      </trkpt>
      <trkpt lat="42.686640992760658" lon="0.088054994121194">
        <ele>1649</ele>
      </trkpt>
      <trkpt lat="42.686654990538955" lon="0.088128000497818">
        <ele>1650</ele>
      </trkpt>
      <trkpt lat="42.686659013852477" lon="0.088136969134212">
        <ele>1650</ele>
      </trkpt>
      <trkpt lat="42.686674017459154" lon="0.088207041844726">
        <ele>1652</ele>
      </trkpt>
      <trkpt lat="42.686716010794044" lon="0.088275019079447">
        <ele>1653</ele>
      </trkpt>
      <trkpt lat="42.686741994693875" lon="0.088305026292801">
        <ele>1655</ele>
      </trkpt>
      <trkpt lat="42.686792034655809" lon="0.088359005749226">
        <ele>1656</ele>
      </trkpt>
      <trkpt lat="42.686826987192035" lon="0.088366968557239">
        <ele>1657</ele>
      </trkpt>
      <trkpt lat="42.686863029375672" lon="0.088367974385619">
        <ele>1657</ele>
      </trkpt>
      <trkpt lat="42.686919020488858" lon="0.088367974385619">
        <ele>1658</ele>
      </trkpt>
      <trkpt lat="42.686984986066818" lon="0.088417008519173">
        <ele>1658</ele>
      </trkpt>
      <trkpt lat="42.687057992443442" lon="0.088495966047049">
        <ele>1659</ele>
      </trkpt>
      <trkpt lat="42.687105014920235" lon="0.088564027100801">
        <ele>1660</ele>
      </trkpt>
      <trkpt lat="42.687150025740266" lon="0.08858498185873">
        <ele>1661</ele>
      </trkpt>
      <trkpt lat="42.687187995761633" lon="0.088644996285439">
        <ele>1661</ele>
      </trkpt>
      <trkpt lat="42.687242981046438" lon="0.088704004883766">
        <ele>1663</ele>
      </trkpt>
      <trkpt lat="42.687271982431412" lon="0.088742980733514">
        <ele>1664</ele>
      </trkpt>
      <trkpt lat="42.687315987423062" lon="0.088813975453377">
        <ele>1666</ele>
      </trkpt>
      <trkpt lat="42.687362004071474" lon="0.088892010971904">
        <ele>1667</ele>
      </trkpt>
      <trkpt lat="42.687408020719886" lon="0.088963005691767">
        <ele>1668</ele>
      </trkpt>
      <trkpt lat="42.687455965206027" lon="0.089009022340178">
        <ele>1670</ele>
      </trkpt>
      <trkpt lat="42.687522014603019" lon="0.0890769995749">
        <ele>1671</ele>
      </trkpt>
      <trkpt lat="42.687569037079811" lon="0.08914003148675">
        <ele>1673</ele>
      </trkpt>
      <trkpt lat="42.687667021527886" lon="0.08925000205636">
        <ele>1674</ele>
      </trkpt>
      <trkpt lat="42.687694011256099" lon="0.089308004826307">
        <ele>1676</ele>
      </trkpt>
      <trkpt lat="42.687754025682807" lon="0.089352009817958">
        <ele>1677</ele>
      </trkpt>
      <trkpt lat="42.687814040109515" lon="0.089397020637989">
        <ele>1679</ele>
      </trkpt>
      <trkpt lat="42.687840024009347" lon="0.089427027851343">
        <ele>1681</ele>
      </trkpt>
      <trkpt lat="42.687871959060431" lon="0.089459968730807">
        <ele>1682</ele>
      </trkpt>
      <trkpt lat="42.687914958223701" lon="0.089503973722458">
        <ele>1684</ele>
      </trkpt>
      <trkpt lat="42.687931973487139" lon="0.089556025341153">
        <ele>1685</ele>
      </trkpt>
      <trkpt lat="42.68795502372086" lon="0.089606987312436">
        <ele>1687</ele>
      </trkpt>
      <trkpt lat="42.687967009842396" lon="0.089648980647326">
        <ele>1688</ele>
      </trkpt>
      <trkpt lat="42.687991987913847" lon="0.089687034487724">
        <ele>1690</ele>
      </trkpt>
      <trkpt lat="42.688035992905498" lon="0.089741013944149">
        <ele>1692</ele>
      </trkpt>
      <trkpt lat="42.688059965148568" lon="0.089771021157503">
        <ele>1693</ele>
      </trkpt>
      <trkpt lat="42.688103970140219" lon="0.089809997007251">
        <ele>1695</ele>
      </trkpt>
      <trkpt lat="42.688153004273772" lon="0.089842015877366">
        <ele>1697</ele>
      </trkpt>
      <trkpt lat="42.688184017315507" lon="0.089880991727114">
        <ele>1699</ele>
      </trkpt>
      <trkpt lat="42.688221987336874" lon="0.089924996718764">
        <ele>1701</ele>
      </trkpt>
      <trkpt lat="42.688245037570596" lon="0.089965984225273">
        <ele>1702</ele>
      </trkpt>
      <trkpt lat="42.688283007591963" lon="0.090032033622265">
        <ele>1704</ele>
      </trkpt>
      <trkpt lat="42.688303040340543" lon="0.090076960623264">
        <ele>1705</ele>
      </trkpt>
      <trkpt lat="42.688311003148556" lon="0.090085007250309">
        <ele>1707</ele>
      </trkpt>
      <trkpt lat="42.688346961513162" lon="0.090153990313411">
        <ele>1708</ele>
      </trkpt>
      <trkpt lat="42.688380992040038" lon="0.090210987254977">
        <ele>1710</ele>
      </trkpt>
      <trkpt lat="42.688391972333193" lon="0.090293968096375">
        <ele>1712</ele>
      </trkpt>
      <trkpt lat="42.688394989818335" lon="0.090318024158478">
        <ele>1713</ele>
      </trkpt>
      <trkpt lat="42.688402030616999" lon="0.090348031371832">
        <ele>1715</ele>
      </trkpt>
      <trkpt lat="42.688378980383277" lon="0.090386001393199">
        <ele>1717</ele>
      </trkpt>
      <trkpt lat="42.688379986211658" lon="0.090424977242947">
        <ele>1718</ele>
      </trkpt>
      <trkpt lat="42.688429020345211" lon="0.090460013598204">
        <ele>1720</ele>
      </trkpt>
      <trkpt lat="42.688455004245043" lon="0.090512987226248">
        <ele>1721</ele>
      </trkpt>
      <trkpt lat="42.688498003408313" lon="0.090551963075995">
        <ele>1723</ele>
      </trkpt>
      <trkpt lat="42.688509989529848" lon="0.090586999431252">
        <ele>1724</ele>
      </trkpt>
      <trkpt lat="42.688531028106809" lon="0.090637039393187">
        <ele>1726</ele>
      </trkpt>
      <trkpt lat="42.688553994521499" lon="0.090684983879328">
        <ele>1728</ele>
      </trkpt>
      <trkpt lat="42.688573021441698" lon="0.090729994699359">
        <ele>1730</ele>
      </trkpt>
      <trkpt lat="42.688590036705136" lon="0.090785985812545">
        <ele>1732</ele>
      </trkpt>
      <trkpt lat="42.688602022826672" lon="0.090866032987833">
        <ele>1738</ele>
      </trkpt>
      <trkpt lat="42.688624989241362" lon="0.090938033536077">
        <ele>1738</ele>
      </trkpt>
      <trkpt lat="42.688663965091109" lon="0.090996958315372">
        <ele>1740</ele>
      </trkpt>
      <trkpt lat="42.688680980354548" lon="0.091044986620545">
        <ele>1741</ele>
      </trkpt>
      <trkpt lat="42.688711993396282" lon="0.091067031025887">
        <ele>1742</ele>
      </trkpt>
      <trkpt lat="42.688769996166229" lon="0.091083962470293">
        <ele>1744</ele>
      </trkpt>
      <trkpt lat="42.688796985894442" lon="0.091126961633563">
        <ele>1745</ele>
      </trkpt>
      <trkpt lat="42.688846020027995" lon="0.091152023524046">
        <ele>1747</ele>
      </trkpt>
      <trkpt lat="42.68885700032115" lon="0.091196028515697">
        <ele>1749</ele>
      </trkpt>
      <trkpt lat="42.688859011977911" lon="0.091241039335728">
        <ele>1751</ele>
      </trkpt>
      <trkpt lat="42.68888097256422" lon="0.091270040720701">
        <ele>1752</ele>
      </trkpt>
      <trkpt lat="42.688913997262716" lon="0.091317985206842">
        <ele>1754</ele>
      </trkpt>
      <trkpt lat="42.688921960070729" lon="0.091326031833887">
        <ele>1754</ele>
      </trkpt>
      <trkpt lat="42.688930006697774" lon="0.091327959671617">
        <ele>1754</ele>
      </trkpt>
      <trkpt lat="42.688964959233999" lon="0.091369030997157">
        <ele>1756</ele>
      </trkpt>
      <trkpt lat="42.688993038609624" lon="0.091405995190144">
        <ele>1758</ele>
      </trkpt>
      <trkpt lat="42.689014999195933" lon="0.091431979089975">
        <ele>1759</ele>
      </trkpt>
      <trkpt lat="42.689057998359203" lon="0.091471960768104">
        <ele>1761</ele>
      </trkpt>
      <trkpt lat="42.689080964773893" lon="0.091500962153077">
        <ele>1762</ele>
      </trkpt>
      <trkpt lat="42.689105020835996" lon="0.091531975194812">
        <ele>1764</ele>
      </trkpt>
      <trkpt lat="42.689120024442673" lon="0.091561982408166">
        <ele>1766</ele>
      </trkpt>
      <trkpt lat="42.689161011949182" lon="0.0916120223701">
        <ele>1767</ele>
      </trkpt>
      <trkpt lat="42.689176015555859" lon="0.091649992391467">
        <ele>1769</ele>
      </trkpt>
      <trkpt lat="42.689212979748845" lon="0.091693997383118">
        <ele>1770</ele>
      </trkpt>
      <trkpt lat="42.689219014719129" lon="0.091740014031529">
        <ele>1771</ele>
      </trkpt>
      <trkpt lat="42.689235024154186" lon="0.091765997931361">
        <ele>1772</ele>
      </trkpt>
      <trkpt lat="42.689268970862031" lon="0.091810002923012">
        <ele>1773</ele>
      </trkpt>
      <trkpt lat="42.689306018874049" lon="0.091847972944379">
        <ele>1775</ele>
      </trkpt>
      <trkpt lat="42.689338037744164" lon="0.091902958229184">
        <ele>1777</ele>
      </trkpt>
      <trkpt lat="42.689365027472377" lon="0.091958027333021">
        <ele>1779</ele>
      </trkpt>
      <trkpt lat="42.689387993887067" lon="0.091983005404472">
        <ele>1780</ele>
      </trkpt>
      <trkpt lat="42.68939402885735" lon="0.092018041759729">
        <ele>1782</ele>
      </trkpt>
      <trkpt lat="42.689401991665363" lon="0.092067997902632">
        <ele>1783</ele>
      </trkpt>
      <trkpt lat="42.689419006928802" lon="0.092077972367406">
        <ele>1785</ele>
      </trkpt>
      <trkpt lat="42.68943702802062" lon="0.092141004279256">
        <ele>1787</ele>
      </trkpt>
      <trkpt lat="42.689450019970536" lon="0.092181991785765">
        <ele>1789</ele>
      </trkpt>
      <trkpt lat="42.689462006092072" lon="0.092228008434176">
        <ele>1791</ele>
      </trkpt>
      <trkpt lat="42.689482038840652" lon="0.092290034517646">
        <ele>1793</ele>
      </trkpt>
      <trkpt lat="42.689493019133806" lon="0.092338984832168">
        <ele>1794</ele>
      </trkpt>
      <trkpt lat="42.689498970285058" lon="0.092396987602115">
        <ele>1796</ele>
      </trkpt>
      <trkpt lat="42.689497964456677" lon="0.092434035614133">
        <ele>1797</ele>
      </trkpt>
      <trkpt lat="42.68950299359858" lon="0.092446021735668">
        <ele>1798</ele>
      </trkpt>
      <trkpt lat="42.689541969448328" lon="0.092532020062208">
        <ele>1799</ele>
      </trkpt>
      <trkpt lat="42.689569965004921" lon="0.092587005347013">
        <ele>1801</ele>
      </trkpt>
      <trkpt lat="42.689597038552165" lon="0.092640984803438">
        <ele>1803</ele>
      </trkpt>
      <trkpt lat="42.689601983875036" lon="0.092675015330315">
        <ele>1804</ele>
      </trkpt>
      <trkpt lat="42.6896090246737" lon="0.092717008665204">
        <ele>1805</ele>
      </trkpt>
      <trkpt lat="42.689605001360178" lon="0.092798983678222">
        <ele>1807</ele>
      </trkpt>
      <trkpt lat="42.689589997753501" lon="0.092843994498253">
        <ele>1810</ele>
      </trkpt>
      <trkpt lat="42.68958899192512" lon="0.092904008924961">
        <ele>1811</ele>
      </trkpt>
      <trkpt lat="42.689603995531797" lon="0.093013979494572">
        <ele>1813</ele>
      </trkpt>
      <trkpt lat="42.689600978046656" lon="0.093140965327621">
        <ele>1815</ele>
      </trkpt>
      <trkpt lat="42.689593015238643" lon="0.093183964490891">
        <ele>1816</ele>
      </trkpt>
      <trkpt lat="42.689582034945488" lon="0.093236016109586">
        <ele>1818</ele>
      </trkpt>
      <trkpt lat="42.689563008025289" lon="0.093300975859165">
        <ele>1819</ele>
      </trkpt>
      <trkpt lat="42.689550016075373" lon="0.093325031921268">
        <ele>1821</ele>
      </trkpt>
      <trkpt lat="42.689513973891735" lon="0.093364007771015">
        <ele>1822</ele>
      </trkpt>
      <trkpt lat="42.689487989991903" lon="0.093360990285873">
        <ele>1824</ele>
      </trkpt>
      <trkpt lat="42.68943996168673" lon="0.093320002779365">
        <ele>1827</ele>
      </trkpt>
      <trkpt lat="42.689430993050337" lon="0.09326996281743">
        <ele>1829</ele>
      </trkpt>
      <trkpt lat="42.689402997493744" lon="0.093220006674528">
        <ele>1830</ele>
      </trkpt>
      <trkpt lat="42.689352035522461" lon="0.09313995949924">
        <ele>1830</ele>
      </trkpt>
      <trkpt lat="42.689322028309107" lon="0.093102995306253">
        <ele>1831</ele>
      </trkpt>
      <trkpt lat="42.68930995836854" lon="0.093101989477873">
        <ele>1832</ele>
      </trkpt>
      <trkpt lat="42.689263019710779" lon="0.093108024448156">
        <ele>1834</ele>
      </trkpt>
      <trkpt lat="42.689228989183903" lon="0.093102995306253">
        <ele>1836</ele>
      </trkpt>
      <trkpt lat="42.689209962263703" lon="0.093098971992731">
        <ele>1838</ele>
      </trkpt>
      <trkpt lat="42.689194036647677" lon="0.093100983649492">
        <ele>1840</ele>
      </trkpt>
      <trkpt lat="42.689191019162536" lon="0.093154041096568">
        <ele>1841</ele>
      </trkpt>
      <trkpt lat="42.689171992242336" lon="0.093192011117935">
        <ele>1843</ele>
      </trkpt>
      <trkpt lat="42.689177021384239" lon="0.09328898973763">
        <ele>1847</ele>
      </trkpt>
      <trkpt lat="42.689174003899097" lon="0.093413963913918">
        <ele>1849</ele>
      </trkpt>
      <trkpt lat="42.689156988635659" lon="0.093464003875852">
        <ele>1851</ele>
      </trkpt>
      <trkpt lat="42.689137039706111" lon="0.093542039394379">
        <ele>1852</ele>
      </trkpt>
      <trkpt lat="42.689113989472389" lon="0.093629965558648">
        <ele>1854</ele>
      </trkpt>
      <trkpt lat="42.689100997522473" lon="0.093727027997375">
        <ele>1856</ele>
      </trkpt>
      <trkpt lat="42.689120024442673" lon="0.093807997182012">
        <ele>1857</ele>
      </trkpt>
      <trkpt lat="42.689122958108783" lon="0.093877986073494">
        <ele>1859</ele>
      </trkpt>
      <trkpt lat="42.68911499530077" lon="0.093920985236764">
        <ele>1860</ele>
      </trkpt>
      <trkpt lat="42.689091023057699" lon="0.093948980793357">
        <ele>1862</ele>
      </trkpt>
      <trkpt lat="42.689127987250686" lon="0.094049982726574">
        <ele>1864</ele>
      </trkpt>
      <trkpt lat="42.68911499530077" lon="0.094138998538256">
        <ele>1866</ele>
      </trkpt>
      <trkpt lat="42.689119018614292" lon="0.094145033508539">
        <ele>1867</ele>
      </trkpt>
      <trkpt lat="42.689126981422305" lon="0.094184009358287">
        <ele>1869</ele>
      </trkpt>
      <trkpt lat="42.68913796171546" lon="0.094259027391672">
        <ele>1869</ele>
      </trkpt>
      <trkpt lat="42.689121030271053" lon="0.094346031546593">
        <ele>1873</ele>
      </trkpt>
      <trkpt lat="42.689083982259035" lon="0.094445021823049">
        <ele>1875</ele>
      </trkpt>
      <trkpt lat="42.689054980874062" lon="0.0944699998945">
        <ele>1877</ele>
      </trkpt>
      <trkpt lat="42.688983986154199" lon="0.094408979639411">
        <ele>1879</ele>
      </trkpt>
      <trkpt lat="42.688979040831327" lon="0.09436204098165">
        <ele>1879</ele>
      </trkpt>
      <trkpt lat="42.688972000032663" lon="0.094317030161619">
        <ele>1880</ele>
      </trkpt>
      <trkpt lat="42.688977029174566" lon="0.094247041270137">
        <ele>1881</ele>
      </trkpt>
      <trkpt lat="42.688915003091097" lon="0.09421301074326">
        <ele>1881</ele>
      </trkpt>
      <trkpt lat="42.688874015584588" lon="0.094134975224733">
        <ele>1883</ele>
      </trkpt>
      <trkpt lat="42.688847025856376" lon="0.094137992709875">
        <ele>1884</ele>
      </trkpt>
      <trkpt lat="42.688825987279415" lon="0.094132963567972">
        <ele>1885</ele>
      </trkpt>
      <trkpt lat="42.688744012266397" lon="0.094098011031747">
        <ele>1887</ele>
      </trkpt>
      <trkpt lat="42.688687015324831" lon="0.09401997551322">
        <ele>1888</ele>
      </trkpt>
      <trkpt lat="42.688624989241362" lon="0.093965996056795">
        <ele>1891</ele>
      </trkpt>
      <trkpt lat="42.688555000349879" lon="0.093944035470486">
        <ele>1892</ele>
      </trkpt>
      <trkpt lat="42.688478976488113" lon="0.093889972195029">
        <ele>1893</ele>
      </trkpt>
      <trkpt lat="42.688401024788618" lon="0.093812020495534">
        <ele>1893</ele>
      </trkpt>
      <trkpt lat="42.688328018411994" lon="0.093759968876839">
        <ele>1895</ele>
      </trkpt>
      <trkpt lat="42.688245959579945" lon="0.093695009127259">
        <ele>1896</ele>
      </trkpt>
      <trkpt lat="42.688207989558578" lon="0.093647986650467">
        <ele>1896</ele>
      </trkpt>
      <trkpt lat="42.688121991232038" lon="0.093618985265493">
        <ele>1897</ele>
      </trkpt>
      <trkpt lat="42.68808301538229" lon="0.093618985265493">
        <ele>1898</ele>
      </trkpt>
      <trkpt lat="42.688021995127201" lon="0.093601970002055">
        <ele>1899</ele>
      </trkpt>
      <trkpt lat="42.687958041206002" lon="0.093555031344295">
        <ele>1899</ele>
      </trkpt>
      <trkpt lat="42.687906995415688" lon="0.09354799054563">
        <ele>1900</ele>
      </trkpt>
      <trkpt lat="42.687814962118864" lon="0.093501973897219">
        <ele>1901</ele>
      </trkpt>
      <trkpt lat="42.687751008197665" lon="0.093436008319259">
        <ele>1902</ele>
      </trkpt>
      <trkpt lat="42.687684036791325" lon="0.093408012762666">
        <ele>1903</ele>
      </trkpt>
      <trkpt lat="42.687611030414701" lon="0.093336012214422">
        <ele>1903</ele>
      </trkpt>
      <trkpt lat="42.687517991289496" lon="0.093302987515926">
        <ele>1905</ele>
      </trkpt>
      <trkpt lat="42.687489995732903" lon="0.093286978080869">
        <ele>1906</ele>
      </trkpt>
      <trkpt lat="42.687421012669802" lon="0.093255965039134">
        <ele>1906</ele>
      </trkpt>
      <trkpt lat="42.687339959666133" lon="0.093197962269187">
        <ele>1907</ele>
      </trkpt>
      <trkpt lat="42.687258990481496" lon="0.093163009732962">
        <ele>1907</ele>
      </trkpt>
      <trkpt lat="42.687169974669814" lon="0.093140965327621">
        <ele>1909</ele>
      </trkpt>
      <trkpt lat="42.687109960243106" lon="0.093143982812762">
        <ele>1909</ele>
      </trkpt>
      <trkpt lat="42.687069978564978" lon="0.093153035268188">
        <ele>1909</ele>
      </trkpt>
      <trkpt lat="42.687035026028752" lon="0.093163009732962">
        <ele>1909</ele>
      </trkpt>
      <trkpt lat="42.687013987451792" lon="0.093168960884213">
        <ele>1910</ele>
      </trkpt>
      <trkpt lat="42.686959002166986" lon="0.093171978369355">
        <ele>1910</ele>
      </trkpt>
      <trkpt lat="42.686937041580677" lon="0.093197962269187">
        <ele>1910</ele>
      </trkpt>
      <trkpt lat="42.686908962205052" lon="0.093263005837798">
        <ele>1910</ele>
      </trkpt>
      <trkpt lat="42.686895970255136" lon="0.093328971415758">
        <ele>1910</ele>
      </trkpt>
      <trkpt lat="42.686850959435105" lon="0.093412036076188">
        <ele>1910</ele>
      </trkpt>
      <trkpt lat="42.68683897331357" lon="0.09350499138236">
        <ele>1910</ele>
      </trkpt>
      <trkpt lat="42.686803014948964" lon="0.093560982495546">
        <ele>1910</ele>
      </trkpt>
      <trkpt lat="42.686767978593707" lon="0.093613034114242">
        <ele>1910</ele>
      </trkpt>
      <trkpt lat="42.686614003032446" lon="0.09374001994729">
        <ele>1910</ele>
      </trkpt>
      <trkpt lat="42.686561029404402" lon="0.093751000240445">
        <ele>1910</ele>
      </trkpt>
      <trkpt lat="42.686431026086211" lon="0.093939006328583">
        <ele>1910</ele>
      </trkpt>
      <trkpt lat="42.686422979459167" lon="0.093949986621737">
        <ele>1910</ele>
      </trkpt>
      <trkpt lat="42.686396995559335" lon="0.094008995220065">
        <ele>1910</ele>
      </trkpt>
      <trkpt lat="42.686385009437799" lon="0.094048976898193">
        <ele>1910</ele>
      </trkpt>
      <trkpt lat="42.686318038031459" lon="0.094164982438087">
        <ele>1910</ele>
      </trkpt>
      <trkpt lat="42.686275038868189" lon="0.094248969107866">
        <ele>1910</ele>
      </trkpt>
      <trkpt lat="42.686266992241144" lon="0.094344019889832">
        <ele>1912</ele>
      </trkpt>
      <trkpt lat="42.686251988634467" lon="0.094388024881482">
        <ele>1913</ele>
      </trkpt>
      <trkpt lat="42.686238996684551" lon="0.094437981024384">
        <ele>1914</ele>
      </trkpt>
      <trkpt lat="42.686215024441481" lon="0.094497995451093">
        <ele>1915</ele>
      </trkpt>
      <trkpt lat="42.686185017228127" lon="0.094562033191323">
        <ele>1917</ele>
      </trkpt>
      <trkpt lat="42.686152998358011" lon="0.094645014032722">
        <ele>1918</ele>
      </trkpt>
      <trkpt lat="42.686136988922954" lon="0.09472799487412">
        <ele>1920</ele>
      </trkpt>
      <trkpt lat="42.686106981709599" lon="0.094801001250744">
        <ele>1921</ele>
      </trkpt>
      <trkpt lat="42.686070017516613" lon="0.094880964607">
        <ele>1923</ele>
      </trkpt>
      <trkpt lat="42.686035986989737" lon="0.094951959326863">
        <ele>1924</ele>
      </trkpt>
      <trkpt lat="42.686022995039821" lon="0.094996970146894">
        <ele>1925</ele>
      </trkpt>
      <trkpt lat="42.685971027240157" lon="0.095070982351899">
        <ele>1927</ele>
      </trkpt>
      <trkpt lat="42.685957029461861" lon="0.09515798650682">
        <ele>1929</ele>
      </trkpt>
      <trkpt lat="42.685919981449842" lon="0.095205008983612">
        <ele>1930</ele>
      </trkpt>
      <trkpt lat="42.685845969244838" lon="0.09526502341032">
        <ele>1931</ele>
      </trkpt>
      <trkpt lat="42.685825014486909" lon="0.095306010916829">
        <ele>1933</ele>
      </trkpt>
      <trkpt lat="42.685802970081568" lon="0.095406007021666">
        <ele>1935</ele>
      </trkpt>
      <trkpt lat="42.685796013101935" lon="0.095466021448374">
        <ele>1936</ele>
      </trkpt>
      <trkpt lat="42.685766005888581" lon="0.095530981197953">
        <ele>1938</ele>
      </trkpt>
      <trkpt lat="42.685729041695595" lon="0.095543973147869">
        <ele>1940</ele>
      </trkpt>
      <trkpt lat="42.685715965926647" lon="0.095539027824998">
        <ele>1940</ele>
      </trkpt>
      <trkpt lat="42.68567799590528" lon="0.095510026440024">
        <ele>1941</ele>
      </trkpt>
      <trkpt lat="42.685675984248519" lon="0.095495022833347">
        <ele>1942</ele>
      </trkpt>
      <trkpt lat="42.685658968985081" lon="0.095455041155219">
        <ele>1943</ele>
      </trkpt>
      <trkpt lat="42.685653017833829" lon="0.095444982871413">
        <ele>1944</ele>
      </trkpt>
      <trkpt lat="42.68561395816505" lon="0.095388991758227">
        <ele>1946</ele>
      </trkpt>
      <trkpt lat="42.685587974265218" lon="0.095356972888112">
        <ele>1949</ele>
      </trkpt>
      <trkpt lat="42.685553021728992" lon="0.095269968733191">
        <ele>1951</ele>
      </trkpt>
      <trkpt lat="42.685513040050864" lon="0.095256976783276">
        <ele>1952</ele>
      </trkpt>
      <trkpt lat="42.685481021180749" lon="0.09524398483336">
        <ele>1954</ele>
      </trkpt>
      <trkpt lat="42.685449002310634" lon="0.095259994268417">
        <ele>1956</ele>
      </trkpt>
      <trkpt lat="42.685415977612138" lon="0.095278015360236">
        <ele>1958</ele>
      </trkpt>
      <trkpt lat="42.68539703451097" lon="0.095305005088449">
        <ele>1959</ele>
      </trkpt>
      <trkpt lat="42.685390999540687" lon="0.095362002030015">
        <ele>1961</ele>
      </trkpt>
      <trkpt lat="42.685373984277248" lon="0.095429979264736">
        <ele>1962</ele>
      </trkpt>
      <trkpt lat="42.685346994549036" lon="0.095512960106134">
        <ele>1965</ele>
      </trkpt>
      <trkpt lat="42.685296032577753" lon="0.095539027824998">
        <ele>1966</ele>
      </trkpt>
      <trkpt lat="42.685253033414483" lon="0.095515977591276">
        <ele>1968</ele>
      </trkpt>
      <trkpt lat="42.685206010937691" lon="0.095500973984599">
        <ele>1969</ele>
      </trkpt>
      <trkpt lat="42.685199975967407" lon="0.095498040318489">
        <ele>1969</ele>
      </trkpt>
      <trkpt lat="42.685186984017491" lon="0.095494017004967">
        <ele>1970</ele>
      </trkpt>
      <trkpt lat="42.685153959318995" lon="0.095460992306471">
        <ele>1971</ele>
      </trkpt>
      <trkpt lat="42.685081958770752" lon="0.095460992306471">
        <ele>1973</ele>
      </trkpt>
      <trkpt lat="42.685072990134358" lon="0.095463003963232">
        <ele>1973</ele>
      </trkpt>
      <trkpt lat="42.685036025941372" lon="0.095466021448374">
        <ele>1973</ele>
      </trkpt>
      <trkpt lat="42.685008030384779" lon="0.095468033105135">
        <ele>1973</ele>
      </trkpt>
      <trkpt lat="42.684961007907987" lon="0.095470966771245">
        <ele>1973</ele>
      </trkpt>
      <trkpt lat="42.684934018179774" lon="0.095474990084767">
        <ele>1973</ele>
      </trkpt>
      <trkpt lat="42.684909040108323" lon="0.095484964549541">
        <ele>1973</ele>
      </trkpt>
      <trkpt lat="42.684771995991468" lon="0.095555037260056">
        <ele>1974</ele>
      </trkpt>
      <trkpt lat="42.684755986556411" lon="0.095572974532843">
        <ele>1973</ele>
      </trkpt>
      <trkpt lat="42.684744000434875" lon="0.095576997846365">
        <ele>1972</ele>
      </trkpt>
      <trkpt lat="42.684698989614844" lon="0.095619997009635">
        <ele>1972</ele>
      </trkpt>
      <trkpt lat="42.684622965753078" lon="0.095729967579246">
        <ele>1972</ele>
      </trkpt>
      <trkpt lat="42.684520035982132" lon="0.095808003097773">
        <ele>1972</ele>
      </trkpt>
      <trkpt lat="42.684422973543406" lon="0.095917973667383">
        <ele>1971</ele>
      </trkpt>
      <trkpt lat="42.684356002137065" lon="0.095976982265711">
        <ele>1971</ele>
      </trkpt>
      <trkpt lat="42.684273021295667" lon="0.096085024997592">
        <ele>1971</ele>
      </trkpt>
      <trkpt lat="42.684190040454268" lon="0.09623003192246">
        <ele>1971</ele>
      </trkpt>
      <trkpt lat="42.684165984392166" lon="0.096269007772207">
        <ele>1971</ele>
      </trkpt>
      <trkpt lat="42.68408702686429" lon="0.096376966685057">
        <ele>1971</ele>
      </trkpt>
      <trkpt lat="42.684014020487666" lon="0.096486015245318">
        <ele>1971</ele>
      </trkpt>
      <trkpt lat="42.683956017717719" lon="0.09659799747169">
        <ele>1971</ele>
      </trkpt>
      <trkpt lat="42.683943025767803" lon="0.09661803022027">
        <ele>1971</ele>
      </trkpt>
      <trkpt lat="42.683853004127741" lon="0.096734035760164">
        <ele>1971</ele>
      </trkpt>
      <trkpt lat="42.683821991086006" lon="0.096849035471678">
        <ele>1971</ele>
      </trkpt>
      <trkpt lat="42.683818973600864" lon="0.096872001886368">
        <ele>1971</ele>
      </trkpt>
      <trkpt lat="42.683773040771484" lon="0.096994964405894">
        <ele>1971</ele>
      </trkpt>
      <trkpt lat="42.683769017457962" lon="0.097013991326094">
        <ele>1971</ele>
      </trkpt>
      <trkpt lat="42.683748984709382" lon="0.097071994096041">
        <ele>1971</ele>
      </trkpt>
      <trkpt lat="42.68374303355813" lon="0.097193028777838">
        <ele>1971</ele>
      </trkpt>
      <trkpt lat="42.683711014688015" lon="0.097264023497701">
        <ele>1971</ele>
      </trkpt>
      <trkpt lat="42.68361403606832" lon="0.09737097658217">
        <ele>1971</ele>
      </trkpt>
      <trkpt lat="42.68359400331974" lon="0.097429985180497">
        <ele>1971</ele>
      </trkpt>
      <trkpt lat="42.68357296474278" lon="0.09745798073709">
        <ele>1971</ele>
      </trkpt>
      <trkpt lat="42.683496018871665" lon="0.097630983218551">
        <ele>1973</ele>
      </trkpt>
      <trkpt lat="42.683480009436607" lon="0.097712958231568">
        <ele>1974</ele>
      </trkpt>
      <trkpt lat="42.68344396725297" lon="0.097776995971799">
        <ele>1974</ele>
      </trkpt>
      <trkpt lat="42.683384958654642" lon="0.097896018996835">
        <ele>1974</ele>
      </trkpt>
      <trkpt lat="42.683342965319753" lon="0.098082013428211">
        <ele>1974</ele>
      </trkpt>
      <trkpt lat="42.683345982804894" lon="0.098116965964437">
        <ele>1974</ele>
      </trkpt>
      <trkpt lat="42.683353023603559" lon="0.098192989826202">
        <ele>1974</ele>
      </trkpt>
      <trkpt lat="42.683278005570173" lon="0.098341014236212">
        <ele>1974</ele>
      </trkpt>
      <trkpt lat="42.68325001001358" lon="0.098379990085959">
        <ele>1974</ele>
      </trkpt>
      <trkpt lat="42.68316401168704" lon="0.098543018102646">
        <ele>1974</ele>
      </trkpt>
      <trkpt lat="42.683107014745474" lon="0.098718032240868">
        <ele>1973</ele>
      </trkpt>
      <trkpt lat="42.683017998933792" lon="0.098878964781761">
        <ele>1973</ele>
      </trkpt>
      <trkpt lat="42.682942980900407" lon="0.099039981141686">
        <ele>1973</ele>
      </trkpt>
      <trkpt lat="42.682861005887389" lon="0.099179958924651">
        <ele>1974</ele>
      </trkpt>
      <trkpt lat="42.682813983410597" lon="0.099262017756701">
        <ele>1974</ele>
      </trkpt>
      <trkpt lat="42.68275698646903" lon="0.099386991932988">
        <ele>1974</ele>
      </trkpt>
      <trkpt lat="42.682736031711102" lon="0.099467961117625">
        <ele>1974</ele>
      </trkpt>
      <trkpt lat="42.682665036991239" lon="0.099659990519285">
        <ele>1974</ele>
      </trkpt>
      <trkpt lat="42.682593958452344" lon="0.09979703463614">
        <ele>1974</ele>
      </trkpt>
      <trkpt lat="42.682537967339158" lon="0.099916979670525">
        <ele>1975</ele>
      </trkpt>
      <trkpt lat="42.682480970397592" lon="0.100019993260503">
        <ele>1976</ele>
      </trkpt>
      <trkpt lat="42.682406958192587" lon="0.100190984085202">
        <ele>1977</ele>
      </trkpt>
      <trkpt lat="42.682387009263039" lon="0.10027103126049">
        <ele>1977</ele>
      </trkpt>
      <trkpt lat="42.68236898817122" lon="0.100330961868167">
        <ele>1977</ele>
      </trkpt>
      <trkpt lat="42.682355996221304" lon="0.100437998771667">
        <ele>1978</ele>
      </trkpt>
      <trkpt lat="42.682338980957866" lon="0.100616030395031">
        <ele>1979</ele>
      </trkpt>
      <trkpt lat="42.682334035634995" lon="0.100651988759637">
        <ele>1979</ele>
      </trkpt>
      <trkpt lat="42.682310985401273" lon="0.100830020383">
        <ele>1980</ele>
      </trkpt>
      <trkpt lat="42.682280978187919" lon="0.10098097845912">
        <ele>1980</ele>
      </trkpt>
      <trkpt lat="42.682251976802945" lon="0.101134032011032">
        <ele>1980</ele>
      </trkpt>
      <trkpt lat="42.682248959317803" lon="0.101268980652094">
        <ele>1980</ele>
      </trkpt>
      <trkpt lat="42.682234039530158" lon="0.101351039484143">
        <ele>1981</ele>
      </trkpt>
      <trkpt lat="42.682231022045016" lon="0.101479031145573">
        <ele>1982</ele>
      </trkpt>
      <trkpt lat="42.682262035086751" lon="0.101507026702166">
        <ele>1982</ele>
      </trkpt>
      <trkpt lat="42.682274021208286" lon="0.101567041128874">
        <ele>1982</ele>
      </trkpt>
      <trkpt lat="42.682276032865047" lon="0.101677011698484">
        <ele>1982</ele>
      </trkpt>
      <trkpt lat="42.68226102925837" lon="0.101695032790303">
        <ele>1982</ele>
      </trkpt>
      <trkpt lat="42.68222096376121" lon="0.101781031116843">
        <ele>1982</ele>
      </trkpt>
      <trkpt lat="42.68222096376121" lon="0.101825036108494">
        <ele>1984</ele>
      </trkpt>
      <trkpt lat="42.682203026488423" lon="0.101857976987958">
        <ele>1984</ele>
      </trkpt>
      <trkpt lat="42.682192968204618" lon="0.101930983364582">
        <ele>1986</ele>
      </trkpt>
      <trkpt lat="42.682211995124817" lon="0.102029973641038">
        <ele>1988</ele>
      </trkpt>
      <trkpt lat="42.682219035923481" lon="0.102049000561237">
        <ele>1988</ele>
      </trkpt>
      <trkpt lat="42.682256000116467" lon="0.102128963917494">
        <ele>1990</ele>
      </trkpt>
      <trkpt lat="42.682290030643344" lon="0.10222896002233">
        <ele>1991</ele>
      </trkpt>
      <trkpt lat="42.682307967916131" lon="0.102285034954548">
        <ele>1992</ele>
      </trkpt>
      <trkpt lat="42.68230402842164" lon="0.102412020787597">
        <ele>1993</ele>
      </trkpt>
      <trkpt lat="42.682278966531157" lon="0.102459965273738">
        <ele>1994</ele>
      </trkpt>
      <trkpt lat="42.682290030643344" lon="0.102611007168889">
        <ele>1995</ele>
      </trkpt>
      <trkpt lat="42.682308973744512" lon="0.102703040465713">
        <ele>1995</ele>
      </trkpt>
      <trkpt lat="42.682310985401273" lon="0.102774035185575">
        <ele>1996</ele>
      </trkpt>
      <trkpt lat="42.682321965694427" lon="0.102905966341496">
        <ele>1996</ele>
      </trkpt>
      <trkpt lat="42.682329006493092" lon="0.103008979931474">
        <ele>1998</ele>
      </trkpt>
      <trkpt lat="42.682318026199937" lon="0.103160021826625">
        <ele>2000</ele>
      </trkpt>
      <trkpt lat="42.682316014543176" lon="0.103183994069695">
        <ele>2000</ele>
      </trkpt>
      <trkpt lat="42.682317020371556" lon="0.10323503986001">
        <ele>2000</ele>
      </trkpt>
      <trkpt lat="42.682316014543176" lon="0.103273009881377">
        <ele>2001</ele>
      </trkpt>
      <trkpt lat="42.682285001501441" lon="0.103360014036298">
        <ele>2002</ele>
      </trkpt>
      <trkpt lat="42.682265974581242" lon="0.103389015421271">
        <ele>2002</ele>
      </trkpt>
      <trkpt lat="42.682244013994932" lon="0.103413993492723">
        <ele>2003</ele>
      </trkpt>
      <trkpt lat="42.682194979861379" lon="0.103482976555824">
        <ele>2004</ele>
      </trkpt>
      <trkpt lat="42.682181987911463" lon="0.103594036772847">
        <ele>2005</ele>
      </trkpt>
      <trkpt lat="42.682162038981915" lon="0.103733008727431">
        <ele>2005</ele>
      </trkpt>
      <trkpt lat="42.682167990133166" lon="0.103797968477011">
        <ele>2005</ele>
      </trkpt>
      <trkpt lat="42.682104036211967" lon="0.10396895930171">
        <ele>2005</ele>
      </trkpt>
      <trkpt lat="42.682093977928162" lon="0.104011036455631">
        <ele>2005</ele>
      </trkpt>
      <trkpt lat="42.68202499486506" lon="0.10413802228868">
        <ele>2007</ele>
      </trkpt>
      <trkpt lat="42.681996999308467" lon="0.104201976209879">
        <ele>2008</ele>
      </trkpt>
      <trkpt lat="42.681978978216648" lon="0.10424598120153">
        <ele>2010</ele>
      </trkpt>
      <trkpt lat="42.681967997923493" lon="0.104260984808207">
        <ele>2010</ele>
      </trkpt>
      <trkpt lat="42.681933967396617" lon="0.104342959821224">
        <ele>2013</ele>
      </trkpt>
      <trkpt lat="42.681924998760223" lon="0.104359975084662">
        <ele>2013</ele>
      </trkpt>
      <trkpt lat="42.68191603012383" lon="0.104377996176481">
        <ele>2013</ele>
      </trkpt>
      <trkpt lat="42.681901026517153" lon="0.10441898368299">
        <ele>2014</ele>
      </trkpt>
      <trkpt lat="42.681879987940192" lon="0.104496013373137">
        <ele>2015</ele>
      </trkpt>
      <trkpt lat="42.681869007647038" lon="0.104519985616207">
        <ele>2015</ele>
      </trkpt>
      <trkpt lat="42.681813016533852" lon="0.104626016691327">
        <ele>2016</ele>
      </trkpt>
      <trkpt lat="42.681799018755555" lon="0.104652000591159">
        <ele>2016</ele>
      </trkpt>
      <trkpt lat="42.6817880384624" lon="0.104681001976132">
        <ele>2017</ele>
      </trkpt>
      <trkpt lat="42.681769011542201" lon="0.104815028607845">
        <ele>2018</ele>
      </trkpt>
      <trkpt lat="42.681745961308479" lon="0.10488904081285">
        <ele>2018</ele>
      </trkpt>
      <trkpt lat="42.681731041520834" lon="0.104902032762766">
        <ele>2018</ele>
      </trkpt>
      <trkpt lat="42.681716037914157" lon="0.104978978633881">
        <ele>2019</ele>
      </trkpt>
      <trkpt lat="42.681759037077427" lon="0.105045028030872">
        <ele>2020</ele>
      </trkpt>
      <trkpt lat="42.681715032085776" lon="0.105167990550399">
        <ele>2021</ele>
      </trkpt>
      <trkpt lat="42.681685024872422" lon="0.105234961956739">
        <ele>2022</ele>
      </trkpt>
      <trkpt lat="42.681687036529183" lon="0.105344010517001">
        <ele>2023</ele>
      </trkpt>
      <trkpt lat="42.681668009608984" lon="0.105425985530019">
        <ele>2024</ele>
      </trkpt>
      <trkpt lat="42.681642025709152" lon="0.105595970526338">
        <ele>2025</ele>
      </trkpt>
      <trkpt lat="42.681619981303811" lon="0.105625977739692">
        <ele>2026</ele>
      </trkpt>
      <trkpt lat="42.681588968262076" lon="0.105683980509639">
        <ele>2028</ele>
      </trkpt>
      <trkpt lat="42.681557033210993" lon="0.105767967179418">
        <ele>2029</ele>
      </trkpt>
      <trkpt lat="42.681537000462413" lon="0.105797974392772">
        <ele>2030</ele>
      </trkpt>
      <trkpt lat="42.681500958278775" lon="0.105884978547692">
        <ele>2030</ele>
      </trkpt>
      <trkpt lat="42.68148603849113" lon="0.105924960225821">
        <ele>2030</ele>
      </trkpt>
      <trkpt lat="42.681457037106156" lon="0.105973994359374">
        <ele>2031</ele>
      </trkpt>
      <trkpt lat="42.68142401240766" lon="0.106140039861202">
        <ele>2032</ele>
      </trkpt>
      <trkpt lat="42.681413032114506" lon="0.106272976845503">
        <ele>2033</ele>
      </trkpt>
      <trkpt lat="42.681437004357576" lon="0.106341037899256">
        <ele>2034</ele>
      </trkpt>
      <trkpt lat="42.681447984650731" lon="0.106403985992074">
        <ele>2035</ele>
      </trkpt>
      <trkpt lat="42.681425018236041" lon="0.106455031782389">
        <ele>2035</ele>
      </trkpt>
      <trkpt lat="42.681392999365926" lon="0.106506999582052">
        <ele>2035</ele>
      </trkpt>
      <trkpt lat="42.681371960788965" lon="0.106531977653503">
        <ele>2035</ele>
      </trkpt>
      <trkpt lat="42.681346982717514" lon="0.106576988473535">
        <ele>2036</ele>
      </trkpt>
      <trkpt lat="42.681358968839049" lon="0.106723001226783">
        <ele>2036</ele>
      </trkpt>
      <trkpt lat="42.681354023516178" lon="0.106830960139632">
        <ele>2038</ele>
      </trkpt>
      <trkpt lat="42.681361986324191" lon="0.106898015365005">
        <ele>2039</ele>
      </trkpt>
      <trkpt lat="42.681394005194306" lon="0.106960041448474">
        <ele>2041</ele>
      </trkpt>
      <trkpt lat="42.681429963558912" lon="0.107028018683195">
        <ele>2043</ele>
      </trkpt>
      <trkpt lat="42.68144303932786" lon="0.10706297121942">
        <ele>2044</ele>
      </trkpt>
      <trkpt lat="42.681429041549563" lon="0.107121979817748">
        <ele>2045</ele>
      </trkpt>
      <trkpt lat="42.681449996307492" lon="0.107165984809399">
        <ele>2047</ele>
      </trkpt>
      <trkpt lat="42.681455025449395" lon="0.107224993407726">
        <ele>2049</ele>
      </trkpt>
      <trkpt lat="42.681397022679448" lon="0.107266986742616">
        <ele>2050</ele>
      </trkpt>
      <trkpt lat="42.681332984939218" lon="0.107281990349293">
        <ele>2052</ele>
      </trkpt>
      <trkpt lat="42.681299960240722" lon="0.107306968420744">
        <ele>2054</ele>
      </trkpt>
      <trkpt lat="42.681270036846399" lon="0.107362037524581">
        <ele>2055</ele>
      </trkpt>
      <trkpt lat="42.681261990219355" lon="0.107415011152625">
        <ele>2056</ele>
      </trkpt>
      <trkpt lat="42.681196024641395" lon="0.10749296285212">
        <ele>2058</ele>
      </trkpt>
      <trkpt lat="42.68114497885108" lon="0.107589019462466">
        <ele>2060</ele>
      </trkpt>
      <trkpt lat="42.681131986901164" lon="0.107658002525568">
        <ele>2061</ele>
      </trkpt>
      <trkpt lat="42.681130981072783" lon="0.107687003910542">
        <ele>2063</ele>
      </trkpt>
      <trkpt lat="42.681120000779629" lon="0.107806026935577">
        <ele>2065</ele>
      </trkpt>
      <trkpt lat="42.681121006608009" lon="0.107826981693506">
        <ele>2066</ele>
      </trkpt>
      <trkpt lat="42.681118994951248" lon="0.107866963371634">
        <ele>2066</ele>
      </trkpt>
      <trkpt lat="42.681124024093151" lon="0.107913985848427">
        <ele>2067</ele>
      </trkpt>
      <trkpt lat="42.681138021871448" lon="0.107944998890162">
        <ele>2067</ele>
      </trkpt>
      <trkpt lat="42.681156964972615" lon="0.108026973903179">
        <ele>2069</ele>
      </trkpt>
      <trkpt lat="42.681162999942899" lon="0.108064021915197">
        <ele>2071</ele>
      </trkpt>
      <trkpt lat="42.681174986064434" lon="0.108151026070118">
        <ele>2072</ele>
      </trkpt>
      <trkpt lat="42.681174986064434" lon="0.10815798304975">
        <ele>2074</ele>
      </trkpt>
      <trkpt lat="42.681182026863098" lon="0.108208023011684">
        <ele>2075</ele>
      </trkpt>
      <trkpt lat="42.681176997721195" lon="0.108297038823366">
        <ele>2076</ele>
      </trkpt>
      <trkpt lat="42.681164005771279" lon="0.108334003016353">
        <ele>2076</ele>
      </trkpt>
      <trkpt lat="42.681136010214686" lon="0.108508011326194">
        <ele>2077</ele>
      </trkpt>
      <trkpt lat="42.681124024093151" lon="0.108645977452397">
        <ele>2079</ele>
      </trkpt>
      <trkpt lat="42.681123018264771" lon="0.108655029907823">
        <ele>2079</ele>
      </trkpt>
      <trkpt lat="42.68110197968781" lon="0.108733987435699">
        <ele>2080</ele>
      </trkpt>
      <trkpt lat="42.681094016879797" lon="0.10875997133553">
        <ele>2080</ele>
      </trkpt>
      <trkpt lat="42.681088987737894" lon="0.108804982155561">
        <ele>2081</ele>
      </trkpt>
      <trkpt lat="42.681071972474456" lon="0.108860973268747">
        <ele>2081</ele>
      </trkpt>
      <trkpt lat="42.681043976917863" lon="0.108922999352217">
        <ele>2082</ele>
      </trkpt>
      <trkpt lat="42.681000977754593" lon="0.109022995457053">
        <ele>2083</ele>
      </trkpt>
      <trkpt lat="42.680951021611691" lon="0.109088961035013">
        <ele>2085</ele>
      </trkpt>
      <trkpt lat="42.680884972214699" lon="0.109160039573908">
        <ele>2086</ele>
      </trkpt>
      <trkpt lat="42.680823029950261" lon="0.109226005151868">
        <ele>2087</ele>
      </trkpt>
      <trkpt lat="42.680776007473469" lon="0.109301023185253">
        <ele>2092</ele>
      </trkpt>
      <trkpt lat="42.680744994431734" lon="0.109333964064717">
        <ele>2092</ele>
      </trkpt>
      <trkpt lat="42.680718004703522" lon="0.109356008470058">
        <ele>2092</ele>
      </trkpt>
      <trkpt lat="42.680615996941924" lon="0.109486011788249">
        <ele>2090</ele>
      </trkpt>
      <trkpt lat="42.680536033585668" lon="0.109623977914453">
        <ele>2088</ele>
      </trkpt>
      <trkpt lat="42.680445006117225" lon="0.109806032851338">
        <ele>2086</ele>
      </trkpt>
      <trkpt lat="42.680350039154291" lon="0.109995966777205">
        <ele>2085</ele>
      </trkpt>
      <trkpt lat="42.68032799474895" lon="0.110034020617604">
        <ele>2085</ele>
      </trkpt>
      <trkpt lat="42.680195979773998" lon="0.110224960371852">
        <ele>2083</ele>
      </trkpt>
      <trkpt lat="42.680095983669162" lon="0.110362004488707">
        <ele>2082</ele>
      </trkpt>
      <trkpt lat="42.680034963414073" lon="0.110524026677012">
        <ele>2082</ele>
      </trkpt>
      <trkpt lat="42.680030018091202" lon="0.110553028061986">
        <ele>2081</ele>
      </trkpt>
      <trkpt lat="42.68000696785748" lon="0.11058596894145">
        <ele>2081</ele>
      </trkpt>
      <trkpt lat="42.679982995614409" lon="0.110624022781849">
        <ele>2081</ele>
      </trkpt>
      <trkpt lat="42.679967992007732" lon="0.110641960054636">
        <ele>2081</ele>
      </trkpt>
      <trkpt lat="42.679930021986365" lon="0.110667021945119">
        <ele>2080</ele>
      </trkpt>
      <trkpt lat="42.679865984246135" lon="0.110767018049955">
        <ele>2080</ele>
      </trkpt>
      <trkpt lat="42.679827008396387" lon="0.110815968364477">
        <ele>2080</ele>
      </trkpt>
      <trkpt lat="42.679737992584705" lon="0.110984025523067">
        <ele>2080</ele>
      </trkpt>
      <trkpt lat="42.679646965116262" lon="0.111107993870974">
        <ele>2079</ele>
      </trkpt>
      <trkpt lat="42.679524002596736" lon="0.11129398830235">
        <ele>2077</ele>
      </trkpt>
      <trkpt lat="42.679513022303581" lon="0.111320978030562">
        <ele>2077</ele>
      </trkpt>
      <trkpt lat="42.679481003433466" lon="0.111365988850594">
        <ele>2076</ele>
      </trkpt>
      <trkpt lat="42.679407997056842" lon="0.11142298579216">
        <ele>2076</ele>
      </trkpt>
      <trkpt lat="42.679368015378714" lon="0.111476965248585">
        <ele>2075</ele>
      </trkpt>
      <trkpt lat="42.679291991516948" lon="0.111530022695661">
        <ele>2075</ele>
      </trkpt>
      <trkpt lat="42.679228959605098" lon="0.111591964960098">
        <ele>2075</ele>
      </trkpt>
      <trkpt lat="42.679185960441828" lon="0.111644016578794">
        <ele>2075</ele>
      </trkpt>
      <trkpt lat="42.67908101901412" lon="0.111836967989802">
        <ele>2075</ele>
      </trkpt>
      <trkpt lat="42.67905998043716" lon="0.111887007951736">
        <ele>2075</ele>
      </trkpt>
      <trkpt lat="42.678990997374058" lon="0.112037966027856">
        <ele>2074</ele>
      </trkpt>
      <trkpt lat="42.678956966847181" lon="0.112143997102976">
        <ele>2074</ele>
      </trkpt>
      <trkpt lat="42.678900975733995" lon="0.11223996989429">
        <ele>2074</ele>
      </trkpt>
      <trkpt lat="42.678883960470557" lon="0.112268971279264">
        <ele>2073</ele>
      </trkpt>
      <trkpt lat="42.678874991834164" lon="0.112293027341366">
        <ele>2073</ele>
      </trkpt>
      <trkpt lat="42.678797040134668" lon="0.112430993467569">
        <ele>2072</ele>
      </trkpt>
      <trkpt lat="42.678710035979748" lon="0.112599972635508">
        <ele>2071</ele>
      </trkpt>
      <trkpt lat="42.678698971867561" lon="0.112644983455539">
        <ele>2071</ele>
      </trkpt>
      <trkpt lat="42.678640969097614" lon="0.11271296069026">
        <ele>2070</ele>
      </trkpt>
      <trkpt lat="42.678613979369402" lon="0.112784039229155">
        <ele>2070</ele>
      </trkpt>
      <trkpt lat="42.678540972992778" lon="0.112864002585411">
        <ele>2069</ele>
      </trkpt>
      <trkpt lat="42.678443994373083" lon="0.113019989803433">
        <ele>2068</ele>
      </trkpt>
      <trkpt lat="42.678367970511317" lon="0.113167008385062">
        <ele>2067</ele>
      </trkpt>
      <trkpt lat="42.678276021033525" lon="0.113285025581717">
        <ele>2067</ele>
      </trkpt>
      <trkpt lat="42.678252970799804" lon="0.113317966461182">
        <ele>2067</ele>
      </trkpt>
      <trkpt lat="42.678203014656901" lon="0.113379992544651">
        <ele>2067</ele>
      </trkpt>
      <trkpt lat="42.678146017715335" lon="0.113447969779372">
        <ele>2067</ele>
      </trkpt>
      <trkpt lat="42.678031018003821" lon="0.113586019724607">
        <ele>2067</ele>
      </trkpt>
      <trkpt lat="42.677914006635547" lon="0.113733038306236">
        <ele>2067</ele>
      </trkpt>
      <trkpt lat="42.67783303745091" lon="0.113929007202387">
        <ele>2067</ele>
      </trkpt>
      <trkpt lat="42.677759025245905" lon="0.114093041047454">
        <ele>2067</ele>
      </trkpt>
      <trkpt lat="42.677673026919365" lon="0.11428096331656">
        <ele>2066</ele>
      </trkpt>
      <trkpt lat="42.677622986957431" lon="0.114446002990007">
        <ele>2066</ele>
      </trkpt>
      <trkpt lat="42.677575964480639" lon="0.114597966894507">
        <ele>2066</ele>
      </trkpt>
      <trkpt lat="42.677548974752426" lon="0.114780021831393">
        <ele>2066</ele>
      </trkpt>
      <trkpt lat="42.67753497697413" lon="0.114858979359269">
        <ele>2066</ele>
      </trkpt>
      <trkpt lat="42.677523996680975" lon="0.114901978522539">
        <ele>2066</ele>
      </trkpt>
      <trkpt lat="42.677456019446254" lon="0.115018989890814">
        <ele>2066</ele>
      </trkpt>
      <trkpt lat="42.677446966990829" lon="0.115033993497491">
        <ele>2066</ele>
      </trkpt>
      <trkpt lat="42.677379995584488" lon="0.11513801291585">
        <ele>2066</ele>
      </trkpt>
      <trkpt lat="42.677316963672638" lon="0.115243960171938">
        <ele>2066</ele>
      </trkpt>
      <trkpt lat="42.677258038893342" lon="0.115400031208992">
        <ele>2067</ele>
      </trkpt>
      <trkpt lat="42.677192995324731" lon="0.115554006770253">
        <ele>2067</ele>
      </trkpt>
      <trkpt lat="42.677174974232912" lon="0.115588959306479">
        <ele>2067</ele>
      </trkpt>
      <trkpt lat="42.677129041403532" lon="0.115708988159895">
        <ele>2068</ele>
      </trkpt>
      <trkpt lat="42.677071960642934" lon="0.115894982591271">
        <ele>2068</ele>
      </trkpt>
      <trkpt lat="42.677057040855289" lon="0.115951979532838">
        <ele>2068</ele>
      </trkpt>
      <trkpt lat="42.677037008106709" lon="0.115994978696108">
        <ele>2068</ele>
      </trkpt>
      <trkpt lat="42.677014041692019" lon="0.116032026708126">
        <ele>2068</ele>
      </trkpt>
      <trkpt lat="42.676990991458297" lon="0.116073014214635">
        <ele>2068</ele>
      </trkpt>
      <trkpt lat="42.676980011165142" lon="0.116095980629325">
        <ele>2068</ele>
      </trkpt>
      <trkpt lat="42.676952015608549" lon="0.116161024197936">
        <ele>2068</ele>
      </trkpt>
      <trkpt lat="42.676929971203208" lon="0.116220032796264">
        <ele>2068</ele>
      </trkpt>
      <trkpt lat="42.67682402394712" lon="0.116398986428976">
        <ele>2068</ele>
      </trkpt>
      <trkpt lat="42.676812959834933" lon="0.116465035825968">
        <ele>2067</ele>
      </trkpt>
      <trkpt lat="42.676773983985186" lon="0.116560002788901">
        <ele>2067</ele>
      </trkpt>
      <trkpt lat="42.676735008135438" lon="0.116597972810268">
        <ele>2067</ele>
      </trkpt>
      <trkpt lat="42.676671976223588" lon="0.11668698862195">
        <ele>2066</ele>
      </trkpt>
      <trkpt lat="42.676654038950801" lon="0.116724958643317">
        <ele>2066</ele>
      </trkpt>
      <trkpt lat="42.676642974838614" lon="0.116759994998574">
        <ele>2066</ele>
      </trkpt>
      <trkpt lat="42.676554964855313" lon="0.116887986660004">
        <ele>2065</ele>
      </trkpt>
      <trkpt lat="42.67652696929872" lon="0.116940960288048">
        <ele>2065</ele>
      </trkpt>
      <trkpt lat="42.676519006490707" lon="0.117153022438288">
        <ele>2064</ele>
      </trkpt>
      <trkpt lat="42.676516994833946" lon="0.11733097024262">
        <ele>2064</ele>
      </trkpt>
      <trkpt lat="42.676514983177185" lon="0.117357037961483">
        <ele>2064</ele>
      </trkpt>
      <trkpt lat="42.676519006490707" lon="0.117405988276005">
        <ele>2064</ele>
      </trkpt>
      <trkpt lat="42.676525041460991" lon="0.117507996037602">
        <ele>2063</ele>
      </trkpt>
      <trkpt lat="42.676539039239287" lon="0.117605980485678">
        <ele>2063</ele>
      </trkpt>
      <trkpt lat="42.676539039239287" lon="0.117785017937422">
        <ele>2063</ele>
      </trkpt>
      <trkpt lat="42.676554964855313" lon="0.117861041799188">
        <ele>2063</ele>
      </trkpt>
      <trkpt lat="42.676399983465672" lon="0.118071008473635">
        <ele>2064</ele>
      </trkpt>
      <trkpt lat="42.676381962373853" lon="0.118105039000511">
        <ele>2064</ele>
      </trkpt>
      <trkpt lat="42.676338963210583" lon="0.118165975436568">
        <ele>2063</ele>
      </trkpt>
      <trkpt lat="42.676284983754158" lon="0.118206040933728">
        <ele>2062</ele>
      </trkpt>
      <trkpt lat="42.676200997084379" lon="0.118362028151751">
        <ele>2060</ele>
      </trkpt>
      <trkpt lat="42.67611600458622" lon="0.118562020361423">
        <ele>2058</ele>
      </trkpt>
      <trkpt lat="42.676021959632635" lon="0.118725970387459">
        <ele>2057</ele>
      </trkpt>
      <trkpt lat="42.675978960469365" lon="0.118779027834535">
        <ele>2057</ele>
      </trkpt>
      <trkpt lat="42.67592397518456" lon="0.118868965655565">
        <ele>2057</ele>
      </trkpt>
      <trkpt lat="42.675863038748503" lon="0.118972985073924">
        <ele>2056</ele>
      </trkpt>
      <trkpt lat="42.675824984908104" lon="0.119023025035858">
        <ele>2056</ele>
      </trkpt>
      <trkpt lat="42.675749966874719" lon="0.119218993932009">
        <ele>2056</ele>
      </trkpt>
      <trkpt lat="42.675737980753183" lon="0.119260987266898">
        <ele>2056</ele>
      </trkpt>
      <trkpt lat="42.675695987418294" lon="0.119327958673239">
        <ele>2055</ele>
      </trkpt>
      <trkpt lat="42.675676038488746" lon="0.119348997250199">
        <ele>2055</ele>
      </trkpt>
      <trkpt lat="42.675659023225307" lon="0.119387973099947">
        <ele>2055</ele>
      </trkpt>
      <trkpt lat="42.675610994920135" lon="0.119463996961713">
        <ele>2055</ele>
      </trkpt>
      <trkpt lat="42.67558098770678" lon="0.119528034701943">
        <ele>2055</ele>
      </trkpt>
      <trkpt lat="42.675541006028652" lon="0.119701037183404">
        <ele>2055</ele>
      </trkpt>
      <trkpt lat="42.675547040998936" lon="0.119744036346674">
        <ele>2054</ele>
      </trkpt>
      <trkpt lat="42.67553798854351" lon="0.119874961674213">
        <ele>2055</ele>
      </trkpt>
      <trkpt lat="42.675523990765214" lon="0.120000019669533">
        <ele>2058</ele>
      </trkpt>
      <trkpt lat="42.675504963845015" lon="0.120074031874537">
        <ele>2059</ele>
      </trkpt>
      <trkpt lat="42.675490966066718" lon="0.120130022987723">
        <ele>2060</ele>
      </trkpt>
      <trkpt lat="42.675489038228989" lon="0.12016698718071">
        <ele>2062</ele>
      </trkpt>
      <trkpt lat="42.67547101713717" lon="0.120282992720604">
        <ele>2063</ele>
      </trkpt>
      <trkpt lat="42.675462970510125" lon="0.120323980227113">
        <ele>2065</ele>
      </trkpt>
      <trkpt lat="42.675448972731829" lon="0.120395980775356">
        <ele>2066</ele>
      </trkpt>
      <trkpt lat="42.675438998267055" lon="0.120464041829109">
        <ele>2068</ele>
      </trkpt>
      <trkpt lat="42.675433969125152" lon="0.120523972436786">
        <ele>2069</ele>
      </trkpt>
      <trkpt lat="42.675436986610293" lon="0.120636960491538">
        <ele>2070</ele>
      </trkpt>
      <trkpt lat="42.675454001873732" lon="0.120673002675176">
        <ele>2072</ele>
      </trkpt>
      <trkpt lat="42.675446961075068" lon="0.120734022930264">
        <ele>2073</ele>
      </trkpt>
      <trkpt lat="42.675447966903448" lon="0.120825972408056">
        <ele>2074</ele>
      </trkpt>
      <trkpt lat="42.675448972731829" lon="0.120891015976667">
        <ele>2076</ele>
      </trkpt>
      <trkpt lat="42.67545199021697" lon="0.120927980169654">
        <ele>2078</ele>
      </trkpt>
      <trkpt lat="42.675447966903448" lon="0.120948012918234">
        <ele>2079</ele>
      </trkpt>
      <trkpt lat="42.675442015752196" lon="0.121002998203039">
        <ele>2080</ele>
      </trkpt>
      <trkpt lat="42.675417959690094" lon="0.121073992922902">
        <ele>2081</ele>
      </trkpt>
      <trkpt lat="42.675417959690094" lon="0.12111104093492">
        <ele>2083</ele>
      </trkpt>
      <trkpt lat="42.675403961911798" lon="0.12119703926146">
        <ele>2085</ele>
      </trkpt>
      <trkpt lat="42.675403961911798" lon="0.121201984584332">
        <ele>2085</ele>
      </trkpt>
      <trkpt lat="42.675401028245687" lon="0.121235009282827">
        <ele>2085</ele>
      </trkpt>
      <trkpt lat="42.675394993275404" lon="0.12128203175962">
        <ele>2087</ele>
      </trkpt>
      <trkpt lat="42.675395999103785" lon="0.121288988739252">
        <ele>2088</ele>
      </trkpt>
      <trkpt lat="42.675382001325488" lon="0.121388984844089">
        <ele>2090</ele>
      </trkpt>
      <trkpt lat="42.675366997718811" lon="0.121495015919209">
        <ele>2091</ele>
      </trkpt>
      <trkpt lat="42.675373032689095" lon="0.121552012860775">
        <ele>2092</ele>
      </trkpt>
      <trkpt lat="42.675355011597276" lon="0.121705988422036">
        <ele>2093</ele>
      </trkpt>
      <trkpt lat="42.675360040739179" lon="0.121763991191983">
        <ele>2094</ele>
      </trkpt>
      <trkpt lat="42.675345037132502" lon="0.121830040588975">
        <ele>2096</ele>
      </trkpt>
      <trkpt lat="42.675350988283753" lon="0.121883014217019">
        <ele>2096</ele>
      </trkpt>
      <trkpt lat="42.675351994112134" lon="0.121974041685462">
        <ele>2098</ele>
      </trkpt>
      <trkpt lat="42.675363980233669" lon="0.122049981728196">
        <ele>2104</ele>
      </trkpt>
      <trkpt lat="42.675374038517475" lon="0.122169004753232">
        <ele>2105</ele>
      </trkpt>
      <trkpt lat="42.675378983840346" lon="0.12220898643136">
        <ele>2108</ele>
      </trkpt>
      <trkpt lat="42.675388036295772" lon="0.122259026393294">
        <ele>2109</ele>
      </trkpt>
      <trkpt lat="42.67538895830512" lon="0.122249973937869">
        <ele>2111</ele>
      </trkpt>
      <trkpt lat="42.67538895830512" lon="0.122249973937869">
        <ele>2111</ele>
      </trkpt>
      <trkpt lat="42.675399016588926" lon="0.122302025556564">
        <ele>2112</ele>
      </trkpt>
      <trkpt lat="42.675399016588926" lon="0.122302025556564">
        <ele>2114</ele>
      </trkpt>
      <trkpt lat="42.675401028245687" lon="0.12233697809279">
        <ele>2114</ele>
      </trkpt>
      <trkpt lat="42.675420977175236" lon="0.122389029711485">
        <ele>2116</ele>
      </trkpt>
      <trkpt lat="42.675420977175236" lon="0.122395986691117">
        <ele>2117</ele>
      </trkpt>
      <trkpt lat="42.675465987995267" lon="0.122607965022326">
        <ele>2117</ele>
      </trkpt>
      <trkpt lat="42.675483003258705" lon="0.122791025787592">
        <ele>2119</ele>
      </trkpt>
      <trkpt lat="42.675560032948852" lon="0.122934021055698">
        <ele>2121</ele>
      </trkpt>
      <trkpt lat="42.675565984100103" lon="0.12293896637857">
        <ele>2123</ele>
      </trkpt>
      <trkpt lat="42.675590962171555" lon="0.122967967763543">
        <ele>2124</ele>
      </trkpt>
      <trkpt lat="42.675633961334825" lon="0.122996969148517">
        <ele>2126</ele>
      </trkpt>
      <trkpt lat="42.675677966326475" lon="0.123052038252354">
        <ele>2128</ele>
      </trkpt>
      <trkpt lat="42.675664974376559" lon="0.123137030750513">
        <ele>2129</ele>
      </trkpt>
      <trkpt lat="42.675658017396927" lon="0.123186986893415">
        <ele>2130</ele>
      </trkpt>
      <trkpt lat="42.675673021003604" lon="0.123224034905434">
        <ele>2131</ele>
      </trkpt>
      <trkpt lat="42.675719037652016" lon="0.123245995491743">
        <ele>2134</ele>
      </trkpt>
      <trkpt lat="42.675757007673383" lon="0.123271979391575">
        <ele>2135</ele>
      </trkpt>
      <trkpt lat="42.675768993794918" lon="0.123276002705097">
        <ele>2136</ele>
      </trkpt>
      <trkpt lat="42.675806041806936" lon="0.123354038223624">
        <ele>2138</ele>
      </trkpt>
      <trkpt lat="42.675811992958188" lon="0.12336602434516">
        <ele>2139</ele>
      </trkpt>
      <trkpt lat="42.67588097602129" lon="0.123477000743151">
        <ele>2141</ele>
      </trkpt>
      <trkpt lat="42.675912994891405" lon="0.1234520226717">
        <ele>2142</ele>
      </trkpt>
      <trkpt lat="42.675953982397914" lon="0.123467026278377">
        <ele>2142</ele>
      </trkpt>
      <trkpt lat="42.67607300542295" lon="0.123428972437978">
        <ele>2142</ele>
      </trkpt>
      <trkpt lat="42.676119022071362" lon="0.123423021286726">
        <ele>2141</ele>
      </trkpt>
      <trkpt lat="42.676250031217933" lon="0.123356971889734">
        <ele>2140</ele>
      </trkpt>
      <trkpt lat="42.676386991515756" lon="0.123308021575212">
        <ele>2137</ele>
      </trkpt>
      <trkpt lat="42.676430996507406" lon="0.123274996876717">
        <ele>2136</ele>
      </trkpt>
      <trkpt lat="42.67643803730607" lon="0.123272985219955">
        <ele>2136</ele>
      </trkpt>
      <trkpt lat="42.6765660289675" lon="0.123247001320124">
        <ele>2135</ele>
      </trkpt>
      <trkpt lat="42.676637023687363" lon="0.123344985768199">
        <ele>2131</ele>
      </trkpt>
      <trkpt lat="42.676649009808898" lon="0.123402988538146">
        <ele>2128</ele>
      </trkpt>
      <trkpt lat="42.676689997315407" lon="0.123526034876704">
        <ele>2127</ele>
      </trkpt>
      <trkpt lat="42.676721010357141" lon="0.123613039031625">
        <ele>2126</ele>
      </trkpt>
      <trkpt lat="42.676815977320075" lon="0.123720997944474">
        <ele>2125</ele>
      </trkpt>
      <trkpt lat="42.676873980090022" lon="0.123780006542802">
        <ele>2124</ele>
      </trkpt>
      <trkpt lat="42.676967019215226" lon="0.123857958242297">
        <ele>2122</ele>
      </trkpt>
      <trkpt lat="42.677037008106709" lon="0.123867010697722">
        <ele>2121</ele>
      </trkpt>
      <trkpt lat="42.677058968693018" lon="0.123872961848974">
        <ele>2120</ele>
      </trkpt>
      <trkpt lat="42.677094005048275" lon="0.123875979334116">
        <ele>2119</ele>
      </trkpt>
      <trkpt lat="42.677164999768138" lon="0.123800961300731">
        <ele>2119</ele>
      </trkpt>
      <trkpt lat="42.677245968952775" lon="0.123699959367514">
        <ele>2117</ele>
      </trkpt>
      <trkpt lat="42.677343031391501" lon="0.123610021546483">
        <ele>2115</ele>
      </trkpt>
      <trkpt lat="42.67742701806128" lon="0.12360499240458">
        <ele>2113</ele>
      </trkpt>
      <trkpt lat="42.677473034709692" lon="0.123578002676368">
        <ele>2109</ele>
      </trkpt>
      <trkpt lat="42.677539000287652" lon="0.123527040705085">
        <ele>2106</ele>
      </trkpt>
      <trkpt lat="42.677624998614192" lon="0.123497033491731">
        <ele>2105</ele>
      </trkpt>
      <trkpt lat="42.677674032747746" lon="0.123500972986221">
        <ele>2104</ele>
      </trkpt>
      <trkpt lat="42.677701022475958" lon="0.123484041541815">
        <ele>2102</ele>
      </trkpt>
      <trkpt lat="42.677831025794148" lon="0.123461997136474">
        <ele>2101</ele>
      </trkpt>
      <trkpt lat="42.677931021898985" lon="0.123425032943487">
        <ele>2101</ele>
      </trkpt>
      <trkpt lat="42.677948959171772" lon="0.123415980488062">
        <ele>2101</ele>
      </trkpt>
      <trkpt lat="42.67796597443521" lon="0.123417992144823">
        <ele>2101</ele>
      </trkpt>
      <trkpt lat="42.678108969703317" lon="0.123334005475044">
        <ele>2100</ele>
      </trkpt>
      <trkpt lat="42.678250037133694" lon="0.123196039348841">
        <ele>2098</ele>
      </trkpt>
      <trkpt lat="42.67828700132668" lon="0.12313099578023">
        <ele>2097</ele>
      </trkpt>
      <trkpt lat="42.67839496023953" lon="0.123053966090083">
        <ele>2096</ele>
      </trkpt>
      <trkpt lat="42.678432008251548" lon="0.123008033260703">
        <ele>2095</ele>
      </trkpt>
      <trkpt lat="42.678506020456553" lon="0.122897978872061">
        <ele>2093</ele>
      </trkpt>
      <trkpt lat="42.67852202989161" lon="0.122894961386919">
        <ele>2093</ele>
      </trkpt>
      <trkpt lat="42.678580032661557" lon="0.122859003022313">
        <ele>2092</ele>
      </trkpt>
      <trkpt lat="42.678637029603124" lon="0.122875012457371">
        <ele>2092</ele>
      </trkpt>
      <trkpt lat="42.678692014887929" lon="0.122865960001946">
        <ele>2092</ele>
      </trkpt>
      <trkpt lat="42.678842972964048" lon="0.12283000163734">
        <ele>2091</ele>
      </trkpt>
      <trkpt lat="42.678947998210788" lon="0.122773004695773">
        <ele>2091</ele>
      </trkpt>
      <trkpt lat="42.679075989872217" lon="0.122742997482419">
        <ele>2091</ele>
      </trkpt>
      <trkpt lat="42.679160982370377" lon="0.122822038829327">
        <ele>2091</ele>
      </trkpt>
      <trkpt lat="42.679227031767368" lon="0.12285296805203">
        <ele>2091</ele>
      </trkpt>
      <trkpt lat="42.679340019822121" lon="0.122913988307118">
        <ele>2091</ele>
      </trkpt>
      <trkpt lat="42.679429035633802" lon="0.122972996905446">
        <ele>2092</ele>
      </trkpt>
      <trkpt lat="42.679469017311931" lon="0.123017001897097">
        <ele>2092</ele>
      </trkpt>
      <trkpt lat="42.679472034797072" lon="0.123051032423973">
        <ele>2092</ele>
      </trkpt>
      <trkpt lat="42.679488966241479" lon="0.123101994395256">
        <ele>2092</ele>
      </trkpt>
      <trkpt lat="42.67949097789824" lon="0.123125966638327">
        <ele>2091</ele>
      </trkpt>
      <trkpt lat="42.679485026746988" lon="0.123192016035318">
        <ele>2091</ele>
      </trkpt>
      <trkpt lat="42.679482009261847" lon="0.123225040733814">
        <ele>2090</ele>
      </trkpt>
      <trkpt lat="42.679484020918608" lon="0.123241972178221">
        <ele>2090</ele>
      </trkpt>
      <trkpt lat="42.679504975676537" lon="0.123338028788567">
        <ele>2088</ele>
      </trkpt>
      <trkpt lat="42.679520985111594" lon="0.123481024056673">
        <ele>2087</ele>
      </trkpt>
      <trkpt lat="42.679528025910258" lon="0.123611027374864">
        <ele>2084</ele>
      </trkpt>
      <trkpt lat="42.679535988718271" lon="0.123642962425947">
        <ele>2083</ele>
      </trkpt>
      <trkpt lat="42.679539006203413" lon="0.123684033751488">
        <ele>2083</ele>
      </trkpt>
      <trkpt lat="42.679542023688555" lon="0.123707000166178">
        <ele>2082</ele>
      </trkpt>
      <trkpt lat="42.679583011195064" lon="0.123734995722771">
        <ele>2081</ele>
      </trkpt>
      <trkpt lat="42.679613018408418" lon="0.123705994337797">
        <ele>2080</ele>
      </trkpt>
      <trkpt lat="42.679632967337966" lon="0.123637011274695">
        <ele>2079</ele>
      </trkpt>
      <trkpt lat="42.679684013128281" lon="0.123583031818271">
        <ele>2075</ele>
      </trkpt>
      <trkpt lat="42.679708991199732" lon="0.123530980199575">
        <ele>2069</ele>
      </trkpt>
      <trkpt lat="42.67974603921175" lon="0.123468032106757">
        <ele>2067</ele>
      </trkpt>
      <trkpt lat="42.679766993969679" lon="0.123422015458345">
        <ele>2067</ele>
      </trkpt>
      <trkpt lat="42.679806975647807" lon="0.123334005475044">
        <ele>2065</ele>
      </trkpt>
      <trkpt lat="42.679864978417754" lon="0.123305004090071">
        <ele>2062</ele>
      </trkpt>
      <trkpt lat="42.679896997287869" lon="0.123265022411942">
        <ele>2060</ele>
      </trkpt>
      <trkpt lat="42.679901020601392" lon="0.123258987441659">
        <ele>2059</ele>
      </trkpt>
      <trkpt lat="42.679933961480856" lon="0.123290000483394">
        <ele>2057</ele>
      </trkpt>
      <trkpt lat="42.679944019764662" lon="0.12332696467638">
        <ele>2056</ele>
      </trkpt>
      <trkpt lat="42.679951982572675" lon="0.123294023796916">
        <ele>2055</ele>
      </trkpt>
      <trkpt lat="42.679989030584693" lon="0.123296035453677">
        <ele>2051</ele>
      </trkpt>
      <trkpt lat="42.680003028362989" lon="0.12324096634984">
        <ele>2050</ele>
      </trkpt>
      <trkpt lat="42.679992970079184" lon="0.123219005763531">
        <ele>2048</ele>
      </trkpt>
      <trkpt lat="42.680013002827764" lon="0.123164020478725">
        <ele>2046</ele>
      </trkpt>
      <trkpt lat="42.680101012811065" lon="0.12313099578023">
        <ele>2043</ele>
      </trkpt>
      <trkpt lat="42.680140994489193" lon="0.123096965253353">
        <ele>2041</ele>
      </trkpt>
      <trkpt lat="42.680158009752631" lon="0.12308799661696">
        <ele>2039</ele>
      </trkpt>
      <trkpt lat="42.680205032229424" lon="0.123101994395256">
        <ele>2038</ele>
      </trkpt>
      <trkpt lat="42.680261023342609" lon="0.1231549680233">
        <ele>2035</ele>
      </trkpt>
      <trkpt lat="42.680261023342609" lon="0.1231549680233">
        <ele>2033</ele>
      </trkpt>
      <trkpt lat="42.680276026949286" lon="0.123206013813615">
        <ele>2031</ele>
      </trkpt>
      <trkpt lat="42.680276026949286" lon="0.123206013813615">
        <ele>2029</ele>
      </trkpt>
      <trkpt lat="42.680330006405711" lon="0.123211964964867">
        <ele>2027</ele>
      </trkpt>
      <trkpt lat="42.680364036932588" lon="0.123205007985234">
        <ele>2025</ele>
      </trkpt>
      <trkpt lat="42.680388009175658" lon="0.123245995491743">
        <ele>2023</ele>
      </trkpt>
      <trkpt lat="42.680479036644101" lon="0.123355966061354">
        <ele>2019</ele>
      </trkpt>
      <trkpt lat="42.680554976686835" lon="0.123400976881385">
        <ele>2017</ele>
      </trkpt>
      <trkpt lat="42.680576015263796" lon="0.123456967994571">
        <ele>2013</ele>
      </trkpt>
      <trkpt lat="42.680608034133911" lon="0.123592000454664">
        <ele>2012</ele>
      </trkpt>
      <trkpt lat="42.680653966963291" lon="0.123755028471351">
        <ele>2009</ele>
      </trkpt>
      <trkpt lat="42.680703001096845" lon="0.12379601597786">
        <ele>2005</ele>
      </trkpt>
      <trkpt lat="42.680728984996676" lon="0.123847983777523">
        <ele>2003</ele>
      </trkpt>
      <trkpt lat="42.680744994431734" lon="0.123956026509404">
        <ele>2003</ele>
      </trkpt>
      <trkpt lat="42.680785981938243" lon="0.124032972380519">
        <ele>2001</ele>
      </trkpt>
      <trkpt lat="42.680835016071796" lon="0.124068008735776">
        <ele>2000</ele>
      </trkpt>
      <trkpt lat="42.680869968608022" lon="0.124139003455639">
        <ele>1999</ele>
      </trkpt>
      <trkpt lat="42.680955966934562" lon="0.124230030924082">
        <ele>1996</ele>
      </trkpt>
      <trkpt lat="42.680994020774961" lon="0.124254003167152">
        <ele>1995</ele>
      </trkpt>
      <trkpt lat="42.681030984967947" lon="0.124338995665312">
        <ele>1991</ele>
      </trkpt>
      <trkpt lat="42.681077001616359" lon="0.124409990385175">
        <ele>1991</ele>
      </trkpt>
      <trkpt lat="42.681097034364939" lon="0.12444200925529">
        <ele>1990</ele>
      </trkpt>
      <trkpt lat="42.681104997172952" lon="0.12446497566998">
        <ele>1990</ele>
      </trkpt>
      <trkpt lat="42.681141039356589" lon="0.124517027288675">
        <ele>1990</ele>
      </trkpt>
      <trkpt lat="42.681215973570943" lon="0.124577041715384">
        <ele>1988</ele>
      </trkpt>
      <trkpt lat="42.681274982169271" lon="0.12459103949368">
        <ele>1987</ele>
      </trkpt>
      <trkpt lat="42.681400962173939" lon="0.12459397315979">
        <ele>1984</ele>
      </trkpt>
      <trkpt lat="42.681460976600647" lon="0.124588022008538">
        <ele>1983</ele>
      </trkpt>
      <trkpt lat="42.68148603849113" lon="0.124604031443596">
        <ele>1983</ele>
      </trkpt>
      <trkpt lat="42.681539012119174" lon="0.124701010063291">
        <ele>1981</ele>
      </trkpt>
      <trkpt lat="42.681550998240709" lon="0.124768987298012">
        <ele>1981</ele>
      </trkpt>
      <trkpt lat="42.681566001847386" lon="0.124818021431565">
        <ele>1980</ele>
      </trkpt>
      <trkpt lat="42.681567007675767" lon="0.124850962311029">
        <ele>1980</ele>
      </trkpt>
      <trkpt lat="42.681557033210993" lon="0.124968979507685">
        <ele>1979</ele>
      </trkpt>
      <trkpt lat="42.681579999625683" lon="0.125012984499335">
        <ele>1979</ele>
      </trkpt>
      <trkpt lat="42.681667003780603" lon="0.125056989490986">
        <ele>1976</ele>
      </trkpt>
      <trkpt lat="42.681710002943873" lon="0.125167965888977">
        <ele>1974</ele>
      </trkpt>
      <trkpt lat="42.681693993508816" lon="0.125211970880628">
        <ele>1973</ele>
      </trkpt>
      <trkpt lat="42.681650994345546" lon="0.125296041369438">
        <ele>1972</ele>
      </trkpt>
      <trkpt lat="42.681645965203643" lon="0.125336023047566">
        <ele>1972</ele>
      </trkpt>
      <trkpt lat="42.681662980467081" lon="0.125351026654243">
        <ele>1971</ele>
      </trkpt>
      <trkpt lat="42.681700028479099" lon="0.125429984182119">
        <ele>1968</ele>
      </trkpt>
      <trkpt lat="42.68172400072217" lon="0.125455968081951">
        <ele>1964</ele>
      </trkpt>
      <trkpt lat="42.681761970743537" lon="0.125502990558743">
        <ele>1963</ele>
      </trkpt>
      <trkpt lat="42.681760964915156" lon="0.125565016642213">
        <ele>1963</ele>
      </trkpt>
      <trkpt lat="42.681801030412316" lon="0.125603992491961">
        <ele>1962</ele>
      </trkpt>
      <trkpt lat="42.68180999904871" lon="0.125612039119005">
        <ele>1962</ele>
      </trkpt>
      <trkpt lat="42.681860039010644" lon="0.125621007755399">
        <ele>1959</ele>
      </trkpt>
      <trkpt lat="42.681930027902126" lon="0.125574991106987">
        <ele>1954</ele>
      </trkpt>
      <trkpt lat="42.681996999308467" lon="0.125687979161739">
        <ele>1953</ele>
      </trkpt>
      <trkpt lat="42.681979984045029" lon="0.125786969438195">
        <ele>1953</ele>
      </trkpt>
      <trkpt lat="42.681954000145197" lon="0.125871039927006">
        <ele>1951</ele>
      </trkpt>
      <trkpt lat="42.681942014023662" lon="0.125939017161727">
        <ele>1949</ele>
      </trkpt>
      <trkpt lat="42.681941008195281" lon="0.125991990789771">
        <ele>1947</ele>
      </trkpt>
      <trkpt lat="42.681924998760223" lon="0.126152001321316">
        <ele>1946</ele>
      </trkpt>
      <trkpt lat="42.681908989325166" lon="0.126233976334333">
        <ele>1945</ele>
      </trkpt>
      <trkpt lat="42.681907983496785" lon="0.12626800686121">
        <ele>1945</ele>
      </trkpt>
      <trkpt lat="42.681914018467069" lon="0.12631100602448">
        <ele>1944</ele>
      </trkpt>
      <trkpt lat="42.681927010416985" lon="0.126362973824143">
        <ele>1943</ele>
      </trkpt>
      <trkpt lat="42.681945031508803" lon="0.126553997397423">
        <ele>1943</ele>
      </trkpt>
      <trkpt lat="42.681944025680423" lon="0.126665979623795">
        <ele>1942</ele>
      </trkpt>
      <trkpt lat="42.681950982660055" lon="0.126750972121954">
        <ele>1942</ele>
      </trkpt>
      <trkpt lat="42.681951988488436" lon="0.126840993762016">
        <ele>1941</ele>
      </trkpt>
      <trkpt lat="42.681942014023662" lon="0.126925986260176">
        <ele>1940</ele>
      </trkpt>
      <trkpt lat="42.681980989873409" lon="0.127070993185043">
        <ele>1939</ele>
      </trkpt>
      <trkpt lat="42.682037986814976" lon="0.127224968746305">
        <ele>1938</ele>
      </trkpt>
      <trkpt lat="42.682031029835343" lon="0.127352960407734">
        <ele>1937</ele>
      </trkpt>
      <trkpt lat="42.682023989036679" lon="0.127494027838111">
        <ele>1936</ele>
      </trkpt>
      <trkpt lat="42.682022983208299" lon="0.127525040879846">
        <ele>1936</ele>
      </trkpt>
      <trkpt lat="42.682034969329834" lon="0.127755962312222">
        <ele>1936</ele>
      </trkpt>
      <trkpt lat="42.682050978764892" lon="0.127956960350275">
        <ele>1934</ele>
      </trkpt>
      <trkpt lat="42.682095989584923" lon="0.128014963120222">
        <ele>1934</ele>
      </trkpt>
      <trkpt lat="42.682105964049697" lon="0.128045976161957">
        <ele>1933</ele>
      </trkpt>
      <trkpt lat="42.682093977928162" lon="0.128089981153607">
        <ele>1932</ele>
      </trkpt>
      <trkpt lat="42.682115016505122" lon="0.128207998350263">
        <ele>1932</ele>
      </trkpt>
      <trkpt lat="42.682116022333503" lon="0.128297014161944">
        <ele>1931</ele>
      </trkpt>
      <trkpt lat="42.682060031220317" lon="0.128450989723206">
        <ele>1930</ele>
      </trkpt>
      <trkpt lat="42.68204896710813" lon="0.128473034128547">
        <ele>1930</ele>
      </trkpt>
      <trkpt lat="42.68204796127975" lon="0.12850102968514">
        <ele>1930</ele>
      </trkpt>
      <trkpt lat="42.682099007070065" lon="0.128560038283467">
        <ele>1929</ele>
      </trkpt>
      <trkpt lat="42.68211199901998" lon="0.128591973334551">
        <ele>1928</ele>
      </trkpt>
      <trkpt lat="42.68211199901998" lon="0.128613011911511">
        <ele>1928</ele>
      </trkpt>
      <trkpt lat="42.682119961827993" lon="0.128648970276117">
        <ele>1928</ele>
      </trkpt>
      <trkpt lat="42.682181987911463" lon="0.12873899191618">
        <ele>1927</ele>
      </trkpt>
      <trkpt lat="42.682211995124817" lon="0.128734968602657">
        <ele>1927</ele>
      </trkpt>
      <trkpt lat="42.68228298984468" lon="0.128800012171268">
        <ele>1926</ele>
      </trkpt>
      <trkpt lat="42.68234702758491" lon="0.128804035484791">
        <ele>1924</ele>
      </trkpt>
      <trkpt lat="42.682359013706446" lon="0.128819961100817">
        <ele>1923</ele>
      </trkpt>
      <trkpt lat="42.682379968464375" lon="0.128833036869764">
        <ele>1923</ele>
      </trkpt>
      <trkpt lat="42.68239296041429" lon="0.128877041861415">
        <ele>1922</ele>
      </trkpt>
      <trkpt lat="42.682377034798265" lon="0.128916017711163">
        <ele>1922</ele>
      </trkpt>
      <trkpt lat="42.682351972907782" lon="0.128993969410658">
        <ele>1920</ele>
      </trkpt>
      <trkpt lat="42.68234602175653" lon="0.129141993820667">
        <ele>1919</ele>
      </trkpt>
      <trkpt lat="42.682352978736162" lon="0.12914702296257">
        <ele>1919</ele>
      </trkpt>
      <trkpt lat="42.682404024526477" lon="0.129184992983937">
        <ele>1918</ele>
      </trkpt>
      <trkpt lat="42.682410981506109" lon="0.129196979105473">
        <ele>1918</ele>
      </trkpt>
      <trkpt lat="42.682409975677729" lon="0.129241989925504">
        <ele>1917</ele>
      </trkpt>
      <trkpt lat="42.682418022304773" lon="0.129285994917154">
        <ele>1916</ele>
      </trkpt>
      <trkpt lat="42.68243202008307" lon="0.12940501794219">
        <ele>1915</ele>
      </trkpt>
      <trkpt lat="42.682431014254689" lon="0.129414992406964">
        <ele>1914</ele>
      </trkpt>
      <trkpt lat="42.682431014254689" lon="0.129414992406964">
        <ele>1913</ele>
      </trkpt>
      <trkpt lat="42.68243302591145" lon="0.129463020712137">
        <ele>1912</ele>
      </trkpt>
      <trkpt lat="42.682536961510777" lon="0.129596963524818">
        <ele>1911</ele>
      </trkpt>
      <trkpt lat="42.682632012292743" lon="0.129589000716805">
        <ele>1911</ele>
      </trkpt>
      <trkpt lat="42.682686997577548" lon="0.129596963524818">
        <ele>1912</ele>
      </trkpt>
      <trkpt lat="42.682731002569199" lon="0.129643986001611">
        <ele>1914</ele>
      </trkpt>
      <trkpt lat="42.68279897980392" lon="0.129635017365217">
        <ele>1915</ele>
      </trkpt>
      <trkpt lat="42.682854970917106" lon="0.129676004871726">
        <ele>1916</ele>
      </trkpt>
      <trkpt lat="42.68288497813046" lon="0.129686985164881">
        <ele>1916</ele>
      </trkpt>
      <trkpt lat="42.682910040020943" lon="0.129669969901443">
        <ele>1917</ele>
      </trkpt>
      <trkpt lat="42.682904005050659" lon="0.129694025963545">
        <ele>1917</ele>
      </trkpt>
      <trkpt lat="42.682900987565517" lon="0.129723027348518">
        <ele>1917</ele>
      </trkpt>
      <trkpt lat="42.682883972302079" lon="0.129776000976563">
        <ele>1917</ele>
      </trkpt>
      <trkpt lat="42.682892018929124" lon="0.129863005131483">
        <ele>1917</ele>
      </trkpt>
      <trkpt lat="42.682934012264013" lon="0.130065008997917">
        <ele>1917</ele>
      </trkpt>
      <trkpt lat="42.68294901587069" lon="0.130116976797581">
        <ele>1917</ele>
      </trkpt>
      <trkpt lat="42.68294901587069" lon="0.130126029253006">
        <ele>1917</ele>
      </trkpt>
      <trkpt lat="42.682964019477367" lon="0.130303977057338">
        <ele>1917</ele>
      </trkpt>
      <trkpt lat="42.682958990335464" lon="0.130570018664002">
        <ele>1915</ele>
      </trkpt>
      <trkpt lat="42.682942980900407" lon="0.130691975355148">
        <ele>1915</ele>
      </trkpt>
      <trkpt lat="42.682908028364182" lon="0.130843017250299">
        <ele>1914</ele>
      </trkpt>
      <trkpt lat="42.682904005050659" lon="0.130874030292034">
        <ele>1914</ele>
      </trkpt>
      <trkpt lat="42.682869974523783" lon="0.130976960062981">
        <ele>1914</ele>
      </trkpt>
      <trkpt lat="42.682815995067358" lon="0.131212994456291">
        <ele>1913</ele>
      </trkpt>
      <trkpt lat="42.68275598064065" lon="0.131449028849602">
        <ele>1912</ele>
      </trkpt>
      <trkpt lat="42.682703007012606" lon="0.131654972210526">
        <ele>1910</ele>
      </trkpt>
      <trkpt lat="42.682635029777884" lon="0.131849013268948">
        <ele>1909</ele>
      </trkpt>
      <trkpt lat="42.682556994259357" lon="0.132046993821859">
        <ele>1907</ele>
      </trkpt>
      <trkpt lat="42.682481976225972" lon="0.132224019616842">
        <ele>1905</ele>
      </trkpt>
      <trkpt lat="42.682359013706446" lon="0.132443038746715">
        <ele>1903</ele>
      </trkpt>
      <trkpt lat="42.682300005108118" lon="0.132684018462896">
        <ele>1900</ele>
      </trkpt>
      <trkpt lat="42.682295981794596" lon="0.132934972643852">
        <ele>1899</ele>
      </trkpt>
      <trkpt lat="42.68234996125102" lon="0.13314301148057">
        <ele>1898</ele>
      </trkpt>
      <trkpt lat="42.682402012869716" lon="0.133417015895247">
        <ele>1897</ele>
      </trkpt>
      <trkpt lat="42.68239002674818" lon="0.13372496701777">
        <ele>1897</ele>
      </trkpt>
      <trkpt lat="42.682384997606277" lon="0.133799985051155">
        <ele>1896</ele>
      </trkpt>
      <trkpt lat="42.682394972071052" lon="0.133932000026107">
        <ele>1896</ele>
      </trkpt>
      <trkpt lat="42.68239296041429" lon="0.133958989754319">
        <ele>1896</ele>
      </trkpt>
      <trkpt lat="42.682438977062702" lon="0.13415495865047">
        <ele>1895</ele>
      </trkpt>
      <trkpt lat="42.682464038953185" lon="0.134229976683855">
        <ele>1894</ele>
      </trkpt>
      <trkpt lat="42.682448029518127" lon="0.134439021348953">
        <ele>1893</ele>
      </trkpt>
      <trkpt lat="42.682425985112786" lon="0.134600037708879">
        <ele>1891</ele>
      </trkpt>
      <trkpt lat="42.682409975677729" lon="0.13469198718667">
        <ele>1890</ele>
      </trkpt>
      <trkpt lat="42.682405030354857" lon="0.134919974952936">
        <ele>1889</ele>
      </trkpt>
      <trkpt lat="42.682386003434658" lon="0.135166989639401">
        <ele>1887</ele>
      </trkpt>
      <trkpt lat="42.682355996221304" lon="0.135386008769274">
        <ele>1885</ele>
      </trkpt>
      <trkpt lat="42.682334035634995" lon="0.135603016242385">
        <ele>1884</ele>
      </trkpt>
      <trkpt lat="42.682363959029317" lon="0.135803008452058">
        <ele>1882</ele>
      </trkpt>
      <trkpt lat="42.682328000664711" lon="0.13608698733151">
        <ele>1878</ele>
      </trkpt>
      <trkpt lat="42.682273015379906" lon="0.13619402423501">
        <ele>1878</ele>
      </trkpt>
      <trkpt lat="42.682179976254702" lon="0.136522008106112">
        <ele>1876</ele>
      </trkpt>
      <trkpt lat="42.68206899985671" lon="0.136730968952179">
        <ele>1874</ele>
      </trkpt>
      <trkpt lat="42.68193899653852" lon="0.13694797642529">
        <ele>1874</ele>
      </trkpt>
      <trkpt lat="42.68189700320363" lon="0.137141011655331">
        <ele>1873</ele>
      </trkpt>
      <trkpt lat="42.681877976283431" lon="0.137317031621933">
        <ele>1873</ele>
      </trkpt>
      <trkpt lat="42.68183397129178" lon="0.137518029659987">
        <ele>1872</ele>
      </trkpt>
      <trkpt lat="42.681745961308479" lon="0.137735959142447">
        <ele>1871</ele>
      </trkpt>
      <trkpt lat="42.68166096881032" lon="0.137946009635925">
        <ele>1870</ele>
      </trkpt>
      <trkpt lat="42.681538006290793" lon="0.138095039874315">
        <ele>1869</ele>
      </trkpt>
      <trkpt lat="42.681392999365926" lon="0.138200987130404">
        <ele>1868</ele>
      </trkpt>
      <trkpt lat="42.681237012147903" lon="0.13832101598382">
        <ele>1867</ele>
      </trkpt>
      <trkpt lat="42.681107008829713" lon="0.138455964624882">
        <ele>1866</ele>
      </trkpt>
      <trkpt lat="42.68099301494658" lon="0.138630978763103">
        <ele>1865</ele>
      </trkpt>
      <trkpt lat="42.680893018841743" lon="0.138857960700989">
        <ele>1863</ele>
      </trkpt>
      <trkpt lat="42.68084398470819" lon="0.139077985659242">
        <ele>1861</ele>
      </trkpt>
      <trkpt lat="42.680847002193332" lon="0.139260040596128">
        <ele>1860</ele>
      </trkpt>
      <trkpt lat="42.680896036326885" lon="0.139478975906968">
        <ele>1859</ele>
      </trkpt>
      <trkpt lat="42.680949009954929" lon="0.139668993651867">
        <ele>1857</ele>
      </trkpt>
      <trkpt lat="42.681014975532889" lon="0.139845013618469">
        <ele>1856</ele>
      </trkpt>
      <trkpt lat="42.681161994114518" lon="0.140123041346669">
        <ele>1854</ele>
      </trkpt>
      <trkpt lat="42.681184038519859" lon="0.140176014974713">
        <ele>1853</ele>
      </trkpt>
      <trkpt lat="42.681231983006001" lon="0.140258995816112">
        <ele>1853</ele>
      </trkpt>
      <trkpt lat="42.681320998817682" lon="0.140373995527625">
        <ele>1850</ele>
      </trkpt>
      <trkpt lat="42.681318987160921" lon="0.140612963587046">
        <ele>1848</ele>
      </trkpt>
      <trkpt lat="42.681239023804665" lon="0.140762999653816">
        <ele>1845</ele>
      </trkpt>
      <trkpt lat="42.681136010214686" lon="0.140816979110241">
        <ele>1842</ele>
      </trkpt>
      <trkpt lat="42.68103601410985" lon="0.140875987708569">
        <ele>1840</ele>
      </trkpt>
      <trkpt lat="42.680882960557938" lon="0.140962991863489">
        <ele>1836</ele>
      </trkpt>
      <trkpt lat="42.680729990825057" lon="0.141040021553636">
        <ele>1833</ele>
      </trkpt>
      <trkpt lat="42.680677017197013" lon="0.141057958826423">
        <ele>1830</ele>
      </trkpt>
      <trkpt lat="42.680489011108875" lon="0.14113700017333">
        <ele>1828</ele>
      </trkpt>
      <trkpt lat="42.680353978648782" lon="0.141228027641773">
        <ele>1826</ele>
      </trkpt>
      <trkpt lat="42.680231016129255" lon="0.141341015696526">
        <ele>1822</ele>
      </trkpt>
      <trkpt lat="42.680091960355639" lon="0.141495997086167">
        <ele>1819</ele>
      </trkpt>
      <trkpt lat="42.680030018091202" lon="0.141604039818048">
        <ele>1817</ele>
      </trkpt>
      <trkpt lat="42.679978972300887" lon="0.141834039241076">
        <ele>1814</ele>
      </trkpt>
      <trkpt lat="42.67994100227952" lon="0.14188701286912">
        <ele>1813</ele>
      </trkpt>
      <trkpt lat="42.67992096953094" lon="0.141925988718867">
        <ele>1813</ele>
      </trkpt>
      <trkpt lat="42.679861038923264" lon="0.142181972041726">
        <ele>1809</ele>
      </trkpt>
      <trkpt lat="42.679819967597723" lon="0.142377018928528">
        <ele>1806</ele>
      </trkpt>
      <trkpt lat="42.679770011454821" lon="0.142506016418338">
        <ele>1805</ele>
      </trkpt>
      <trkpt lat="42.679636990651488" lon="0.142645994201303">
        <ele>1802</ele>
      </trkpt>
      <trkpt lat="42.679496007040143" lon="0.142807010561228">
        <ele>1799</ele>
      </trkpt>
      <trkpt lat="42.679417971521616" lon="0.142954029142857">
        <ele>1796</ele>
      </trkpt>
      <trkpt lat="42.679312024265528" lon="0.143143041059375">
        <ele>1794</ele>
      </trkpt>
      <trkpt lat="42.679216973483562" lon="0.143302967771888">
        <ele>1791</ele>
      </trkpt>
      <trkpt lat="42.679087975993752" lon="0.143454009667039">
        <ele>1788</ele>
      </trkpt>
      <trkpt lat="42.678971970453858" lon="0.143595999106765">
        <ele>1784</ele>
      </trkpt>
      <trkpt lat="42.67893198877573" lon="0.143662970513105">
        <ele>1782</ele>
      </trkpt>
      <trkpt lat="42.678834004327655" lon="0.143808983266354">
        <ele>1780</ele>
      </trkpt>
      <trkpt lat="42.678778013214469" lon="0.143890036270022">
        <ele>1779</ele>
      </trkpt>
      <trkpt lat="42.678710035979748" lon="0.14392901211977">
        <ele>1778</ele>
      </trkpt>
      <trkpt lat="42.67869302071631" lon="0.143934041261673">
        <ele>1777</ele>
      </trkpt>
      <trkpt lat="42.678661001846194" lon="0.143979974091053">
        <ele>1777</ele>
      </trkpt>
      <trkpt lat="42.678523035719991" lon="0.144178038462996">
        <ele>1774</ele>
      </trkpt>
      <trkpt lat="42.678404012694955" lon="0.144351962953806">
        <ele>1771</ele>
      </trkpt>
      <trkpt lat="42.678314996883273" lon="0.144485989585519">
        <ele>1769</ele>
      </trkpt>
      <trkpt lat="42.678241990506649" lon="0.144572993740439">
        <ele>1765</ele>
      </trkpt>
      <trkpt lat="42.678210977464914" lon="0.144623033702374">
        <ele>1762</ele>
      </trkpt>
      <trkpt lat="42.678044009953737" lon="0.144814979285002">
        <ele>1760</ele>
      </trkpt>
      <trkpt lat="42.677930016070604" lon="0.144983036443591">
        <ele>1758</ele>
      </trkpt>
      <trkpt lat="42.6778369769454" lon="0.145098036155105">
        <ele>1755</ele>
      </trkpt>
      <trkpt lat="42.67772801220417" lon="0.145257040858269">
        <ele>1752</ele>
      </trkpt>
      <trkpt lat="42.67764201387763" lon="0.145372962579131">
        <ele>1749</ele>
      </trkpt>
      <trkpt lat="42.677576970309019" lon="0.145435994490981">
        <ele>1745</ele>
      </trkpt>
      <trkpt lat="42.677522990852594" lon="0.145485028624535">
        <ele>1742</ele>
      </trkpt>
      <trkpt lat="42.677412014454603" lon="0.145656019449234">
        <ele>1742</ele>
      </trkpt>
      <trkpt lat="42.677326016128063" lon="0.145802032202482">
        <ele>1740</ele>
      </trkpt>
      <trkpt lat="42.677207998931408" lon="0.145952990278602">
        <ele>1737</ele>
      </trkpt>
      <trkpt lat="42.677112026140094" lon="0.146110989153385">
        <ele>1733</ele>
      </trkpt>
      <trkpt lat="42.677098028361797" lon="0.146147031337023">
        <ele>1733</ele>
      </trkpt>
      <trkpt lat="42.677076989784837" lon="0.146220037713647">
        <ele>1732</ele>
      </trkpt>
      <trkpt lat="42.677014041692019" lon="0.146374013274908">
        <ele>1729</ele>
      </trkpt>
      <trkpt lat="42.676961990073323" lon="0.146519020199776">
        <ele>1727</ele>
      </trkpt>
      <trkpt lat="42.676908010616899" lon="0.14665899798274">
        <ele>1725</ele>
      </trkpt>
      <trkpt lat="42.67686802893877" lon="0.146709037944674">
        <ele>1725</ele>
      </trkpt>
      <trkpt lat="42.676701983436942" lon="0.146922022104263">
        <ele>1722</ele>
      </trkpt>
      <trkpt lat="42.676553037017584" lon="0.147067029029131">
        <ele>1721</ele>
      </trkpt>
      <trkpt lat="42.676421022042632" lon="0.147178005427122">
        <ele>1720</ele>
      </trkpt>
      <trkpt lat="42.676290012896061" lon="0.147267021238804">
        <ele>1718</ele>
      </trkpt>
      <trkpt lat="42.67613997682929" lon="0.147368023172021">
        <ele>1717</ele>
      </trkpt>
      <trkpt lat="42.676102006807923" lon="0.147394007071853">
        <ele>1717</ele>
      </trkpt>
      <trkpt lat="42.675969991832972" lon="0.14749601483345">
        <ele>1715</ele>
      </trkpt>
      <trkpt lat="42.675844011828303" lon="0.147630963474512">
        <ele>1712</ele>
      </trkpt>
      <trkpt lat="42.675725994631648" lon="0.14775400981307">
        <ele>1711</ele>
      </trkpt>
      <trkpt lat="42.675591967999935" lon="0.147898010909557">
        <ele>1710</ele>
      </trkpt>
      <trkpt lat="42.675443021580577" lon="0.148036982864141">
        <ele>1709</ele>
      </trkpt>
      <trkpt lat="42.67538895830512" lon="0.148088028654456">
        <ele>1708</ele>
      </trkpt>
      <trkpt lat="42.675275970250368" lon="0.148232029750943">
        <ele>1707</ele>
      </trkpt>
      <trkpt lat="42.675129035487771" lon="0.148343006148934">
        <ele>1705</ele>
      </trkpt>
      <trkpt lat="42.674941029399633" lon="0.148415006697178">
        <ele>1704</ele>
      </trkpt>
      <trkpt lat="42.674862993881106" lon="0.148451970890164">
        <ele>1702</ele>
      </trkpt>
      <trkpt lat="42.674727039411664" lon="0.148536963388324">
        <ele>1701</ele>
      </trkpt>
      <trkpt lat="42.674549007788301" lon="0.148649029433727">
        <ele>1700</ele>
      </trkpt>
      <trkpt lat="42.674404000863433" lon="0.148712983354926">
        <ele>1697</ele>
      </trkpt>
      <trkpt lat="42.674249019473791" lon="0.148774003610015">
        <ele>1696</ele>
      </trkpt>
      <trkpt lat="42.674065036699176" lon="0.148841980844736">
        <ele>1694</ele>
      </trkpt>
      <trkpt lat="42.674034023657441" lon="0.148852961137891">
        <ele>1693</ele>
      </trkpt>
      <trkpt lat="42.673997981473804" lon="0.148838041350245">
        <ele>1692</ele>
      </trkpt>
      <trkpt lat="42.673971997573972" lon="0.148842986673117">
        <ele>1692</ele>
      </trkpt>
      <trkpt lat="42.673930004239082" lon="0.148929990828037">
        <ele>1690</ele>
      </trkpt>
      <trkpt lat="42.673759013414383" lon="0.149082960560918">
        <ele>1689</ele>
      </trkpt>
      <trkpt lat="42.67362498678267" lon="0.149240959435701">
        <ele>1688</ele>
      </trkpt>
      <trkpt lat="42.673618029803038" lon="0.149250011891127">
        <ele>1688</ele>
      </trkpt>
      <trkpt lat="42.673513004556298" lon="0.149456961080432">
        <ele>1686</ele>
      </trkpt>
      <trkpt lat="42.673453995957971" lon="0.149649996310472">
        <ele>1686</ele>
      </trkpt>
      <trkpt lat="42.673418959602714" lon="0.149848982691765">
        <ele>1685</ele>
      </trkpt>
      <trkpt lat="42.673364980146289" lon="0.150056015700102">
        <ele>1684</ele>
      </trkpt>
      <trkpt lat="42.673281999304891" lon="0.150229018181562">
        <ele>1683</ele>
      </trkpt>
      <trkpt lat="42.673216033726931" lon="0.150459017604589">
        <ele>1681</ele>
      </trkpt>
      <trkpt lat="42.673161970451474" lon="0.150665966793895">
        <ele>1679</ele>
      </trkpt>
      <trkpt lat="42.673149984329939" lon="0.150720030069351">
        <ele>1679</ele>
      </trkpt>
      <trkpt lat="42.673130035400391" lon="0.150886997580528">
        <ele>1677</ele>
      </trkpt>
      <trkpt lat="42.673117965459824" lon="0.150921028107405">
        <ele>1677</ele>
      </trkpt>
      <trkpt lat="42.673062980175018" lon="0.151025969535112">
        <ele>1676</ele>
      </trkpt>
      <trkpt lat="42.673003971576691" lon="0.151136023923755">
        <ele>1675</ele>
      </trkpt>
      <trkpt lat="42.672984022647142" lon="0.151202995330095">
        <ele>1674</ele>
      </trkpt>
      <trkpt lat="42.672962984070182" lon="0.151229985058308">
        <ele>1673</ele>
      </trkpt>
      <trkpt lat="42.672961978241801" lon="0.151228979229927">
        <ele>1673</ele>
      </trkpt>
      <trkpt lat="42.672961978241801" lon="0.151228979229927">
        <ele>1673</ele>
      </trkpt>
      <trkpt lat="42.672956027090549" lon="0.151264015585184">
        <ele>1673</ele>
      </trkpt>
      <trkpt lat="42.672953009605408" lon="0.151424026116729">
        <ele>1673</ele>
      </trkpt>
      <trkpt lat="42.672966001555324" lon="0.151512958109379">
        <ele>1672</ele>
      </trkpt>
      <trkpt lat="42.672964995726943" lon="0.151556041091681">
        <ele>1669</ele>
      </trkpt>
      <trkpt lat="42.672981005162001" lon="0.151719991117716">
        <ele>1669</ele>
      </trkpt>
      <trkpt lat="42.673009000718594" lon="0.151871033012867">
        <ele>1668</ele>
      </trkpt>
      <trkpt lat="42.673035990446806" lon="0.152017967775464">
        <ele>1667</ele>
      </trkpt>
      <trkpt lat="42.673053005710244" lon="0.152212008833885">
        <ele>1667</ele>
      </trkpt>
      <trkpt lat="42.673050994053483" lon="0.152229024097323">
        <ele>1666</ele>
      </trkpt>
      <trkpt lat="42.67287296243012" lon="0.152375036850572">
        <ele>1666</ele>
      </trkpt>
      <trkpt lat="42.672687973827124" lon="0.152366990223527">
        <ele>1664</ele>
      </trkpt>
      <trkpt lat="42.672553025186062" lon="0.152385011315346">
        <ele>1663</ele>
      </trkpt>
      <trkpt lat="42.672350015491247" lon="0.152423987165093">
        <ele>1662</ele>
      </trkpt>
      <trkpt lat="42.672190004959702" lon="0.152462963014841">
        <ele>1661</ele>
      </trkpt>
      <trkpt lat="42.672148011624813" lon="0.15245801769197">
        <ele>1661</ele>
      </trkpt>
      <trkpt lat="42.672095037996769" lon="0.152460029348731">
        <ele>1661</ele>
      </trkpt>
      <trkpt lat="42.671922035515308" lon="0.152423987165093">
        <ele>1660</ele>
      </trkpt>
      <trkpt lat="42.671821033582091" lon="0.152425998821855">
        <ele>1660</ele>
      </trkpt>
      <trkpt lat="42.671719025820494" lon="0.152516020461917">
        <ele>1659</ele>
      </trkpt>
      <trkpt lat="42.671558009460568" lon="0.152648035436869">
        <ele>1659</ele>
      </trkpt>
      <trkpt lat="42.671450972557068" lon="0.152831012383103">
        <ele>1658</ele>
      </trkpt>
      <trkpt lat="42.671356005594134" lon="0.153003009036183">
        <ele>1657</ele>
      </trkpt>
      <trkpt lat="42.671250980347395" lon="0.153185985982418">
        <ele>1656</ele>
      </trkpt>
      <trkpt lat="42.67113002948463" lon="0.153396036475897">
        <ele>1655</ele>
      </trkpt>
      <trkpt lat="42.67106800340116" lon="0.153465019538999">
        <ele>1655</ele>
      </trkpt>
      <trkpt lat="42.671030033379793" lon="0.153523022308946">
        <ele>1655</ele>
      </trkpt>
      <trkpt lat="42.670902041718364" lon="0.153686972334981">
        <ele>1654</ele>
      </trkpt>
      <trkpt lat="42.670772038400173" lon="0.153828039765358">
        <ele>1654</ele>
      </trkpt>
      <trkpt lat="42.670656032860279" lon="0.15396298840642">
        <ele>1653</ele>
      </trkpt>
      <trkpt lat="42.670521000400186" lon="0.154102966189384">
        <ele>1652</ele>
      </trkpt>
      <trkpt lat="42.670427039265633" lon="0.154233975335956">
        <ele>1651</ele>
      </trkpt>
      <trkpt lat="42.670283038169146" lon="0.154388034716249">
        <ele>1651</ele>
      </trkpt>
      <trkpt lat="42.670156974345446" lon="0.154518960043788">
        <ele>1650</ele>
      </trkpt>
      <trkpt lat="42.670029988512397" lon="0.154665978625417">
        <ele>1650</ele>
      </trkpt>
      <trkpt lat="42.669895039871335" lon="0.15482297167182">
        <ele>1650</ele>
      </trkpt>
      <trkpt lat="42.669827984645963" lon="0.154902013018727">
        <ele>1650</ele>
      </trkpt>
      <trkpt lat="42.669794959947467" lon="0.154960015788674">
        <ele>1649</ele>
      </trkpt>
      <trkpt lat="42.66964802518487" lon="0.155168976634741">
        <ele>1649</ele>
      </trkpt>
      <trkpt lat="42.669620029628277" lon="0.155199989676476">
        <ele>1649</ele>
      </trkpt>
      <trkpt lat="42.669505029916763" lon="0.155407022684813">
        <ele>1649</ele>
      </trkpt>
      <trkpt lat="42.669398998841643" lon="0.155583964660764">
        <ele>1648</ele>
      </trkpt>
      <trkpt lat="42.669291039928794" lon="0.155755961313844">
        <ele>1648</ele>
      </trkpt>
      <trkpt lat="42.669202024117112" lon="0.155933992937207">
        <ele>1647</ele>
      </trkpt>
      <trkpt lat="42.669107979163527" lon="0.156135996803641">
        <ele>1647</ele>
      </trkpt>
      <trkpt lat="42.66909196972847" lon="0.156199028715491">
        <ele>1647</ele>
      </trkpt>
      <trkpt lat="42.669035978615284" lon="0.156414024531841">
        <ele>1646</ele>
      </trkpt>
      <trkpt lat="42.668957021087408" lon="0.156574035063386">
        <ele>1645</ele>
      </trkpt>
      <trkpt lat="42.668870016932487" lon="0.156796993687749">
        <ele>1645</ele>
      </trkpt>
      <trkpt lat="42.668789969757199" lon="0.156976031139493">
        <ele>1645</ele>
      </trkpt>
      <trkpt lat="42.668772032484412" lon="0.157025987282395">
        <ele>1644</ele>
      </trkpt>
      <trkpt lat="42.668676981702447" lon="0.157216005027294">
        <ele>1644</ele>
      </trkpt>
      <trkpt lat="42.668600035831332" lon="0.157393030822277">
        <ele>1643</ele>
      </trkpt>
      <trkpt lat="42.668561981990933" lon="0.157501995563507">
        <ele>1642</ele>
      </trkpt>
      <trkpt lat="42.668451005592942" lon="0.15770198777318">
        <ele>1642</ele>
      </trkpt>
      <trkpt lat="42.66840398311615" lon="0.157815981656313">
        <ele>1642</ele>
      </trkpt>
      <trkpt lat="42.668409012258053" lon="0.157938022166491">
        <ele>1642</ele>
      </trkpt>
      <trkpt lat="42.668477995321155" lon="0.158113958314061">
        <ele>1642</ele>
      </trkpt>
      <trkpt lat="42.668487969785929" lon="0.158139020204544">
        <ele>1642</ele>
      </trkpt>
      <trkpt lat="42.668492998927832" lon="0.158184031024575">
        <ele>1642</ele>
      </trkpt>
      <trkpt lat="42.668413035571575" lon="0.158406989648938">
        <ele>1641</ele>
      </trkpt>
      <trkpt lat="42.668260987848043" lon="0.158459041267633">
        <ele>1641</ele>
      </trkpt>
      <trkpt lat="42.66812402755022" lon="0.158487958833575">
        <ele>1640</ele>
      </trkpt>
      <trkpt lat="42.668036017566919" lon="0.158510003238916">
        <ele>1640</ele>
      </trkpt>
      <trkpt lat="42.667948007583618" lon="0.158545961603522">
        <ele>1640</ele>
      </trkpt>
      <trkpt lat="42.667812975123525" lon="0.15868904069066">
        <ele>1639</ele>
      </trkpt>
      <trkpt lat="42.667671991512179" lon="0.158876040950418">
        <ele>1638</ele>
      </trkpt>
      <trkpt lat="42.667573001235723" lon="0.159088019281626">
        <ele>1637</ele>
      </trkpt>
      <trkpt lat="42.667497983202338" lon="0.159293040633202">
        <ele>1636</ele>
      </trkpt>
      <trkpt lat="42.667409973219037" lon="0.159502001479268">
        <ele>1634</ele>
      </trkpt>
      <trkpt lat="42.667317017912865" lon="0.159706017002463">
        <ele>1633</ele>
      </trkpt>
      <trkpt lat="42.667250968515873" lon="0.159878013655543">
        <ele>1632</ele>
      </trkpt>
      <trkpt lat="42.667183997109532" lon="0.160083035007119">
        <ele>1630</ele>
      </trkpt>
      <trkpt lat="42.667096992954612" lon="0.160299958661199">
        <ele>1629</ele>
      </trkpt>
      <trkpt lat="42.667086012661457" lon="0.160339018329978">
        <ele>1628</ele>
      </trkpt>
      <trkpt lat="42.667019041255116" lon="0.16055703163147">
        <ele>1627</ele>
      </trkpt>
      <trkpt lat="42.666941005736589" lon="0.160778984427452">
        <ele>1625</ele>
      </trkpt>
      <trkpt lat="42.666845032945275" lon="0.161039996892214">
        <ele>1624</ele>
      </trkpt>
      <trkpt lat="42.666773032397032" lon="0.161205036565661">
        <ele>1623</ele>
      </trkpt>
      <trkpt lat="42.666728021577001" lon="0.161322969943285">
        <ele>1622</ele>
      </trkpt>
      <trkpt lat="42.666633976623416" lon="0.161507036536932">
        <ele>1620</ele>
      </trkpt>
      <trkpt lat="42.666539009660482" lon="0.161660006269813">
        <ele>1620</ele>
      </trkpt>
      <trkpt lat="42.666439013555646" lon="0.161781962960958">
        <ele>1619</ele>
      </trkpt>
      <trkpt lat="42.666314039379358" lon="0.161922024562955">
        <ele>1618</ele>
      </trkpt>
      <trkpt lat="42.66623298637569" lon="0.162009028717875">
        <ele>1617</ele>
      </trkpt>
      <trkpt lat="42.666176995262504" lon="0.16208597458899">
        <ele>1616</ele>
      </trkpt>
      <trkpt lat="42.66604196280241" lon="0.162288984283805">
        <ele>1616</ele>
      </trkpt>
      <trkpt lat="42.665942972525954" lon="0.162456035614014">
        <ele>1615</ele>
      </trkpt>
      <trkpt lat="42.665882958099246" lon="0.16268796287477">
        <ele>1614</ele>
      </trkpt>
      <trkpt lat="42.66595495864749" lon="0.16290295869112">
        <ele>1614</ele>
      </trkpt>
      <trkpt lat="42.666113963350654" lon="0.162914022803307">
        <ele>1614</ele>
      </trkpt>
      <trkpt lat="42.666225023567677" lon="0.16272802837193">
        <ele>1614</ele>
      </trkpt>
      <trkpt lat="42.666399031877518" lon="0.162605987861753">
        <ele>1614</ele>
      </trkpt>
      <trkpt lat="42.666552001610398" lon="0.162553014233708">
        <ele>1614</ele>
      </trkpt>
      <trkpt lat="42.666702959686518" lon="0.162624008953571">
        <ele>1612</ele>
      </trkpt>
      <trkpt lat="42.666718969121575" lon="0.16283699311316">
        <ele>1612</ele>
      </trkpt>
      <trkpt lat="42.666604975238442" lon="0.163014018908143">
        <ele>1611</ele>
      </trkpt>
      <trkpt lat="42.666509002447128" lon="0.16315701417625">
        <ele>1610</ele>
      </trkpt>
      <trkpt lat="42.666398026049137" lon="0.163263967260718">
        <ele>1608</ele>
      </trkpt>
      <trkpt lat="42.666245978325605" lon="0.163465971127152">
        <ele>1606</ele>
      </trkpt>
      <trkpt lat="42.66621102578938" lon="0.163521040230989">
        <ele>1606</ele>
      </trkpt>
      <trkpt lat="42.666183030232787" lon="0.163603015244007">
        <ele>1605</ele>
      </trkpt>
      <trkpt lat="42.666165009140968" lon="0.163693036884069">
        <ele>1603</ele>
      </trkpt>
      <trkpt lat="42.666139025241137" lon="0.163855981081724">
        <ele>1602</ele>
      </trkpt>
      <trkpt lat="42.666130978614092" lon="0.163970980793238">
        <ele>1601</ele>
      </trkpt>
      <trkpt lat="42.666136007755995" lon="0.164115987718105">
        <ele>1599</ele>
      </trkpt>
      <trkpt lat="42.666154028847814" lon="0.164191005751491">
        <ele>1599</ele>
      </trkpt>
      <trkpt lat="42.666139025241137" lon="0.164270969107747">
        <ele>1598</ele>
      </trkpt>
      <trkpt lat="42.666151011362672" lon="0.164355961605906">
        <ele>1598</ele>
      </trkpt>
      <trkpt lat="42.666081022471189" lon="0.164418993517756">
        <ele>1597</ele>
      </trkpt>
      <trkpt lat="42.665997035801411" lon="0.164666008204222">
        <ele>1595</ele>
      </trkpt>
      <trkpt lat="42.665956970304251" lon="0.164783019572496">
        <ele>1595</ele>
      </trkpt>
      <trkpt lat="42.6659129653126" lon="0.164870023727417">
        <ele>1594</ele>
      </trkpt>
      <trkpt lat="42.665886981412768" lon="0.164950992912054">
        <ele>1593</ele>
      </trkpt>
      <trkpt lat="42.665882958099246" lon="0.165023999288678">
        <ele>1593</ele>
      </trkpt>
      <trkpt lat="42.66588999889791" lon="0.165058029815555">
        <ele>1593</ele>
      </trkpt>
      <trkpt lat="42.66586996614933" lon="0.165198007598519">
        <ele>1592</ele>
      </trkpt>
      <trkpt lat="42.665787991136312" lon="0.165335973724723">
        <ele>1591</ele>
      </trkpt>
      <trkpt lat="42.665749015286565" lon="0.165362041443586">
        <ele>1590</ele>
      </trkpt>
      <trkpt lat="42.665681038051844" lon="0.165435969829559">
        <ele>1589</ele>
      </trkpt>
      <trkpt lat="42.665597973391414" lon="0.165619030594826">
        <ele>1588</ele>
      </trkpt>
      <trkpt lat="42.665582969784737" lon="0.165649959817529">
        <ele>1587</ele>
      </trkpt>
      <trkpt lat="42.6655020006001" lon="0.16582103446126">
        <ele>1586</ele>
      </trkpt>
      <trkpt lat="42.665471993386745" lon="0.165880965068936">
        <ele>1586</ele>
      </trkpt>
      <trkpt lat="42.665447015315294" lon="0.165947014465928">
        <ele>1585</ele>
      </trkpt>
      <trkpt lat="42.665387000888586" lon="0.16607902944088">
        <ele>1584</ele>
      </trkpt>
      <trkpt lat="42.665359005331993" lon="0.166169973090291">
        <ele>1583</ele>
      </trkpt>
      <trkpt lat="42.665274012833834" lon="0.166355967521667">
        <ele>1582</ele>
      </trkpt>
      <trkpt lat="42.665251968428493" lon="0.166452024132013">
        <ele>1581</ele>
      </trkpt>
      <trkpt lat="42.665229002013803" lon="0.166581021621823">
        <ele>1580</ele>
      </trkpt>
      <trkpt lat="42.665220033377409" lon="0.166621003299952">
        <ele>1579</ele>
      </trkpt>
      <trkpt lat="42.665211986750364" lon="0.166664002463222">
        <ele>1579</ele>
      </trkpt>
      <trkpt lat="42.665198994800448" lon="0.166714964434505">
        <ele>1578</ele>
      </trkpt>
      <trkpt lat="42.665176028385758" lon="0.166800962761045">
        <ele>1578</ele>
      </trkpt>
      <trkpt lat="42.665182985365391" lon="0.166861983016133">
        <ele>1578</ele>
      </trkpt>
      <trkpt lat="42.665187008678913" lon="0.167059041559696">
        <ele>1576</ele>
      </trkpt>
      <trkpt lat="42.665191031992435" lon="0.167193990200758">
        <ele>1575</ele>
      </trkpt>
      <trkpt lat="42.665172005072236" lon="0.167307984083891">
        <ele>1575</ele>
      </trkpt>
      <trkpt lat="42.665176028385758" lon="0.167503030970693">
        <ele>1574</ele>
      </trkpt>
      <trkpt lat="42.66518097370863" lon="0.167638985440135">
        <ele>1573</ele>
      </trkpt>
      <trkpt lat="42.665154989808798" lon="0.167793966829777">
        <ele>1572</ele>
      </trkpt>
      <trkpt lat="42.665120037272573" lon="0.167859010398388">
        <ele>1571</ele>
      </trkpt>
      <trkpt lat="42.665077960118651" lon="0.167917013168335">
        <ele>1571</ele>
      </trkpt>
      <trkpt lat="42.665040995925665" lon="0.167995970696211">
        <ele>1571</ele>
      </trkpt>
      <trkpt lat="42.664988022297621" lon="0.168045004829764">
        <ele>1570</ele>
      </trkpt>
      <trkpt lat="42.664954997599125" lon="0.168073000386357">
        <ele>1570</ele>
      </trkpt>
      <trkpt lat="42.664863970130682" lon="0.1681640278548">
        <ele>1569</ele>
      </trkpt>
      <trkpt lat="42.664829017594457" lon="0.168211972340941">
        <ele>1569</ele>
      </trkpt>
      <trkpt lat="42.664755005389452" lon="0.168325966224074">
        <ele>1568</ele>
      </trkpt>
      <trkpt lat="42.664694990962744" lon="0.168450018391013">
        <ele>1567</ele>
      </trkpt>
      <trkpt lat="42.664650985971093" lon="0.168538028374314">
        <ele>1567</ele>
      </trkpt>
      <trkpt lat="42.664632964879274" lon="0.168617991730571">
        <ele>1566</ele>
      </trkpt>
      <trkpt lat="42.664623996242881" lon="0.168746989220381">
        <ele>1566</ele>
      </trkpt>
      <trkpt lat="42.664647968485951" lon="0.168940024450421">
        <ele>1564</ele>
      </trkpt>
      <trkpt lat="42.664641011506319" lon="0.168962990865111">
        <ele>1564</ele>
      </trkpt>
      <trkpt lat="42.66451402567327" lon="0.169077990576625">
        <ele>1563</ele>
      </trkpt>
      <trkpt lat="42.664353009313345" lon="0.169204976409674">
        <ele>1561</ele>
      </trkpt>
      <trkpt lat="42.664262987673283" lon="0.169364986941218">
        <ele>1560</ele>
      </trkpt>
      <trkpt lat="42.664267010986805" lon="0.169505970552564">
        <ele>1558</ele>
      </trkpt>
      <trkpt lat="42.664317972958088" lon="0.16969095915556">
        <ele>1558</ele>
      </trkpt>
      <trkpt lat="42.664327025413513" lon="0.169801013544202">
        <ele>1557</ele>
      </trkpt>
      <trkpt lat="42.66429902985692" lon="0.169889023527503">
        <ele>1557</ele>
      </trkpt>
      <trkpt lat="42.664253013208508" lon="0.169988013803959">
        <ele>1557</ele>
      </trkpt>
      <trkpt lat="42.664214037358761" lon="0.170067977160215">
        <ele>1556</ele>
      </trkpt>
      <trkpt lat="42.664173971861601" lon="0.170171996578574">
        <ele>1555</ele>
      </trkpt>
      <trkpt lat="42.664036005735397" lon="0.17035698518157">
        <ele>1554</ele>
      </trkpt>
      <trkpt lat="42.663843976333737" lon="0.170277021825314">
        <ele>1553</ele>
      </trkpt>
      <trkpt lat="42.663673991337419" lon="0.170418005436659">
        <ele>1551</ele>
      </trkpt>
      <trkpt lat="42.663542982190847" lon="0.170596959069371">
        <ele>1548</ele>
      </trkpt>
      <trkpt lat="42.663482967764139" lon="0.170728974044323">
        <ele>1547</ele>
      </trkpt>
      <trkpt lat="42.663408033549786" lon="0.170843973755836">
        <ele>1546</ele>
      </trkpt>
      <trkpt lat="42.66335497610271" lon="0.170913962647319">
        <ele>1546</ele>
      </trkpt>
      <trkpt lat="42.663219021633267" lon="0.171081013977528">
        <ele>1544</ele>
      </trkpt>
      <trkpt lat="42.663123970851302" lon="0.17121403478086">
        <ele>1543</ele>
      </trkpt>
      <trkpt lat="42.663072003051639" lon="0.171368010342121">
        <ele>1541</ele>
      </trkpt>
      <trkpt lat="42.663079965859652" lon="0.171435987576842">
        <ele>1540</ele>
      </trkpt>
      <trkpt lat="42.663019029423594" lon="0.171654000878334">
        <ele>1539</ele>
      </trkpt>
      <trkpt lat="42.663002014160156" lon="0.171677973121405">
        <ele>1539</ele>
      </trkpt>
      <trkpt lat="42.662879973649979" lon="0.171832032501698">
        <ele>1538</ele>
      </trkpt>
      <trkpt lat="42.662757011130452" lon="0.171962035819888">
        <ele>1537</ele>
      </trkpt>
      <trkpt lat="42.662660032510757" lon="0.172147024422884">
        <ele>1535</ele>
      </trkpt>
      <trkpt lat="42.662575040012598" lon="0.172304017469287">
        <ele>1533</ele>
      </trkpt>
      <trkpt lat="42.662487030029297" lon="0.172501998022199">
        <ele>1531</ele>
      </trkpt>
      <trkpt lat="42.662455011159182" lon="0.172571986913681">
        <ele>1531</ele>
      </trkpt>
      <trkpt lat="42.66238703392446" lon="0.172705007717013">
        <ele>1529</ele>
      </trkpt>
      <trkpt lat="42.66234302893281" lon="0.172819001600146">
        <ele>1529</ele>
      </trkpt>
      <trkpt lat="42.662276979535818" lon="0.173008013516665">
        <ele>1527</ele>
      </trkpt>
      <trkpt lat="42.662206990644336" lon="0.17314899712801">
        <ele>1526</ele>
      </trkpt>
      <trkpt lat="42.662184024229646" lon="0.173218986019492">
        <ele>1526</ele>
      </trkpt>
      <trkpt lat="42.662092996761203" lon="0.173401040956378">
        <ele>1524</ele>
      </trkpt>
      <trkpt lat="42.661991994827986" lon="0.173573959618807">
        <ele>1523</ele>
      </trkpt>
      <trkpt lat="42.661911025643349" lon="0.173765989020467">
        <ele>1522</ele>
      </trkpt>
      <trkpt lat="42.66187003813684" lon="0.173864979296923">
        <ele>1521</ele>
      </trkpt>
      <trkpt lat="42.661832990124822" lon="0.173948965966702">
        <ele>1520</ele>
      </trkpt>
      <trkpt lat="42.661806000396609" lon="0.174129009246826">
        <ele>1519</ele>
      </trkpt>
      <trkpt lat="42.661800971254706" lon="0.174198998138309">
        <ele>1519</ele>
      </trkpt>
      <trkpt lat="42.661793008446693" lon="0.174273010343313">
        <ele>1518</ele>
      </trkpt>
      <trkpt lat="42.661731988191605" lon="0.174450958147645">
        <ele>1516</ele>
      </trkpt>
      <trkpt lat="42.661713967099786" lon="0.174520025029778">
        <ele>1515</ele>
      </trkpt>
      <trkpt lat="42.661707010120153" lon="0.174549026414752">
        <ele>1515</ele>
      </trkpt>
      <trkpt lat="42.661692006513476" lon="0.174672994762659">
        <ele>1513</ele>
      </trkpt>
      <trkpt lat="42.661683959886432" lon="0.174741977825761">
        <ele>1512</ele>
      </trkpt>
      <trkpt lat="42.661709021776915" lon="0.174873992800713">
        <ele>1510</ele>
      </trkpt>
      <trkpt lat="42.661725031211972" lon="0.174973988905549">
        <ele>1510</ele>
      </trkpt>
      <trkpt lat="42.661774987354875" lon="0.175207005813718">
        <ele>1508</ele>
      </trkpt>
      <trkpt lat="42.661769958212972" lon="0.175327034667134">
        <ele>1508</ele>
      </trkpt>
      <trkpt lat="42.661769958212972" lon="0.17549098469317">
        <ele>1507</ele>
      </trkpt>
      <trkpt lat="42.661781022325158" lon="0.175687959417701">
        <ele>1506</ele>
      </trkpt>
      <trkpt lat="42.661759983748198" lon="0.175858028233051">
        <ele>1504</ele>
      </trkpt>
      <trkpt lat="42.661714972928166" lon="0.175989037379622">
        <ele>1503</ele>
      </trkpt>
      <trkpt lat="42.661638027057052" lon="0.176175031810999">
        <ele>1503</ele>
      </trkpt>
      <trkpt lat="42.661541970446706" lon="0.176353985443711">
        <ele>1503</ele>
      </trkpt>
      <trkpt lat="42.661519004032016" lon="0.176400002092123">
        <ele>1503</ele>
      </trkpt>
      <trkpt lat="42.661494025960565" lon="0.176464961841702">
        <ele>1502</ele>
      </trkpt>
      <trkpt lat="42.661414984613657" lon="0.176670989021659">
        <ele>1501</ele>
      </trkpt>
      <trkpt lat="42.661409033462405" lon="0.176694039255381">
        <ele>1501</ele>
      </trkpt>
      <trkpt lat="42.661400986835361" lon="0.176747012883425">
        <ele>1501</ele>
      </trkpt>
      <trkpt lat="42.661368967965245" lon="0.176904005929828">
        <ele>1500</ele>
      </trkpt>
      <trkpt lat="42.661338960751891" lon="0.177024034783244">
        <ele>1500</ele>
      </trkpt>
      <trkpt lat="42.661281041800976" lon="0.177146997302771">
        <ele>1499</ele>
      </trkpt>
      <trkpt lat="42.661265032365918" lon="0.177195025607944">
        <ele>1499</ele>
      </trkpt>
      <trkpt lat="42.661215998232365" lon="0.177370039746165">
        <ele>1498</ele>
      </trkpt>
      <trkpt lat="42.661172999069095" lon="0.177456038072705">
        <ele>1497</ele>
      </trkpt>
      <trkpt lat="42.661153972148895" lon="0.177476992830634">
        <ele>1497</ele>
      </trkpt>
      <trkpt lat="42.661079037934542" lon="0.177629962563515">
        <ele>1496</ele>
      </trkpt>
      <trkpt lat="42.660994967445731" lon="0.177775975316763">
        <ele>1496</ele>
      </trkpt>
      <trkpt lat="42.660956997424364" lon="0.177836995571852">
        <ele>1495</ele>
      </trkpt>
      <trkpt lat="42.660896982997656" lon="0.177931040525436">
        <ele>1495</ele>
      </trkpt>
      <trkpt lat="42.660778965801001" lon="0.178085016086698">
        <ele>1493</ele>
      </trkpt>
      <trkpt lat="42.66068902797997" lon="0.17828400246799">
        <ele>1491</ele>
      </trkpt>
      <trkpt lat="42.660654997453094" lon="0.178414005786181">
        <ele>1490</ele>
      </trkpt>
      <trkpt lat="42.660717023536563" lon="0.178636964410543">
        <ele>1488</ele>
      </trkpt>
      <trkpt lat="42.660820037126541" lon="0.178762022405863">
        <ele>1487</ele>
      </trkpt>
      <trkpt lat="42.660833029076457" lon="0.178775014355779">
        <ele>1486</ele>
      </trkpt>
      <trkpt lat="42.660989016294479" lon="0.178851038217545">
        <ele>1484</ele>
      </trkpt>
      <trkpt lat="42.661031009629369" lon="0.178880039602518">
        <ele>1484</ele>
      </trkpt>
      <trkpt lat="42.661167969927192" lon="0.178968971595168">
        <ele>1483</ele>
      </trkpt>
      <trkpt lat="42.661265032365918" lon="0.17905798740685">
        <ele>1482</ele>
      </trkpt>
      <trkpt lat="42.661328986287117" lon="0.179130993783474">
        <ele>1481</ele>
      </trkpt>
      <trkpt lat="42.661435017362237" lon="0.179302990436554">
        <ele>1479</ele>
      </trkpt>
      <trkpt lat="42.661525961011648" lon="0.179455038160086">
        <ele>1478</ele>
      </trkpt>
      <trkpt lat="42.661541970446706" lon="0.17946601845324">
        <ele>1478</ele>
      </trkpt>
      <trkpt lat="42.661578012630343" lon="0.179497031494975">
        <ele>1478</ele>
      </trkpt>
      <trkpt lat="42.661727964878082" lon="0.179627034813166">
        <ele>1476</ele>
      </trkpt>
      <trkpt lat="42.661775993183255" lon="0.179685037583113">
        <ele>1475</ele>
      </trkpt>
      <trkpt lat="42.661811029538512" lon="0.179727030918002">
        <ele>1474</ele>
      </trkpt>
      <trkpt lat="42.661876995116472" lon="0.179773969575763">
        <ele>1474</ele>
      </trkpt>
      <trkpt lat="42.661918988451362" lon="0.179844964295626">
        <ele>1473</ele>
      </trkpt>
      <trkpt lat="42.662000963464379" lon="0.180041017010808">
        <ele>1471</ele>
      </trkpt>
      <trkpt lat="42.662043962627649" lon="0.180177977308631">
        <ele>1471</ele>
      </trkpt>
      <trkpt lat="42.662070030346513" lon="0.180243020877242">
        <ele>1470</ele>
      </trkpt>
      <trkpt lat="42.662145970389247" lon="0.180430021136999">
        <ele>1469</ele>
      </trkpt>
      <trkpt lat="42.662169020622969" lon="0.180501015856862">
        <ele>1468</ele>
      </trkpt>
      <trkpt lat="42.66221503727138" lon="0.180557006970048">
        <ele>1467</ele>
      </trkpt>
      <trkpt lat="42.662249989807606" lon="0.180595982819796">
        <ele>1467</ele>
      </trkpt>
      <trkpt lat="42.662288965657353" lon="0.180640993639827">
        <ele>1467</ele>
      </trkpt>
      <trkpt lat="42.662413017824292" lon="0.18081801943481">
        <ele>1465</ele>
      </trkpt>
      <trkpt lat="42.662511002272367" lon="0.18096998333931">
        <ele>1463</ele>
      </trkpt>
      <trkpt lat="42.662517037242651" lon="0.180974006652832">
        <ele>1463</ele>
      </trkpt>
      <trkpt lat="42.662617033347487" lon="0.181110966950655">
        <ele>1462</ele>
      </trkpt>
      <trkpt lat="42.662723986431956" lon="0.181252034381032">
        <ele>1460</ele>
      </trkpt>
      <trkpt lat="42.662827000021935" lon="0.181351024657488">
        <ele>1459</ele>
      </trkpt>
      <trkpt lat="42.662875028327107" lon="0.181414978578687">
        <ele>1459</ele>
      </trkpt>
      <trkpt lat="42.662998996675014" lon="0.181574989110231">
        <ele>1457</ele>
      </trkpt>
      <trkpt lat="42.663078960031271" lon="0.181710021570325">
        <ele>1456</ele>
      </trkpt>
      <trkpt lat="42.663154983893037" lon="0.181810017675161">
        <ele>1455</ele>
      </trkpt>
      <trkpt lat="42.663188008591533" lon="0.18185100518167">
        <ele>1455</ele>
      </trkpt>
      <trkpt lat="42.663259003311396" lon="0.181939015164971">
        <ele>1454</ele>
      </trkpt>
      <trkpt lat="42.663350030779839" lon="0.182141019031405">
        <ele>1452</ele>
      </trkpt>
      <trkpt lat="42.663421025499701" lon="0.182358026504517">
        <ele>1451</ele>
      </trkpt>
      <trkpt lat="42.663508029654622" lon="0.182589031755924">
        <ele>1449</ele>
      </trkpt>
      <trkpt lat="42.663588998839259" lon="0.182761028409004">
        <ele>1449</ele>
      </trkpt>
      <trkpt lat="42.663592016324401" lon="0.18279598094523">
        <ele>1449</ele>
      </trkpt>
      <trkpt lat="42.663649013265967" lon="0.18292497843504">
        <ele>1448</ele>
      </trkpt>
      <trkpt lat="42.663668962195516" lon="0.182983987033367">
        <ele>1448</ele>
      </trkpt>
      <trkpt lat="42.663754960522056" lon="0.183194959536195">
        <ele>1446</ele>
      </trkpt>
      <trkpt lat="42.663820004090667" lon="0.183382965624332">
        <ele>1446</ele>
      </trkpt>
      <trkpt lat="42.663881024345756" lon="0.183583963662386">
        <ele>1445</ele>
      </trkpt>
      <trkpt lat="42.663894016295671" lon="0.183626962825656">
        <ele>1444</ele>
      </trkpt>
      <trkpt lat="42.663968028500676" lon="0.183855034410954">
        <ele>1443</ele>
      </trkpt>
      <trkpt lat="42.66402100212872" lon="0.184055026620626">
        <ele>1441</ele>
      </trkpt>
      <trkpt lat="42.664093002676964" lon="0.184226017445326">
        <ele>1441</ele>
      </trkpt>
      <trkpt lat="42.664103982970119" lon="0.184238003566861">
        <ele>1440</ele>
      </trkpt>
      <trkpt lat="42.664233986288309" lon="0.184314027428627">
        <ele>1439</ele>
      </trkpt>
      <trkpt lat="42.66440799459815" lon="0.184302963316441">
        <ele>1437</ele>
      </trkpt>
      <trkpt lat="42.664564987644553" lon="0.184185029938817">
        <ele>1436</ele>
      </trkpt>
      <trkpt lat="42.664738995954394" lon="0.184116968885064">
        <ele>1434</ele>
      </trkpt>
      <trkpt lat="42.664775038138032" lon="0.184118980541825">
        <ele>1434</ele>
      </trkpt>
      <trkpt lat="42.664886014536023" lon="0.184291983023286">
        <ele>1434</ele>
      </trkpt>
      <trkpt lat="42.664870005100965" lon="0.184529023244977">
        <ele>1434</ele>
      </trkpt>
      <trkpt lat="42.664882997050881" lon="0.184775032103062">
        <ele>1434</ele>
      </trkpt>
      <trkpt lat="42.664890959858894" lon="0.184861030429602">
        <ele>1434</ele>
      </trkpt>
      <trkpt lat="42.6649010181427" lon="0.184934958815575">
        <ele>1434</ele>
      </trkpt>
      <trkpt lat="42.664948040619493" lon="0.185209969058633">
        <ele>1433</ele>
      </trkpt>
      <trkpt lat="42.664959020912647" lon="0.185382971540093">
        <ele>1432</ele>
      </trkpt>
      <trkpt lat="42.664970001205802" lon="0.18544097431004">
        <ele>1432</ele>
      </trkpt>
      <trkpt lat="42.664974024519324" lon="0.18552403897047">
        <ele>1432</ele>
      </trkpt>
      <trkpt lat="42.664975030347705" lon="0.185576006770134">
        <ele>1432</ele>
      </trkpt>
      <trkpt lat="42.664977964013815" lon="0.185643984004855">
        <ele>1431</ele>
      </trkpt>
      <trkpt lat="42.665063962340355" lon="0.185822015628219">
        <ele>1431</ele>
      </trkpt>
      <trkpt lat="42.665169993415475" lon="0.186037011444569">
        <ele>1430</ele>
      </trkpt>
      <trkpt lat="42.665242999792099" lon="0.186153016984463">
        <ele>1430</ele>
      </trkpt>
      <trkpt lat="42.665354982018471" lon="0.186249995604157">
        <ele>1430</ele>
      </trkpt>
      <trkpt lat="42.665517004206777" lon="0.186364995315671">
        <ele>1428</ele>
      </trkpt>
      <trkpt lat="42.665662011131644" lon="0.186461973935366">
        <ele>1428</ele>
      </trkpt>
      <trkpt lat="42.665671985596418" lon="0.186473038047552">
        <ele>1428</ele>
      </trkpt>
      <trkpt lat="42.665767958387733" lon="0.18664101138711">
        <ele>1427</ele>
      </trkpt>
      <trkpt lat="42.665753960609436" lon="0.186802027747035">
        <ele>1426</ele>
      </trkpt>
      <trkpt lat="42.665705010294914" lon="0.186864975839853">
        <ele>1426</ele>
      </trkpt>
      <trkpt lat="42.665681038051844" lon="0.186880985274911">
        <ele>1426</ele>
      </trkpt>
      <trkpt lat="42.665555980056524" lon="0.186933958902955">
        <ele>1426</ele>
      </trkpt>
      <trkpt lat="42.665529996156693" lon="0.186933958902955">
        <ele>1426</ele>
      </trkpt>
      <trkpt lat="42.66535397619009" lon="0.186972012743354">
        <ele>1426</ele>
      </trkpt>
      <trkpt lat="42.665268983691931" lon="0.18698500469327">
        <ele>1426</ele>
      </trkpt>
      <trkpt lat="42.665239982306957" lon="0.186994979158044">
        <ele>1425</ele>
      </trkpt>
      <trkpt lat="42.665204023942351" lon="0.186987016350031">
        <ele>1425</ele>
      </trkpt>
      <trkpt lat="42.665036972612143" lon="0.186978969722986">
        <ele>1424</ele>
      </trkpt>
      <trkpt lat="42.664968995377421" lon="0.186963966116309">
        <ele>1424</ele>
      </trkpt>
      <trkpt lat="42.664914010092616" lon="0.186940999701619">
        <ele>1423</ele>
      </trkpt>
      <trkpt lat="42.66475198790431" lon="0.186827005818486">
        <ele>1423</ele>
      </trkpt>
      <trkpt lat="42.664676969870925" lon="0.186769003048539">
        <ele>1422</ele>
      </trkpt>
      <trkpt lat="42.664590971544385" lon="0.186723992228508">
        <ele>1421</ele>
      </trkpt>
      <trkpt lat="42.664444036781788" lon="0.186677975580096">
        <ele>1421</ele>
      </trkpt>
      <trkpt lat="42.664266005158424" lon="0.186709994450212">
        <ele>1419</ele>
      </trkpt>
      <trkpt lat="42.664124015718699" lon="0.186847038567066">
        <ele>1419</ele>
      </trkpt>
      <trkpt lat="42.664013961330056" lon="0.18700897693634">
        <ele>1418</ele>
      </trkpt>
      <trkpt lat="42.663936009630561" lon="0.187155995517969">
        <ele>1418</ele>
      </trkpt>
      <trkpt lat="42.663881024345756" lon="0.187245011329651">
        <ele>1418</ele>
      </trkpt>
      <trkpt lat="42.663869960233569" lon="0.187279041856527">
        <ele>1418</ele>
      </trkpt>
      <trkpt lat="42.663861997425556" lon="0.187470987439156">
        <ele>1417</ele>
      </trkpt>
      <trkpt lat="42.663861997425556" lon="0.187505017966032">
        <ele>1417</ele>
      </trkpt>
      <trkpt lat="42.663857974112034" lon="0.187582969665527">
        <ele>1417</ele>
      </trkpt>
      <trkpt lat="42.663860991597176" lon="0.18773702904582">
        <ele>1416</ele>
      </trkpt>
      <trkpt lat="42.66386903822422" lon="0.187791008502245">
        <ele>1416</ele>
      </trkpt>
      <trkpt lat="42.663867026567459" lon="0.187926962971687">
        <ele>1415</ele>
      </trkpt>
      <trkpt lat="42.663856968283653" lon="0.188101977109909">
        <ele>1413</ele>
      </trkpt>
      <trkpt lat="42.663852022960782" lon="0.188285959884524">
        <ele>1412</ele>
      </trkpt>
      <trkpt lat="42.663864009082317" lon="0.188531968742609">
        <ele>1411</ele>
      </trkpt>
      <trkpt lat="42.66386803239584" lon="0.188674964010715">
        <ele>1409</ele>
      </trkpt>
      <trkpt lat="42.663883036002517" lon="0.188754005357623">
        <ele>1409</ele>
      </trkpt>
      <trkpt lat="42.663884041830897" lon="0.188965983688831">
        <ele>1408</ele>
      </trkpt>
      <trkpt lat="42.663874989375472" lon="0.189007977023721">
        <ele>1408</ele>
      </trkpt>
      <trkpt lat="42.663855040445924" lon="0.189103027805686">
        <ele>1407</ele>
      </trkpt>
      <trkpt lat="42.663840036839247" lon="0.189356999471784">
        <ele>1405</ele>
      </trkpt>
      <trkpt lat="42.663839031010866" lon="0.189573001116514">
        <ele>1405</ele>
      </trkpt>
      <trkpt lat="42.663836013525724" lon="0.189664028584957">
        <ele>1404</ele>
      </trkpt>
      <trkpt lat="42.663857974112034" lon="0.189906014129519">
        <ele>1403</ele>
      </trkpt>
      <trkpt lat="42.663880018517375" lon="0.190097037702799">
        <ele>1403</ele>
      </trkpt>
      <trkpt lat="42.663915976881981" lon="0.190238021314144">
        <ele>1403</ele>
      </trkpt>
      <trkpt lat="42.663941960781813" lon="0.190399959683418">
        <ele>1403</ele>
      </trkpt>
      <trkpt lat="42.663969034329057" lon="0.190489981323481">
        <ele>1403</ele>
      </trkpt>
      <trkpt lat="42.664056960493326" lon="0.19068100489676">
        <ele>1402</ele>
      </trkpt>
      <trkpt lat="42.664054026827216" lon="0.190686034038663">
        <ele>1402</ele>
      </trkpt>
      <trkpt lat="42.664048997685313" lon="0.190687961876392">
        <ele>1401</ele>
      </trkpt>
      <trkpt lat="42.664110017940402" lon="0.190764991566539">
        <ele>1401</ele>
      </trkpt>
      <trkpt lat="42.66414999961853" lon="0.190831040963531">
        <ele>1401</ele>
      </trkpt>
      <trkpt lat="42.664185035973787" lon="0.190905975177884">
        <ele>1401</ele>
      </trkpt>
      <trkpt lat="42.664257036522031" lon="0.191042013466358">
        <ele>1401</ele>
      </trkpt>
      <trkpt lat="42.664309004321694" lon="0.191094987094402">
        <ele>1400</ele>
      </trkpt>
      <trkpt lat="42.664346974343061" lon="0.191152989864349">
        <ele>1400</ele>
      </trkpt>
      <trkpt lat="42.664386034011841" lon="0.191178973764181">
        <ele>1400</ele>
      </trkpt>
      <trkpt lat="42.664527017623186" lon="0.191276958212256">
        <ele>1400</ele>
      </trkpt>
      <trkpt lat="42.664548978209496" lon="0.191290033981204">
        <ele>1400</ele>
      </trkpt>
      <trkpt lat="42.664568005129695" lon="0.19130595959723">
        <ele>1400</ele>
      </trkpt>
      <trkpt lat="42.664704965427518" lon="0.191378965973854">
        <ele>1400</ele>
      </trkpt>
      <trkpt lat="42.664850978180766" lon="0.191397992894053">
        <ele>1400</ele>
      </trkpt>
      <trkpt lat="42.6649010181427" lon="0.191403022035956">
        <ele>1400</ele>
      </trkpt>
      <trkpt lat="42.664957009255886" lon="0.191409979015589">
        <ele>1400</ele>
      </trkpt>
      <trkpt lat="42.665117019787431" lon="0.191464964300394">
        <ele>1400</ele>
      </trkpt>
      <trkpt lat="42.66520201228559" lon="0.19149798899889">
        <ele>1400</ele>
      </trkpt>
      <trkpt lat="42.665351964533329" lon="0.191565966233611">
        <ele>1400</ele>
      </trkpt>
      <trkpt lat="42.665539970621467" lon="0.191587004810572">
        <ele>1401</ele>
      </trkpt>
      <trkpt lat="42.66565103083849" lon="0.191667973995209">
        <ele>1401</ele>
      </trkpt>
      <trkpt lat="42.665655976161361" lon="0.191719019785523">
        <ele>1401</ele>
      </trkpt>
      <trkpt lat="42.66563200391829" lon="0.191864026710391">
        <ele>1401</ele>
      </trkpt>
      <trkpt lat="42.665535025298595" lon="0.192025965079665">
        <ele>1401</ele>
      </trkpt>
      <trkpt lat="42.665378032252192" lon="0.192136019468308">
        <ele>1401</ele>
      </trkpt>
      <trkpt lat="42.665355987846851" lon="0.192149011418223">
        <ele>1399</ele>
      </trkpt>
      <trkpt lat="42.665312988683581" lon="0.192171977832913">
        <ele>1399</ele>
      </trkpt>
      <trkpt lat="42.665144009515643" lon="0.192259987816215">
        <ele>1398</ele>
      </trkpt>
      <trkpt lat="42.665119031444192" lon="0.192296029999852">
        <ele>1397</ele>
      </trkpt>
      <trkpt lat="42.6650720089674" lon="0.19235797226429">
        <ele>1397</ele>
      </trkpt>
      <trkpt lat="42.664991039782763" lon="0.192494010552764">
        <ele>1396</ele>
      </trkpt>
      <trkpt lat="42.664861036464572" lon="0.192670030519366">
        <ele>1396</ele>
      </trkpt>
      <trkpt lat="42.664746036753058" lon="0.192813025787473">
        <ele>1394</ele>
      </trkpt>
      <trkpt lat="42.664648974314332" lon="0.19293699413538">
        <ele>1393</ele>
      </trkpt>
      <trkpt lat="42.664628019556403" lon="0.192984016612172">
        <ele>1392</ele>
      </trkpt>
      <trkpt lat="42.6646229904145" lon="0.193219967186451">
        <ele>1392</ele>
      </trkpt>
      <trkpt lat="42.664631037041545" lon="0.193440997973084">
        <ele>1392</ele>
      </trkpt>
      <trkpt lat="42.664618967100978" lon="0.193488020449877">
        <ele>1390</ele>
      </trkpt>
      <trkpt lat="42.664593989029527" lon="0.193793959915638">
        <ele>1389</ele>
      </trkpt>
      <trkpt lat="42.664531040936708" lon="0.194044997915626">
        <ele>1388</ele>
      </trkpt>
      <trkpt lat="42.664490975439548" lon="0.194272985681891">
        <ele>1387</ele>
      </trkpt>
      <trkpt lat="42.664416041225195" lon="0.19448303617537">
        <ele>1386</ele>
      </trkpt>
      <trkpt lat="42.664383016526699" lon="0.194689985364676">
        <ele>1385</ele>
      </trkpt>
      <trkpt lat="42.664383016526699" lon="0.19478302448988">
        <ele>1384</ele>
      </trkpt>
      <trkpt lat="42.66438502818346" lon="0.195000031962991">
        <ele>1383</ele>
      </trkpt>
      <trkpt lat="42.664418974891305" lon="0.195124000310898">
        <ele>1382</ele>
      </trkpt>
      <trkpt lat="42.664467003196478" lon="0.195234976708889">
        <ele>1381</ele>
      </trkpt>
      <trkpt lat="42.664551995694637" lon="0.195400016382337">
        <ele>1380</ele>
      </trkpt>
      <trkpt lat="42.664655009284616" lon="0.195625992491841">
        <ele>1378</ele>
      </trkpt>
      <trkpt lat="42.664727009832859" lon="0.195821961387992">
        <ele>1376</ele>
      </trkpt>
      <trkpt lat="42.6647939812392" lon="0.196024971082807">
        <ele>1375</ele>
      </trkpt>
      <trkpt lat="42.664802027866244" lon="0.19620199687779">
        <ele>1373</ele>
      </trkpt>
      <trkpt lat="42.664736984297633" lon="0.196434007957578">
        <ele>1372</ele>
      </trkpt>
      <trkpt lat="42.664625002071261" lon="0.196643974632025">
        <ele>1371</ele>
      </trkpt>
      <trkpt lat="42.66455702483654" lon="0.196758974343538">
        <ele>1369</ele>
      </trkpt>
      <trkpt lat="42.664482006803155" lon="0.196883026510477">
        <ele>1368</ele>
      </trkpt>
      <trkpt lat="42.664444958791137" lon="0.196959972381592">
        <ele>1368</ele>
      </trkpt>
      <trkpt lat="42.66438796184957" lon="0.197054017335176">
        <ele>1366</ele>
      </trkpt>
      <trkpt lat="42.66427899710834" lon="0.197228025645018">
        <ele>1365</ele>
      </trkpt>
      <trkpt lat="42.664189981296659" lon="0.197362974286079">
        <ele>1364</ele>
      </trkpt>
      <trkpt lat="42.664087973535061" lon="0.197590962052345">
        <ele>1361</ele>
      </trkpt>
      <trkpt lat="42.663993006572127" lon="0.197829008102417">
        <ele>1359</ele>
      </trkpt>
      <trkpt lat="42.663984037935734" lon="0.197910983115435">
        <ele>1359</ele>
      </trkpt>
      <trkpt lat="42.66399996355176" lon="0.197997987270355">
        <ele>1357</ele>
      </trkpt>
      <trkpt lat="42.664032988250256" lon="0.198162021115422">
        <ele>1356</ele>
      </trkpt>
      <trkpt lat="42.664005998522043" lon="0.19835296086967">
        <ele>1355</ele>
      </trkpt>
      <trkpt lat="42.663926035165787" lon="0.198524035513401">
        <ele>1354</ele>
      </trkpt>
      <trkpt lat="42.663800977170467" lon="0.19873701967299">
        <ele>1354</ele>
      </trkpt>
      <trkpt lat="42.663788991048932" lon="0.198767026886344">
        <ele>1354</ele>
      </trkpt>
      <trkpt lat="42.663667034357786" lon="0.198914967477322">
        <ele>1352</ele>
      </trkpt>
      <trkpt lat="42.663562009111047" lon="0.199015969410539">
        <ele>1351</ele>
      </trkpt>
      <trkpt lat="42.663495959714055" lon="0.199098028242588">
        <ele>1350</ele>
      </trkpt>
      <trkpt lat="42.663388000801206" lon="0.1992769818753">
        <ele>1349</ele>
      </trkpt>
      <trkpt lat="42.663303008303046" lon="0.199473034590483">
        <ele>1348</ele>
      </trkpt>
      <trkpt lat="42.663231007754803" lon="0.199701022356749">
        <ele>1346</ele>
      </trkpt>
      <trkpt lat="42.663171999156475" lon="0.199920041486621">
        <ele>1344</ele>
      </trkpt>
      <trkpt lat="42.663164958357811" lon="0.199953988194466">
        <ele>1344</ele>
      </trkpt>
      <trkpt lat="42.663152972236276" lon="0.200077034533024">
        <ele>1342</ele>
      </trkpt>
      <trkpt lat="42.663136040791869" lon="0.200248025357723">
        <ele>1340</ele>
      </trkpt>
      <trkpt lat="42.663135034963489" lon="0.200461009517312">
        <ele>1339</ele>
      </trkpt>
      <trkpt lat="42.663105027750134" lon="0.200562011450529">
        <ele>1337</ele>
      </trkpt>
      <trkpt lat="42.663036966696382" lon="0.20056301727891">
        <ele>1337</ele>
      </trkpt>
      <trkpt lat="42.662960020825267" lon="0.200382973998785">
        <ele>1335</ele>
      </trkpt>
      <trkpt lat="42.662966977804899" lon="0.200192034244537">
        <ele>1334</ele>
      </trkpt>
      <trkpt lat="42.662973012775183" lon="0.200051972642541">
        <ele>1333</ele>
      </trkpt>
      <trkpt lat="42.662982987239957" lon="0.19983597099781">
        <ele>1331</ele>
      </trkpt>
      <trkpt lat="42.662979969754815" lon="0.199628015980124">
        <ele>1329</ele>
      </trkpt>
      <trkpt lat="42.662986004725099" lon="0.199431041255593">
        <ele>1328</ele>
      </trkpt>
      <trkpt lat="42.662981981411576" lon="0.199373038485646">
        <ele>1327</ele>
      </trkpt>
      <trkpt lat="42.662959014996886" lon="0.199333978816867">
        <ele>1327</ele>
      </trkpt>
      <trkpt lat="42.662877039983869" lon="0.19940597936511">
        <ele>1326</ele>
      </trkpt>
      <trkpt lat="42.662867987528443" lon="0.199518967419863">
        <ele>1325</ele>
      </trkpt>
      <trkpt lat="42.662879973649979" lon="0.199719965457916">
        <ele>1323</ele>
      </trkpt>
      <trkpt lat="42.662849966436625" lon="0.199887016788125">
        <ele>1322</ele>
      </trkpt>
      <trkpt lat="42.662808978930116" lon="0.200097989290953">
        <ele>1321</ele>
      </trkpt>
      <trkpt lat="42.662776038050652" lon="0.20030502229929">
        <ele>1319</ele>
      </trkpt>
      <trkpt lat="42.66275399364531" lon="0.200481964275241">
        <ele>1318</ele>
      </trkpt>
      <trkpt lat="42.662727003917098" lon="0.200644992291927">
        <ele>1317</ele>
      </trkpt>
      <trkpt lat="42.66273102723062" lon="0.200891001150012">
        <ele>1315</ele>
      </trkpt>
      <trkpt lat="42.662717029452324" lon="0.201072972267866">
        <ele>1313</ele>
      </trkpt>
      <trkpt lat="42.662673024460673" lon="0.20127103663981">
        <ele>1312</ele>
      </trkpt>
      <trkpt lat="42.662639999762177" lon="0.201477985829115">
        <ele>1310</ele>
      </trkpt>
      <trkpt lat="42.662630025297403" lon="0.201558033004403">
        <ele>1309</ele>
      </trkpt>
      <trkpt lat="42.662629019469023" lon="0.201600026339293">
        <ele>1309</ele>
      </trkpt>
      <trkpt lat="42.662629019469023" lon="0.20166196860373">
        <ele>1309</ele>
      </trkpt>
      <trkpt lat="42.662608986720443" lon="0.201828014105558">
        <ele>1308</ele>
      </trkpt>
      <trkpt lat="42.662606975063682" lon="0.20206798799336">
        <ele>1307</ele>
      </trkpt>
      <trkpt lat="42.662589037790895" lon="0.20221802406013">
        <ele>1306</ele>
      </trkpt>
      <trkpt lat="42.662600018084049" lon="0.202416004613042">
        <ele>1304</ele>
      </trkpt>
      <trkpt lat="42.662590965628624" lon="0.202598981559277">
        <ele>1303</ele>
      </trkpt>
      <trkpt lat="42.662586020305753" lon="0.202668970450759">
        <ele>1302</ele>
      </trkpt>
      <trkpt lat="42.662587026134133" lon="0.202790005132556">
        <ele>1301</ele>
      </trkpt>
      <trkpt lat="42.662575962021947" lon="0.20290601067245">
        <ele>1300</ele>
      </trkpt>
      <trkpt lat="42.66258099116385" lon="0.203141961246729">
        <ele>1298</ele>
      </trkpt>
      <trkpt lat="42.662579985335469" lon="0.203323010355234">
        <ele>1297</ele>
      </trkpt>
      <trkpt lat="42.662576967850327" lon="0.203338013961911">
        <ele>1297</ele>
      </trkpt>
      <trkpt lat="42.662459034472704" lon="0.203391993418336">
        <ele>1296</ele>
      </trkpt>
      <trkpt lat="42.662450987845659" lon="0.203374978154898">
        <ele>1296</ele>
      </trkpt>
      <trkpt lat="42.662431038916111" lon="0.203193007037044">
        <ele>1294</ele>
      </trkpt>
      <trkpt lat="42.662407988682389" lon="0.202991003170609">
        <ele>1292</ele>
      </trkpt>
      <trkpt lat="42.66238602809608" lon="0.202830992639065">
        <ele>1291</ele>
      </trkpt>
      <trkpt lat="42.662333976477385" lon="0.202661007642746">
        <ele>1290</ele>
      </trkpt>
      <trkpt lat="42.662331964820623" lon="0.20264801569283">
        <ele>1290</ele>
      </trkpt>
      <trkpt lat="42.662320984527469" lon="0.202586995437741">
        <ele>1289</ele>
      </trkpt>
      <trkpt lat="42.66230103559792" lon="0.202445005998015">
        <ele>1288</ele>
      </trkpt>
      <trkpt lat="42.662256024777889" lon="0.202244007959962">
        <ele>1287</ele>
      </trkpt>
      <trkpt lat="42.66221797093749" lon="0.202006967738271">
        <ele>1286</ele>
      </trkpt>
      <trkpt lat="42.662211013957858" lon="0.201914012432098">
        <ele>1285</ele>
      </trkpt>
      <trkpt lat="42.662215959280729" lon="0.201842011883855">
        <ele>1285</ele>
      </trkpt>
      <trkpt lat="42.662189975380898" lon="0.201686024665833">
        <ele>1285</ele>
      </trkpt>
      <trkpt lat="42.66212903894484" lon="0.20166196860373">
        <ele>1284</ele>
      </trkpt>
      <trkpt lat="42.662075981497765" lon="0.201850980520248">
        <ele>1283</ele>
      </trkpt>
      <trkpt lat="42.6620879676193" lon="0.202018031850457">
        <ele>1281</ele>
      </trkpt>
      <trkpt lat="42.662112023681402" lon="0.202200002968311">
        <ele>1280</ele>
      </trkpt>
      <trkpt lat="42.662156028673053" lon="0.202399995177984">
        <ele>1278</ele>
      </trkpt>
      <trkpt lat="42.662168014794588" lon="0.202642986550927">
        <ele>1277</ele>
      </trkpt>
      <trkpt lat="42.662162985652685" lon="0.202827975153923">
        <ele>1275</ele>
      </trkpt>
      <trkpt lat="42.662163991481066" lon="0.203032996505499">
        <ele>1274</ele>
      </trkpt>
      <trkpt lat="42.662164997309446" lon="0.203241035342216">
        <ele>1273</ele>
      </trkpt>
      <trkpt lat="42.662189975380898" lon="0.203441027551889">
        <ele>1271</ele>
      </trkpt>
      <trkpt lat="42.662187041714787" lon="0.203502969816327">
        <ele>1271</ele>
      </trkpt>
      <trkpt lat="42.662059972062707" lon="0.203575976192951">
        <ele>1269</ele>
      </trkpt>
      <trkpt lat="42.662053015083075" lon="0.203563990071416">
        <ele>1269</ele>
      </trkpt>
      <trkpt lat="42.662004986777902" lon="0.203328961506486">
        <ele>1267</ele>
      </trkpt>
      <trkpt lat="42.66200196929276" lon="0.203298032283783">
        <ele>1267</ele>
      </trkpt>
      <trkpt lat="42.661995012313128" lon="0.203112959861755">
        <ele>1265</ele>
      </trkpt>
      <trkpt lat="42.661961987614632" lon="0.202923025935888">
        <ele>1263</ele>
      </trkpt>
      <trkpt lat="42.66195997595787" lon="0.202895030379295">
        <ele>1263</ele>
      </trkpt>
      <trkpt lat="42.661923011764884" lon="0.202785981819034">
        <ele>1263</ele>
      </trkpt>
      <trkpt lat="42.66191303730011" lon="0.202725967392325">
        <ele>1262</ele>
      </trkpt>
      <trkpt lat="42.661895016208291" lon="0.202649021521211">
        <ele>1262</ele>
      </trkpt>
      <trkpt lat="42.661810023710132" lon="0.202441988512874">
        <ele>1260</ele>
      </trkpt>
      <trkpt lat="42.661796025931835" lon="0.202394966036081">
        <ele>1260</ele>
      </trkpt>
      <trkpt lat="42.661701980978251" lon="0.202222969383001">
        <ele>1259</ele>
      </trkpt>
      <trkpt lat="42.661655964329839" lon="0.202117022126913">
        <ele>1257</ele>
      </trkpt>
      <trkpt lat="42.661617994308472" lon="0.20198198966682">
        <ele>1257</ele>
      </trkpt>
      <trkpt lat="42.661609025672078" lon="0.201885011047125">
        <ele>1256</ele>
      </trkpt>
      <trkpt lat="42.661581030115485" lon="0.201754001900554">
        <ele>1255</ele>
      </trkpt>
      <trkpt lat="42.661522021517158" lon="0.201704967767">
        <ele>1254</ele>
      </trkpt>
      <trkpt lat="42.661494025960565" lon="0.201732963323593">
        <ele>1254</ele>
      </trkpt>
      <trkpt lat="42.661467958241701" lon="0.201799012720585">
        <ele>1253</ele>
      </trkpt>
      <trkpt lat="42.661493020132184" lon="0.202028006315231">
        <ele>1251</ele>
      </trkpt>
      <trkpt lat="42.661512969061732" lon="0.202080979943275">
        <ele>1250</ele>
      </trkpt>
      <trkpt lat="42.661594022065401" lon="0.202275021001697">
        <ele>1249</ele>
      </trkpt>
      <trkpt lat="42.661661999300122" lon="0.202450035139918">
        <ele>1247</ele>
      </trkpt>
      <trkpt lat="42.661687983199954" lon="0.20267098210752">
        <ele>1246</ele>
      </trkpt>
      <trkpt lat="42.661706004291773" lon="0.202857982367277">
        <ele>1245</ele>
      </trkpt>
      <trkpt lat="42.661674991250038" lon="0.203050011768937">
        <ele>1244</ele>
      </trkpt>
      <trkpt lat="42.661597039550543" lon="0.203274982050061">
        <ele>1242</ele>
      </trkpt>
      <trkpt lat="42.661595027893782" lon="0.203285040333867">
        <ele>1242</ele>
      </trkpt>
      <trkpt lat="42.661567032337189" lon="0.203499030321836">
        <ele>1240</ele>
      </trkpt>
      <trkpt lat="42.661545993760228" lon="0.203690975904465">
        <ele>1239</ele>
      </trkpt>
      <trkpt lat="42.661543982103467" lon="0.203863978385925">
        <ele>1237</ele>
      </trkpt>
      <trkpt lat="42.661556974053383" lon="0.204063970595598">
        <ele>1236</ele>
      </trkpt>
      <trkpt lat="42.661555968225002" lon="0.204102024435997">
        <ele>1235</ele>
      </trkpt>
      <trkpt lat="42.661562003195286" lon="0.204320037737489">
        <ele>1233</ele>
      </trkpt>
      <trkpt lat="42.661594022065401" lon="0.204593036323786">
        <ele>1232</ele>
      </trkpt>
      <trkpt lat="42.661645989865065" lon="0.204821024090052">
        <ele>1230</ele>
      </trkpt>
      <trkpt lat="42.661671973764896" lon="0.204921020194888">
        <ele>1228</ele>
      </trkpt>
      <trkpt lat="42.661684965714812" lon="0.204943986609578">
        <ele>1228</ele>
      </trkpt>
      <trkpt lat="42.661761995404959" lon="0.205095028504729">
        <ele>1226</ele>
      </trkpt>
      <trkpt lat="42.661827960982919" lon="0.205235006287694">
        <ele>1225</ele>
      </trkpt>
      <trkpt lat="42.661875989288092" lon="0.205318992957473">
        <ele>1224</ele>
      </trkpt>
      <trkpt lat="42.661951007321477" lon="0.205385964363813">
        <ele>1223</ele>
      </trkpt>
      <trkpt lat="42.662071036174893" lon="0.205554021522403">
        <ele>1222</ele>
      </trkpt>
      <trkpt lat="42.662080004811287" lon="0.205600038170815">
        <ele>1221</ele>
      </trkpt>
      <trkpt lat="42.662072964012623" lon="0.205630967393517">
        <ele>1221</ele>
      </trkpt>
      <trkpt lat="42.662014961242676" lon="0.205656029284">
        <ele>1221</ele>
      </trkpt>
      <trkpt lat="42.661889987066388" lon="0.205523008480668">
        <ele>1218</ele>
      </trkpt>
      <trkpt lat="42.661885041743517" lon="0.205522002652287">
        <ele>1218</ele>
      </trkpt>
      <trkpt lat="42.661802982911468" lon="0.205467017367482">
        <ele>1217</ele>
      </trkpt>
      <trkpt lat="42.661733999848366" lon="0.205404991284013">
        <ele>1216</ele>
      </trkpt>
      <trkpt lat="42.661660993471742" lon="0.20531396381557">
        <ele>1215</ele>
      </trkpt>
      <trkpt lat="42.661538030952215" lon="0.205181026831269">
        <ele>1213</ele>
      </trkpt>
      <trkpt lat="42.661466030403972" lon="0.205082958564162">
        <ele>1212</ele>
      </trkpt>
      <trkpt lat="42.661457983776927" lon="0.20507600158453">
        <ele>1212</ele>
      </trkpt>
      <trkpt lat="42.661352036520839" lon="0.20492797717452">
        <ele>1210</ele>
      </trkpt>
      <trkpt lat="42.661264026537538" lon="0.204825969412923">
        <ele>1210</ele>
      </trkpt>
      <trkpt lat="42.661180039867759" lon="0.204664031043649">
        <ele>1208</ele>
      </trkpt>
      <trkpt lat="42.66114198602736" lon="0.204573003575206">
        <ele>1207</ele>
      </trkpt>
      <trkpt lat="42.661083983257413" lon="0.204501003026962">
        <ele>1207</ele>
      </trkpt>
      <trkpt lat="42.660987004637718" lon="0.204362031072378">
        <ele>1205</ele>
      </trkpt>
      <trkpt lat="42.660910980775952" lon="0.204234039410949">
        <ele>1204</ele>
      </trkpt>
      <trkpt lat="42.660867981612682" lon="0.204147035256028">
        <ele>1203</ele>
      </trkpt>
      <trkpt lat="42.660771002992988" lon="0.204039998352528">
        <ele>1202</ele>
      </trkpt>
      <trkpt lat="42.660761028528214" lon="0.204033041372895">
        <ele>1201</ele>
      </trkpt>
      <trkpt lat="42.660694979131222" lon="0.204033963382244">
        <ele>1201</ele>
      </trkpt>
      <trkpt lat="42.660661032423377" lon="0.204042010009289">
        <ele>1200</ele>
      </trkpt>
      <trkpt lat="42.660630019381642" lon="0.204047039151192">
        <ele>1200</ele>
      </trkpt>
      <trkpt lat="42.66064896248281" lon="0.204099006950855">
        <ele>1199</ele>
      </trkpt>
      <trkpt lat="42.660652985796332" lon="0.204175030812621">
        <ele>1199</ele>
      </trkpt>
      <trkpt lat="42.660688022151589" lon="0.204249965026975">
        <ele>1199</ele>
      </trkpt>
      <trkpt lat="42.660719035193324" lon="0.204319031909108">
        <ele>1199</ele>
      </trkpt>
      <trkpt lat="42.660835962742567" lon="0.204580966383219">
        <ele>1197</ele>
      </trkpt>
      <trkpt lat="42.660924978554249" lon="0.204804008826613">
        <ele>1194</ele>
      </trkpt>
      <trkpt lat="42.661006031557918" lon="0.205114977434278">
        <ele>1191</ele>
      </trkpt>
      <trkpt lat="42.661109967157245" lon="0.205360986292362">
        <ele>1189</ele>
      </trkpt>
      <trkpt lat="42.661204012110829" lon="0.205561984330416">
        <ele>1186</ele>
      </trkpt>
      <trkpt lat="42.661336027085781" lon="0.205789972096682">
        <ele>1184</ele>
      </trkpt>
      <trkpt lat="42.661448009312153" lon="0.205994993448257">
        <ele>1183</ele>
      </trkpt>
      <trkpt lat="42.661548005416989" lon="0.206201020628214">
        <ele>1181</ele>
      </trkpt>
      <trkpt lat="42.661565020680428" lon="0.206231027841568">
        <ele>1180</ele>
      </trkpt>
      <trkpt lat="42.661729976534843" lon="0.206483993679285">
        <ele>1178</ele>
      </trkpt>
      <trkpt lat="42.661781022325158" lon="0.20658097229898">
        <ele>1177</ele>
      </trkpt>
      <trkpt lat="42.661814969033003" lon="0.206636963412166">
        <ele>1176</ele>
      </trkpt>
      <trkpt lat="42.661969028413296" lon="0.20690199919045">
        <ele>1174</ele>
      </trkpt>
      <trkpt lat="42.66204597428441" lon="0.207093022763729">
        <ele>1173</ele>
      </trkpt>
      <trkpt lat="42.662124009802938" lon="0.20730902440846">
        <ele>1170</ele>
      </trkpt>
      <trkpt lat="42.662220988422632" lon="0.207544974982738">
        <ele>1168</ele>
      </trkpt>
      <trkpt lat="42.66234403476119" lon="0.207714037969708">
        <ele>1166</ele>
      </trkpt>
      <trkpt lat="42.662488035857677" lon="0.207823002710938">
        <ele>1165</ele>
      </trkpt>
      <trkpt lat="42.662674030289054" lon="0.207930039614439">
        <ele>1162</ele>
      </trkpt>
      <trkpt lat="42.662794981151819" lon="0.208033975213766">
        <ele>1160</ele>
      </trkpt>
      <trkpt lat="42.662908975034952" lon="0.208145035430789">
        <ele>1158</ele>
      </trkpt>
      <trkpt lat="42.662930013611913" lon="0.208152998238802">
        <ele>1158</ele>
      </trkpt>
      <trkpt lat="42.662971001118422" lon="0.208178982138634">
        <ele>1158</ele>
      </trkpt>
      <trkpt lat="42.663181973621249" lon="0.208226004615426">
        <ele>1160</ele>
      </trkpt>
      <trkpt lat="42.663285993039608" lon="0.208280989900231">
        <ele>1161</ele>
      </trkpt>
      <trkpt lat="42.663337960839272" lon="0.208322983235121">
        <ele>1162</ele>
      </trkpt>
      <trkpt lat="42.663360005244613" lon="0.208350978791714">
        <ele>1162</ele>
      </trkpt>
      <trkpt lat="42.663385989144444" lon="0.208367994055152">
        <ele>1163</ele>
      </trkpt>
      <trkpt lat="42.663412978872657" lon="0.208395989611745">
        <ele>1163</ele>
      </trkpt>
      <trkpt lat="42.663475004956126" lon="0.208448963239789">
        <ele>1165</ele>
      </trkpt>
      <trkpt lat="42.663495037704706" lon="0.208461033180356">
        <ele>1165</ele>
      </trkpt>
      <trkpt lat="42.663564020767808" lon="0.208517024293542">
        <ele>1167</ele>
      </trkpt>
      <trkpt lat="42.663580030202866" lon="0.208520041778684">
        <ele>1168</ele>
      </trkpt>
      <trkpt lat="42.663599979132414" lon="0.208530016243458">
        <ele>1168</ele>
      </trkpt>
      <trkpt lat="42.66363400965929" lon="0.208558011800051">
        <ele>1169</ele>
      </trkpt>
      <trkpt lat="42.66369997523725" lon="0.208602016791701">
        <ele>1171</ele>
      </trkpt>
      <trkpt lat="42.663788991048932" lon="0.208574021235108">
        <ele>1173</ele>
      </trkpt>
      <trkpt lat="42.663875995203853" lon="0.208624983206391">
        <ele>1175</ele>
      </trkpt>
      <trkpt lat="42.663936009630561" lon="0.20866203121841">
        <ele>1178</ele>
      </trkpt>
      <trkpt lat="42.663968028500676" lon="0.208679968491197">
        <ele>1181</ele>
      </trkpt>
      <trkpt lat="42.664036005735397" lon="0.20870503038168">
        <ele>1181</ele>
      </trkpt>
      <trkpt lat="42.664088979363441" lon="0.208725985139608">
        <ele>1182</ele>
      </trkpt>
      <trkpt lat="42.66412703320384" lon="0.208750041201711">
        <ele>1183</ele>
      </trkpt>
      <trkpt lat="42.664184030145407" lon="0.208760015666485">
        <ele>1184</ele>
      </trkpt>
      <trkpt lat="42.664232980459929" lon="0.208765966817737">
        <ele>1186</ele>
      </trkpt>
      <trkpt lat="42.664291989058256" lon="0.208780970424414">
        <ele>1188</ele>
      </trkpt>
      <trkpt lat="42.664360972121358" lon="0.208850959315896">
        <ele>1192</ele>
      </trkpt>
      <trkpt lat="42.664399025961757" lon="0.208893958479166">
        <ele>1194</ele>
      </trkpt>
      <trkpt lat="42.664416963234544" lon="0.208891024813056">
        <ele>1197</ele>
      </trkpt>
      <trkpt lat="42.664520982652903" lon="0.209053969010711">
        <ele>1199</ele>
      </trkpt>
      <trkpt lat="42.664604969322681" lon="0.209172992035747">
        <ele>1198</ele>
      </trkpt>
      <trkpt lat="42.664694990962744" lon="0.209320010617375">
        <ele>1198</ele>
      </trkpt>
      <trkpt lat="42.664711000397801" lon="0.209337025880814">
        <ele>1198</ele>
      </trkpt>
      <trkpt lat="42.664842009544373" lon="0.209469040855765">
        <ele>1198</ele>
      </trkpt>
      <trkpt lat="42.664999002590775" lon="0.209632990881801">
        <ele>1198</ele>
      </trkpt>
      <trkpt lat="42.665133029222488" lon="0.209731981158257">
        <ele>1197</ele>
      </trkpt>
      <trkpt lat="42.665290022268891" lon="0.209869025275111">
        <ele>1197</ele>
      </trkpt>
      <trkpt lat="42.665421031415462" lon="0.209951000288129">
        <ele>1197</ele>
      </trkpt>
      <trkpt lat="42.665592022240162" lon="0.210060970857739">
        <ele>1197</ele>
      </trkpt>
      <trkpt lat="42.665644995868206" lon="0.210091983899474">
        <ele>1197</ele>
      </trkpt>
      <trkpt lat="42.665724037215114" lon="0.210155015811324">
        <ele>1197</ele>
      </trkpt>
      <trkpt lat="42.66582403331995" lon="0.210251994431019">
        <ele>1197</ele>
      </trkpt>
      <trkpt lat="42.665929980576038" lon="0.2103600371629">
        <ele>1197</ele>
      </trkpt>
      <trkpt lat="42.665954036638141" lon="0.210361965000629">
        <ele>1197</ele>
      </trkpt>
      <trkpt lat="42.665980020537972" lon="0.210366994142532">
        <ele>1197</ele>
      </trkpt>
      <trkpt lat="42.66601899638772" lon="0.210432959720492">
        <ele>1197</ele>
      </trkpt>
      <trkpt lat="42.666047997772694" lon="0.210420973598957">
        <ele>1197</ele>
      </trkpt>
      <trkpt lat="42.666070964187384" lon="0.210440000519156">
        <ele>1197</ele>
      </trkpt>
      <trkpt lat="42.666176995262504" lon="0.210484005510807">
        <ele>1197</ele>
      </trkpt>
      <trkpt lat="42.666303981095552" lon="0.210533961653709">
        <ele>1197</ele>
      </trkpt>
      <trkpt lat="42.666367013007402" lon="0.210573021322489">
        <ele>1197</ele>
      </trkpt>
      <trkpt lat="42.666469020769" lon="0.21070696413517">
        <ele>1197</ele>
      </trkpt>
      <trkpt lat="42.666497016325593" lon="0.210748035460711">
        <ele>1197</ele>
      </trkpt>
      <trkpt lat="42.666568011045456" lon="0.210767984390259">
        <ele>1197</ele>
      </trkpt>
      <trkpt lat="42.666712012141943" lon="0.210786005482078">
        <ele>1197</ele>
      </trkpt>
      <trkpt lat="42.666831035166979" lon="0.210788017138839">
        <ele>1196</ele>
      </trkpt>
      <trkpt lat="42.666833968833089" lon="0.2107900287956">
        <ele>1196</ele>
      </trkpt>
      <trkpt lat="42.666887026280165" lon="0.210918020457029">
        <ele>1197</ele>
      </trkpt>
      <trkpt lat="42.666918961331248" lon="0.210963031277061">
        <ele>1197</ele>
      </trkpt>
      <trkpt lat="42.666918961331248" lon="0.210963031277061">
        <ele>1197</ele>
      </trkpt>
      <trkpt lat="42.666909992694855" lon="0.211001001298428">
        <ele>1197</ele>
      </trkpt>
      <trkpt lat="42.66683598048985" lon="0.211139973253012">
        <ele>1197</ele>
      </trkpt>
      <trkpt lat="42.666829023510218" lon="0.211198981851339">
        <ele>1197</ele>
      </trkpt>
      <trkpt lat="42.666857019066811" lon="0.211416995152831">
        <ele>1197</ele>
      </trkpt>
      <trkpt lat="42.666906975209713" lon="0.211509028449655">
        <ele>1197</ele>
      </trkpt>
      <trkpt lat="42.666972018778324" lon="0.211530989035964">
        <ele>1197</ele>
      </trkpt>
      <trkpt lat="42.666982999071479" lon="0.211540041491389">
        <ele>1197</ele>
      </trkpt>
      <trkpt lat="42.667106967419386" lon="0.211596032604575">
        <ele>1197</ele>
      </trkpt>
      <trkpt lat="42.667279969900846" lon="0.211744979023933">
        <ele>1197</ele>
      </trkpt>
      <trkpt lat="42.667290028184652" lon="0.211755959317088">
        <ele>1197</ele>
      </trkpt>
      <trkpt lat="42.667427994310856" lon="0.211808010935783">
        <ele>1197</ele>
      </trkpt>
      <trkpt lat="42.667555985972285" lon="0.211786972358823">
        <ele>1197</ele>
      </trkpt>
      <trkpt lat="42.667579036206007" lon="0.211786972358823">
        <ele>1196</ele>
      </trkpt>
      <trkpt lat="42.667641984298825" lon="0.211781021207571">
        <ele>1196</ele>
      </trkpt>
      <trkpt lat="42.667697975412011" lon="0.211805999279022">
        <ele>1196</ele>
      </trkpt>
      <trkpt lat="42.667858991771936" lon="0.211913958191872">
        <ele>1196</ele>
      </trkpt>
      <trkpt lat="42.667956976220012" lon="0.212011020630598">
        <ele>1196</ele>
      </trkpt>
      <trkpt lat="42.668044986203313" lon="0.212155021727085">
        <ele>1196</ele>
      </trkpt>
      <trkpt lat="42.668154034763575" lon="0.212241020053625">
        <ele>1196</ele>
      </trkpt>
      <trkpt lat="42.668251013383269" lon="0.212300028651953">
        <ele>1196</ele>
      </trkpt>
      <trkpt lat="42.668304992839694" lon="0.21231603808701">
        <ele>1196</ele>
      </trkpt>
      <trkpt lat="42.668328965082765" lon="0.212325006723404">
        <ele>1196</ele>
      </trkpt>
      <trkpt lat="42.668453017249703" lon="0.212374962866306">
        <ele>1196</ele>
      </trkpt>
      <trkpt lat="42.668542033061385" lon="0.212512006983161">
        <ele>1196</ele>
      </trkpt>
      <trkpt lat="42.668613027781248" lon="0.212589958682656">
        <ele>1196</ele>
      </trkpt>
      <trkpt lat="42.668628031387925" lon="0.2126170322299">
        <ele>1196</ele>
      </trkpt>
      <trkpt lat="42.668750993907452" lon="0.212693978101015">
        <ele>1195</ele>
      </trkpt>
      <trkpt lat="42.668800028041005" lon="0.212730020284653">
        <ele>1195</ele>
      </trkpt>
      <trkpt lat="42.66887404024601" lon="0.21274602971971">
        <ele>1195</ele>
      </trkpt>
      <trkpt lat="42.668894995003939" lon="0.212752986699343">
        <ele>1195</ele>
      </trkpt>
      <trkpt lat="42.668966995552182" lon="0.212790034711361">
        <ele>1195</ele>
      </trkpt>
      <trkpt lat="42.669019969180226" lon="0.212802020832896">
        <ele>1195</ele>
      </trkpt>
      <trkpt lat="42.669052993878722" lon="0.212824987247586">
        <ele>1195</ele>
      </trkpt>
      <trkpt lat="42.669088030233979" lon="0.212845019996166">
        <ele>1195</ele>
      </trkpt>
      <trkpt lat="42.669147038832307" lon="0.212909979745746">
        <ele>1195</ele>
      </trkpt>
      <trkpt lat="42.669228008016944" lon="0.212964965030551">
        <ele>1195</ele>
      </trkpt>
      <trkpt lat="42.669382989406586" lon="0.213053980842233">
        <ele>1195</ele>
      </trkpt>
      <trkpt lat="42.669410984963179" lon="0.213073007762432">
        <ele>1195</ele>
      </trkpt>
      <trkpt lat="42.669518021866679" lon="0.213131010532379">
        <ele>1195</ele>
      </trkpt>
      <trkpt lat="42.669538976624608" lon="0.213147019967437">
        <ele>1195</ele>
      </trkpt>
      <trkpt lat="42.669561021029949" lon="0.213169986382127">
        <ele>1195</ele>
      </trkpt>
      <trkpt lat="42.669634027406573" lon="0.213225977495313">
        <ele>1195</ele>
      </trkpt>
      <trkpt lat="42.669786997139454" lon="0.213308958336711">
        <ele>1194</ele>
      </trkpt>
      <trkpt lat="42.669831002131104" lon="0.213332008570433">
        <ele>1194</ele>
      </trkpt>
      <trkpt lat="42.669871989637613" lon="0.213349023833871">
        <ele>1195</ele>
      </trkpt>
      <trkpt lat="42.66990602016449" lon="0.213362015783787">
        <ele>1195</ele>
      </trkpt>
      <trkpt lat="42.670032000169158" lon="0.213415995240211">
        <ele>1195</ele>
      </trkpt>
      <trkpt lat="42.670111963525414" lon="0.213429993018508">
        <ele>1195</ele>
      </trkpt>
      <trkpt lat="42.670261999592185" lon="0.213544992730021">
        <ele>1194</ele>
      </trkpt>
      <trkpt lat="42.670327965170145" lon="0.213599978014827">
        <ele>1194</ele>
      </trkpt>
      <trkpt lat="42.670344980433583" lon="0.213615987449884">
        <ele>1194</ele>
      </trkpt>
      <trkpt lat="42.6704459823668" lon="0.213709026575089">
        <ele>1194</ele>
      </trkpt>
      <trkpt lat="42.670523012056947" lon="0.213726041838527">
        <ele>1194</ele>
      </trkpt>
      <trkpt lat="42.670610016211867" lon="0.213740961626172">
        <ele>1194</ele>
      </trkpt>
      <trkpt lat="42.67068000510335" lon="0.213737022131681">
        <ele>1194</ele>
      </trkpt>
      <trkpt lat="42.670732978731394" lon="0.213712966069579">
        <ele>1194</ele>
      </trkpt>
      <trkpt lat="42.670826017856598" lon="0.213678013533354">
        <ele>1194</ele>
      </trkpt>
      <trkpt lat="42.670869017019868" lon="0.213674996048212">
        <ele>1194</ele>
      </trkpt>
      <trkpt lat="42.670925008133054" lon="0.213663009926677">
        <ele>1194</ele>
      </trkpt>
      <trkpt lat="42.670949986204505" lon="0.213657980784774">
        <ele>1194</ele>
      </trkpt>
      <trkpt lat="42.671035984531045" lon="0.213633002713323">
        <ele>1194</ele>
      </trkpt>
      <trkpt lat="42.671159030869603" lon="0.213651023805141">
        <ele>1194</ele>
      </trkpt>
      <trkpt lat="42.67128299921751" lon="0.213668961077929">
        <ele>1194</ele>
      </trkpt>
      <trkpt lat="42.671338990330696" lon="0.213722018525004">
        <ele>1194</ele>
      </trkpt>
      <trkpt lat="42.671374026685953" lon="0.21373501047492">
        <ele>1194</ele>
      </trkpt>
      <trkpt lat="42.671506041660905" lon="0.213786978274584">
        <ele>1195</ele>
      </trkpt>
      <trkpt lat="42.671558009460568" lon="0.213808016851544">
        <ele>1195</ele>
      </trkpt>
      <trkpt lat="42.671670997515321" lon="0.213801981881261">
        <ele>1195</ele>
      </trkpt>
      <trkpt lat="42.671771999448538" lon="0.213847998529673">
        <ele>1195</ele>
      </trkpt>
      <trkpt lat="42.67181801609695" lon="0.21386300213635">
        <ele>1195</ele>
      </trkpt>
      <trkpt lat="42.671906026080251" lon="0.213897032663226">
        <ele>1194</ele>
      </trkpt>
      <trkpt lat="42.671918012201786" lon="0.213899966329336">
        <ele>1194</ele>
      </trkpt>
      <trkpt lat="42.671943996101618" lon="0.213898960500956">
        <ele>1194</ele>
      </trkpt>
      <trkpt lat="42.671997975558043" lon="0.213903989642859">
        <ele>1194</ele>
      </trkpt>
      <trkpt lat="42.6720330119133" lon="0.213931985199451">
        <ele>1194</ele>
      </trkpt>
      <trkpt lat="42.672124961391091" lon="0.213937014341354">
        <ele>1194</ele>
      </trkpt>
      <trkpt lat="42.672198973596096" lon="0.213956963270903">
        <ele>1194</ele>
      </trkpt>
      <trkpt lat="42.672392008826137" lon="0.214030975475907">
        <ele>1193</ele>
      </trkpt>
      <trkpt lat="42.672501979395747" lon="0.214068023487926">
        <ele>1193</ele>
      </trkpt>
      <trkpt lat="42.672570962458849" lon="0.214090989902616">
        <ele>1193</ele>
      </trkpt>
      <trkpt lat="42.672645980492234" lon="0.214117979630828">
        <ele>1194</ele>
      </trkpt>
      <trkpt lat="42.672754023224115" lon="0.214146981015801">
        <ele>1194</ele>
      </trkpt>
      <trkpt lat="42.672929959371686" lon="0.214201966300607">
        <ele>1194</ele>
      </trkpt>
      <trkpt lat="42.673072032630444" lon="0.214216969907284">
        <ele>1194</ele>
      </trkpt>
      <trkpt lat="42.673126012086868" lon="0.214219987392426">
        <ele>1194</ele>
      </trkpt>
      <trkpt lat="42.673127017915249" lon="0.214221999049187">
        <ele>1194</ele>
      </trkpt>
      <trkpt lat="42.673191977664828" lon="0.214232979342341">
        <ele>1192</ele>
      </trkpt>
      <trkpt lat="42.673257021233439" lon="0.214243959635496">
        <ele>1188</ele>
      </trkpt>
      <trkpt lat="42.673295997083187" lon="0.214275978505611">
        <ele>1185</ele>
      </trkpt>
      <trkpt lat="42.67328099347651" lon="0.214355019852519">
        <ele>1184</ele>
      </trkpt>
      <trkpt lat="42.673269007354975" lon="0.214393995702267">
        <ele>1183</ele>
      </trkpt>
      <trkpt lat="42.673227014020085" lon="0.21444596350193">
        <ele>1183</ele>
      </trkpt>
      <trkpt lat="42.67319499514997" lon="0.214496003463864">
        <ele>1183</ele>
      </trkpt>
      <trkpt lat="42.673102039843798" lon="0.21453196182847">
        <ele>1183</ele>
      </trkpt>
      <trkpt lat="42.672972958534956" lon="0.214577978476882">
        <ele>1182</ele>
      </trkpt>
      <trkpt lat="42.672993997111917" lon="0.214654002338648">
        <ele>1193</ele>
      </trkpt>
    </trkseg>
  </trk>

</gpx>