<?xml version="1.0" encoding="utf-8"?><gpx creator="Garmin Desktop App" version="1.1" xsi:schemaLocation="http://www.topografix.com/GPX/1/1 http://www.topografix.com/GPX/1/1/gpx.xsd http://www.garmin.com/xmlschemas/WaypointExtension/v1 http://www8.garmin.com/xmlschemas/WaypointExtensionv1.xsd http://www.garmin.com/xmlschemas/TrackPointExtension/v1 http://www.garmin.com/xmlschemas/TrackPointExtensionv1.xsd http://www.garmin.com/xmlschemas/GpxExtensions/v3 http://www8.garmin.com/xmlschemas/GpxExtensionsv3.xsd http://www.garmin.com/xmlschemas/ActivityExtension/v1 http://www8.garmin.com/xmlschemas/ActivityExtensionv1.xsd http://www.garmin.com/xmlschemas/AdventuresExtensions/v1 http://www8.garmin.com/xmlschemas/AdventuresExtensionv1.xsd http://www.garmin.com/xmlschemas/PressureExtension/v1 http://www.garmin.com/xmlschemas/PressureExtensionv1.xsd http://www.garmin.com/xmlschemas/TripExtensions/v1 http://www.garmin.com/xmlschemas/TripExtensionsv1.xsd http://www.garmin.com/xmlschemas/TripMetaDataExtensions/v1 http://www.garmin.com/xmlschemas/TripMetaDataExtensionsv1.xsd http://www.garmin.com/xmlschemas/ViaPointTransportationModeExtensions/v1 http://www.garmin.com/xmlschemas/ViaPointTransportationModeExtensionsv1.xsd http://www.garmin.com/xmlschemas/CreationTimeExtension/v1 http://www.garmin.com/xmlschemas/CreationTimeExtensionsv1.xsd http://www.garmin.com/xmlschemas/AccelerationExtension/v1 http://www.garmin.com/xmlschemas/AccelerationExtensionv1.xsd http://www.garmin.com/xmlschemas/PowerExtension/v1 http://www.garmin.com/xmlschemas/PowerExtensionv1.xsd http://www.garmin.com/xmlschemas/VideoExtension/v1 http://www.garmin.com/xmlschemas/VideoExtensionv1.xsd" xmlns="http://www.topografix.com/GPX/1/1" xmlns:xsi="http://www.w3.org/2001/XMLSchema-instance" xmlns:wptx1="http://www.garmin.com/xmlschemas/WaypointExtension/v1" xmlns:gpxtrx="http://www.garmin.com/xmlschemas/GpxExtensions/v3" xmlns:gpxtpx="http://www.garmin.com/xmlschemas/TrackPointExtension/v1" xmlns:gpxx="http://www.garmin.com/xmlschemas/GpxExtensions/v3" xmlns:trp="http://www.garmin.com/xmlschemas/TripExtensions/v1" xmlns:adv="http://www.garmin.com/xmlschemas/AdventuresExtensions/v1" xmlns:prs="http://www.garmin.com/xmlschemas/PressureExtension/v1" xmlns:tmd="http://www.garmin.com/xmlschemas/TripMetaDataExtensions/v1" xmlns:vptm="http://www.garmin.com/xmlschemas/ViaPointTransportationModeExtensions/v1" xmlns:ctx="http://www.garmin.com/xmlschemas/CreationTimeExtension/v1" xmlns:gpxacc="http://www.garmin.com/xmlschemas/AccelerationExtension/v1" xmlns:gpxpx="http://www.garmin.com/xmlschemas/PowerExtension/v1" xmlns:vidx1="http://www.garmin.com/xmlschemas/VideoExtension/v1">

  <metadata>
    <link href="http://www.garmin.com">
      <text>Garmin International</text>
    </link>
    <time>2026-05-10T12:43:12Z</time>
    <bounds maxlat="42.678897036239505" maxlon="0.377177009359002" minlat="42.651504976674914" minlon="0.210385015234351" />
  </metadata>

  <trk>
    <name>GR11_19_Parzan-Biados</name>
    <extensions>
      <gpxx:TrackExtension>
        <gpxx:DisplayColor>Black</gpxx:DisplayColor>
      </gpxx:TrackExtension>
    </extensions>
    <trkseg>
      <trkpt lat="42.663904996588826" lon="0.210385015234351">
        <ele>1138</ele>
      </trkpt>
      <trkpt lat="42.664218982681632" lon="0.210905028507113">
        <ele>1141</ele>
      </trkpt>
      <trkpt lat="42.66483798623085" lon="0.211627967655659">
        <ele>1144</ele>
      </trkpt>
      <trkpt lat="42.66524501144886" lon="0.212065000087023">
        <ele>1144</ele>
      </trkpt>
      <trkpt lat="42.665477022528648" lon="0.212238002568483">
        <ele>1146</ele>
      </trkpt>
      <trkpt lat="42.665710039436817" lon="0.212304973974824">
        <ele>1151</ele>
      </trkpt>
      <trkpt lat="42.665948001667857" lon="0.212388038635254">
        <ele>1154</ele>
      </trkpt>
      <trkpt lat="42.666155034676194" lon="0.212452998384833">
        <ele>1156</ele>
      </trkpt>
      <trkpt lat="42.666328959167004" lon="0.21253002807498">
        <ele>1158</ele>
      </trkpt>
      <trkpt lat="42.666552001610398" lon="0.212623989209533">
        <ele>1161</ele>
      </trkpt>
      <trkpt lat="42.666754005476832" lon="0.212714010849595">
        <ele>1162</ele>
      </trkpt>
      <trkpt lat="42.666951986029744" lon="0.212794980034232">
        <ele>1163</ele>
      </trkpt>
      <trkpt lat="42.666973024606705" lon="0.212803026661277">
        <ele>1163</ele>
      </trkpt>
      <trkpt lat="42.667134962975979" lon="0.212881984189153">
        <ele>1164</ele>
      </trkpt>
      <trkpt lat="42.667211992666125" lon="0.2129209600389">
        <ele>1164</ele>
      </trkpt>
      <trkpt lat="42.667422965168953" lon="0.21300301887095">
        <ele>1167</ele>
      </trkpt>
      <trkpt lat="42.667599990963936" lon="0.213081976398826">
        <ele>1169</ele>
      </trkpt>
      <trkpt lat="42.667816998437047" lon="0.213170992210507">
        <ele>1171</ele>
      </trkpt>
      <trkpt lat="42.668006010353565" lon="0.213250033557415">
        <ele>1173</ele>
      </trkpt>
      <trkpt lat="42.668216982856393" lon="0.213332008570433">
        <ele>1176</ele>
      </trkpt>
      <trkpt lat="42.668329970911145" lon="0.213379031047225">
        <ele>1177</ele>
      </trkpt>
      <trkpt lat="42.668401971459389" lon="0.213497970253229">
        <ele>1174</ele>
      </trkpt>
      <trkpt lat="42.668401971459389" lon="0.213497970253229">
        <ele>1174</ele>
      </trkpt>
      <trkpt lat="42.668443964794278" lon="0.213473998010159">
        <ele>1175</ele>
      </trkpt>
      <trkpt lat="42.668659966439009" lon="0.213522026315331">
        <ele>1178</ele>
      </trkpt>
      <trkpt lat="42.66883104108274" lon="0.213594026863575">
        <ele>1178</ele>
      </trkpt>
      <trkpt lat="42.669110996648669" lon="0.213697040453553">
        <ele>1180</ele>
      </trkpt>
      <trkpt lat="42.669364968314767" lon="0.213786978274584">
        <ele>1182</ele>
      </trkpt>
      <trkpt lat="42.669530007988214" lon="0.213874988257885">
        <ele>1184</ele>
      </trkpt>
      <trkpt lat="42.669667974114418" lon="0.213952017948031">
        <ele>1185</ele>
      </trkpt>
      <trkpt lat="42.669833013787866" lon="0.213978001847863">
        <ele>1189</ele>
      </trkpt>
      <trkpt lat="42.670020014047623" lon="0.214038016274571">
        <ele>1192</ele>
      </trkpt>
      <trkpt lat="42.670091008767486" lon="0.214054025709629">
        <ele>1193</ele>
      </trkpt>
      <trkpt lat="42.670216988772154" lon="0.214083027094603">
        <ele>1195</ele>
      </trkpt>
      <trkpt lat="42.670398959890008" lon="0.214114962145686">
        <ele>1198</ele>
      </trkpt>
      <trkpt lat="42.670601969584823" lon="0.21420800127089">
        <ele>1197</ele>
      </trkpt>
      <trkpt lat="42.670877985656261" lon="0.214267009869218">
        <ele>1198</ele>
      </trkpt>
      <trkpt lat="42.671137992292643" lon="0.21433599293232">
        <ele>1197</ele>
      </trkpt>
      <trkpt lat="42.671376960352063" lon="0.214397013187408">
        <ele>1196</ele>
      </trkpt>
      <trkpt lat="42.671601008623838" lon="0.214353008195758">
        <ele>1202</ele>
      </trkpt>
      <trkpt lat="42.671806029975414" lon="0.214364994317293">
        <ele>1204</ele>
      </trkpt>
      <trkpt lat="42.671946007758379" lon="0.214373040944338">
        <ele>1205</ele>
      </trkpt>
      <trkpt lat="42.671957993879914" lon="0.214371029287577">
        <ele>1205</ele>
      </trkpt>
      <trkpt lat="42.672036029398441" lon="0.214441018179059">
        <ele>1201</ele>
      </trkpt>
      <trkpt lat="42.672196039929986" lon="0.214493991807103">
        <ele>1198</ele>
      </trkpt>
      <trkpt lat="42.672363007441163" lon="0.214489968493581">
        <ele>1198</ele>
      </trkpt>
      <trkpt lat="42.672557970508933" lon="0.214517964050174">
        <ele>1195</ele>
      </trkpt>
      <trkpt lat="42.672715969383717" lon="0.214545959606767">
        <ele>1192</ele>
      </trkpt>
      <trkpt lat="42.672872040420771" lon="0.21459398791194">
        <ele>1188</ele>
      </trkpt>
      <trkpt lat="42.672993997111917" lon="0.214652996510267">
        <ele>1188</ele>
      </trkpt>
      <trkpt lat="42.673163982108235" lon="0.214652996510267">
        <ele>1190</ele>
      </trkpt>
      <trkpt lat="42.673204969614744" lon="0.214650984853506">
        <ele>1190</ele>
      </trkpt>
      <trkpt lat="42.673388030380011" lon="0.214709993451834">
        <ele>1191</ele>
      </trkpt>
      <trkpt lat="42.673379983752966" lon="0.214750980958343">
        <ele>1191</ele>
      </trkpt>
      <trkpt lat="42.673370009288192" lon="0.214862963184714">
        <ele>1189</ele>
      </trkpt>
      <trkpt lat="42.673367997631431" lon="0.215165968984365">
        <ele>1185</ele>
      </trkpt>
      <trkpt lat="42.673333967104554" lon="0.21523604169488">
        <ele>1184</ele>
      </trkpt>
      <trkpt lat="42.673326004296541" lon="0.21525900810957">
        <ele>1184</ele>
      </trkpt>
      <trkpt lat="42.673332039266825" lon="0.21558296866715">
        <ele>1182</ele>
      </trkpt>
      <trkpt lat="42.673288034275174" lon="0.215897960588336">
        <ele>1183</ele>
      </trkpt>
      <trkpt lat="42.673271019011736" lon="0.215929979458451">
        <ele>1183</ele>
      </trkpt>
      <trkpt lat="42.673141015693545" lon="0.216050008311868">
        <ele>1182</ele>
      </trkpt>
      <trkpt lat="42.672984022647142" lon="0.21622896194458">
        <ele>1181</ele>
      </trkpt>
      <trkpt lat="42.672818982973695" lon="0.216305991634727">
        <ele>1181</ele>
      </trkpt>
      <trkpt lat="42.672758968546987" lon="0.216356031596661">
        <ele>1182</ele>
      </trkpt>
      <trkpt lat="42.672711024060845" lon="0.216419985517859">
        <ele>1183</ele>
      </trkpt>
      <trkpt lat="42.672676993533969" lon="0.216492991894484">
        <ele>1184</ele>
      </trkpt>
      <trkpt lat="42.672642963007092" lon="0.216530961915851">
        <ele>1184</ele>
      </trkpt>
      <trkpt lat="42.672604992985725" lon="0.216577984392643">
        <ele>1185</ele>
      </trkpt>
      <trkpt lat="42.672499967738986" lon="0.216607991605997">
        <ele>1185</ele>
      </trkpt>
      <trkpt lat="42.67242000438273" lon="0.216668006032705">
        <ele>1186</ele>
      </trkpt>
      <trkpt lat="42.672367030754685" lon="0.216709999367595">
        <ele>1186</ele>
      </trkpt>
      <trkpt lat="42.672211965546012" lon="0.216768002137542">
        <ele>1186</ele>
      </trkpt>
      <trkpt lat="42.672204002737999" lon="0.216772025451064">
        <ele>1187</ele>
      </trkpt>
      <trkpt lat="42.6721849758178" lon="0.216780994087458">
        <ele>1187</ele>
      </trkpt>
      <trkpt lat="42.672068970277905" lon="0.216860035434365">
        <ele>1187</ele>
      </trkpt>
      <trkpt lat="42.671976014971733" lon="0.216958019882441">
        <ele>1188</ele>
      </trkpt>
      <trkpt lat="42.67192798666656" lon="0.217027002945542">
        <ele>1189</ele>
      </trkpt>
      <trkpt lat="42.67188498750329" lon="0.217056004330516">
        <ele>1189</ele>
      </trkpt>
      <trkpt lat="42.671827990561724" lon="0.217168992385268">
        <ele>1191</ele>
      </trkpt>
      <trkpt lat="42.671791026368737" lon="0.217200005427003">
        <ele>1191</ele>
      </trkpt>
      <trkpt lat="42.671706033870578" lon="0.217306958511472">
        <ele>1193</ele>
      </trkpt>
      <trkpt lat="42.671678038313985" lon="0.217326991260052">
        <ele>1194</ele>
      </trkpt>
      <trkpt lat="42.671650964766741" lon="0.217365967109799">
        <ele>1195</ele>
      </trkpt>
      <trkpt lat="42.671588016673923" lon="0.217420030385256">
        <ele>1196</ele>
      </trkpt>
      <trkpt lat="42.67158298753202" lon="0.217448025941849">
        <ele>1197</ele>
      </trkpt>
      <trkpt lat="42.671640990301967" lon="0.217527989298105">
        <ele>1199</ele>
      </trkpt>
      <trkpt lat="42.671766970306635" lon="0.217523965984583">
        <ele>1199</ele>
      </trkpt>
      <trkpt lat="42.671907031908631" lon="0.217388011515141">
        <ele>1196</ele>
      </trkpt>
      <trkpt lat="42.672029994428158" lon="0.217317016795278">
        <ele>1195</ele>
      </trkpt>
      <trkpt lat="42.67216200940311" lon="0.217317016795278">
        <ele>1197</ele>
      </trkpt>
      <trkpt lat="42.672181958332658" lon="0.217339983209968">
        <ele>1197</ele>
      </trkpt>
      <trkpt lat="42.672181036323309" lon="0.217343000695109">
        <ele>1197</ele>
      </trkpt>
      <trkpt lat="42.672177013009787" lon="0.21734400652349">
        <ele>1197</ele>
      </trkpt>
      <trkpt lat="42.672177013009787" lon="0.21734400652349">
        <ele>1197</ele>
      </trkpt>
      <trkpt lat="42.672176007181406" lon="0.217343000695109">
        <ele>1197</ele>
      </trkpt>
      <trkpt lat="42.672183969989419" lon="0.217346018180251">
        <ele>1198</ele>
      </trkpt>
      <trkpt lat="42.672301987186074" lon="0.217377031221986">
        <ele>1201</ele>
      </trkpt>
      <trkpt lat="42.67242101021111" lon="0.217312993481755">
        <ele>1201</ele>
      </trkpt>
      <trkpt lat="42.672480018809438" lon="0.217263037338853">
        <ele>1200</ele>
      </trkpt>
      <trkpt lat="42.672540033236146" lon="0.217295978218317">
        <ele>1202</ele>
      </trkpt>
      <trkpt lat="42.672584038227797" lon="0.217465041205287">
        <ele>1210</ele>
      </trkpt>
      <trkpt lat="42.672553025186062" lon="0.217508040368557">
        <ele>1210</ele>
      </trkpt>
      <trkpt lat="42.672455962747335" lon="0.21762203425169">
        <ele>1212</ele>
      </trkpt>
      <trkpt lat="42.672418998554349" lon="0.217652041465044">
        <ele>1212</ele>
      </trkpt>
      <trkpt lat="42.67229100689292" lon="0.21766503341496">
        <ele>1208</ele>
      </trkpt>
      <trkpt lat="42.67220500856638" lon="0.217692023143172">
        <ele>1206</ele>
      </trkpt>
      <trkpt lat="42.672032006084919" lon="0.217768969014287">
        <ele>1204</ele>
      </trkpt>
      <trkpt lat="42.671913988888264" lon="0.217832000926137">
        <ele>1205</ele>
      </trkpt>
      <trkpt lat="42.671758001670241" lon="0.217877011746168">
        <ele>1207</ele>
      </trkpt>
      <trkpt lat="42.671608971431851" lon="0.217919005081058">
        <ele>1210</ele>
      </trkpt>
      <trkpt lat="42.671597991138697" lon="0.217911964282393">
        <ele>1209</ele>
      </trkpt>
      <trkpt lat="42.671420965343714" lon="0.217969967052341">
        <ele>1215</ele>
      </trkpt>
      <trkpt lat="42.67141199670732" lon="0.217977007851005">
        <ele>1215</ele>
      </trkpt>
      <trkpt lat="42.671361034736037" lon="0.217979019507766">
        <ele>1216</ele>
      </trkpt>
      <trkpt lat="42.671192977577448" lon="0.217995028942823">
        <ele>1217</ele>
      </trkpt>
      <trkpt lat="42.671034978702664" lon="0.2180549595505">
        <ele>1220</ele>
      </trkpt>
      <trkpt lat="42.670989967882633" lon="0.218065017834306">
        <ele>1221</ele>
      </trkpt>
      <trkpt lat="42.670842027291656" lon="0.218123020604253">
        <ele>1223</ele>
      </trkpt>
      <trkpt lat="42.670778995379806" lon="0.218125032261014">
        <ele>1223</ele>
      </trkpt>
      <trkpt lat="42.670739013701677" lon="0.218137018382549">
        <ele>1223</ele>
      </trkpt>
      <trkpt lat="42.670715041458607" lon="0.218156967312098">
        <ele>1224</ele>
      </trkpt>
      <trkpt lat="42.6706169731915" lon="0.218214970082045">
        <ele>1227</ele>
      </trkpt>
      <trkpt lat="42.670522006228566" lon="0.218280013650656">
        <ele>1230</ele>
      </trkpt>
      <trkpt lat="42.670456040650606" lon="0.218271967023611">
        <ele>1229</ele>
      </trkpt>
      <trkpt lat="42.670421004295349" lon="0.218259980902076">
        <ele>1228</ele>
      </trkpt>
      <trkpt lat="42.670421004295349" lon="0.218259980902076">
        <ele>1228</ele>
      </trkpt>
      <trkpt lat="42.670415975153446" lon="0.218266015872359">
        <ele>1228</ele>
      </trkpt>
      <trkpt lat="42.67040197737515" lon="0.218264004215598">
        <ele>1228</ele>
      </trkpt>
      <trkpt lat="42.670278009027243" lon="0.218339022248983">
        <ele>1232</ele>
      </trkpt>
      <trkpt lat="42.670265017077327" lon="0.218342961743474">
        <ele>1232</ele>
      </trkpt>
      <trkpt lat="42.670213971287012" lon="0.21835695952177">
        <ele>1232</ele>
      </trkpt>
      <trkpt lat="42.670152029022574" lon="0.218384033069015">
        <ele>1233</ele>
      </trkpt>
      <trkpt lat="42.670034011825919" lon="0.218384033069015">
        <ele>1232</ele>
      </trkpt>
      <trkpt lat="42.669939966872334" lon="0.218398030847311">
        <ele>1232</ele>
      </trkpt>
      <trkpt lat="42.669802000746131" lon="0.218481011688709">
        <ele>1236</ele>
      </trkpt>
      <trkpt lat="42.669706027954817" lon="0.218523005023599">
        <ele>1238</ele>
      </trkpt>
      <trkpt lat="42.669636961072683" lon="0.21856902167201">
        <ele>1240</ele>
      </trkpt>
      <trkpt lat="42.669556997716427" lon="0.218610009178519">
        <ele>1241</ele>
      </trkpt>
      <trkpt lat="42.669503018260002" lon="0.218659965321422">
        <ele>1244</ele>
      </trkpt>
      <trkpt lat="42.669377038255334" lon="0.218761973083019">
        <ele>1248</ele>
      </trkpt>
      <trkpt lat="42.669314006343484" lon="0.21880597807467">
        <ele>1250</ele>
      </trkpt>
      <trkpt lat="42.669254997745156" lon="0.218877978622913">
        <ele>1253</ele>
      </trkpt>
      <trkpt lat="42.669131029397249" lon="0.219006976112723">
        <ele>1257</ele>
      </trkpt>
      <trkpt lat="42.668997002765536" lon="0.219120969995856">
        <ele>1260</ele>
      </trkpt>
      <trkpt lat="42.668928019702435" lon="0.219158018007874">
        <ele>1260</ele>
      </trkpt>
      <trkpt lat="42.668914021924138" lon="0.219197999686003">
        <ele>1262</ele>
      </trkpt>
      <trkpt lat="42.668869011104107" lon="0.219344012439251">
        <ele>1268</ele>
      </trkpt>
      <trkpt lat="42.66885400749743" lon="0.21940897218883">
        <ele>1270</ele>
      </trkpt>
      <trkpt lat="42.668718975037336" lon="0.219473009929061">
        <ele>1271</ele>
      </trkpt>
      <trkpt lat="42.668637000024319" lon="0.219507040455937">
        <ele>1273</ele>
      </trkpt>
      <trkpt lat="42.668538009747863" lon="0.219596978276968">
        <ele>1277</ele>
      </trkpt>
      <trkpt lat="42.66848998144269" lon="0.219602007418871">
        <ele>1277</ele>
      </trkpt>
      <trkpt lat="42.668442958965898" lon="0.219639977440238">
        <ele>1279</ele>
      </trkpt>
      <trkpt lat="42.668396020308137" lon="0.219765035435557">
        <ele>1282</ele>
      </trkpt>
      <trkpt lat="42.668355032801628" lon="0.219838041812181">
        <ele>1284</ele>
      </trkpt>
      <trkpt lat="42.668293006718159" lon="0.219940971583128">
        <ele>1287</ele>
      </trkpt>
      <trkpt lat="42.668294012546539" lon="0.219952035695314">
        <ele>1287</ele>
      </trkpt>
      <trkpt lat="42.668284960091114" lon="0.219997968524694">
        <ele>1288</ele>
      </trkpt>
      <trkpt lat="42.668250007554889" lon="0.22009402513504">
        <ele>1290</ele>
      </trkpt>
      <trkpt lat="42.668235003948212" lon="0.220160996541381">
        <ele>1292</ele>
      </trkpt>
      <trkpt lat="42.668232992291451" lon="0.220211958512664">
        <ele>1293</ele>
      </trkpt>
      <trkpt lat="42.668190998956561" lon="0.220328969880939">
        <ele>1295</ele>
      </trkpt>
      <trkpt lat="42.6681889872998" lon="0.220389990136027">
        <ele>1296</ele>
      </trkpt>
      <trkpt lat="42.668177001178265" lon="0.220534997060895">
        <ele>1299</ele>
      </trkpt>
      <trkpt lat="42.668155962601304" lon="0.220608003437519">
        <ele>1300</ele>
      </trkpt>
      <trkpt lat="42.668138025328517" lon="0.220723003149033">
        <ele>1302</ele>
      </trkpt>
      <trkpt lat="42.668120004236698" lon="0.22076197899878">
        <ele>1302</ele>
      </trkpt>
      <trkpt lat="42.668054038658738" lon="0.220853006467223">
        <ele>1302</ele>
      </trkpt>
      <trkpt lat="42.668041968718171" lon="0.220902040600777">
        <ele>1302</ele>
      </trkpt>
      <trkpt lat="42.668041968718171" lon="0.220961971208453">
        <ele>1303</ele>
      </trkpt>
      <trkpt lat="42.668187981471419" lon="0.221076970919967">
        <ele>1309</ele>
      </trkpt>
      <trkpt lat="42.668242966756225" lon="0.221060961484909">
        <ele>1310</ele>
      </trkpt>
      <trkpt lat="42.668297030031681" lon="0.220928024500608">
        <ele>1309</ele>
      </trkpt>
      <trkpt lat="42.66831798478961" lon="0.220790980383754">
        <ele>1307</ele>
      </trkpt>
      <trkpt lat="42.668374981731176" lon="0.220657959580421">
        <ele>1305</ele>
      </trkpt>
      <trkpt lat="42.668387973681092" lon="0.220612026751041">
        <ele>1304</ele>
      </trkpt>
      <trkpt lat="42.668456034734845" lon="0.220467019826174">
        <ele>1302</ele>
      </trkpt>
      <trkpt lat="42.66849098727107" lon="0.220388984307647">
        <ele>1301</ele>
      </trkpt>
      <trkpt lat="42.668525017797947" lon="0.220326958224177">
        <ele>1299</ele>
      </trkpt>
      <trkpt lat="42.668623002246022" lon="0.220183040946722">
        <ele>1296</ele>
      </trkpt>
      <trkpt lat="42.668738001957536" lon="0.22011699154973">
        <ele>1294</ele>
      </trkpt>
      <trkpt lat="42.668870016932487" lon="0.220097964629531">
        <ele>1298</ele>
      </trkpt>
      <trkpt lat="42.668959032744169" lon="0.220125038176775">
        <ele>1302</ele>
      </trkpt>
      <trkpt lat="42.669046958908439" lon="0.220186980441213">
        <ele>1308</ele>
      </trkpt>
      <trkpt lat="42.669041007757187" lon="0.220228973776102">
        <ele>1310</ele>
      </trkpt>
      <trkpt lat="42.668989039957523" lon="0.22030902095139">
        <ele>1311</ele>
      </trkpt>
      <trkpt lat="42.668871022760868" lon="0.220357971265912">
        <ele>1308</ele>
      </trkpt>
      <trkpt lat="42.668736996129155" lon="0.22045997902751">
        <ele>1306</ele>
      </trkpt>
      <trkpt lat="42.668724004179239" lon="0.220470037311316">
        <ele>1306</ele>
      </trkpt>
      <trkpt lat="42.668655021116138" lon="0.22056601010263">
        <ele>1308</ele>
      </trkpt>
      <trkpt lat="42.668635994195938" lon="0.22065301425755">
        <ele>1310</ele>
      </trkpt>
      <trkpt lat="42.668638005852699" lon="0.220701964572072">
        <ele>1311</ele>
      </trkpt>
      <trkpt lat="42.668630965054035" lon="0.220732977613807">
        <ele>1312</ele>
      </trkpt>
      <trkpt lat="42.668621996417642" lon="0.22078100591898">
        <ele>1313</ele>
      </trkpt>
      <trkpt lat="42.668627025559545" lon="0.220802966505289">
        <ele>1314</ele>
      </trkpt>
      <trkpt lat="42.668627025559545" lon="0.220802966505289">
        <ele>1314</ele>
      </trkpt>
      <trkpt lat="42.668598024174571" lon="0.220772959291935">
        <ele>1312</ele>
      </trkpt>
      <trkpt lat="42.668598024174571" lon="0.220772959291935">
        <ele>1312</ele>
      </trkpt>
      <trkpt lat="42.668586960062385" lon="0.220845965668559">
        <ele>1314</ele>
      </trkpt>
      <trkpt lat="42.668573968112469" lon="0.22086700424552">
        <ele>1314</ele>
      </trkpt>
      <trkpt lat="42.668556030839682" lon="0.220942022278905">
        <ele>1315</ele>
      </trkpt>
      <trkpt lat="42.668552007526159" lon="0.221000025048852">
        <ele>1317</ele>
      </trkpt>
      <trkpt lat="42.668566005304456" lon="0.221152994781733">
        <ele>1321</ele>
      </trkpt>
      <trkpt lat="42.668592995032668" lon="0.221343012526631">
        <ele>1326</ele>
      </trkpt>
      <trkpt lat="42.668587965890765" lon="0.22136103361845">
        <ele>1327</ele>
      </trkpt>
      <trkpt lat="42.668583020567894" lon="0.221504028886557">
        <ele>1329</ele>
      </trkpt>
      <trkpt lat="42.66855301335454" lon="0.221652975305915">
        <ele>1331</ele>
      </trkpt>
      <trkpt lat="42.66853298060596" lon="0.221818014979362">
        <ele>1334</ele>
      </trkpt>
      <trkpt lat="42.668522000312805" lon="0.221936032176018">
        <ele>1336</ele>
      </trkpt>
      <trkpt lat="42.668519988656044" lon="0.221949024125934">
        <ele>1336</ele>
      </trkpt>
      <trkpt lat="42.668514037504792" lon="0.222007026895881">
        <ele>1337</ele>
      </trkpt>
      <trkpt lat="42.668483024463058" lon="0.22217801772058">
        <ele>1338</ele>
      </trkpt>
      <trkpt lat="42.668462991714478" lon="0.222244989126921">
        <ele>1339</ele>
      </trkpt>
      <trkpt lat="42.668451005592942" lon="0.222343979403377">
        <ele>1340</ele>
      </trkpt>
      <trkpt lat="42.668437007814646" lon="0.222416985780001">
        <ele>1340</ele>
      </trkpt>
      <trkpt lat="42.668428039178252" lon="0.222484963014722">
        <ele>1341</ele>
      </trkpt>
      <trkpt lat="42.66842401586473" lon="0.22252201102674">
        <ele>1341</ele>
      </trkpt>
      <trkpt lat="42.66842502169311" lon="0.222570961341262">
        <ele>1342</ele>
      </trkpt>
      <trkpt lat="42.668410018086433" lon="0.222718985751271">
        <ele>1344</ele>
      </trkpt>
      <trkpt lat="42.668400965631008" lon="0.222768019884825">
        <ele>1344</ele>
      </trkpt>
      <trkpt lat="42.668414041399956" lon="0.222971029579639">
        <ele>1348</ele>
      </trkpt>
      <trkpt lat="42.668411023914814" lon="0.223106984049082">
        <ele>1350</ele>
      </trkpt>
      <trkpt lat="42.668385962024331" lon="0.223292978480458">
        <ele>1351</ele>
      </trkpt>
      <trkpt lat="42.668370958417654" lon="0.223393980413675">
        <ele>1352</ele>
      </trkpt>
      <trkpt lat="42.668341035023332" lon="0.223539993166924">
        <ele>1353</ele>
      </trkpt>
      <trkpt lat="42.668351009488106" lon="0.223720958456397">
        <ele>1356</ele>
      </trkpt>
      <trkpt lat="42.668353021144867" lon="0.22385498508811">
        <ele>1358</ele>
      </trkpt>
      <trkpt lat="42.668292000889778" lon="0.224024970084429">
        <ele>1356</ele>
      </trkpt>
      <trkpt lat="42.668245984241366" lon="0.224122032523155">
        <ele>1354</ele>
      </trkpt>
      <trkpt lat="42.668229974806309" lon="0.224151033908129">
        <ele>1354</ele>
      </trkpt>
      <trkpt lat="42.668232992291451" lon="0.224175006151199">
        <ele>1354</ele>
      </trkpt>
      <trkpt lat="42.668206002563238" lon="0.224323030561209">
        <ele>1354</ele>
      </trkpt>
      <trkpt lat="42.668186975643039" lon="0.224503995850682">
        <ele>1355</ele>
      </trkpt>
      <trkpt lat="42.668175995349884" lon="0.22465000860393">
        <ele>1357</ele>
      </trkpt>
      <trkpt lat="42.668174989521503" lon="0.224658977240324">
        <ele>1357</ele>
      </trkpt>
      <trkpt lat="42.668174989521503" lon="0.224860981106758">
        <ele>1359</ele>
      </trkpt>
      <trkpt lat="42.668177001178265" lon="0.224885959178209">
        <ele>1360</ele>
      </trkpt>
      <trkpt lat="42.66816602088511" lon="0.225044041872025">
        <ele>1361</ele>
      </trkpt>
      <trkpt lat="42.668163003399968" lon="0.225103972479701">
        <ele>1362</ele>
      </trkpt>
      <trkpt lat="42.668171972036362" lon="0.225246967747808">
        <ele>1364</ele>
      </trkpt>
      <trkpt lat="42.66816702671349" lon="0.225438997149467">
        <ele>1366</ele>
      </trkpt>
      <trkpt lat="42.66816702671349" lon="0.225438997149467">
        <ele>1366</ele>
      </trkpt>
      <trkpt lat="42.668129978701472" lon="0.225543016567826">
        <ele>1366</ele>
      </trkpt>
      <trkpt lat="42.668112041428685" lon="0.225619040429592">
        <ele>1366</ele>
      </trkpt>
      <trkpt lat="42.668097037822008" lon="0.225704032927752">
        <ele>1366</ele>
      </trkpt>
      <trkpt lat="42.668060995638371" lon="0.225892961025238">
        <ele>1367</ele>
      </trkpt>
      <trkpt lat="42.66803802922368" lon="0.226040985435247">
        <ele>1367</ele>
      </trkpt>
      <trkpt lat="42.668040040880442" lon="0.22604601457715">
        <ele>1367</ele>
      </trkpt>
      <trkpt lat="42.668026965111494" lon="0.22606898099184">
        <ele>1366</ele>
      </trkpt>
      <trkpt lat="42.668029982596636" lon="0.226162020117044">
        <ele>1368</ele>
      </trkpt>
      <trkpt lat="42.668040962889791" lon="0.226312978193164">
        <ele>1370</ele>
      </trkpt>
      <trkpt lat="42.668068036437035" lon="0.226527974009514">
        <ele>1374</ele>
      </trkpt>
      <trkpt lat="42.668060995638371" lon="0.226569967344403">
        <ele>1374</ele>
      </trkpt>
      <trkpt lat="42.668077005073428" lon="0.226766020059586">
        <ele>1377</ele>
      </trkpt>
      <trkpt lat="42.668083040043712" lon="0.226931981742382">
        <ele>1379</ele>
      </trkpt>
      <trkpt lat="42.668092008680105" lon="0.227100038900971">
        <ele>1382</ele>
      </trkpt>
      <trkpt lat="42.668078010901809" lon="0.227266000583768">
        <ele>1382</ele>
      </trkpt>
      <trkpt lat="42.668092008680105" lon="0.227375971153378">
        <ele>1384</ele>
      </trkpt>
      <trkpt lat="42.668116986751556" lon="0.227459035813808">
        <ele>1387</ele>
      </trkpt>
      <trkpt lat="42.668136013671756" lon="0.227540004998446">
        <ele>1389</ele>
      </trkpt>
      <trkpt lat="42.668179012835026" lon="0.227659028023481">
        <ele>1394</ele>
      </trkpt>
      <trkpt lat="42.668195022270083" lon="0.227712001651526">
        <ele>1395</ele>
      </trkpt>
      <trkpt lat="42.668195022270083" lon="0.227866983041167">
        <ele>1397</ele>
      </trkpt>
      <trkpt lat="42.668208014219999" lon="0.228006038814783">
        <ele>1399</ele>
      </trkpt>
      <trkpt lat="42.668217988684773" lon="0.228155991062522">
        <ele>1401</ele>
      </trkpt>
      <trkpt lat="42.66821002587676" lon="0.228188009932637">
        <ele>1400</ele>
      </trkpt>
      <trkpt lat="42.668190998956561" lon="0.228356989100575">
        <ele>1400</ele>
      </trkpt>
      <trkpt lat="42.6681889872998" lon="0.228437036275864">
        <ele>1400</ele>
      </trkpt>
      <trkpt lat="42.668198961764574" lon="0.228612972423434">
        <ele>1402</ele>
      </trkpt>
      <trkpt lat="42.668185969814658" lon="0.228770971298218">
        <ele>1402</ele>
      </trkpt>
      <trkpt lat="42.668195022270083" lon="0.228898040950298">
        <ele>1403</ele>
      </trkpt>
      <trkpt lat="42.668190998956561" lon="0.228935005143285">
        <ele>1403</ele>
      </trkpt>
      <trkpt lat="42.668211031705141" lon="0.229098033159971">
        <ele>1405</ele>
      </trkpt>
      <trkpt lat="42.668218994513154" lon="0.229196017608047">
        <ele>1406</ele>
      </trkpt>
      <trkpt lat="42.668212959542871" lon="0.229355022311211">
        <ele>1406</ele>
      </trkpt>
      <trkpt lat="42.668206002563238" lon="0.229356028139591">
        <ele>1405</ele>
      </trkpt>
      <trkpt lat="42.66820902004838" lon="0.229362985119224">
        <ele>1406</ele>
      </trkpt>
      <trkpt lat="42.66820902004838" lon="0.229362985119224">
        <ele>1406</ele>
      </trkpt>
      <trkpt lat="42.668206002563238" lon="0.229361979290843">
        <ele>1406</ele>
      </trkpt>
      <trkpt lat="42.668238021433353" lon="0.229511009529233">
        <ele>1409</ele>
      </trkpt>
      <trkpt lat="42.668247995898128" lon="0.229603964835405">
        <ele>1410</ele>
      </trkpt>
      <trkpt lat="42.668258976191282" lon="0.22969800978899">
        <ele>1411</ele>
      </trkpt>
      <trkpt lat="42.668254030868411" lon="0.229917028918862">
        <ele>1412</ele>
      </trkpt>
      <trkpt lat="42.668256964534521" lon="0.229991963133216">
        <ele>1413</ele>
      </trkpt>
      <trkpt lat="42.668278003111482" lon="0.23015096783638">
        <ele>1415</ele>
      </trkpt>
      <trkpt lat="42.668286971747875" lon="0.23017100058496">
        <ele>1416</ele>
      </trkpt>
      <trkpt lat="42.668344974517822" lon="0.230359006673098">
        <ele>1421</ele>
      </trkpt>
      <trkpt lat="42.668333994224668" lon="0.230462020263076">
        <ele>1421</ele>
      </trkpt>
      <trkpt lat="42.668371964246035" lon="0.230784974992275">
        <ele>1424</ele>
      </trkpt>
      <trkpt lat="42.668389985337853" lon="0.230983961373568">
        <ele>1426</ele>
      </trkpt>
      <trkpt lat="42.668398031964898" lon="0.231038024649024">
        <ele>1426</ele>
      </trkpt>
      <trkpt lat="42.668390991166234" lon="0.231145983561873">
        <ele>1426</ele>
      </trkpt>
      <trkpt lat="42.668413035571575" lon="0.231385035440326">
        <ele>1426</ele>
      </trkpt>
      <trkpt lat="42.668409012258053" lon="0.231424011290073">
        <ele>1425</ele>
      </trkpt>
      <trkpt lat="42.668428961187601" lon="0.23150397464633">
        <ele>1425</ele>
      </trkpt>
      <trkpt lat="42.668463997542858" lon="0.231691980734468">
        <ele>1424</ele>
      </trkpt>
      <trkpt lat="42.668472966179252" lon="0.231843022629619">
        <ele>1422</ele>
      </trkpt>
      <trkpt lat="42.668483024463058" lon="0.232005966827273">
        <ele>1419</ele>
      </trkpt>
      <trkpt lat="42.668474977836013" lon="0.232059024274349">
        <ele>1418</ele>
      </trkpt>
      <trkpt lat="42.668466009199619" lon="0.232279971241951">
        <ele>1421</ele>
      </trkpt>
      <trkpt lat="42.668465003371239" lon="0.23232196457684">
        <ele>1422</ele>
      </trkpt>
      <trkpt lat="42.668502973392606" lon="0.232524974271655">
        <ele>1425</ele>
      </trkpt>
      <trkpt lat="42.668544966727495" lon="0.232666963711381">
        <ele>1427</ele>
      </trkpt>
      <trkpt lat="42.668570028617978" lon="0.232867039740086">
        <ele>1429</ele>
      </trkpt>
      <trkpt lat="42.668578997254372" lon="0.232988996431232">
        <ele>1431</ele>
      </trkpt>
      <trkpt lat="42.668610010296106" lon="0.233110031113029">
        <ele>1432</ele>
      </trkpt>
      <trkpt lat="42.668631970882416" lon="0.233313962817192">
        <ele>1434</ele>
      </trkpt>
      <trkpt lat="42.668629959225655" lon="0.233366014435887">
        <ele>1435</ele>
      </trkpt>
      <trkpt lat="42.668637000024319" lon="0.233442960307002">
        <ele>1436</ele>
      </trkpt>
      <trkpt lat="42.668627025559545" lon="0.233530970290303">
        <ele>1437</ele>
      </trkpt>
      <trkpt lat="42.668629959225655" lon="0.233567012473941">
        <ele>1438</ele>
      </trkpt>
      <trkpt lat="42.668538009747863" lon="0.233721993863583">
        <ele>1440</ele>
      </trkpt>
      <trkpt lat="42.668517976999283" lon="0.233767004683614">
        <ele>1440</ele>
      </trkpt>
      <trkpt lat="42.668452011421323" lon="0.2339300327003">
        <ele>1441</ele>
      </trkpt>
      <trkpt lat="42.668413035571575" lon="0.234030028805137">
        <ele>1442</ele>
      </trkpt>
      <trkpt lat="42.668410018086433" lon="0.234110997989774">
        <ele>1442</ele>
      </trkpt>
      <trkpt lat="42.668414963409305" lon="0.234235972166061">
        <ele>1442</ele>
      </trkpt>
      <trkpt lat="42.668471038341522" lon="0.234410986304283">
        <ele>1442</ele>
      </trkpt>
      <trkpt lat="42.668488975614309" lon="0.234606033191085">
        <ele>1443</ele>
      </trkpt>
      <trkpt lat="42.668501967564225" lon="0.234694965183735">
        <ele>1443</ele>
      </trkpt>
      <trkpt lat="42.66853398643434" lon="0.234791021794081">
        <ele>1444</ele>
      </trkpt>
      <trkpt lat="42.668544966727495" lon="0.234939968213439">
        <ele>1445</ele>
      </trkpt>
      <trkpt lat="42.668570028617978" lon="0.235078018158674">
        <ele>1446</ele>
      </trkpt>
      <trkpt lat="42.668604981154203" lon="0.235147001221776">
        <ele>1447</ele>
      </trkpt>
      <trkpt lat="42.668658038601279" lon="0.235269041731954">
        <ele>1448</ele>
      </trkpt>
      <trkpt lat="42.668688967823982" lon="0.23530600592494">
        <ele>1449</ele>
      </trkpt>
      <trkpt lat="42.668730961158872" lon="0.23534799925983">
        <ele>1449</ele>
      </trkpt>
      <trkpt lat="42.668741019442677" lon="0.235395021736622">
        <ele>1450</ele>
      </trkpt>
      <trkpt lat="42.668788963928819" lon="0.235542040318251">
        <ele>1453</ele>
      </trkpt>
      <trkpt lat="42.668845038861036" lon="0.235662991181016">
        <ele>1456</ele>
      </trkpt>
      <trkpt lat="42.668879991397262" lon="0.235795006155968">
        <ele>1458</ele>
      </trkpt>
      <trkpt lat="42.668889965862036" lon="0.235830964520574">
        <ele>1459</ele>
      </trkpt>
      <trkpt lat="42.668913016095757" lon="0.235858038067818">
        <ele>1460</ele>
      </trkpt>
      <trkpt lat="42.668922990560532" lon="0.235889973118901">
        <ele>1460</ele>
      </trkpt>
      <trkpt lat="42.668952997773886" lon="0.236033974215388">
        <ele>1460</ele>
      </trkpt>
      <trkpt lat="42.668979987502098" lon="0.236132964491844">
        <ele>1461</ele>
      </trkpt>
      <trkpt lat="42.668986022472382" lon="0.236189961433411">
        <ele>1461</ele>
      </trkpt>
      <trkpt lat="42.669007983058691" lon="0.236255005002022">
        <ele>1461</ele>
      </trkpt>
      <trkpt lat="42.669022986665368" lon="0.236325999721885">
        <ele>1462</ele>
      </trkpt>
      <trkpt lat="42.669028015807271" lon="0.236364975571632">
        <ele>1463</ele>
      </trkpt>
      <trkpt lat="42.669062968343496" lon="0.236456003040075">
        <ele>1465</ele>
      </trkpt>
      <trkpt lat="42.669080989435315" lon="0.236485004425049">
        <ele>1466</ele>
      </trkpt>
      <trkpt lat="42.66911200247705" lon="0.236632023006678">
        <ele>1469</ele>
      </trkpt>
      <trkpt lat="42.66913597472012" lon="0.236770994961262">
        <ele>1471</ele>
      </trkpt>
      <trkpt lat="42.669168999418616" lon="0.236902004107833">
        <ele>1474</ele>
      </trkpt>
      <trkpt lat="42.669191965833306" lon="0.236978027969599">
        <ele>1476</ele>
      </trkpt>
      <trkpt lat="42.669210992753506" lon="0.237037036567926">
        <ele>1478</ele>
      </trkpt>
      <trkpt lat="42.669208981096745" lon="0.237200986593962">
        <ele>1479</ele>
      </trkpt>
      <trkpt lat="42.669203029945493" lon="0.237282961606979">
        <ele>1479</ele>
      </trkpt>
      <trkpt lat="42.669214010238647" lon="0.237421011552215">
        <ele>1480</ele>
      </trkpt>
      <trkpt lat="42.669267989695072" lon="0.237574987113476">
        <ele>1483</ele>
      </trkpt>
      <trkpt lat="42.669314006343484" lon="0.237739020958543">
        <ele>1486</ele>
      </trkpt>
      <trkpt lat="42.669317023828626" lon="0.237756036221981">
        <ele>1486</ele>
      </trkpt>
      <trkpt lat="42.669324986636639" lon="0.237810015678406">
        <ele>1487</ele>
      </trkpt>
      <trkpt lat="42.669323980808258" lon="0.237896014004946">
        <ele>1487</ele>
      </trkpt>
      <trkpt lat="42.669334039092064" lon="0.237966002896428">
        <ele>1488</ele>
      </trkpt>
      <trkpt lat="42.669335966929793" lon="0.238071028143168">
        <ele>1489</ele>
      </trkpt>
      <trkpt lat="42.669335966929793" lon="0.238071028143168">
        <ele>1489</ele>
      </trkpt>
      <trkpt lat="42.669336972758174" lon="0.238170018419623">
        <ele>1490</ele>
      </trkpt>
      <trkpt lat="42.669322974979877" lon="0.238308990374208">
        <ele>1490</ele>
      </trkpt>
      <trkpt lat="42.669320041313767" lon="0.238329023122787">
        <ele>1490</ele>
      </trkpt>
      <trkpt lat="42.669316018000245" lon="0.238366993144155">
        <ele>1490</ele>
      </trkpt>
      <trkpt lat="42.66930696554482" lon="0.238461960107088">
        <ele>1491</ele>
      </trkpt>
      <trkpt lat="42.669274024665356" lon="0.238616019487381">
        <ele>1491</ele>
      </trkpt>
      <trkpt lat="42.669265978038311" lon="0.238705035299063">
        <ele>1491</ele>
      </trkpt>
      <trkpt lat="42.669231025502086" lon="0.238779969513416">
        <ele>1491</ele>
      </trkpt>
      <trkpt lat="42.669209986925125" lon="0.238839983940125">
        <ele>1491</ele>
      </trkpt>
      <trkpt lat="42.669142009690404" lon="0.239034024998546">
        <ele>1492</ele>
      </trkpt>
      <trkpt lat="42.669104961678386" lon="0.239176014438272">
        <ele>1493</ele>
      </trkpt>
      <trkpt lat="42.669075038284063" lon="0.239318003877997">
        <ele>1494</ele>
      </trkpt>
      <trkpt lat="42.669059028849006" lon="0.239407019689679">
        <ele>1495</ele>
      </trkpt>
      <trkpt lat="42.669017035514116" lon="0.239573987200856">
        <ele>1497</ele>
      </trkpt>
      <trkpt lat="42.669015023857355" lon="0.239663003012538">
        <ele>1499</ele>
      </trkpt>
      <trkpt lat="42.669020975008607" lon="0.23968898691237">
        <ele>1499</ele>
      </trkpt>
      <trkpt lat="42.66902700997889" lon="0.23968999274075">
        <ele>1499</ele>
      </trkpt>
      <trkpt lat="42.669086018577218" lon="0.239637019112706">
        <ele>1500</ele>
      </trkpt>
      <trkpt lat="42.669104961678386" lon="0.239525958895683">
        <ele>1499</ele>
      </trkpt>
      <trkpt lat="42.669158019125462" lon="0.239353040233254">
        <ele>1498</ele>
      </trkpt>
      <trkpt lat="42.669163970276713" lon="0.23932496085763">
        <ele>1497</ele>
      </trkpt>
      <trkpt lat="42.669246029108763" lon="0.239148018881679">
        <ele>1497</ele>
      </trkpt>
      <trkpt lat="42.669338984414935" lon="0.238983985036612">
        <ele>1498</ele>
      </trkpt>
      <trkpt lat="42.669373014941812" lon="0.238897986710072">
        <ele>1498</ele>
      </trkpt>
      <trkpt lat="42.669402016326785" lon="0.238840989768505">
        <ele>1498</ele>
      </trkpt>
      <trkpt lat="42.669473011046648" lon="0.238720960915089">
        <ele>1500</ele>
      </trkpt>
      <trkpt lat="42.669496983289719" lon="0.238677961751819">
        <ele>1500</ele>
      </trkpt>
      <trkpt lat="42.669573007151484" lon="0.238587018102407">
        <ele>1502</ele>
      </trkpt>
      <trkpt lat="42.669655987992883" lon="0.238463971763849">
        <ele>1506</ele>
      </trkpt>
      <trkpt lat="42.669695969671011" lon="0.238282000645995">
        <ele>1508</ele>
      </trkpt>
      <trkpt lat="42.66973402351141" lon="0.238191979005933">
        <ele>1510</ele>
      </trkpt>
      <trkpt lat="42.669826978817582" lon="0.238041020929813">
        <ele>1515</ele>
      </trkpt>
      <trkpt lat="42.669935021549463" lon="0.237904982641339">
        <ele>1522</ele>
      </trkpt>
      <trkpt lat="42.669994030147791" lon="0.237842034548521">
        <ele>1526</ele>
      </trkpt>
      <trkpt lat="42.669994030147791" lon="0.23784002289176">
        <ele>1526</ele>
      </trkpt>
      <trkpt lat="42.669994030147791" lon="0.23784002289176">
        <ele>1526</ele>
      </trkpt>
      <trkpt lat="42.669994030147791" lon="0.23784002289176">
        <ele>1526</ele>
      </trkpt>
      <trkpt lat="42.669979026541114" lon="0.237823007628322">
        <ele>1526</ele>
      </trkpt>
      <trkpt lat="42.669979026541114" lon="0.237823007628322">
        <ele>1526</ele>
      </trkpt>
      <trkpt lat="42.669981038197875" lon="0.23782099597156">
        <ele>1526</ele>
      </trkpt>
      <trkpt lat="42.669981038197875" lon="0.23782099597156">
        <ele>1526</ele>
      </trkpt>
      <trkpt lat="42.669983971863985" lon="0.23762603290379">
        <ele>1528</ele>
      </trkpt>
      <trkpt lat="42.670001992955804" lon="0.237479014322162">
        <ele>1531</ele>
      </trkpt>
      <trkpt lat="42.670009033754468" lon="0.237414976581931">
        <ele>1532</ele>
      </trkpt>
      <trkpt lat="42.670021019876003" lon="0.237343981862068">
        <ele>1534</ele>
      </trkpt>
      <trkpt lat="42.670095032081008" lon="0.237219007685781">
        <ele>1542</ele>
      </trkpt>
      <trkpt lat="42.670196034014225" lon="0.237221019342542">
        <ele>1550</ele>
      </trkpt>
      <trkpt lat="42.670227969065309" lon="0.237349011003971">
        <ele>1551</ele>
      </trkpt>
      <trkpt lat="42.670225035399199" lon="0.237482031807303">
        <ele>1549</ele>
      </trkpt>
      <trkpt lat="42.670240961015224" lon="0.237530982121825">
        <ele>1549</ele>
      </trkpt>
      <trkpt lat="42.67025101929903" lon="0.237674983218312">
        <ele>1547</ele>
      </trkpt>
      <trkpt lat="42.670226963236928" lon="0.237928032875061">
        <ele>1541</ele>
      </trkpt>
      <trkpt lat="42.670182958245277" lon="0.238097012042999">
        <ele>1539</ele>
      </trkpt>
      <trkpt lat="42.670184969902039" lon="0.238196002319455">
        <ele>1539</ele>
      </trkpt>
      <trkpt lat="42.670167032629251" lon="0.238317037001252">
        <ele>1538</ele>
      </trkpt>
      <trkpt lat="42.670111041516066" lon="0.238516023382545">
        <ele>1535</ele>
      </trkpt>
      <trkpt lat="42.670061001554132" lon="0.238730013370514">
        <ele>1532</ele>
      </trkpt>
      <trkpt lat="42.670053038746119" lon="0.238856999203563">
        <ele>1533</ele>
      </trkpt>
      <trkpt lat="42.670085979625583" lon="0.23893503472209">
        <ele>1537</ele>
      </trkpt>
      <trkpt lat="42.670110035687685" lon="0.238930005580187">
        <ele>1538</ele>
      </trkpt>
      <trkpt lat="42.67014498822391" lon="0.238818023353815">
        <ele>1538</ele>
      </trkpt>
      <trkpt lat="42.670173989608884" lon="0.238664969801903">
        <ele>1539</ele>
      </trkpt>
      <trkpt lat="42.670197961851954" lon="0.238535972312093">
        <ele>1540</ele>
      </trkpt>
      <trkpt lat="42.670260993763804" lon="0.238387025892735">
        <ele>1544</ele>
      </trkpt>
      <trkpt lat="42.670277003198862" lon="0.238374033942819">
        <ele>1545</ele>
      </trkpt>
      <trkpt lat="42.670381022617221" lon="0.238383002579212">
        <ele>1551</ele>
      </trkpt>
      <trkpt lat="42.670429972931743" lon="0.238449973985553">
        <ele>1555</ele>
      </trkpt>
      <trkpt lat="42.670421004295349" lon="0.23859397508204">
        <ele>1554</ele>
      </trkpt>
      <trkpt lat="42.670414969325066" lon="0.238695982843637">
        <ele>1553</ele>
      </trkpt>
      <trkpt lat="42.670415975153446" lon="0.238818023353815">
        <ele>1554</ele>
      </trkpt>
      <trkpt lat="42.670374987646937" lon="0.238932017236948">
        <ele>1554</ele>
      </trkpt>
      <trkpt lat="42.670326037332416" lon="0.239047016948462">
        <ele>1553</ele>
      </trkpt>
      <trkpt lat="42.670282032340765" lon="0.239182971417904">
        <ele>1553</ele>
      </trkpt>
      <trkpt lat="42.670269040390849" lon="0.239273998886347">
        <ele>1554</ele>
      </trkpt>
      <trkpt lat="42.670225035399199" lon="0.239441972225904">
        <ele>1554</ele>
      </trkpt>
      <trkpt lat="42.670213971287012" lon="0.239523025229573">
        <ele>1555</ele>
      </trkpt>
      <trkpt lat="42.670211037620902" lon="0.239553032442927">
        <ele>1555</ele>
      </trkpt>
      <trkpt lat="42.670215982943773" lon="0.239607011899352">
        <ele>1557</ele>
      </trkpt>
      <trkpt lat="42.670232998207211" lon="0.2396459877491">
        <ele>1558</ele>
      </trkpt>
      <trkpt lat="42.670282032340765" lon="0.239707008004189">
        <ele>1563</ele>
      </trkpt>
      <trkpt lat="42.670349003747106" lon="0.239765010774136">
        <ele>1568</ele>
      </trkpt>
      <trkpt lat="42.670381022617221" lon="0.239827958866954">
        <ele>1571</ele>
      </trkpt>
      <trkpt lat="42.670450005680323" lon="0.239984029904008">
        <ele>1577</ele>
      </trkpt>
      <trkpt lat="42.670468026772141" lon="0.240047983825207">
        <ele>1579</ele>
      </trkpt>
      <trkpt lat="42.670458974316716" lon="0.240193996578455">
        <ele>1580</ele>
      </trkpt>
      <trkpt lat="42.670452017337084" lon="0.240242024883628">
        <ele>1580</ele>
      </trkpt>
      <trkpt lat="42.670448999851942" lon="0.240242024883628">
        <ele>1580</ele>
      </trkpt>
      <trkpt lat="42.670448999851942" lon="0.240242024883628">
        <ele>1580</ele>
      </trkpt>
      <trkpt lat="42.670442964881659" lon="0.240246970206499">
        <ele>1579</ele>
      </trkpt>
      <trkpt lat="42.670439025387168" lon="0.240250993520021">
        <ele>1579</ele>
      </trkpt>
      <trkpt lat="42.670439025387168" lon="0.240250993520021">
        <ele>1579</ele>
      </trkpt>
      <trkpt lat="42.670432990416884" lon="0.240256022661924">
        <ele>1579</ele>
      </trkpt>
      <trkpt lat="42.670427039265633" lon="0.240256022661924">
        <ele>1579</ele>
      </trkpt>
      <trkpt lat="42.670416980981827" lon="0.240250993520021">
        <ele>1578</ele>
      </trkpt>
      <trkpt lat="42.670418992638588" lon="0.240277983248234">
        <ele>1578</ele>
      </trkpt>
      <trkpt lat="42.670451011508703" lon="0.24041997268796">
        <ele>1582</ele>
      </trkpt>
      <trkpt lat="42.670468026772141" lon="0.240444028750062">
        <ele>1583</ele>
      </trkpt>
      <trkpt lat="42.670524017885327" lon="0.240543019026518">
        <ele>1586</ele>
      </trkpt>
      <trkpt lat="42.670582020655274" lon="0.240628011524677">
        <ele>1589</ele>
      </trkpt>
      <trkpt lat="42.670582020655274" lon="0.240628011524677">
        <ele>1589</ele>
      </trkpt>
      <trkpt lat="42.670714035630226" lon="0.240713004022837">
        <ele>1595</ele>
      </trkpt>
      <trkpt lat="42.670733984559774" lon="0.240748962387443">
        <ele>1596</ele>
      </trkpt>
      <trkpt lat="42.670762985944748" lon="0.240810988470912">
        <ele>1597</ele>
      </trkpt>
      <trkpt lat="42.67078603617847" lon="0.240951972082257">
        <ele>1598</ele>
      </trkpt>
      <trkpt lat="42.670769020915031" lon="0.240992037579417">
        <ele>1598</ele>
      </trkpt>
      <trkpt lat="42.670753011479974" lon="0.241029001772404">
        <ele>1597</ele>
      </trkpt>
      <trkpt lat="42.670686962082982" lon="0.241146013140678">
        <ele>1596</ele>
      </trkpt>
      <trkpt lat="42.670683022588491" lon="0.241161016747355">
        <ele>1596</ele>
      </trkpt>
      <trkpt lat="42.670684028416872" lon="0.241243997588754">
        <ele>1596</ele>
      </trkpt>
      <trkpt lat="42.670691991224885" lon="0.24127802811563">
        <ele>1596</ele>
      </trkpt>
      <trkpt lat="42.670720992609859" lon="0.241337036713958">
        <ele>1597</ele>
      </trkpt>
      <trkpt lat="42.670813025906682" lon="0.241397973150015">
        <ele>1600</ele>
      </trkpt>
      <trkpt lat="42.670862982049584" lon="0.241409037262201">
        <ele>1602</ele>
      </trkpt>
      <trkpt lat="42.67091503366828" lon="0.241455975919962">
        <ele>1603</ele>
      </trkpt>
      <trkpt lat="42.670948980376124" lon="0.241564018651843">
        <ele>1604</ele>
      </trkpt>
      <trkpt lat="42.670973036438227" lon="0.241715982556343">
        <ele>1606</ele>
      </trkpt>
      <trkpt lat="42.670989967882633" lon="0.241855038329959">
        <ele>1607</ele>
      </trkpt>
      <trkpt lat="42.671043025329709" lon="0.24200800806284">
        <ele>1609</ele>
      </trkpt>
      <trkpt lat="42.671048976480961" lon="0.242034997791052">
        <ele>1609</ele>
      </trkpt>
      <trkpt lat="42.671117959544063" lon="0.242128958925605">
        <ele>1611</ele>
      </trkpt>
      <trkpt lat="42.671210998669267" lon="0.242248987779021">
        <ele>1613</ele>
      </trkpt>
      <trkpt lat="42.671246035024524" lon="0.24228896945715">
        <ele>1614</ele>
      </trkpt>
      <trkpt lat="42.671364974230528" lon="0.242419978603721">
        <ele>1616</ele>
      </trkpt>
      <trkpt lat="42.671418031677604" lon="0.242471024394035">
        <ele>1616</ele>
      </trkpt>
      <trkpt lat="42.671567983925343" lon="0.24259096942842">
        <ele>1619</ele>
      </trkpt>
      <trkpt lat="42.671687006950378" lon="0.242701023817062">
        <ele>1621</ele>
      </trkpt>
      <trkpt lat="42.671825978904963" lon="0.24286899715662">
        <ele>1622</ele>
      </trkpt>
      <trkpt lat="42.671982971951365" lon="0.242974022403359">
        <ele>1624</ele>
      </trkpt>
      <trkpt lat="42.672095960006118" lon="0.243062032386661">
        <ele>1625</ele>
      </trkpt>
      <trkpt lat="42.672132002189755" lon="0.243101008236408">
        <ele>1626</ele>
      </trkpt>
      <trkpt lat="42.67220601439476" lon="0.243166973814368">
        <ele>1627</ele>
      </trkpt>
      <trkpt lat="42.672265022993088" lon="0.243251966312528">
        <ele>1627</ele>
      </trkpt>
      <trkpt lat="42.672359989956021" lon="0.243322961032391">
        <ele>1628</ele>
      </trkpt>
      <trkpt lat="42.672383962199092" lon="0.243327990174294">
        <ele>1628</ele>
      </trkpt>
      <trkpt lat="42.672555958852172" lon="0.243422035127878">
        <ele>1630</ele>
      </trkpt>
      <trkpt lat="42.672618990764022" lon="0.243452964350581">
        <ele>1630</ele>
      </trkpt>
      <trkpt lat="42.672739019617438" lon="0.243437960743904">
        <ele>1633</ele>
      </trkpt>
      <trkpt lat="42.672949992120266" lon="0.243475008755922">
        <ele>1636</ele>
      </trkpt>
      <trkpt lat="42.672985028475523" lon="0.243474002927542">
        <ele>1637</ele>
      </trkpt>
      <trkpt lat="42.673125006258488" lon="0.243475008755922">
        <ele>1640</ele>
      </trkpt>
      <trkpt lat="42.673204969614744" lon="0.243471991270781">
        <ele>1642</ele>
      </trkpt>
      <trkpt lat="42.673231959342957" lon="0.243481965735555">
        <ele>1642</ele>
      </trkpt>
      <trkpt lat="42.673395993188024" lon="0.243475008755922">
        <ele>1645</ele>
      </trkpt>
      <trkpt lat="42.673501018434763" lon="0.243538962677121">
        <ele>1645</ele>
      </trkpt>
      <trkpt lat="42.673591962084174" lon="0.243590008467436">
        <ele>1645</ele>
      </trkpt>
      <trkpt lat="42.673704028129578" lon="0.243675000965595">
        <ele>1643</ele>
      </trkpt>
      <trkpt lat="42.673791032284498" lon="0.243724035099149">
        <ele>1644</ele>
      </trkpt>
      <trkpt lat="42.673868983983994" lon="0.243773991242051">
        <ele>1644</ele>
      </trkpt>
      <trkpt lat="42.673969985917211" lon="0.243884967640042">
        <ele>1644</ele>
      </trkpt>
      <trkpt lat="42.674089008942246" lon="0.243958979845047">
        <ele>1645</ele>
      </trkpt>
      <trkpt lat="42.674094038084149" lon="0.243999967351556">
        <ele>1644</ele>
      </trkpt>
      <trkpt lat="42.674094038084149" lon="0.243999967351556">
        <ele>1644</ele>
      </trkpt>
      <trkpt lat="42.674113987013698" lon="0.244022011756897">
        <ele>1644</ele>
      </trkpt>
      <trkpt lat="42.674113987013698" lon="0.244022011756897">
        <ele>1644</ele>
      </trkpt>
      <trkpt lat="42.674143994227052" lon="0.244036009535193">
        <ele>1644</ele>
      </trkpt>
      <trkpt lat="42.674275003373623" lon="0.244154026731849">
        <ele>1644</ele>
      </trkpt>
      <trkpt lat="42.674335017800331" lon="0.244205994531512">
        <ele>1643</ele>
      </trkpt>
      <trkpt lat="42.674410035833716" lon="0.244281012564898">
        <ele>1643</ele>
      </trkpt>
      <trkpt lat="42.674457980319858" lon="0.244320994243026">
        <ele>1643</ele>
      </trkpt>
      <trkpt lat="42.674495028331876" lon="0.244363993406296">
        <ele>1642</ele>
      </trkpt>
      <trkpt lat="42.674581026658416" lon="0.24454596452415">
        <ele>1637</ele>
      </trkpt>
      <trkpt lat="42.674593012779951" lon="0.244563985615969">
        <ele>1636</ele>
      </trkpt>
      <trkpt lat="42.67461103387177" lon="0.244602961465716">
        <ele>1636</ele>
      </trkpt>
      <trkpt lat="42.674684962257743" lon="0.244688037782907">
        <ele>1638</ele>
      </trkpt>
      <trkpt lat="42.674732990562916" lon="0.244770012795925">
        <ele>1640</ele>
      </trkpt>
      <trkpt lat="42.674746988341212" lon="0.244821980595589">
        <ele>1640</ele>
      </trkpt>
      <trkpt lat="42.674746988341212" lon="0.244821980595589">
        <ele>1640</ele>
      </trkpt>
      <trkpt lat="42.674818988889456" lon="0.244900016114116">
        <ele>1642</ele>
      </trkpt>
      <trkpt lat="42.67493600025773" lon="0.244992971420288">
        <ele>1646</ele>
      </trkpt>
      <trkpt lat="42.674965001642704" lon="0.245018033310771">
        <ele>1646</ele>
      </trkpt>
      <trkpt lat="42.675050999969244" lon="0.245160022750497">
        <ele>1648</ele>
      </trkpt>
      <trkpt lat="42.675052005797625" lon="0.245216013863683">
        <ele>1647</ele>
      </trkpt>
      <trkpt lat="42.675040019676089" lon="0.245430003851652">
        <ele>1645</ele>
      </trkpt>
      <trkpt lat="42.675025016069412" lon="0.245569981634617">
        <ele>1645</ele>
      </trkpt>
      <trkpt lat="42.675058040767908" lon="0.245699984952807">
        <ele>1647</ele>
      </trkpt>
      <trkpt lat="42.675069021061063" lon="0.245800986886024">
        <ele>1649</ele>
      </trkpt>
      <trkpt lat="42.675069021061063" lon="0.245800986886024">
        <ele>1649</ele>
      </trkpt>
      <trkpt lat="42.675083018839359" lon="0.245960997417569">
        <ele>1650</ele>
      </trkpt>
      <trkpt lat="42.675093999132514" lon="0.24598203599453">
        <ele>1650</ele>
      </trkpt>
      <trkpt lat="42.675131969153881" lon="0.246019000187516">
        <ele>1651</ele>
      </trkpt>
      <trkpt lat="42.675162982195616" lon="0.246039032936096">
        <ele>1651</ele>
      </trkpt>
      <trkpt lat="42.675253003835678" lon="0.246069962158799">
        <ele>1652</ele>
      </trkpt>
      <trkpt lat="42.675363980233669" lon="0.24607197381556">
        <ele>1653</ele>
      </trkpt>
      <trkpt lat="42.675412008538842" lon="0.246066022664309">
        <ele>1653</ele>
      </trkpt>
      <trkpt lat="42.675517033785582" lon="0.246035009622574">
        <ele>1658</ele>
      </trkpt>
      <trkpt lat="42.675573024898767" lon="0.24602897465229">
        <ele>1660</ele>
      </trkpt>
      <trkpt lat="42.675595991313457" lon="0.24602897465229">
        <ele>1661</ele>
      </trkpt>
      <trkpt lat="42.675720965489745" lon="0.246061999350786">
        <ele>1665</ele>
      </trkpt>
      <trkpt lat="42.675756001845002" lon="0.246082032099366">
        <ele>1667</ele>
      </trkpt>
      <trkpt lat="42.675810987129807" lon="0.24615503847599">
        <ele>1668</ele>
      </trkpt>
      <trkpt lat="42.675848035141826" lon="0.246184039860964">
        <ele>1669</ele>
      </trkpt>
      <trkpt lat="42.67588097602129" lon="0.246253022924066">
        <ele>1669</ele>
      </trkpt>
      <trkpt lat="42.675906037911773" lon="0.246280012652278">
        <ele>1670</ele>
      </trkpt>
      <trkpt lat="42.675951970741153" lon="0.246347989886999">
        <ele>1672</ele>
      </trkpt>
      <trkpt lat="42.676045009866357" lon="0.24643499404192">
        <ele>1674</ele>
      </trkpt>
      <trkpt lat="42.676081974059343" lon="0.246483022347093">
        <ele>1675</ele>
      </trkpt>
      <trkpt lat="42.67613897100091" lon="0.246546976268291">
        <ele>1676</ele>
      </trkpt>
      <trkpt lat="42.67622203566134" lon="0.246660970151424">
        <ele>1676</ele>
      </trkpt>
      <trkpt lat="42.676286995410919" lon="0.246774964034557">
        <ele>1677</ele>
      </trkpt>
      <trkpt lat="42.676360001787543" lon="0.246897004544735">
        <ele>1679</ele>
      </trkpt>
      <trkpt lat="42.676367964595556" lon="0.246913013979793">
        <ele>1679</ele>
      </trkpt>
      <trkpt lat="42.676433008164167" lon="0.247006975114346">
        <ele>1680</ele>
      </trkpt>
      <trkpt lat="42.676453040912747" lon="0.247046034783125">
        <ele>1681</ele>
      </trkpt>
      <trkpt lat="42.676472989842296" lon="0.247072018682957">
        <ele>1681</ele>
      </trkpt>
      <trkpt lat="42.676559993997216" lon="0.247242003679276">
        <ele>1684</ele>
      </trkpt>
      <trkpt lat="42.676637023687363" lon="0.247387010604143">
        <ele>1686</ele>
      </trkpt>
      <trkpt lat="42.676649009808898" lon="0.247418023645878">
        <ele>1686</ele>
      </trkpt>
      <trkpt lat="42.676660995930433" lon="0.247449958696961">
        <ele>1687</ele>
      </trkpt>
      <trkpt lat="42.676687985658646" lon="0.247521959245205">
        <ele>1687</ele>
      </trkpt>
      <trkpt lat="42.67674095928669" lon="0.247657997533679">
        <ele>1687</ele>
      </trkpt>
      <trkpt lat="42.676765015348792" lon="0.24776503443718">
        <ele>1687</ele>
      </trkpt>
      <trkpt lat="42.676809020340443" lon="0.247924961149693">
        <ele>1686</ele>
      </trkpt>
      <trkpt lat="42.676835004240274" lon="0.247958991676569">
        <ele>1686</ele>
      </trkpt>
      <trkpt lat="42.676900969818234" lon="0.248151021078229">
        <ele>1687</ele>
      </trkpt>
      <trkpt lat="42.676907004788518" lon="0.248192008584738">
        <ele>1687</ele>
      </trkpt>
      <trkpt lat="42.676956038922071" lon="0.248339027166367">
        <ele>1686</ele>
      </trkpt>
      <trkpt lat="42.676998032256961" lon="0.248428964987397">
        <ele>1686</ele>
      </trkpt>
      <trkpt lat="42.677052011713386" lon="0.248594004660845">
        <ele>1684</ele>
      </trkpt>
      <trkpt lat="42.677137004211545" lon="0.248763989657164">
        <ele>1685</ele>
      </trkpt>
      <trkpt lat="42.677144967019558" lon="0.248772958293557">
        <ele>1685</ele>
      </trkpt>
      <trkpt lat="42.677216967567801" lon="0.248871026560664">
        <ele>1689</ele>
      </trkpt>
      <trkpt lat="42.677290979772806" lon="0.248953001573682">
        <ele>1693</ele>
      </trkpt>
      <trkpt lat="42.677301960065961" lon="0.249007986858487">
        <ele>1693</ele>
      </trkpt>
      <trkpt lat="42.677318975329399" lon="0.249060038477182">
        <ele>1694</ele>
      </trkpt>
      <trkpt lat="42.67736298032105" lon="0.249276962131262">
        <ele>1695</ele>
      </trkpt>
      <trkpt lat="42.677415031939745" lon="0.249399002641439">
        <ele>1697</ele>
      </trkpt>
      <trkpt lat="42.677431041374803" lon="0.249425992369652">
        <ele>1698</ele>
      </trkpt>
      <trkpt lat="42.67749298363924" lon="0.249611986801028">
        <ele>1699</ele>
      </trkpt>
      <trkpt lat="42.677496001124382" lon="0.249621961265802">
        <ele>1699</ele>
      </trkpt>
      <trkpt lat="42.677505975589156" lon="0.249649034813046">
        <ele>1700</ele>
      </trkpt>
      <trkpt lat="42.677589040249586" lon="0.249793035909534">
        <ele>1702</ele>
      </trkpt>
      <trkpt lat="42.677589962258935" lon="0.249813990667462">
        <ele>1702</ele>
      </trkpt>
      <trkpt lat="42.677618963643909" lon="0.249902000650764">
        <ele>1702</ele>
      </trkpt>
      <trkpt lat="42.677645031362772" lon="0.250071985647082">
        <ele>1702</ele>
      </trkpt>
      <trkpt lat="42.67764100804925" lon="0.250097969546914">
        <ele>1702</ele>
      </trkpt>
      <trkpt lat="42.677633967250586" lon="0.250308020040393">
        <ele>1701</ele>
      </trkpt>
      <trkpt lat="42.67764100804925" lon="0.250498037785292">
        <ele>1701</ele>
      </trkpt>
      <trkpt lat="42.677646037191153" lon="0.250567020848393">
        <ele>1701</ele>
      </trkpt>
      <trkpt lat="42.677671015262604" lon="0.25077598169446">
        <ele>1701</ele>
      </trkpt>
      <trkpt lat="42.677679983898997" lon="0.250800037756562">
        <ele>1701</ele>
      </trkpt>
      <trkpt lat="42.6777040399611" lon="0.250912019982934">
        <ele>1702</ele>
      </trkpt>
      <trkpt lat="42.677744021639228" lon="0.251093991100788">
        <ele>1702</ele>
      </trkpt>
      <trkpt lat="42.677776962518692" lon="0.251279985532165">
        <ele>1702</ele>
      </trkpt>
      <trkpt lat="42.677832031622529" lon="0.251438990235329">
        <ele>1703</ele>
      </trkpt>
      <trkpt lat="42.677881987765431" lon="0.251603024080396">
        <ele>1704</ele>
      </trkpt>
      <trkpt lat="42.677944013848901" lon="0.251726992428303">
        <ele>1706</ele>
      </trkpt>
      <trkpt lat="42.678022971376777" lon="0.251905024051666">
        <ele>1711</ele>
      </trkpt>
      <trkpt lat="42.678079968318343" lon="0.252034021541476">
        <ele>1714</ele>
      </trkpt>
      <trkpt lat="42.67809396609664" lon="0.252081966027617">
        <ele>1715</ele>
      </trkpt>
      <trkpt lat="42.678150041028857" lon="0.25223501957953">
        <ele>1718</ele>
      </trkpt>
      <trkpt lat="42.678217012435198" lon="0.252424031496048">
        <ele>1721</ele>
      </trkpt>
      <trkpt lat="42.67822296358645" lon="0.252441968768835">
        <ele>1721</ele>
      </trkpt>
      <trkpt lat="42.678308039903641" lon="0.252637015655637">
        <ele>1724</ele>
      </trkpt>
      <trkpt lat="42.678354978561401" lon="0.252776993438601">
        <ele>1725</ele>
      </trkpt>
      <trkpt lat="42.678409041836858" lon="0.252963993698359">
        <ele>1727</ele>
      </trkpt>
      <trkpt lat="42.67843603156507" lon="0.25313900783658">
        <ele>1729</ele>
      </trkpt>
      <trkpt lat="42.678454974666238" lon="0.253221988677979">
        <ele>1730</ele>
      </trkpt>
      <trkpt lat="42.678484981879592" lon="0.253392979502678">
        <ele>1732</ele>
      </trkpt>
      <trkpt lat="42.678486993536353" lon="0.253426004201174">
        <ele>1733</ele>
      </trkpt>
      <trkpt lat="42.678514989092946" lon="0.253606969490647">
        <ele>1734</ele>
      </trkpt>
      <trkpt lat="42.678542984649539" lon="0.253776032477617">
        <ele>1736</ele>
      </trkpt>
      <trkpt lat="42.678579026833177" lon="0.253884997218847">
        <ele>1737</ele>
      </trkpt>
      <trkpt lat="42.67854399047792" lon="0.254075014963746">
        <ele>1739</ele>
      </trkpt>
      <trkpt lat="42.678520018234849" lon="0.254124971106648">
        <ele>1740</ele>
      </trkpt>
      <trkpt lat="42.67848196439445" lon="0.254261009395123">
        <ele>1742</ele>
      </trkpt>
      <trkpt lat="42.678456986322999" lon="0.254469970241189">
        <ele>1744</ele>
      </trkpt>
      <trkpt lat="42.678442988544703" lon="0.254498971626163">
        <ele>1745</ele>
      </trkpt>
      <trkpt lat="42.678450029343367" lon="0.254569966346025">
        <ele>1745</ele>
      </trkpt>
      <trkpt lat="42.678453968837857" lon="0.254746992141008">
        <ele>1748</ele>
      </trkpt>
      <trkpt lat="42.678441982716322" lon="0.254840031266212">
        <ele>1750</ele>
      </trkpt>
      <trkpt lat="42.678412981331348" lon="0.255023008212447">
        <ele>1753</ele>
      </trkpt>
      <trkpt lat="42.678370987996459" lon="0.255168015137315">
        <ele>1755</ele>
      </trkpt>
      <trkpt lat="42.678355984389782" lon="0.255306987091899">
        <ele>1758</ele>
      </trkpt>
      <trkpt lat="42.678339974954724" lon="0.255445037037134">
        <ele>1760</ele>
      </trkpt>
      <trkpt lat="42.678308039903641" lon="0.255645029246807">
        <ele>1762</ele>
      </trkpt>
      <trkpt lat="42.678304016590118" lon="0.255724992603064">
        <ele>1763</ele>
      </trkpt>
      <trkpt lat="42.678281972184777" lon="0.255818031728268">
        <ele>1764</ele>
      </trkpt>
      <trkpt lat="42.678280966356397" lon="0.255865976214409">
        <ele>1765</ele>
      </trkpt>
      <trkpt lat="42.678290018811822" lon="0.256066974252462">
        <ele>1766</ele>
      </trkpt>
      <trkpt lat="42.678298987448215" lon="0.256136963143945">
        <ele>1767</ele>
      </trkpt>
      <trkpt lat="42.678326983004808" lon="0.256204018369317">
        <ele>1767</ele>
      </trkpt>
      <trkpt lat="42.678341986611485" lon="0.256306026130915">
        <ele>1767</ele>
      </trkpt>
      <trkpt lat="42.678361013531685" lon="0.256493026390672">
        <ele>1769</ele>
      </trkpt>
      <trkpt lat="42.678380040451884" lon="0.256654964759946">
        <ele>1770</ele>
      </trkpt>
      <trkpt lat="42.678396971896291" lon="0.256728976964951">
        <ele>1771</ele>
      </trkpt>
      <trkpt lat="42.678419016301632" lon="0.256799971684814">
        <ele>1771</ele>
      </trkpt>
      <trkpt lat="42.678441982716322" lon="0.256864009425044">
        <ele>1771</ele>
      </trkpt>
      <trkpt lat="42.678490011021495" lon="0.257001975551248">
        <ele>1770</ele>
      </trkpt>
      <trkpt lat="42.678490011021495" lon="0.257025025784969">
        <ele>1771</ele>
      </trkpt>
      <trkpt lat="42.678499985486269" lon="0.257064001634717">
        <ele>1771</ele>
      </trkpt>
      <trkpt lat="42.678546002134681" lon="0.257262988016009">
        <ele>1771</ele>
      </trkpt>
      <trkpt lat="42.678551031276584" lon="0.257283020764589">
        <ele>1771</ele>
      </trkpt>
      <trkpt lat="42.67856796272099" lon="0.257373964414001">
        <ele>1771</ele>
      </trkpt>
      <trkpt lat="42.678572991862893" lon="0.25754302740097">
        <ele>1772</ele>
      </trkpt>
      <trkpt lat="42.678554970771074" lon="0.257707983255386">
        <ele>1774</ele>
      </trkpt>
      <trkpt lat="42.678554970771074" lon="0.257867993786931">
        <ele>1775</ele>
      </trkpt>
      <trkpt lat="42.678554970771074" lon="0.257878974080086">
        <ele>1775</ele>
      </trkpt>
      <trkpt lat="42.678558994084597" lon="0.257948040962219">
        <ele>1776</ele>
      </trkpt>
      <trkpt lat="42.678569974377751" lon="0.258021969348192">
        <ele>1776</ele>
      </trkpt>
      <trkpt lat="42.678582966327667" lon="0.258158007636666">
        <ele>1777</ele>
      </trkpt>
      <trkpt lat="42.678585983812809" lon="0.25818700902164">
        <ele>1777</ele>
      </trkpt>
      <trkpt lat="42.678595958277583" lon="0.258245011791587">
        <ele>1777</ele>
      </trkpt>
      <trkpt lat="42.67860802821815" lon="0.258285999298096">
        <ele>1777</ele>
      </trkpt>
      <trkpt lat="42.678615991026163" lon="0.258459001779556">
        <ele>1778</ele>
      </trkpt>
      <trkpt lat="42.678613979369402" lon="0.258571989834309">
        <ele>1779</ele>
      </trkpt>
      <trkpt lat="42.678593024611473" lon="0.25868397206068">
        <ele>1781</ele>
      </trkpt>
      <trkpt lat="42.678583972156048" lon="0.258796038106084">
        <ele>1783</ele>
      </trkpt>
      <trkpt lat="42.678571986034513" lon="0.25885496288538">
        <ele>1783</ele>
      </trkpt>
      <trkpt lat="42.678598975762725" lon="0.259088985621929">
        <ele>1783</ele>
      </trkpt>
      <trkpt lat="42.678645998239517" lon="0.259359972551465">
        <ele>1782</ele>
      </trkpt>
      <trkpt lat="42.67865002155304" lon="0.259561976417899">
        <ele>1783</ele>
      </trkpt>
      <trkpt lat="42.67862998880446" lon="0.259646968916059">
        <ele>1784</ele>
      </trkpt>
      <trkpt lat="42.678632000461221" lon="0.259644035249949">
        <ele>1784</ele>
      </trkpt>
      <trkpt lat="42.678622025996447" lon="0.259661972522736">
        <ele>1785</ele>
      </trkpt>
      <trkpt lat="42.67858698964119" lon="0.259773032739758">
        <ele>1787</ele>
      </trkpt>
      <trkpt lat="42.678547007963061" lon="0.25986397638917">
        <ele>1789</ele>
      </trkpt>
      <trkpt lat="42.678532004356384" lon="0.259938994422555">
        <ele>1790</ele>
      </trkpt>
      <trkpt lat="42.678507026284933" lon="0.260153990238905">
        <ele>1791</ele>
      </trkpt>
      <trkpt lat="42.678505014628172" lon="0.260167988017201">
        <ele>1792</ele>
      </trkpt>
      <trkpt lat="42.678484981879592" lon="0.260350964963436">
        <ele>1793</ele>
      </trkpt>
      <trkpt lat="42.67850099131465" lon="0.260520027950406">
        <ele>1794</ele>
      </trkpt>
      <trkpt lat="42.678520018234849" lon="0.260632010176778">
        <ele>1795</ele>
      </trkpt>
      <trkpt lat="42.678547007963061" lon="0.260770982131362">
        <ele>1796</ele>
      </trkpt>
      <trkpt lat="42.678548013791442" lon="0.260781040415168">
        <ele>1796</ele>
      </trkpt>
      <trkpt lat="42.678555976599455" lon="0.260888999328017">
        <ele>1797</ele>
      </trkpt>
      <trkpt lat="42.678559999912977" lon="0.260978015139699">
        <ele>1798</ele>
      </trkpt>
      <trkpt lat="42.678575003519654" lon="0.261054039001465">
        <ele>1799</ele>
      </trkpt>
      <trkpt lat="42.678570980206132" lon="0.261083040386438">
        <ele>1799</ele>
      </trkpt>
      <trkpt lat="42.67856502905488" lon="0.261163003742695">
        <ele>1800</ele>
      </trkpt>
      <trkpt lat="42.678557988256216" lon="0.261242967098951">
        <ele>1801</ele>
      </trkpt>
      <trkpt lat="42.678550025448203" lon="0.261408006772399">
        <ele>1804</ele>
      </trkpt>
      <trkpt lat="42.678509037941694" lon="0.26147497817874">
        <ele>1805</ele>
      </trkpt>
      <trkpt lat="42.678440976887941" lon="0.261532980948687">
        <ele>1807</ele>
      </trkpt>
      <trkpt lat="42.678376017138362" lon="0.261629037559032">
        <ele>1808</ele>
      </trkpt>
      <trkpt lat="42.678365958854556" lon="0.261672036722302">
        <ele>1809</ele>
      </trkpt>
      <trkpt lat="42.678333017975092" lon="0.261719981208444">
        <ele>1809</ele>
      </trkpt>
      <trkpt lat="42.678267974406481" lon="0.261874962598085">
        <ele>1811</ele>
      </trkpt>
      <trkpt lat="42.67822296358645" lon="0.261950986459851">
        <ele>1812</ele>
      </trkpt>
      <trkpt lat="42.678147023543715" lon="0.262071015313268">
        <ele>1813</ele>
      </trkpt>
      <trkpt lat="42.678140988573432" lon="0.262101022526622">
        <ele>1814</ele>
      </trkpt>
      <trkpt lat="42.678130008280277" lon="0.262158019468188">
        <ele>1815</ele>
      </trkpt>
      <trkpt lat="42.678089020773768" lon="0.262260027229786">
        <ele>1816</ele>
      </trkpt>
      <trkpt lat="42.678067982196808" lon="0.262329010292888">
        <ele>1817</ele>
      </trkpt>
      <trkpt lat="42.678074017167091" lon="0.262389024719596">
        <ele>1818</ele>
      </trkpt>
      <trkpt lat="42.67813503742218" lon="0.262469993904233">
        <ele>1820</ele>
      </trkpt>
      <trkpt lat="42.678146017715335" lon="0.262470999732614">
        <ele>1820</ele>
      </trkpt>
      <trkpt lat="42.678188011050224" lon="0.262460019439459">
        <ele>1819</ele>
      </trkpt>
      <trkpt lat="42.678237967193127" lon="0.262425988912582">
        <ele>1819</ele>
      </trkpt>
      <trkpt lat="42.678308039903641" lon="0.262336973100901">
        <ele>1817</ele>
      </trkpt>
      <trkpt lat="42.678364031016827" lon="0.26229003444314">
        <ele>1816</ele>
      </trkpt>
      <trkpt lat="42.678429996594787" lon="0.262279976159334">
        <ele>1816</ele>
      </trkpt>
      <trkpt lat="42.678485987707973" lon="0.262246029451489">
        <ele>1815</ele>
      </trkpt>
      <trkpt lat="42.678593024611473" lon="0.262148967012763">
        <ele>1813</ele>
      </trkpt>
      <trkpt lat="42.678658990189433" lon="0.262106973677874">
        <ele>1812</ele>
      </trkpt>
      <trkpt lat="42.678728979080915" lon="0.262166988104582">
        <ele>1813</ele>
      </trkpt>
      <trkpt lat="42.678752029314637" lon="0.26224703527987">
        <ele>1814</ele>
      </trkpt>
      <trkpt lat="42.678730990737677" lon="0.262347031384707">
        <ele>1816</ele>
      </trkpt>
      <trkpt lat="42.678705006837845" lon="0.262433029711246">
        <ele>1818</ele>
      </trkpt>
      <trkpt lat="42.67867399379611" lon="0.262569990009069">
        <ele>1821</ele>
      </trkpt>
      <trkpt lat="42.678635017946362" lon="0.262718014419079">
        <ele>1823</ele>
      </trkpt>
      <trkpt lat="42.678623031824827" lon="0.262749027460814">
        <ele>1824</ele>
      </trkpt>
      <trkpt lat="42.678611967712641" lon="0.262799989432096">
        <ele>1825</ele>
      </trkpt>
      <trkpt lat="42.678573997691274" lon="0.262919012457132">
        <ele>1827</ele>
      </trkpt>
      <trkpt lat="42.678539967164397" lon="0.263049015775323">
        <ele>1829</ele>
      </trkpt>
      <trkpt lat="42.678523035719991" lon="0.263121016323566">
        <ele>1831</ele>
      </trkpt>
      <trkpt lat="42.678495962172747" lon="0.26319301687181">
        <ele>1832</ele>
      </trkpt>
      <trkpt lat="42.678400995209813" lon="0.263254959136248">
        <ele>1833</ele>
      </trkpt>
      <trkpt lat="42.678355984389782" lon="0.263299969956279">
        <ele>1834</ele>
      </trkpt>
      <trkpt lat="42.678322037681937" lon="0.263359984382987">
        <ele>1836</ele>
      </trkpt>
      <trkpt lat="42.678284989669919" lon="0.26347397826612">
        <ele>1838</ele>
      </trkpt>
      <trkpt lat="42.678274009376764" lon="0.263540027663112">
        <ele>1839</ele>
      </trkpt>
      <trkpt lat="42.678250959143043" lon="0.263704983517528">
        <ele>1843</ele>
      </trkpt>
      <trkpt lat="42.678251964971423" lon="0.263756029307842">
        <ele>1844</ele>
      </trkpt>
      <trkpt lat="42.678277026861906" lon="0.263820989057422">
        <ele>1844</ele>
      </trkpt>
      <trkpt lat="42.678342992439866" lon="0.263986028730869">
        <ele>1846</ele>
      </trkpt>
      <trkpt lat="42.678385991603136" lon="0.264105973765254">
        <ele>1847</ele>
      </trkpt>
      <trkpt lat="42.678472995758057" lon="0.264213010668755">
        <ele>1847</ele>
      </trkpt>
      <trkpt lat="42.678520018234849" lon="0.264272019267082">
        <ele>1847</ele>
      </trkpt>
      <trkpt lat="42.678540972992778" lon="0.264315018430352">
        <ele>1847</ele>
      </trkpt>
      <trkpt lat="42.67856796272099" lon="0.264356005936861">
        <ele>1847</ele>
      </trkpt>
      <trkpt lat="42.678613979369402" lon="0.2645059581846">
        <ele>1848</ele>
      </trkpt>
      <trkpt lat="42.678683968260884" lon="0.264649037271738">
        <ele>1848</ele>
      </trkpt>
      <trkpt lat="42.678752029314637" lon="0.264785997569561">
        <ele>1847</ele>
      </trkpt>
      <trkpt lat="42.678799973800778" lon="0.264850035309792">
        <ele>1849</ele>
      </trkpt>
      <trkpt lat="42.678828975185752" lon="0.264892028644681">
        <ele>1850</ele>
      </trkpt>
      <trkpt lat="42.678863005712628" lon="0.264935027807951">
        <ele>1852</ele>
      </trkpt>
      <trkpt lat="42.67888798378408" lon="0.265024965628982">
        <ele>1853</ele>
      </trkpt>
      <trkpt lat="42.678896030411124" lon="0.26510501280427">
        <ele>1854</ele>
      </trkpt>
      <trkpt lat="42.678894018754363" lon="0.265173995867372">
        <ele>1854</ele>
      </trkpt>
      <trkpt lat="42.678897036239505" lon="0.265176007524133">
        <ele>1854</ele>
      </trkpt>
      <trkpt lat="42.67888798378408" lon="0.265180030837655">
        <ele>1854</ele>
      </trkpt>
      <trkpt lat="42.678883960470557" lon="0.265180030837655">
        <ele>1853</ele>
      </trkpt>
      <trkpt lat="42.678883960470557" lon="0.265180030837655">
        <ele>1853</ele>
      </trkpt>
      <trkpt lat="42.678877003490925" lon="0.265183970332146">
        <ele>1853</ele>
      </trkpt>
      <trkpt lat="42.678895024582744" lon="0.26517198421061">
        <ele>1854</ele>
      </trkpt>
      <trkpt lat="42.678881026804447" lon="0.265180030837655">
        <ele>1853</ele>
      </trkpt>
      <trkpt lat="42.678881026804447" lon="0.265180030837655">
        <ele>1853</ele>
      </trkpt>
      <trkpt lat="42.678883960470557" lon="0.265181958675385">
        <ele>1853</ele>
      </trkpt>
      <trkpt lat="42.678883960470557" lon="0.265181958675385">
        <ele>1853</ele>
      </trkpt>
      <trkpt lat="42.678857976570725" lon="0.265211965888739">
        <ele>1853</ele>
      </trkpt>
      <trkpt lat="42.678840961307287" lon="0.265286983922124">
        <ele>1853</ele>
      </trkpt>
      <trkpt lat="42.678813971579075" lon="0.265467027202249">
        <ele>1853</ele>
      </trkpt>
      <trkpt lat="42.678814977407455" lon="0.265477001667023">
        <ele>1853</ele>
      </trkpt>
      <trkpt lat="42.678796034306288" lon="0.265666013583541">
        <ele>1856</ele>
      </trkpt>
      <trkpt lat="42.678763009607792" lon="0.265876986086369">
        <ele>1858</ele>
      </trkpt>
      <trkpt lat="42.678749011829495" lon="0.26594596914947">
        <ele>1858</ele>
      </trkpt>
      <trkpt lat="42.678707018494606" lon="0.266027022153139">
        <ele>1860</ele>
      </trkpt>
      <trkpt lat="42.678628982976079" lon="0.266129029914737">
        <ele>1862</ele>
      </trkpt>
      <trkpt lat="42.67852102406323" lon="0.266241012141109">
        <ele>1865</ele>
      </trkpt>
      <trkpt lat="42.678426979109645" lon="0.266360035166144">
        <ele>1868</ele>
      </trkpt>
      <trkpt lat="42.678313991054893" lon="0.26648098602891">
        <ele>1871</ele>
      </trkpt>
      <trkpt lat="42.678219024091959" lon="0.2666300162673">
        <ele>1875</ele>
      </trkpt>
      <trkpt lat="42.678174013271928" lon="0.26669698767364">
        <ele>1876</ele>
      </trkpt>
      <trkpt lat="42.678145011886954" lon="0.266826990991831">
        <ele>1878</ele>
      </trkpt>
      <trkpt lat="42.678121961653233" lon="0.266893040388823">
        <ele>1880</ele>
      </trkpt>
      <trkpt lat="42.678103018552065" lon="0.266961017623544">
        <ele>1881</ele>
      </trkpt>
      <trkpt lat="42.677992964163423" lon="0.267099989578128">
        <ele>1883</ele>
      </trkpt>
      <trkpt lat="42.677890034392476" lon="0.267199985682964">
        <ele>1884</ele>
      </trkpt>
      <trkpt lat="42.677844017744064" lon="0.267252959311008">
        <ele>1887</ele>
      </trkpt>
      <trkpt lat="42.677788026630878" lon="0.267374999821186">
        <ele>1890</ele>
      </trkpt>
      <trkpt lat="42.677763970568776" lon="0.26753299869597">
        <ele>1893</ele>
      </trkpt>
      <trkpt lat="42.677747961133718" lon="0.267587983980775">
        <ele>1894</ele>
      </trkpt>
      <trkpt lat="42.67766397446394" lon="0.267724022269249">
        <ele>1899</ele>
      </trkpt>
      <trkpt lat="42.677658023312688" lon="0.26772896759212">
        <ele>1900</ele>
      </trkpt>
      <trkpt lat="42.677614018321037" lon="0.267880009487271">
        <ele>1903</ele>
      </trkpt>
      <trkpt lat="42.677618963643909" lon="0.267954021692276">
        <ele>1904</ele>
      </trkpt>
      <trkpt lat="42.677623992785811" lon="0.268040020018816">
        <ele>1905</ele>
      </trkpt>
      <trkpt lat="42.677616029977798" lon="0.268096011132002">
        <ele>1906</ele>
      </trkpt>
      <trkpt lat="42.677601026371121" lon="0.268240012228489">
        <ele>1909</ele>
      </trkpt>
      <trkpt lat="42.677587028592825" lon="0.268325004726648">
        <ele>1911</ele>
      </trkpt>
      <trkpt lat="42.677574036642909" lon="0.268411003053188">
        <ele>1913</ele>
      </trkpt>
      <trkpt lat="42.677571019157767" lon="0.268421983346343">
        <ele>1913</ele>
      </trkpt>
      <trkpt lat="42.677563978359103" lon="0.268463976681232">
        <ele>1914</ele>
      </trkpt>
      <trkpt lat="42.677499018609524" lon="0.268581993877888">
        <ele>1918</ele>
      </trkpt>
      <trkpt lat="42.677486026659608" lon="0.268600014969707">
        <ele>1918</ele>
      </trkpt>
      <trkpt lat="42.677436992526054" lon="0.268655000254512">
        <ele>1921</ele>
      </trkpt>
      <trkpt lat="42.677415031939745" lon="0.268690036609769">
        <ele>1922</ele>
      </trkpt>
      <trkpt lat="42.677397010847926" lon="0.268720965832472">
        <ele>1923</ele>
      </trkpt>
      <trkpt lat="42.677376978099346" lon="0.268765976652503">
        <ele>1925</ele>
      </trkpt>
      <trkpt lat="42.677376978099346" lon="0.268891034647822">
        <ele>1927</ele>
      </trkpt>
      <trkpt lat="42.677397010847926" lon="0.268924981355667">
        <ele>1927</ele>
      </trkpt>
      <trkpt lat="42.677411008626223" lon="0.268921041861176">
        <ele>1927</ele>
      </trkpt>
      <trkpt lat="42.67740597948432" lon="0.268893968313932">
        <ele>1926</ele>
      </trkpt>
      <trkpt lat="42.677434980869293" lon="0.268848035484552">
        <ele>1924</ele>
      </trkpt>
      <trkpt lat="42.677460964769125" lon="0.268837977200747">
        <ele>1923</ele>
      </trkpt>
      <trkpt lat="42.677546041086316" lon="0.268833031877875">
        <ele>1920</ele>
      </trkpt>
      <trkpt lat="42.677590968087316" lon="0.268825991079211">
        <ele>1919</ele>
      </trkpt>
      <trkpt lat="42.677633967250586" lon="0.268820961937308">
        <ele>1917</ele>
      </trkpt>
      <trkpt lat="42.677651988342404" lon="0.268843006342649">
        <ele>1917</ele>
      </trkpt>
      <trkpt lat="42.677638996392488" lon="0.268939984962344">
        <ele>1920</ele>
      </trkpt>
      <trkpt lat="42.67759901471436" lon="0.269027994945645">
        <ele>1923</ele>
      </trkpt>
      <trkpt lat="42.677561966702342" lon="0.269113993272185">
        <ele>1926</ele>
      </trkpt>
      <trkpt lat="42.67755500972271" lon="0.269126985222101">
        <ele>1927</ele>
      </trkpt>
      <trkpt lat="42.677514022216201" lon="0.26921097189188">
        <ele>1930</ele>
      </trkpt>
      <trkpt lat="42.677514022216201" lon="0.269236033782363">
        <ele>1931</ele>
      </trkpt>
      <trkpt lat="42.677554003894329" lon="0.269305016845465">
        <ele>1931</ele>
      </trkpt>
      <trkpt lat="42.67755500972271" lon="0.269308034330606">
        <ele>1931</ele>
      </trkpt>
      <trkpt lat="42.677597003057599" lon="0.269307028502226">
        <ele>1930</ele>
      </trkpt>
      <trkpt lat="42.677636984735727" lon="0.26925397105515">
        <ele>1928</ele>
      </trkpt>
      <trkpt lat="42.677675960585475" lon="0.269222036004066">
        <ele>1926</ele>
      </trkpt>
      <trkpt lat="42.677696999162436" lon="0.26923100464046">
        <ele>1925</ele>
      </trkpt>
      <trkpt lat="42.677700016647577" lon="0.269288001582026">
        <ele>1927</ele>
      </trkpt>
      <trkpt lat="42.677703034132719" lon="0.269304011017084">
        <ele>1927</ele>
      </trkpt>
      <trkpt lat="42.677683001384139" lon="0.269391015172005">
        <ele>1930</ele>
      </trkpt>
      <trkpt lat="42.677679983898997" lon="0.269395038485527">
        <ele>1930</ele>
      </trkpt>
      <trkpt lat="42.677686018869281" lon="0.269469972699881">
        <ele>1931</ele>
      </trkpt>
      <trkpt lat="42.677731029689312" lon="0.269456980749965">
        <ele>1930</ele>
      </trkpt>
      <trkpt lat="42.677766988053918" lon="0.269438959658146">
        <ele>1928</ele>
      </trkpt>
      <trkpt lat="42.677820967510343" lon="0.269481036812067">
        <ele>1928</ele>
      </trkpt>
      <trkpt lat="42.677805963903666" lon="0.269540967419744">
        <ele>1930</ele>
      </trkpt>
      <trkpt lat="42.677779980003834" lon="0.269588995724916">
        <ele>1932</ele>
      </trkpt>
      <trkpt lat="42.677748966962099" lon="0.269623026251793">
        <ele>1933</ele>
      </trkpt>
      <trkpt lat="42.677735975012183" lon="0.269650015980005">
        <ele>1934</ele>
      </trkpt>
      <trkpt lat="42.677721977233887" lon="0.269672982394695">
        <ele>1935</ele>
      </trkpt>
      <trkpt lat="42.677699010819197" lon="0.269777001813054">
        <ele>1938</ele>
      </trkpt>
      <trkpt lat="42.6776850130409" lon="0.269840033724904">
        <ele>1940</ele>
      </trkpt>
      <trkpt lat="42.677675960585475" lon="0.269935000687838">
        <ele>1942</ele>
      </trkpt>
      <trkpt lat="42.677670009434223" lon="0.269926032051444">
        <ele>1942</ele>
      </trkpt>
      <trkpt lat="42.677669003605843" lon="0.269925026223063">
        <ele>1942</ele>
      </trkpt>
      <trkpt lat="42.677674032747746" lon="0.269942041486502">
        <ele>1942</ele>
      </trkpt>
      <trkpt lat="42.677674032747746" lon="0.269942041486502">
        <ele>1942</ele>
      </trkpt>
      <trkpt lat="42.677671015262604" lon="0.269942963495851">
        <ele>1942</ele>
      </trkpt>
      <trkpt lat="42.677670009434223" lon="0.269945980980992">
        <ele>1942</ele>
      </trkpt>
      <trkpt lat="42.677670009434223" lon="0.269945980980992">
        <ele>1942</ele>
      </trkpt>
      <trkpt lat="42.677667997777462" lon="0.269954027608037">
        <ele>1942</ele>
      </trkpt>
      <trkpt lat="42.677686018869281" lon="0.270089982077479">
        <ele>1945</ele>
      </trkpt>
      <trkpt lat="42.677675038576126" lon="0.270213028416038">
        <ele>1948</ele>
      </trkpt>
      <trkpt lat="42.677680989727378" lon="0.270249992609024">
        <ele>1948</ele>
      </trkpt>
      <trkpt lat="42.677718959748745" lon="0.270471023395658">
        <ele>1952</ele>
      </trkpt>
      <trkpt lat="42.677730023860931" lon="0.270533971488476">
        <ele>1952</ele>
      </trkpt>
      <trkpt lat="42.677729018032551" lon="0.270597003400326">
        <ele>1954</ele>
      </trkpt>
      <trkpt lat="42.677715020254254" lon="0.27069398202002">
        <ele>1955</ele>
      </trkpt>
      <trkpt lat="42.677708985283971" lon="0.270663974806666">
        <ele>1955</ele>
      </trkpt>
      <trkpt lat="42.677708985283971" lon="0.270663974806666">
        <ele>1955</ele>
      </trkpt>
      <trkpt lat="42.677703034132719" lon="0.270750978961587">
        <ele>1957</ele>
      </trkpt>
      <trkpt lat="42.677696999162436" lon="0.270776962861419">
        <ele>1957</ele>
      </trkpt>
      <trkpt lat="42.677679983898997" lon="0.270833959802985">
        <ele>1959</ele>
      </trkpt>
      <trkpt lat="42.677631033584476" lon="0.27099103666842">
        <ele>1962</ele>
      </trkpt>
      <trkpt lat="42.677606977522373" lon="0.271162027493119">
        <ele>1965</ele>
      </trkpt>
      <trkpt lat="42.677605971693993" lon="0.27124903164804">
        <ele>1967</ele>
      </trkpt>
      <trkpt lat="42.677611000835896" lon="0.271304016932845">
        <ele>1967</ele>
      </trkpt>
      <trkpt lat="42.67761804163456" lon="0.271356990560889">
        <ele>1967</ele>
      </trkpt>
      <trkpt lat="42.67762198112905" lon="0.271405018866062">
        <ele>1967</ele>
      </trkpt>
      <trkpt lat="42.677635978907347" lon="0.271462015807629">
        <ele>1967</ele>
      </trkpt>
      <trkpt lat="42.677665986120701" lon="0.271543990820646">
        <ele>1967</ele>
      </trkpt>
      <trkpt lat="42.677701022475958" lon="0.271605011075735">
        <ele>1967</ele>
      </trkpt>
      <trkpt lat="42.67772801220417" lon="0.271696038544178">
        <ele>1968</ele>
      </trkpt>
      <trkpt lat="42.677748966962099" lon="0.271889995783567">
        <ele>1969</ele>
      </trkpt>
      <trkpt lat="42.677764976397157" lon="0.272082025185227">
        <ele>1970</ele>
      </trkpt>
      <trkpt lat="42.677768999710679" lon="0.272146984934807">
        <ele>1971</ele>
      </trkpt>
      <trkpt lat="42.677761958912015" lon="0.272209011018276">
        <ele>1972</ele>
      </trkpt>
      <trkpt lat="42.677760031074286" lon="0.272245975211263">
        <ele>1973</ele>
      </trkpt>
      <trkpt lat="42.67775097861886" lon="0.272295009344816">
        <ele>1974</ele>
      </trkpt>
      <trkpt lat="42.677691970020533" lon="0.272413026541471">
        <ele>1976</ele>
      </trkpt>
      <trkpt lat="42.677671015262604" lon="0.272481003776193">
        <ele>1977</ele>
      </trkpt>
      <trkpt lat="42.677659029141068" lon="0.272538000717759">
        <ele>1977</ele>
      </trkpt>
      <trkpt lat="42.677616029977798" lon="0.272662974894047">
        <ele>1979</ele>
      </trkpt>
      <trkpt lat="42.677608989179134" lon="0.272682001814246">
        <ele>1979</ele>
      </trkpt>
      <trkpt lat="42.677573030814528" lon="0.272789960727096">
        <ele>1981</ele>
      </trkpt>
      <trkpt lat="42.677560038864613" lon="0.272832037881017">
        <ele>1981</ele>
      </trkpt>
      <trkpt lat="42.67753497697413" lon="0.272899009287357">
        <ele>1982</ele>
      </trkpt>
      <trkpt lat="42.67749298363924" lon="0.273044016212225">
        <ele>1983</ele>
      </trkpt>
      <trkpt lat="42.677454007789493" lon="0.27320402674377">
        <ele>1985</ele>
      </trkpt>
      <trkpt lat="42.677413020282984" lon="0.273353978991508">
        <ele>1986</ele>
      </trkpt>
      <trkpt lat="42.677407991141081" lon="0.273523963987827">
        <ele>1988</ele>
      </trkpt>
      <trkpt lat="42.677431041374803" lon="0.273666037246585">
        <ele>1989</ele>
      </trkpt>
      <trkpt lat="42.677476974204183" lon="0.273818001151085">
        <ele>1992</ele>
      </trkpt>
      <trkpt lat="42.677499018609524" lon="0.273899976164103">
        <ele>1993</ele>
      </trkpt>
      <trkpt lat="42.67753598280251" lon="0.274067027494311">
        <ele>1995</ele>
      </trkpt>
      <trkpt lat="42.677550986409187" lon="0.274168029427528">
        <ele>1996</ele>
      </trkpt>
      <trkpt lat="42.677550986409187" lon="0.274217985570431">
        <ele>1996</ele>
      </trkpt>
      <trkpt lat="42.677551992237568" lon="0.274305995553732">
        <ele>1997</ele>
      </trkpt>
      <trkpt lat="42.677542017772794" lon="0.274396017193794">
        <ele>1997</ele>
      </trkpt>
      <trkpt lat="42.677531037479639" lon="0.274467011913657">
        <ele>1998</ele>
      </trkpt>
      <trkpt lat="42.677500024437904" lon="0.274545969441533">
        <ele>1998</ele>
      </trkpt>
      <trkpt lat="42.677472028881311" lon="0.274628028273582">
        <ele>1998</ele>
      </trkpt>
      <trkpt lat="42.677447972819209" lon="0.274679996073246">
        <ele>1999</ele>
      </trkpt>
      <trkpt lat="42.677388964220881" lon="0.274703968316317">
        <ele>1999</ele>
      </trkpt>
      <trkpt lat="42.677347976714373" lon="0.274722995236516">
        <ele>1999</ele>
      </trkpt>
      <trkpt lat="42.677326016128063" lon="0.274724001064897">
        <ele>1999</ele>
      </trkpt>
      <trkpt lat="42.677300032228231" lon="0.274734981358051">
        <ele>1998</ele>
      </trkpt>
      <trkpt lat="42.677200036123395" lon="0.274800024926662">
        <ele>1999</ele>
      </trkpt>
      <trkpt lat="42.677143039181828" lon="0.274898009374738">
        <ele>2001</ele>
      </trkpt>
      <trkpt lat="42.677149996161461" lon="0.274998005479574">
        <ele>2003</ele>
      </trkpt>
      <trkpt lat="42.677170028910041" lon="0.275085009634495">
        <ele>2005</ele>
      </trkpt>
      <trkpt lat="42.677183020859957" lon="0.275201015174389">
        <ele>2008</ele>
      </trkpt>
      <trkpt lat="42.677192995324731" lon="0.275234961882234">
        <ele>2009</ele>
      </trkpt>
      <trkpt lat="42.677209004759789" lon="0.275280978530645">
        <ele>2010</ele>
      </trkpt>
      <trkpt lat="42.677221996709704" lon="0.275409976020455">
        <ele>2013</ele>
      </trkpt>
      <trkpt lat="42.677239011973143" lon="0.275478959083557">
        <ele>2014</ele>
      </trkpt>
      <trkpt lat="42.677256027236581" lon="0.275553977116942">
        <ele>2015</ele>
      </trkpt>
      <trkpt lat="42.677282011136413" lon="0.275599993765354">
        <ele>2015</ele>
      </trkpt>
      <trkpt lat="42.677293997257948" lon="0.275649027898908">
        <ele>2016</ele>
      </trkpt>
      <trkpt lat="42.677292991429567" lon="0.275781964883208">
        <ele>2017</ele>
      </trkpt>
      <trkpt lat="42.677287040278316" lon="0.275851031765342">
        <ele>2018</ele>
      </trkpt>
      <trkpt lat="42.677281005308032" lon="0.275899982079864">
        <ele>2019</ele>
      </trkpt>
      <trkpt lat="42.677271030843258" lon="0.275948010385036">
        <ele>2019</ele>
      </trkpt>
      <trkpt lat="42.677225014194846" lon="0.276086982339621">
        <ele>2021</ele>
      </trkpt>
      <trkpt lat="42.677217973396182" lon="0.276105003431439">
        <ele>2021</ele>
      </trkpt>
      <trkpt lat="42.67719098366797" lon="0.276212962344289">
        <ele>2022</ele>
      </trkpt>
      <trkpt lat="42.677174974232912" lon="0.276246992871165">
        <ele>2022</ele>
      </trkpt>
      <trkpt lat="42.677170028910041" lon="0.276274988427758">
        <ele>2022</ele>
      </trkpt>
      <trkpt lat="42.677157036960125" lon="0.276362998411059">
        <ele>2023</ele>
      </trkpt>
      <trkpt lat="42.677174974232912" lon="0.27649300172925">
        <ele>2025</ele>
      </trkpt>
      <trkpt lat="42.677182015031576" lon="0.276518985629082">
        <ele>2025</ele>
      </trkpt>
      <trkpt lat="42.677226020023227" lon="0.276658041402698">
        <ele>2026</ele>
      </trkpt>
      <trkpt lat="42.677230965346098" lon="0.276712020859122">
        <ele>2027</ele>
      </trkpt>
      <trkpt lat="42.677235994488001" lon="0.276759965345263">
        <ele>2027</ele>
      </trkpt>
      <trkpt lat="42.677244041115046" lon="0.276848981156945">
        <ele>2028</ele>
      </trkpt>
      <trkpt lat="42.677266001701355" lon="0.276998011395335">
        <ele>2030</ele>
      </trkpt>
      <trkpt lat="42.677293997257948" lon="0.277107981964946">
        <ele>2031</ele>
      </trkpt>
      <trkpt lat="42.677355017513037" lon="0.277164978906512">
        <ele>2031</ele>
      </trkpt>
      <trkpt lat="42.677441015839577" lon="0.277274027466774">
        <ele>2032</ele>
      </trkpt>
      <trkpt lat="42.677496001124382" lon="0.277394978329539">
        <ele>2033</ele>
      </trkpt>
      <trkpt lat="42.677537994459271" lon="0.277554988861084">
        <ele>2034</ele>
      </trkpt>
      <trkpt lat="42.677531959488988" lon="0.277716005221009">
        <ele>2035</ele>
      </trkpt>
      <trkpt lat="42.677482003346086" lon="0.277856988832355">
        <ele>2036</ele>
      </trkpt>
      <trkpt lat="42.677397010847926" lon="0.277962014079094">
        <ele>2036</ele>
      </trkpt>
      <trkpt lat="42.67736298032105" lon="0.278006019070745">
        <ele>2036</ele>
      </trkpt>
      <trkpt lat="42.677291985601187" lon="0.278142979368567">
        <ele>2038</ele>
      </trkpt>
      <trkpt lat="42.677272958680987" lon="0.278214979916811">
        <ele>2039</ele>
      </trkpt>
      <trkpt lat="42.677257033064961" lon="0.278340959921479">
        <ele>2041</ele>
      </trkpt>
      <trkpt lat="42.677241023629904" lon="0.278524020686746">
        <ele>2044</ele>
      </trkpt>
      <trkpt lat="42.677230965346098" lon="0.27855796739459">
        <ele>2044</ele>
      </trkpt>
      <trkpt lat="42.677231971174479" lon="0.278611024841666">
        <ele>2045</ele>
      </trkpt>
      <trkpt lat="42.677216967567801" lon="0.278642037883401">
        <ele>2046</ele>
      </trkpt>
      <trkpt lat="42.677216967567801" lon="0.278642037883401">
        <ele>2046</ele>
      </trkpt>
      <trkpt lat="42.677218979224563" lon="0.27864396572113">
        <ele>2046</ele>
      </trkpt>
      <trkpt lat="42.677189977839589" lon="0.278714960440993">
        <ele>2046</ele>
      </trkpt>
      <trkpt lat="42.677137004211545" lon="0.278800036758184">
        <ele>2047</ele>
      </trkpt>
      <trkpt lat="42.67710498534143" lon="0.278842030093074">
        <ele>2046</ele>
      </trkpt>
      <trkpt lat="42.677074978128076" lon="0.278897015377879">
        <ele>2047</ele>
      </trkpt>
      <trkpt lat="42.677060980349779" lon="0.278935991227627">
        <ele>2047</ele>
      </trkpt>
      <trkpt lat="42.677031978964806" lon="0.278974967077374">
        <ele>2048</ele>
      </trkpt>
      <trkpt lat="42.676993003115058" lon="0.279060965403914">
        <ele>2049</ele>
      </trkpt>
      <trkpt lat="42.676947992295027" lon="0.27917998842895">
        <ele>2051</ele>
      </trkpt>
      <trkpt lat="42.67686802893877" lon="0.279331030324101">
        <ele>2052</ele>
      </trkpt>
      <trkpt lat="42.676801979541779" lon="0.279411999508739">
        <ele>2053</ele>
      </trkpt>
      <trkpt lat="42.676773983985186" lon="0.279449969530106">
        <ele>2054</ele>
      </trkpt>
      <trkpt lat="42.676666025072336" lon="0.279597993940115">
        <ele>2055</ele>
      </trkpt>
      <trkpt lat="42.676577009260654" lon="0.279690027236938">
        <ele>2057</ele>
      </trkpt>
      <trkpt lat="42.676557982340455" lon="0.279693966731429">
        <ele>2057</ele>
      </trkpt>
      <trkpt lat="42.676500985398889" lon="0.279770996421576">
        <ele>2058</ele>
      </trkpt>
      <trkpt lat="42.676446000114083" lon="0.279815001413226">
        <ele>2059</ele>
      </trkpt>
      <trkpt lat="42.676384979858994" lon="0.279879039153457">
        <ele>2059</ele>
      </trkpt>
      <trkpt lat="42.676318008452654" lon="0.279977023601532">
        <ele>2060</ele>
      </trkpt>
      <trkpt lat="42.676237961277366" lon="0.280105015262961">
        <ele>2060</ele>
      </trkpt>
      <trkpt lat="42.676198985427618" lon="0.280158994719386">
        <ele>2061</ele>
      </trkpt>
      <trkpt lat="42.67618197016418" lon="0.280185984447598">
        <ele>2061</ele>
      </trkpt>
      <trkpt lat="42.676155986264348" lon="0.28023200109601">
        <ele>2062</ele>
      </trkpt>
      <trkpt lat="42.676135031506419" lon="0.280272988602519">
        <ele>2062</ele>
      </trkpt>
      <trkpt lat="42.676075017079711" lon="0.28040399774909">
        <ele>2062</ele>
      </trkpt>
      <trkpt lat="42.676025982946157" lon="0.280556967481971">
        <ele>2065</ele>
      </trkpt>
      <trkpt lat="42.67601097933948" lon="0.280616981908679">
        <ele>2066</ele>
      </trkpt>
      <trkpt lat="42.676003016531467" lon="0.280727036297321">
        <ele>2068</ele>
      </trkpt>
      <trkpt lat="42.675980972126126" lon="0.280924011021852">
        <ele>2071</ele>
      </trkpt>
      <trkpt lat="42.675979966297746" lon="0.280948989093304">
        <ele>2071</ele>
      </trkpt>
      <trkpt lat="42.675962029024959" lon="0.281132971867919">
        <ele>2074</ele>
      </trkpt>
      <trkpt lat="42.675952976569533" lon="0.281184017658234">
        <ele>2075</ele>
      </trkpt>
      <trkpt lat="42.675915006548166" lon="0.281268004328012">
        <ele>2075</ele>
      </trkpt>
      <trkpt lat="42.675863960757852" lon="0.281352996826172">
        <ele>2075</ele>
      </trkpt>
      <trkpt lat="42.675850968807936" lon="0.281389961019158">
        <ele>2076</ele>
      </trkpt>
      <trkpt lat="42.675750972703099" lon="0.281527005136013">
        <ele>2075</ele>
      </trkpt>
      <trkpt lat="42.675705961883068" lon="0.281575033441186">
        <ele>2075</ele>
      </trkpt>
      <trkpt lat="42.675634967163205" lon="0.281717022880912">
        <ele>2076</ele>
      </trkpt>
      <trkpt lat="42.67562398687005" lon="0.281737977638841">
        <ele>2076</ele>
      </trkpt>
      <trkpt lat="42.675603032112122" lon="0.281793968752027">
        <ele>2076</ele>
      </trkpt>
      <trkpt lat="42.675575958564878" lon="0.281868986785412">
        <ele>2076</ele>
      </trkpt>
      <trkpt lat="42.675529019907117" lon="0.282007036730647">
        <ele>2077</ele>
      </trkpt>
      <trkpt lat="42.675512004643679" lon="0.282064033672214">
        <ele>2077</ele>
      </trkpt>
      <trkpt lat="42.675475040450692" lon="0.282223038375378">
        <ele>2080</ele>
      </trkpt>
      <trkpt lat="42.675446961075068" lon="0.282410960644484">
        <ele>2083</ele>
      </trkpt>
      <trkpt lat="42.675448972731829" lon="0.282526966184378">
        <ele>2086</ele>
      </trkpt>
      <trkpt lat="42.675448972731829" lon="0.282579017803073">
        <ele>2087</ele>
      </trkpt>
      <trkpt lat="42.675446039065719" lon="0.282627968117595">
        <ele>2088</ele>
      </trkpt>
      <trkpt lat="42.675446961075068" lon="0.282685970887542">
        <ele>2090</ele>
      </trkpt>
      <trkpt lat="42.675440004095435" lon="0.282743973657489">
        <ele>2091</ele>
      </trkpt>
      <trkpt lat="42.675436986610293" lon="0.282771969214082">
        <ele>2091</ele>
      </trkpt>
      <trkpt lat="42.675390969961882" lon="0.282925022765994">
        <ele>2094</ele>
      </trkpt>
      <trkpt lat="42.675378983840346" lon="0.282955029979348">
        <ele>2095</ele>
      </trkpt>
      <trkpt lat="42.675310000777245" lon="0.283070029690862">
        <ele>2098</ele>
      </trkpt>
      <trkpt lat="42.675221990793943" lon="0.283187041059136">
        <ele>2100</ele>
      </trkpt>
      <trkpt lat="42.675160970538855" lon="0.283273961395025">
        <ele>2101</ele>
      </trkpt>
      <trkpt lat="42.675093999132514" lon="0.283443024381995">
        <ele>2103</ele>
      </trkpt>
      <trkpt lat="42.675057034939528" lon="0.283550983294845">
        <ele>2104</ele>
      </trkpt>
      <trkpt lat="42.675030967220664" lon="0.283652991056442">
        <ele>2105</ele>
      </trkpt>
      <trkpt lat="42.675027027726173" lon="0.283751981332898">
        <ele>2106</ele>
      </trkpt>
      <trkpt lat="42.67502099275589" lon="0.283924983814359">
        <ele>2109</ele>
      </trkpt>
      <trkpt lat="42.675005989149213" lon="0.284084994345903">
        <ele>2111</ele>
      </trkpt>
      <trkpt lat="42.675000037997961" lon="0.28412296436727">
        <ele>2111</ele>
      </trkpt>
      <trkpt lat="42.674995008856058" lon="0.284173004329205">
        <ele>2112</ele>
      </trkpt>
      <trkpt lat="42.67495796084404" lon="0.284300995990634">
        <ele>2113</ele>
      </trkpt>
      <trkpt lat="42.674881014972925" lon="0.284438962116838">
        <ele>2113</ele>
      </trkpt>
      <trkpt lat="42.674804991111159" lon="0.284582963213325">
        <ele>2113</ele>
      </trkpt>
      <trkpt lat="42.674743970856071" lon="0.284719001501799">
        <ele>2115</ele>
      </trkpt>
      <trkpt lat="42.674706000834703" lon="0.284802988171577">
        <ele>2116</ele>
      </trkpt>
      <trkpt lat="42.674692003056407" lon="0.284853028133512">
        <ele>2116</ele>
      </trkpt>
      <trkpt lat="42.674669958651066" lon="0.284883035346866">
        <ele>2116</ele>
      </trkpt>
      <trkpt lat="42.674631988629699" lon="0.284970961511135">
        <ele>2117</ele>
      </trkpt>
      <trkpt lat="42.674610028043389" lon="0.285015972331166">
        <ele>2118</ele>
      </trkpt>
      <trkpt lat="42.67454800195992" lon="0.285162990912795">
        <ele>2119</ele>
      </trkpt>
      <trkpt lat="42.67450500279665" lon="0.28525703586638">
        <ele>2120</ele>
      </trkpt>
      <trkpt lat="42.674424033612013" lon="0.285375975072384">
        <ele>2121</ele>
      </trkpt>
      <trkpt lat="42.674369970336556" lon="0.28538603335619">
        <ele>2120</ele>
      </trkpt>
      <trkpt lat="42.674342980608344" lon="0.2853889670223">
        <ele>2120</ele>
      </trkpt>
      <trkpt lat="42.674308028072119" lon="0.28542903251946">
        <ele>2120</ele>
      </trkpt>
      <trkpt lat="42.674176013097167" lon="0.285488041117787">
        <ele>2121</ele>
      </trkpt>
      <trkpt lat="42.674164026975632" lon="0.28549499809742">
        <ele>2121</ele>
      </trkpt>
      <trkpt lat="42.674039974808693" lon="0.285588037222624">
        <ele>2122</ele>
      </trkpt>
      <trkpt lat="42.673964034765959" lon="0.285634975880384">
        <ele>2123</ele>
      </trkpt>
      <trkpt lat="42.673865966498852" lon="0.28568996116519">
        <ele>2124</ele>
      </trkpt>
      <trkpt lat="42.673767982050776" lon="0.285758022218943">
        <ele>2125</ele>
      </trkpt>
      <trkpt lat="42.673647031188011" lon="0.285822981968522">
        <ele>2127</ele>
      </trkpt>
      <trkpt lat="42.673616018146276" lon="0.285861035808921">
        <ele>2129</ele>
      </trkpt>
      <trkpt lat="42.673582993447781" lon="0.285877967253327">
        <ele>2130</ele>
      </trkpt>
      <trkpt lat="42.673562038689852" lon="0.285918032750487">
        <ele>2131</ele>
      </trkpt>
      <trkpt lat="42.673518033698201" lon="0.28594602830708">
        <ele>2132</ele>
      </trkpt>
      <trkpt lat="42.673442009836435" lon="0.286063961684704">
        <ele>2136</ele>
      </trkpt>
      <trkpt lat="42.673376966267824" lon="0.286129005253315">
        <ele>2138</ele>
      </trkpt>
      <trkpt lat="42.673294991254807" lon="0.286232018843293">
        <ele>2141</ele>
      </trkpt>
      <trkpt lat="42.673230031505227" lon="0.286314999684691">
        <ele>2143</ele>
      </trkpt>
      <trkpt lat="42.673211004585028" lon="0.286340983584523">
        <ele>2143</ele>
      </trkpt>
      <trkpt lat="42.673187032341957" lon="0.286364033818245">
        <ele>2144</ele>
      </trkpt>
      <trkpt lat="42.673092987388372" lon="0.286453971639276">
        <ele>2145</ele>
      </trkpt>
      <trkpt lat="42.673034984618425" lon="0.286584980785847">
        <ele>2148</ele>
      </trkpt>
      <trkpt lat="42.672983016818762" lon="0.286658992990851">
        <ele>2149</ele>
      </trkpt>
      <trkpt lat="42.672944040969014" lon="0.286748008802533">
        <ele>2151</ele>
      </trkpt>
      <trkpt lat="42.672906992956996" lon="0.286811962723732">
        <ele>2152</ele>
      </trkpt>
      <trkpt lat="42.671972997486591" lon="0.287532974034548">
        <ele>2185</ele>
      </trkpt>
      <trkpt lat="42.671931004151702" lon="0.287567004561424">
        <ele>2187</ele>
      </trkpt>
      <trkpt lat="42.67188498750329" lon="0.287636993452907">
        <ele>2190</ele>
      </trkpt>
      <trkpt lat="42.671833019703627" lon="0.287704970687628">
        <ele>2193</ele>
      </trkpt>
      <trkpt lat="42.671745009720325" lon="0.287801027297974">
        <ele>2197</ele>
      </trkpt>
      <trkpt lat="42.67164995893836" lon="0.287861041724682">
        <ele>2200</ele>
      </trkpt>
      <trkpt lat="42.671631015837193" lon="0.287872022017837">
        <ele>2201</ele>
      </trkpt>
      <trkpt lat="42.671534037217498" lon="0.287936981767416">
        <ele>2205</ele>
      </trkpt>
      <trkpt lat="42.671524984762073" lon="0.287948967888951">
        <ele>2205</ele>
      </trkpt>
      <trkpt lat="42.671443009749055" lon="0.288018034771085">
        <ele>2209</ele>
      </trkpt>
      <trkpt lat="42.671361034736037" lon="0.288075031712651">
        <ele>2213</ele>
      </trkpt>
      <trkpt lat="42.671354999765754" lon="0.288079977035522">
        <ele>2213</ele>
      </trkpt>
      <trkpt lat="42.671293979510665" lon="0.288142003118992">
        <ele>2216</ele>
      </trkpt>
      <trkpt lat="42.671214016154408" lon="0.288176033645868">
        <ele>2219</ele>
      </trkpt>
      <trkpt lat="42.671134974807501" lon="0.288209980353713">
        <ele>2224</ele>
      </trkpt>
      <trkpt lat="42.671078983694315" lon="0.288230013102293">
        <ele>2228</ele>
      </trkpt>
      <trkpt lat="42.670986028388143" lon="0.288211992010474">
        <ele>2233</ele>
      </trkpt>
      <trkpt lat="42.670929031446576" lon="0.288188019767404">
        <ele>2236</ele>
      </trkpt>
      <trkpt lat="42.670836998149753" lon="0.288150971755385">
        <ele>2241</ele>
      </trkpt>
      <trkpt lat="42.670828029513359" lon="0.288156000897288">
        <ele>2242</ele>
      </trkpt>
      <trkpt lat="42.670773966237903" lon="0.288212997838855">
        <ele>2246</ele>
      </trkpt>
      <trkpt lat="42.670796010643244" lon="0.288232024759054">
        <ele>2245</ele>
      </trkpt>
      <trkpt lat="42.670828029513359" lon="0.288284998387098">
        <ele>2243</ele>
      </trkpt>
      <trkpt lat="42.670843033120036" lon="0.288320034742355">
        <ele>2243</ele>
      </trkpt>
      <trkpt lat="42.6708759739995" lon="0.288428999483585">
        <ele>2242</ele>
      </trkpt>
      <trkpt lat="42.670914027839899" lon="0.288559002801776">
        <ele>2242</ele>
      </trkpt>
      <trkpt lat="42.670946968719363" lon="0.288590015843511">
        <ele>2240</ele>
      </trkpt>
      <trkpt lat="42.670964989811182" lon="0.288622034713626">
        <ele>2240</ele>
      </trkpt>
      <trkpt lat="42.670974964275956" lon="0.288656987249851">
        <ele>2240</ele>
      </trkpt>
      <trkpt lat="42.671005977317691" lon="0.288707027211785">
        <ele>2239</ele>
      </trkpt>
      <trkpt lat="42.671057023108006" lon="0.288715995848179">
        <ele>2236</ele>
      </trkpt>
      <trkpt lat="42.671175040304661" lon="0.288743991404772">
        <ele>2230</ele>
      </trkpt>
      <trkpt lat="42.671184008941054" lon="0.288741979748011">
        <ele>2229</ele>
      </trkpt>
      <trkpt lat="42.671247040852904" lon="0.288758995011449">
        <ele>2227</ele>
      </trkpt>
      <trkpt lat="42.671314012259245" lon="0.288782967254519">
        <ele>2227</ele>
      </trkpt>
      <trkpt lat="42.671333961188793" lon="0.288816997781396">
        <ele>2229</ele>
      </trkpt>
      <trkpt lat="42.671290040016174" lon="0.288852034136653">
        <ele>2230</ele>
      </trkpt>
      <trkpt lat="42.671257015317678" lon="0.288866031914949">
        <ele>2231</ele>
      </trkpt>
      <trkpt lat="42.671185014769435" lon="0.288915988057852">
        <ele>2236</ele>
      </trkpt>
      <trkpt lat="42.671149978414178" lon="0.288940966129303">
        <ele>2239</ele>
      </trkpt>
      <trkpt lat="42.671080995351076" lon="0.288964016363025">
        <ele>2243</ele>
      </trkpt>
      <trkpt lat="42.671075966209173" lon="0.288972984999418">
        <ele>2244</ele>
      </trkpt>
      <trkpt lat="42.670945040881634" lon="0.289014978334308">
        <ele>2252</ele>
      </trkpt>
      <trkpt lat="42.670826017856598" lon="0.288983965292573">
        <ele>2257</ele>
      </trkpt>
      <trkpt lat="42.670772960409522" lon="0.288959993049502">
        <ele>2259</ele>
      </trkpt>
      <trkpt lat="42.670678999274969" lon="0.288925962522626">
        <ele>2262</ele>
      </trkpt>
      <trkpt lat="42.67061797901988" lon="0.288920011371374">
        <ele>2265</ele>
      </trkpt>
      <trkpt lat="42.670598030090332" lon="0.288905007764697">
        <ele>2266</ele>
      </trkpt>
      <trkpt lat="42.670507002621889" lon="0.288836024701595">
        <ele>2269</ele>
      </trkpt>
      <trkpt lat="42.670431984588504" lon="0.288793025538325">
        <ele>2271</ele>
      </trkpt>
      <trkpt lat="42.67042301595211" lon="0.288785984739661">
        <ele>2272</ele>
      </trkpt>
      <trkpt lat="42.670392002910376" lon="0.288772992789745">
        <ele>2273</ele>
      </trkpt>
      <trkpt lat="42.670349003747106" lon="0.288719013333321">
        <ele>2274</ele>
      </trkpt>
      <trkpt lat="42.670332994312048" lon="0.288692023605108">
        <ele>2274</ele>
      </trkpt>
      <trkpt lat="42.670310027897358" lon="0.288641983643174">
        <ele>2275</ele>
      </trkpt>
      <trkpt lat="42.670219000428915" lon="0.288556991145015">
        <ele>2278</ele>
      </trkpt>
      <trkpt lat="42.670197039842606" lon="0.288528995588422">
        <ele>2279</ele>
      </trkpt>
      <trkpt lat="42.670146999880672" lon="0.288494965061545">
        <ele>2280</ele>
      </trkpt>
      <trkpt lat="42.670080028474331" lon="0.288421036675572">
        <ele>2283</ele>
      </trkpt>
      <trkpt lat="42.67001498490572" lon="0.288373008370399">
        <ele>2285</ele>
      </trkpt>
      <trkpt lat="42.669994030147791" lon="0.288325985893607">
        <ele>2286</ele>
      </trkpt>
      <trkpt lat="42.669964022934437" lon="0.288297990337014">
        <ele>2287</ele>
      </trkpt>
      <trkpt lat="42.669956982135773" lon="0.288313999772072">
        <ele>2288</ele>
      </trkpt>
      <trkpt lat="42.669924963265657" lon="0.288305031135678">
        <ele>2289</ele>
      </trkpt>
      <trkpt lat="42.66988598741591" lon="0.288320034742355">
        <ele>2291</ele>
      </trkpt>
      <trkpt lat="42.66988598741591" lon="0.288387006148696">
        <ele>2291</ele>
      </trkpt>
      <trkpt lat="42.669878024607897" lon="0.288387006148696">
        <ele>2291</ele>
      </trkpt>
      <trkpt lat="42.669838964939117" lon="0.288383988663554">
        <ele>2293</ele>
      </trkpt>
      <trkpt lat="42.669831002131104" lon="0.288386000320315">
        <ele>2293</ele>
      </trkpt>
      <trkpt lat="42.669831002131104" lon="0.288386000320315">
        <ele>2293</ele>
      </trkpt>
      <trkpt lat="42.669826978817582" lon="0.288384994491935">
        <ele>2294</ele>
      </trkpt>
      <trkpt lat="42.669776016846299" lon="0.288360016420484">
        <ele>2296</ele>
      </trkpt>
      <trkpt lat="42.669699992984533" lon="0.288311988115311">
        <ele>2299</ele>
      </trkpt>
      <trkpt lat="42.669656993821263" lon="0.288295978680253">
        <ele>2301</ele>
      </trkpt>
      <trkpt lat="42.669615000486374" lon="0.288260020315647">
        <ele>2302</ele>
      </trkpt>
      <trkpt lat="42.669554986059666" lon="0.28824501670897">
        <ele>2305</ele>
      </trkpt>
      <trkpt lat="42.669521039351821" lon="0.288239987567067">
        <ele>2306</ele>
      </trkpt>
      <trkpt lat="42.669454989954829" lon="0.288239987567067">
        <ele>2307</ele>
      </trkpt>
      <trkpt lat="42.669428000226617" lon="0.288233030587435">
        <ele>2308</ele>
      </trkpt>
      <trkpt lat="42.66941400244832" lon="0.288295978680253">
        <ele>2309</ele>
      </trkpt>
      <trkpt lat="42.66934996470809" lon="0.288300001993775">
        <ele>2310</ele>
      </trkpt>
      <trkpt lat="42.669302020221949" lon="0.288290027529001">
        <ele>2312</ele>
      </trkpt>
      <trkpt lat="42.66924200579524" lon="0.288246022537351">
        <ele>2314</ele>
      </trkpt>
      <trkpt lat="42.66919800080359" lon="0.288292039185762">
        <ele>2315</ele>
      </trkpt>
      <trkpt lat="42.669181991368532" lon="0.288317017257214">
        <ele>2315</ele>
      </trkpt>
      <trkpt lat="42.669141003862023" lon="0.288319028913975">
        <ele>2316</ele>
      </trkpt>
      <trkpt lat="42.669118959456682" lon="0.288341995328665">
        <ele>2317</ele>
      </trkpt>
      <trkpt lat="42.669057017192245" lon="0.288393963128328">
        <ele>2318</ele>
      </trkpt>
      <trkpt lat="42.669019969180226" lon="0.288425981998444">
        <ele>2319</ele>
      </trkpt>
      <trkpt lat="42.669003959745169" lon="0.288447020575404">
        <ele>2320</ele>
      </trkpt>
      <trkpt lat="42.668930031359196" lon="0.288518015295267">
        <ele>2321</ele>
      </trkpt>
      <trkpt lat="42.668824000284076" lon="0.288561014458537">
        <ele>2324</ele>
      </trkpt>
      <trkpt lat="42.668733978644013" lon="0.288606025278568">
        <ele>2326</ele>
      </trkpt>
      <trkpt lat="42.66868201084435" lon="0.288615999743342">
        <ele>2327</ele>
      </trkpt>
      <trkpt lat="42.668615039438009" lon="0.288623962551355">
        <ele>2327</ele>
      </trkpt>
      <trkpt lat="42.668581008911133" lon="0.28869797475636">
        <ele>2327</ele>
      </trkpt>
      <trkpt lat="42.668548990041018" lon="0.288875000551343">
        <ele>2325</ele>
      </trkpt>
      <trkpt lat="42.668545972555876" lon="0.289092008024454">
        <ele>2321</ele>
      </trkpt>
      <trkpt lat="42.668552007526159" lon="0.289274984970689">
        <ele>2318</ele>
      </trkpt>
      <trkpt lat="42.668582014739513" lon="0.289466008543968">
        <ele>2315</ele>
      </trkpt>
      <trkpt lat="42.668583020567894" lon="0.289666000753641">
        <ele>2311</ele>
      </trkpt>
      <trkpt lat="42.668605986982584" lon="0.289853001013398">
        <ele>2309</ele>
      </trkpt>
      <trkpt lat="42.668641023337841" lon="0.289977975189686">
        <ele>2308</ele>
      </trkpt>
      <trkpt lat="42.668654015287757" lon="0.290052993223071">
        <ele>2308</ele>
      </trkpt>
      <trkpt lat="42.66866298392415" lon="0.290192971006036">
        <ele>2306</ele>
      </trkpt>
      <trkpt lat="42.668674970045686" lon="0.290249967947602">
        <ele>2306</ele>
      </trkpt>
      <trkpt lat="42.668689973652363" lon="0.290293972939253">
        <ele>2306</ele>
      </trkpt>
      <trkpt lat="42.668703971430659" lon="0.290334960445762">
        <ele>2306</ele>
      </trkpt>
      <trkpt lat="42.668718975037336" lon="0.290379971265793">
        <ele>2305</ele>
      </trkpt>
      <trkpt lat="42.668718975037336" lon="0.290379971265793">
        <ele>2305</ele>
      </trkpt>
      <trkpt lat="42.668742025271058" lon="0.290432022884488">
        <ele>2306</ele>
      </trkpt>
      <trkpt lat="42.668754011392593" lon="0.290527995675802">
        <ele>2305</ele>
      </trkpt>
      <trkpt lat="42.668755017220974" lon="0.290527995675802">
        <ele>2305</ele>
      </trkpt>
      <trkpt lat="42.668753005564213" lon="0.290525984019041">
        <ele>2305</ele>
      </trkpt>
      <trkpt lat="42.668753005564213" lon="0.290525984019041">
        <ele>2305</ele>
      </trkpt>
      <trkpt lat="42.668706988915801" lon="0.29058801010251">
        <ele>2303</ele>
      </trkpt>
      <trkpt lat="42.668674970045686" lon="0.290719019249082">
        <ele>2300</ele>
      </trkpt>
      <trkpt lat="42.668672958388925" lon="0.290791019797325">
        <ele>2299</ele>
      </trkpt>
      <trkpt lat="42.668664995580912" lon="0.290851034224033">
        <ele>2298</ele>
      </trkpt>
      <trkpt lat="42.668632976710796" lon="0.29086603783071">
        <ele>2297</ele>
      </trkpt>
      <trkpt lat="42.668594000861049" lon="0.290958993136883">
        <ele>2294</ele>
      </trkpt>
      <trkpt lat="42.668574973940849" lon="0.291006015613675">
        <ele>2293</ele>
      </trkpt>
      <trkpt lat="42.668562987819314" lon="0.291058989241719">
        <ele>2291</ele>
      </trkpt>
      <trkpt lat="42.668589977547526" lon="0.291082039475441">
        <ele>2292</ele>
      </trkpt>
      <trkpt lat="42.668650997802615" lon="0.291115986183286">
        <ele>2295</ele>
      </trkpt>
      <trkpt lat="42.668646974489093" lon="0.291214976459742">
        <ele>2293</ele>
      </trkpt>
      <trkpt lat="42.668697014451027" lon="0.291273985058069">
        <ele>2295</ele>
      </trkpt>
      <trkpt lat="42.668721992522478" lon="0.291322013363242">
        <ele>2295</ele>
      </trkpt>
      <trkpt lat="42.668716963380575" lon="0.291400970891118">
        <ele>2294</ele>
      </trkpt>
      <trkpt lat="42.668700031936169" lon="0.291475988924503">
        <ele>2291</ele>
      </trkpt>
      <trkpt lat="42.668664995580912" lon="0.291568022221327">
        <ele>2288</ele>
      </trkpt>
      <trkpt lat="42.668614033609629" lon="0.291713029146194">
        <ele>2283</ele>
      </trkpt>
      <trkpt lat="42.668563993647695" lon="0.291800033301115">
        <ele>2279</ele>
      </trkpt>
      <trkpt lat="42.668530968949199" lon="0.291904974728823">
        <ele>2275</ele>
      </trkpt>
      <trkpt lat="42.668485036119819" lon="0.292068002745509">
        <ele>2270</ele>
      </trkpt>
      <trkpt lat="42.668436001986265" lon="0.292208986356854">
        <ele>2266</ele>
      </trkpt>
      <trkpt lat="42.668391996994615" lon="0.292358016595244">
        <ele>2262</ele>
      </trkpt>
      <trkpt lat="42.668327959254384" lon="0.292506041005254">
        <ele>2258</ele>
      </trkpt>
      <trkpt lat="42.668324019759893" lon="0.292530013248324">
        <ele>2258</ele>
      </trkpt>
      <trkpt lat="42.668315973132849" lon="0.292748026549816">
        <ele>2256</ele>
      </trkpt>
      <trkpt lat="42.668307004496455" lon="0.292793037369847">
        <ele>2255</ele>
      </trkpt>
      <trkpt lat="42.668283032253385" lon="0.292939972132444">
        <ele>2253</ele>
      </trkpt>
      <trkpt lat="42.668261993676424" lon="0.293034017086029">
        <ele>2252</ele>
      </trkpt>
      <trkpt lat="42.668256964534521" lon="0.293103000149131">
        <ele>2251</ele>
      </trkpt>
      <trkpt lat="42.668230980634689" lon="0.293163014575839">
        <ele>2250</ele>
      </trkpt>
      <trkpt lat="42.668150011450052" lon="0.293357977643609">
        <ele>2246</ele>
      </trkpt>
      <trkpt lat="42.668105000630021" lon="0.293556964024901">
        <ele>2243</ele>
      </trkpt>
      <trkpt lat="42.668044986203313" lon="0.293729966506362">
        <ele>2240</ele>
      </trkpt>
      <trkpt lat="42.668035011738539" lon="0.293765002861619">
        <ele>2240</ele>
      </trkpt>
      <trkpt lat="42.668005004525185" lon="0.293986033648252">
        <ele>2239</ele>
      </trkpt>
      <trkpt lat="42.667988995090127" lon="0.294100027531385">
        <ele>2238</ele>
      </trkpt>
      <trkpt lat="42.667972985655069" lon="0.294159958139062">
        <ele>2237</ele>
      </trkpt>
      <trkpt lat="42.66793099232018" lon="0.294336983934045">
        <ele>2236</ele>
      </trkpt>
      <trkpt lat="42.667924035340548" lon="0.29439096339047">
        <ele>2235</ele>
      </trkpt>
      <trkpt lat="42.667921017855406" lon="0.294461958110332">
        <ele>2235</ele>
      </trkpt>
      <trkpt lat="42.667894028127193" lon="0.294557008892298">
        <ele>2234</ele>
      </trkpt>
      <trkpt lat="42.667896039783955" lon="0.294655999168754">
        <ele>2234</ele>
      </trkpt>
      <trkpt lat="42.667891010642052" lon="0.294831013306975">
        <ele>2233</ele>
      </trkpt>
      <trkpt lat="42.667888998985291" lon="0.294935032725334">
        <ele>2232</ele>
      </trkpt>
      <trkpt lat="42.667856980115175" lon="0.295129995793104">
        <ele>2230</ele>
      </trkpt>
      <trkpt lat="42.667853962630033" lon="0.295141981914639">
        <ele>2230</ele>
      </trkpt>
      <trkpt lat="42.66782496124506" lon="0.295411963015795">
        <ele>2228</ele>
      </trkpt>
      <trkpt lat="42.667823033407331" lon="0.295429984107614">
        <ele>2228</ele>
      </trkpt>
      <trkpt lat="42.667815992608666" lon="0.295491004362702">
        <ele>2227</ele>
      </trkpt>
      <trkpt lat="42.667805012315512" lon="0.295638022944331">
        <ele>2227</ele>
      </trkpt>
      <trkpt lat="42.667794032022357" lon="0.295727960765362">
        <ele>2227</ele>
      </trkpt>
      <trkpt lat="42.667815992608666" lon="0.295861987397075">
        <ele>2228</ele>
      </trkpt>
      <trkpt lat="42.667796965688467" lon="0.296080000698566">
        <ele>2227</ele>
      </trkpt>
      <trkpt lat="42.667761007323861" lon="0.296255014836788">
        <ele>2226</ele>
      </trkpt>
      <trkpt lat="42.66773896291852" lon="0.296337995678186">
        <ele>2225</ele>
      </trkpt>
      <trkpt lat="42.66769303008914" lon="0.29638702981174">
        <ele>2224</ele>
      </trkpt>
      <trkpt lat="42.667653970420361" lon="0.296435980126262">
        <ele>2223</ele>
      </trkpt>
      <trkpt lat="42.6676070317626" lon="0.296497000381351">
        <ele>2221</ele>
      </trkpt>
      <trkpt lat="42.667524972930551" lon="0.296571012586355">
        <ele>2219</ele>
      </trkpt>
      <trkpt lat="42.667433023452759" lon="0.296754995360971">
        <ele>2218</ele>
      </trkpt>
      <trkpt lat="42.667432017624378" lon="0.296763963997364">
        <ele>2218</ele>
      </trkpt>
      <trkpt lat="42.667432017624378" lon="0.296763963997364">
        <ele>2218</ele>
      </trkpt>
      <trkpt lat="42.667432017624378" lon="0.29677502810955">
        <ele>2218</ele>
      </trkpt>
      <trkpt lat="42.667416008189321" lon="0.29679799452424">
        <ele>2217</ele>
      </trkpt>
      <trkpt lat="42.667302014306188" lon="0.297066969797015">
        <ele>2217</ele>
      </trkpt>
      <trkpt lat="42.667229007929564" lon="0.297284983098507">
        <ele>2216</ele>
      </trkpt>
      <trkpt lat="42.66722003929317" lon="0.297475000843406">
        <ele>2217</ele>
      </trkpt>
      <trkpt lat="42.667178967967629" lon="0.297646997496486">
        <ele>2217</ele>
      </trkpt>
      <trkpt lat="42.667178967967629" lon="0.297646997496486">
        <ele>2217</ele>
      </trkpt>
      <trkpt lat="42.667151978239417" lon="0.297847995534539">
        <ele>2217</ele>
      </trkpt>
      <trkpt lat="42.667148960754275" lon="0.297981016337872">
        <ele>2218</ele>
      </trkpt>
      <trkpt lat="42.667142003774643" lon="0.298125017434359">
        <ele>2218</ele>
      </trkpt>
      <trkpt lat="42.667143009603024" lon="0.298135997727513">
        <ele>2218</ele>
      </trkpt>
      <trkpt lat="42.667110990732908" lon="0.29825896024704">
        <ele>2217</ele>
      </trkpt>
      <trkpt lat="42.667067991569638" lon="0.298433974385262">
        <ele>2216</ele>
      </trkpt>
      <trkpt lat="42.667063968256116" lon="0.298459036275744">
        <ele>2216</ele>
      </trkpt>
      <trkpt lat="42.667070003226399" lon="0.29849398881197">
        <ele>2216</ele>
      </trkpt>
      <trkpt lat="42.667059022933245" lon="0.298573030158877">
        <ele>2216</ele>
      </trkpt>
      <trkpt lat="42.667059022933245" lon="0.298612006008625">
        <ele>2216</ele>
      </trkpt>
      <trkpt lat="42.667048964649439" lon="0.298784002661705">
        <ele>2216</ele>
      </trkpt>
      <trkpt lat="42.667047958821058" lon="0.29883898794651">
        <ele>2217</ele>
      </trkpt>
      <trkpt lat="42.667062962427735" lon="0.298925992101431">
        <ele>2217</ele>
      </trkpt>
      <trkpt lat="42.667100010439754" lon="0.299097988754511">
        <ele>2219</ele>
      </trkpt>
      <trkpt lat="42.667097998782992" lon="0.299106035381556">
        <ele>2219</ele>
      </trkpt>
      <trkpt lat="42.667081989347935" lon="0.29920301400125">
        <ele>2218</ele>
      </trkpt>
      <trkpt lat="42.667068997398019" lon="0.299295969307423">
        <ele>2218</ele>
      </trkpt>
      <trkpt lat="42.667024992406368" lon="0.299377022311091">
        <ele>2217</ele>
      </trkpt>
      <trkpt lat="42.666989034041762" lon="0.299438964575529">
        <ele>2216</ele>
      </trkpt>
      <trkpt lat="42.666936982423067" lon="0.299538038671017">
        <ele>2215</ele>
      </trkpt>
      <trkpt lat="42.666916027665138" lon="0.299558993428946">
        <ele>2214</ele>
      </trkpt>
      <trkpt lat="42.666860958561301" lon="0.299635017290711">
        <ele>2214</ele>
      </trkpt>
      <trkpt lat="42.66685601323843" lon="0.299639962613583">
        <ele>2214</ele>
      </trkpt>
      <trkpt lat="42.666834974661469" lon="0.299678016453981">
        <ele>2214</ele>
      </trkpt>
      <trkpt lat="42.666803961619735" lon="0.299755968153477">
        <ele>2215</ele>
      </trkpt>
      <trkpt lat="42.666797004640102" lon="0.299766026437283">
        <ele>2215</ele>
      </trkpt>
      <trkpt lat="42.666752999648452" lon="0.29984699562192">
        <ele>2215</ele>
      </trkpt>
      <trkpt lat="42.666707988828421" lon="0.299945985898376">
        <ele>2215</ele>
      </trkpt>
      <trkpt lat="42.666697008535266" lon="0.300003988668323">
        <ele>2216</ele>
      </trkpt>
      <trkpt lat="42.666680999100208" lon="0.300025027245283">
        <ele>2216</ele>
      </trkpt>
      <trkpt lat="42.666667001321912" lon="0.300069032236934">
        <ele>2216</ele>
      </trkpt>
      <trkpt lat="42.666654009371996" lon="0.300114965066314">
        <ele>2216</ele>
      </trkpt>
      <trkpt lat="42.666639005765319" lon="0.300159975886345">
        <ele>2217</ele>
      </trkpt>
      <trkpt lat="42.666602041572332" lon="0.300206998363137">
        <ele>2216</ele>
      </trkpt>
      <trkpt lat="42.666583014652133" lon="0.300235999748111">
        <ele>2216</ele>
      </trkpt>
      <trkpt lat="42.666569016873837" lon="0.300258966162801">
        <ele>2216</ele>
      </trkpt>
      <trkpt lat="42.666542027145624" lon="0.300310011953115">
        <ele>2215</ele>
      </trkpt>
      <trkpt lat="42.666529035195708" lon="0.300337001681328">
        <ele>2215</ele>
      </trkpt>
      <trkpt lat="42.666477989405394" lon="0.300417970865965">
        <ele>2214</ele>
      </trkpt>
      <trkpt lat="42.666468014940619" lon="0.300459964200854">
        <ele>2215</ele>
      </trkpt>
      <trkpt lat="42.666459968313575" lon="0.300485026091337">
        <ele>2215</ele>
      </trkpt>
      <trkpt lat="42.666450999677181" lon="0.300519978627563">
        <ele>2216</ele>
      </trkpt>
      <trkpt lat="42.666418980807066" lon="0.300593990832567">
        <ele>2216</ele>
      </trkpt>
      <trkpt lat="42.666347986087203" lon="0.300692981109023">
        <ele>2215</ele>
      </trkpt>
      <trkpt lat="42.666329964995384" lon="0.300765987485647">
        <ele>2216</ele>
      </trkpt>
      <trkpt lat="42.666322002187371" lon="0.300821978598833">
        <ele>2217</ele>
      </trkpt>
      <trkpt lat="42.666305992752314" lon="0.300908982753754">
        <ele>2219</ele>
      </trkpt>
      <trkpt lat="42.666293000802398" lon="0.300982994958758">
        <ele>2220</ele>
      </trkpt>
      <trkpt lat="42.66629702411592" lon="0.300992969423532">
        <ele>2220</ele>
      </trkpt>
      <trkpt lat="42.666282020509243" lon="0.301091959699988">
        <ele>2222</ele>
      </trkpt>
      <trkpt lat="42.666269028559327" lon="0.301123978570104">
        <ele>2222</ele>
      </trkpt>
      <trkpt lat="42.666243966668844" lon="0.301221963018179">
        <ele>2223</ele>
      </trkpt>
      <trkpt lat="42.666229968890548" lon="0.301322964951396">
        <ele>2225</ele>
      </trkpt>
      <trkpt lat="42.666227035224438" lon="0.301333023235202">
        <ele>2225</ele>
      </trkpt>
      <trkpt lat="42.666194010525942" lon="0.301423966884613">
        <ele>2225</ele>
      </trkpt>
      <trkpt lat="42.666175989434123" lon="0.301538966596127">
        <ele>2226</ele>
      </trkpt>
      <trkpt lat="42.666173977777362" lon="0.301639968529344">
        <ele>2229</ele>
      </trkpt>
      <trkpt lat="42.666185041889548" lon="0.301701994612813">
        <ele>2231</ele>
      </trkpt>
      <trkpt lat="42.666188981384039" lon="0.301912967115641">
        <ele>2237</ele>
      </trkpt>
      <trkpt lat="42.6661909930408" lon="0.30195496045053">
        <ele>2238</ele>
      </trkpt>
      <trkpt lat="42.666179006919265" lon="0.30201799236238">
        <ele>2239</ele>
      </trkpt>
      <trkpt lat="42.66616802662611" lon="0.302059985697269">
        <ele>2239</ele>
      </trkpt>
      <trkpt lat="42.666113963350654" lon="0.302175991237164">
        <ele>2237</ele>
      </trkpt>
      <trkpt lat="42.666112035512924" lon="0.302202980965376">
        <ele>2237</ele>
      </trkpt>
      <trkpt lat="42.666093008592725" lon="0.302241034805775">
        <ele>2236</ele>
      </trkpt>
      <trkpt lat="42.666072975844145" lon="0.302302977070212">
        <ele>2236</ele>
      </trkpt>
      <trkpt lat="42.66608202829957" lon="0.302448989823461">
        <ele>2238</ele>
      </trkpt>
      <trkpt lat="42.666092002764344" lon="0.302485032007098">
        <ele>2239</ele>
      </trkpt>
      <trkpt lat="42.666113963350654" lon="0.302641019225121">
        <ele>2242</ele>
      </trkpt>
      <trkpt lat="42.666112035512924" lon="0.302774040028453">
        <ele>2243</ele>
      </trkpt>
      <trkpt lat="42.666112035512924" lon="0.302774040028453">
        <ele>2243</ele>
      </trkpt>
      <trkpt lat="42.666119998320937" lon="0.302847968414426">
        <ele>2245</ele>
      </trkpt>
      <trkpt lat="42.666141958907247" lon="0.302965985611081">
        <ele>2247</ele>
      </trkpt>
      <trkpt lat="42.666143970564008" lon="0.302970008924603">
        <ele>2247</ele>
      </trkpt>
      <trkpt lat="42.666155034676194" lon="0.303037986159325">
        <ele>2249</ele>
      </trkpt>
      <trkpt lat="42.666154028847814" lon="0.303056007251143">
        <ele>2249</ele>
      </trkpt>
      <trkpt lat="42.666164003312588" lon="0.303206965327263">
        <ele>2251</ele>
      </trkpt>
      <trkpt lat="42.666167020797729" lon="0.303230015560985">
        <ele>2251</ele>
      </trkpt>
      <trkpt lat="42.666164003312588" lon="0.303314002230763">
        <ele>2251</ele>
      </trkpt>
      <trkpt lat="42.666151011362672" lon="0.30337200500071">
        <ele>2251</ele>
      </trkpt>
      <trkpt lat="42.666121004149318" lon="0.303569985553622">
        <ele>2251</ele>
      </trkpt>
      <trkpt lat="42.666084039956331" lon="0.303740976378322">
        <ele>2250</ele>
      </trkpt>
      <trkpt lat="42.666041040793061" lon="0.303827980533242">
        <ele>2248</ele>
      </trkpt>
      <trkpt lat="42.666011033579707" lon="0.303927976638079">
        <ele>2247</ele>
      </trkpt>
      <trkpt lat="42.66595495864749" lon="0.304117994382977">
        <ele>2245</ele>
      </trkpt>
      <trkpt lat="42.665897961705923" lon="0.304197035729885">
        <ele>2242</ele>
      </trkpt>
      <trkpt lat="42.665811041370034" lon="0.304340030997992">
        <ele>2239</ele>
      </trkpt>
      <trkpt lat="42.665765024721622" lon="0.304546980187297">
        <ele>2239</ele>
      </trkpt>
      <trkpt lat="42.6657610014081" lon="0.3047039732337">
        <ele>2239</ele>
      </trkpt>
      <trkpt lat="42.665762007236481" lon="0.304713025689125">
        <ele>2240</ele>
      </trkpt>
      <trkpt lat="42.665756978094578" lon="0.304844034835696">
        <ele>2240</ele>
      </trkpt>
      <trkpt lat="42.665796959772706" lon="0.304952999576926">
        <ele>2242</ele>
      </trkpt>
      <trkpt lat="42.665871977806091" lon="0.30517503619194">
        <ele>2247</ele>
      </trkpt>
      <trkpt lat="42.665887987241149" lon="0.305209988728166">
        <ele>2248</ele>
      </trkpt>
      <trkpt lat="42.665903996676207" lon="0.305276960134506">
        <ele>2249</ele>
      </trkpt>
      <trkpt lat="42.665902990847826" lon="0.30532599426806">
        <ele>2249</ele>
      </trkpt>
      <trkpt lat="42.665908019989729" lon="0.305443005636334">
        <ele>2249</ele>
      </trkpt>
      <trkpt lat="42.66593299806118" lon="0.305469995364547">
        <ele>2249</ele>
      </trkpt>
      <trkpt lat="42.666007010266185" lon="0.305494973435998">
        <ele>2252</ele>
      </trkpt>
      <trkpt lat="42.66603802330792" lon="0.305563034489751">
        <ele>2252</ele>
      </trkpt>
      <trkpt lat="42.66603802330792" lon="0.305563034489751">
        <ele>2252</ele>
      </trkpt>
      <trkpt lat="42.66606098972261" lon="0.305564040318131">
        <ele>2253</ele>
      </trkpt>
      <trkpt lat="42.666113963350654" lon="0.30556202866137">
        <ele>2256</ele>
      </trkpt>
      <trkpt lat="42.666200967505574" lon="0.305597987025976">
        <ele>2259</ele>
      </trkpt>
      <trkpt lat="42.666271040216088" lon="0.305591030046344">
        <ele>2261</ele>
      </trkpt>
      <trkpt lat="42.666282020509243" lon="0.305589018389583">
        <ele>2261</ele>
      </trkpt>
      <trkpt lat="42.666330970823765" lon="0.305596981197596">
        <ele>2260</ele>
      </trkpt>
      <trkpt lat="42.666343040764332" lon="0.305633023381233">
        <ele>2259</ele>
      </trkpt>
      <trkpt lat="42.666372964158654" lon="0.305642997846007">
        <ele>2259</ele>
      </trkpt>
      <trkpt lat="42.666416969150305" lon="0.305662024766207">
        <ele>2258</ele>
      </trkpt>
      <trkpt lat="42.666435996070504" lon="0.305673005059361">
        <ele>2257</ele>
      </trkpt>
      <trkpt lat="42.666470026597381" lon="0.305708041414618">
        <ele>2256</ele>
      </trkpt>
      <trkpt lat="42.666544038802385" lon="0.305702006444335">
        <ele>2256</ele>
      </trkpt>
      <trkpt lat="42.666579997166991" lon="0.30569395981729">
        <ele>2255</ele>
      </trkpt>
      <trkpt lat="42.666601035743952" lon="0.305708963423967">
        <ele>2255</ele>
      </trkpt>
      <trkpt lat="42.666687034070492" lon="0.305784987285733">
        <ele>2252</ele>
      </trkpt>
      <trkpt lat="42.666677981615067" lon="0.305888000875711">
        <ele>2251</ele>
      </trkpt>
      <trkpt lat="42.666637999936938" lon="0.305929994210601">
        <ele>2250</ele>
      </trkpt>
      <trkpt lat="42.666621990501881" lon="0.305986991152167">
        <ele>2250</ele>
      </trkpt>
      <trkpt lat="42.666612016037107" lon="0.306197963654995">
        <ele>2246</ele>
      </trkpt>
      <trkpt lat="42.666560970246792" lon="0.306286979466677">
        <ele>2245</ele>
      </trkpt>
      <trkpt lat="42.666528029367328" lon="0.306460987776518">
        <ele>2243</ele>
      </trkpt>
      <trkpt lat="42.666521994397044" lon="0.306565007194877">
        <ele>2241</ele>
      </trkpt>
      <trkpt lat="42.666523000225425" lon="0.306675983592868">
        <ele>2239</ele>
      </trkpt>
      <trkpt lat="42.666519982740283" lon="0.306760976091027">
        <ele>2237</ele>
      </trkpt>
      <trkpt lat="42.666499027982354" lon="0.306833982467651">
        <ele>2236</ele>
      </trkpt>
      <trkpt lat="42.666473966091871" lon="0.306887961924076">
        <ele>2235</ele>
      </trkpt>
      <trkpt lat="42.666387967765331" lon="0.307048978284001">
        <ele>2233</ele>
      </trkpt>
      <trkpt lat="42.666355026885867" lon="0.307111004367471">
        <ele>2232</ele>
      </trkpt>
      <trkpt lat="42.666227035224438" lon="0.307329017668962">
        <ele>2228</ele>
      </trkpt>
      <trkpt lat="42.666181018576026" lon="0.30743001960218">
        <ele>2224</ele>
      </trkpt>
      <trkpt lat="42.666069036349654" lon="0.307606961578131">
        <ele>2215</ele>
      </trkpt>
      <trkpt lat="42.666014973074198" lon="0.307670999318361">
        <ele>2212</ele>
      </trkpt>
      <trkpt lat="42.665895028039813" lon="0.307890018448234">
        <ele>2203</ele>
      </trkpt>
      <trkpt lat="42.665857980027795" lon="0.307974005118012">
        <ele>2200</ele>
      </trkpt>
      <trkpt lat="42.665848005563021" lon="0.308061009272933">
        <ele>2198</ele>
      </trkpt>
      <trkpt lat="42.665836019441485" lon="0.308085987344384">
        <ele>2197</ele>
      </trkpt>
      <trkpt lat="42.665786985307932" lon="0.308137033134699">
        <ele>2194</ele>
      </trkpt>
      <trkpt lat="42.665778016671538" lon="0.308154970407486">
        <ele>2193</ele>
      </trkpt>
      <trkpt lat="42.665726970881224" lon="0.308386981487274">
        <ele>2187</ele>
      </trkpt>
      <trkpt lat="42.66569403000176" lon="0.308515978977084">
        <ele>2183</ele>
      </trkpt>
      <trkpt lat="42.6656090375036" lon="0.308783026412129">
        <ele>2174</ele>
      </trkpt>
      <trkpt lat="42.665609959512949" lon="0.308816973119974">
        <ele>2174</ele>
      </trkpt>
      <trkpt lat="42.665604008361697" lon="0.308906994760036">
        <ele>2173</ele>
      </trkpt>
      <trkpt lat="42.665591016411781" lon="0.309245958924294">
        <ele>2170</ele>
      </trkpt>
      <trkpt lat="42.665569977834821" lon="0.30930002219975">
        <ele>2169</ele>
      </trkpt>
      <trkpt lat="42.665547011420131" lon="0.309356013312936">
        <ele>2168</ele>
      </trkpt>
      <trkpt lat="42.665493031963706" lon="0.309574026614428">
        <ele>2165</ele>
      </trkpt>
      <trkpt lat="42.66543603502214" lon="0.309723978862166">
        <ele>2166</ele>
      </trkpt>
      <trkpt lat="42.665409967303276" lon="0.309916008263826">
        <ele>2168</ele>
      </trkpt>
      <trkpt lat="42.665319023653865" lon="0.310124969109893">
        <ele>2166</ele>
      </trkpt>
      <trkpt lat="42.66528801061213" lon="0.310190012678504">
        <ele>2165</ele>
      </trkpt>
      <trkpt lat="42.665274012833834" lon="0.310270981863141">
        <ele>2166</ele>
      </trkpt>
      <trkpt lat="42.665209975093603" lon="0.31046200543642">
        <ele>2166</ele>
      </trkpt>
      <trkpt lat="42.665098998695612" lon="0.310624027624726">
        <ele>2164</ele>
      </trkpt>
      <trkpt lat="42.664967989549041" lon="0.310738021507859">
        <ele>2161</ele>
      </trkpt>
      <trkpt lat="42.664889032021165" lon="0.310701979324222">
        <ele>2156</ele>
      </trkpt>
      <trkpt lat="42.664828011766076" lon="0.31078303232789">
        <ele>2156</ele>
      </trkpt>
      <trkpt lat="42.664801022037864" lon="0.310833994299173">
        <ele>2156</ele>
      </trkpt>
      <trkpt lat="42.664798004552722" lon="0.310846986249089">
        <ele>2157</ele>
      </trkpt>
      <trkpt lat="42.66477101482451" lon="0.310936002060771">
        <ele>2159</ele>
      </trkpt>
      <trkpt lat="42.66475198790431" lon="0.311023006215692">
        <ele>2161</ele>
      </trkpt>
      <trkpt lat="42.664703959599137" lon="0.311270020902157">
        <ele>2167</ele>
      </trkpt>
      <trkpt lat="42.664706977084279" lon="0.311288964003325">
        <ele>2168</ele>
      </trkpt>
      <trkpt lat="42.664762968197465" lon="0.311403041705489">
        <ele>2169</ele>
      </trkpt>
      <trkpt lat="42.664820970967412" lon="0.311462972313166">
        <ele>2171</ele>
      </trkpt>
      <trkpt lat="42.664875034242868" lon="0.311508988961577">
        <ele>2172</ele>
      </trkpt>
      <trkpt lat="42.664940999820828" lon="0.311561040580273">
        <ele>2173</ele>
      </trkpt>
      <trkpt lat="42.664950974285603" lon="0.311561962589622">
        <ele>2173</ele>
      </trkpt>
      <trkpt lat="42.665112996473908" lon="0.311604039743543">
        <ele>2176</ele>
      </trkpt>
      <trkpt lat="42.665139986202121" lon="0.311618959531188">
        <ele>2176</ele>
      </trkpt>
      <trkpt lat="42.665321035310626" lon="0.311646033078432">
        <ele>2179</ele>
      </trkpt>
      <trkpt lat="42.66545900143683" lon="0.311619965359569">
        <ele>2180</ele>
      </trkpt>
      <trkpt lat="42.665513986721635" lon="0.311593981459737">
        <ele>2179</ele>
      </trkpt>
      <trkpt lat="42.665624963119626" lon="0.311540002003312">
        <ele>2177</ele>
      </trkpt>
      <trkpt lat="42.665709033608437" lon="0.31151401810348">
        <ele>2176</ele>
      </trkpt>
      <trkpt lat="42.665753038600087" lon="0.311439000070095">
        <ele>2176</ele>
      </trkpt>
      <trkpt lat="42.665753960609436" lon="0.311426008120179">
        <ele>2176</ele>
      </trkpt>
      <trkpt lat="42.665794026106596" lon="0.311378985643387">
        <ele>2176</ele>
      </trkpt>
      <trkpt lat="42.665828978642821" lon="0.311327017843723">
        <ele>2177</ele>
      </trkpt>
      <trkpt lat="42.665897961705923" lon="0.311225010082126">
        <ele>2177</ele>
      </trkpt>
      <trkpt lat="42.66595303080976" lon="0.31114999204874">
        <ele>2176</ele>
      </trkpt>
      <trkpt lat="42.665981026366353" lon="0.311099030077457">
        <ele>2176</ele>
      </trkpt>
      <trkpt lat="42.666037017479539" lon="0.311022000387311">
        <ele>2175</ele>
      </trkpt>
      <trkpt lat="42.666053026914597" lon="0.311009008437395">
        <ele>2175</ele>
      </trkpt>
      <trkpt lat="42.666102983057499" lon="0.310960980132222">
        <ele>2175</ele>
      </trkpt>
      <trkpt lat="42.666153023019433" lon="0.310923010110855">
        <ele>2175</ele>
      </trkpt>
      <trkpt lat="42.666188981384039" lon="0.310897026211023">
        <ele>2175</ele>
      </trkpt>
      <trkpt lat="42.666222006082535" lon="0.310873975977302">
        <ele>2175</ele>
      </trkpt>
      <trkpt lat="42.666314039379358" lon="0.310810022056103">
        <ele>2172</ele>
      </trkpt>
      <trkpt lat="42.666356032714248" lon="0.310784038156271">
        <ele>2171</ele>
      </trkpt>
      <trkpt lat="42.666387967765331" lon="0.310780014842749">
        <ele>2169</ele>
      </trkpt>
      <trkpt lat="42.666441025212407" lon="0.310758976265788">
        <ele>2167</ele>
      </trkpt>
      <trkpt lat="42.666547978296876" lon="0.310724023729563">
        <ele>2163</ele>
      </trkpt>
      <trkpt lat="42.666677981615067" lon="0.310681024566293">
        <ele>2157</ele>
      </trkpt>
      <trkpt lat="42.666693991050124" lon="0.31069896183908">
        <ele>2156</ele>
      </trkpt>
      <trkpt lat="42.666791975498199" lon="0.310727963224053">
        <ele>2151</ele>
      </trkpt>
      <trkpt lat="42.666836986318231" lon="0.310738021507859">
        <ele>2149</ele>
      </trkpt>
      <trkpt lat="42.666847966611385" lon="0.310743972659111">
        <ele>2148</ele>
      </trkpt>
      <trkpt lat="42.666947962716222" lon="0.310769034549594">
        <ele>2143</ele>
      </trkpt>
      <trkpt lat="42.666947962716222" lon="0.310769034549594">
        <ele>2143</ele>
      </trkpt>
      <trkpt lat="42.666976964101195" lon="0.31078303232789">
        <ele>2141</ele>
      </trkpt>
      <trkpt lat="42.667062040418386" lon="0.310874981805682">
        <ele>2135</ele>
      </trkpt>
      <trkpt lat="42.667078971862793" lon="0.31089199706912">
        <ele>2134</ele>
      </trkpt>
      <trkpt lat="42.667060028761625" lon="0.310942037031055">
        <ele>2134</ele>
      </trkpt>
      <trkpt lat="42.667044019326568" lon="0.311014037579298">
        <ele>2133</ele>
      </trkpt>
      <trkpt lat="42.667052987962961" lon="0.31101998873055">
        <ele>2132</ele>
      </trkpt>
      <trkpt lat="42.66711400821805" lon="0.311054019257426">
        <ele>2129</ele>
      </trkpt>
      <trkpt lat="42.667129011824727" lon="0.311070028692484">
        <ele>2128</ele>
      </trkpt>
      <trkpt lat="42.667150972411036" lon="0.311101963743567">
        <ele>2126</ele>
      </trkpt>
      <trkpt lat="42.667182991281152" lon="0.311258034780622">
        <ele>2121</ele>
      </trkpt>
      <trkpt lat="42.667189026251435" lon="0.311262980103493">
        <ele>2121</ele>
      </trkpt>
      <trkpt lat="42.667206041514874" lon="0.311275972053409">
        <ele>2120</ele>
      </trkpt>
      <trkpt lat="42.667258009314537" lon="0.311276977881789">
        <ele>2118</ele>
      </trkpt>
      <trkpt lat="42.667296985164285" lon="0.311343027278781">
        <ele>2115</ele>
      </trkpt>
      <trkpt lat="42.667304025962949" lon="0.311354007571936">
        <ele>2115</ele>
      </trkpt>
      <trkpt lat="42.667321041226387" lon="0.311429025605321">
        <ele>2112</ele>
      </trkpt>
      <trkpt lat="42.667311988770962" lon="0.311500020325184">
        <ele>2111</ele>
      </trkpt>
      <trkpt lat="42.667361022904515" lon="0.311634968966246">
        <ele>2106</ele>
      </trkpt>
      <trkpt lat="42.667408967390656" lon="0.311660030856729">
        <ele>2104</ele>
      </trkpt>
      <trkpt lat="42.667449032887816" lon="0.311684003099799">
        <ele>2102</ele>
      </trkpt>
      <trkpt lat="42.6674809679389" lon="0.311663970351219">
        <ele>2101</ele>
      </trkpt>
      <trkpt lat="42.667647013440728" lon="0.311766983941197">
        <ele>2093</ele>
      </trkpt>
      <trkpt lat="42.667692024260759" lon="0.311873015016317">
        <ele>2090</ele>
      </trkpt>
      <trkpt lat="42.667697975412011" lon="0.311885001137853">
        <ele>2089</ele>
      </trkpt>
      <trkpt lat="42.667709039524198" lon="0.311914002522826">
        <ele>2088</ele>
      </trkpt>
      <trkpt lat="42.667780034244061" lon="0.311997989192605">
        <ele>2084</ele>
      </trkpt>
      <trkpt lat="42.667796965688467" lon="0.31202900223434">
        <ele>2083</ele>
      </trkpt>
      <trkpt lat="42.667808029800653" lon="0.312047023326159">
        <ele>2082</ele>
      </trkpt>
      <trkpt lat="42.667843988165259" lon="0.312149031087756">
        <ele>2079</ele>
      </trkpt>
      <trkpt lat="42.667845999822021" lon="0.312150958925486">
        <ele>2079</ele>
      </trkpt>
      <trkpt lat="42.667840970680118" lon="0.312152970582247">
        <ele>2079</ele>
      </trkpt>
      <trkpt lat="42.667841976508498" lon="0.312161017209291">
        <ele>2079</ele>
      </trkpt>
      <trkpt lat="42.667843988165259" lon="0.31215900555253">
        <ele>2079</ele>
      </trkpt>
      <trkpt lat="42.667841976508498" lon="0.312165040522814">
        <ele>2079</ele>
      </trkpt>
      <trkpt lat="42.667841976508498" lon="0.312165040522814">
        <ele>2079</ele>
      </trkpt>
      <trkpt lat="42.667841976508498" lon="0.312165040522814">
        <ele>2079</ele>
      </trkpt>
      <trkpt lat="42.667841976508498" lon="0.312165040522814">
        <ele>2079</ele>
      </trkpt>
      <trkpt lat="42.667840970680118" lon="0.312165040522814">
        <ele>2079</ele>
      </trkpt>
      <trkpt lat="42.66784499399364" lon="0.312167974188924">
        <ele>2079</ele>
      </trkpt>
      <trkpt lat="42.66784499399364" lon="0.312166968360543">
        <ele>2079</ele>
      </trkpt>
      <trkpt lat="42.667845999822021" lon="0.312164034694433">
        <ele>2079</ele>
      </trkpt>
      <trkpt lat="42.667845999822021" lon="0.312164034694433">
        <ele>2079</ele>
      </trkpt>
      <trkpt lat="42.667850023135543" lon="0.312165962532163">
        <ele>2079</ele>
      </trkpt>
      <trkpt lat="42.667852034792304" lon="0.312165962532163">
        <ele>2079</ele>
      </trkpt>
      <trkpt lat="42.667848011478782" lon="0.312161017209291">
        <ele>2079</ele>
      </trkpt>
      <trkpt lat="42.667854968458414" lon="0.31215900555253">
        <ele>2079</ele>
      </trkpt>
      <trkpt lat="42.667847005650401" lon="0.312166968360543">
        <ele>2079</ele>
      </trkpt>
      <trkpt lat="42.667848011478782" lon="0.312164034694433">
        <ele>2079</ele>
      </trkpt>
      <trkpt lat="42.667851028963923" lon="0.312189012765884">
        <ele>2079</ele>
      </trkpt>
      <trkpt lat="42.667933003976941" lon="0.312305018305779">
        <ele>2075</ele>
      </trkpt>
      <trkpt lat="42.668031994253397" lon="0.312412977218628">
        <ele>2073</ele>
      </trkpt>
      <trkpt lat="42.668039035052061" lon="0.312627973034978">
        <ele>2070</ele>
      </trkpt>
      <trkpt lat="42.66799402423203" lon="0.312847997993231">
        <ele>2067</ele>
      </trkpt>
      <trkpt lat="42.667984971776605" lon="0.312864007428288">
        <ele>2067</ele>
      </trkpt>
      <trkpt lat="42.66795395873487" lon="0.312876999378204">
        <ele>2067</ele>
      </trkpt>
      <trkpt lat="42.667856980115175" lon="0.312972972169518">
        <ele>2067</ele>
      </trkpt>
      <trkpt lat="42.667811969295144" lon="0.312993004918098">
        <ele>2068</ele>
      </trkpt>
      <trkpt lat="42.667792020365596" lon="0.313032986596227">
        <ele>2068</ele>
      </trkpt>
      <trkpt lat="42.667724965140224" lon="0.3130810149014">
        <ele>2068</ele>
      </trkpt>
      <trkpt lat="42.667707027867436" lon="0.313083026558161">
        <ele>2069</ele>
      </trkpt>
      <trkpt lat="42.667592028155923" lon="0.313170030713081">
        <ele>2069</ele>
      </trkpt>
      <trkpt lat="42.667470993474126" lon="0.313418973237276">
        <ele>2067</ele>
      </trkpt>
      <trkpt lat="42.667460013180971" lon="0.313446968793869">
        <ele>2066</ele>
      </trkpt>
      <trkpt lat="42.667393963783979" lon="0.313531961292028">
        <ele>2066</ele>
      </trkpt>
      <trkpt lat="42.667382983490825" lon="0.313548976555467">
        <ele>2065</ele>
      </trkpt>
      <trkpt lat="42.667338978499174" lon="0.313551994040608">
        <ele>2066</ele>
      </trkpt>
      <trkpt lat="42.667360017076135" lon="0.31362097710371">
        <ele>2064</ele>
      </trkpt>
      <trkpt lat="42.66735197044909" lon="0.313664982095361">
        <ele>2063</ele>
      </trkpt>
      <trkpt lat="42.667289022356272" lon="0.31374997459352">
        <ele>2063</ele>
      </trkpt>
      <trkpt lat="42.66722003929317" lon="0.31387503258884">
        <ele>2060</ele>
      </trkpt>
      <trkpt lat="42.667215010151267" lon="0.313913002610207">
        <ele>2059</ele>
      </trkpt>
      <trkpt lat="42.667183997109532" lon="0.313944015651941">
        <ele>2059</ele>
      </trkpt>
      <trkpt lat="42.667072014883161" lon="0.313976034522057">
        <ele>2059</ele>
      </trkpt>
      <trkpt lat="42.667062962427735" lon="0.313978968188167">
        <ele>2059</ele>
      </trkpt>
      <trkpt lat="42.666995991021395" lon="0.31396103091538">
        <ele>2061</ele>
      </trkpt>
      <trkpt lat="42.66698501072824" lon="0.313966982066631">
        <ele>2061</ele>
      </trkpt>
      <trkpt lat="42.666887026280165" lon="0.314064966514707">
        <ele>2059</ele>
      </trkpt>
      <trkpt lat="42.666862970218062" lon="0.314096985384822">
        <ele>2058</ele>
      </trkpt>
      <trkpt lat="42.666809996590018" lon="0.314152976498008">
        <ele>2057</ele>
      </trkpt>
      <trkpt lat="42.666763979941607" lon="0.314251966774464">
        <ele>2054</ele>
      </trkpt>
      <trkpt lat="42.666737996041775" lon="0.314403008669615">
        <ele>2049</ele>
      </trkpt>
      <trkpt lat="42.666725004091859" lon="0.314512979239225">
        <ele>2045</ele>
      </trkpt>
      <trkpt lat="42.666744031012058" lon="0.314594032242894">
        <ele>2042</ele>
      </trkpt>
      <trkpt lat="42.666747970506549" lon="0.314670978114009">
        <ele>2040</ele>
      </trkpt>
      <trkpt lat="42.666758028790355" lon="0.314748007804155">
        <ele>2038</ele>
      </trkpt>
      <trkpt lat="42.666757022961974" lon="0.314792012795806">
        <ele>2037</ele>
      </trkpt>
      <trkpt lat="42.666750987991691" lon="0.314820008352399">
        <ele>2036</ele>
      </trkpt>
      <trkpt lat="42.666745036840439" lon="0.315012037754059">
        <ele>2031</ele>
      </trkpt>
      <trkpt lat="42.666728021577001" lon="0.315125025808811">
        <ele>2027</ele>
      </trkpt>
      <trkpt lat="42.666717041283846" lon="0.315169030800462">
        <ele>2026</ele>
      </trkpt>
      <trkpt lat="42.666693991050124" lon="0.31523197889328">
        <ele>2024</ele>
      </trkpt>
      <trkpt lat="42.666685022413731" lon="0.315303979441524">
        <ele>2022</ele>
      </trkpt>
      <trkpt lat="42.666654009371996" lon="0.315357958897948">
        <ele>2021</ele>
      </trkpt>
      <trkpt lat="42.66664101742208" lon="0.315382014960051">
        <ele>2020</ele>
      </trkpt>
      <trkpt lat="42.666591983288527" lon="0.31553297303617">
        <ele>2016</ele>
      </trkpt>
      <trkpt lat="42.666544960811734" lon="0.315598016604781">
        <ele>2014</ele>
      </trkpt>
      <trkpt lat="42.666461979970336" lon="0.315705975517631">
        <ele>2011</ele>
      </trkpt>
      <trkpt lat="42.666432978585362" lon="0.315743023529649">
        <ele>2010</ele>
      </trkpt>
      <trkpt lat="42.666382016614079" lon="0.315798008814454">
        <ele>2008</ele>
      </trkpt>
      <trkpt lat="42.666349997743964" lon="0.315845031291246">
        <ele>2007</ele>
      </trkpt>
      <trkpt lat="42.666328037157655" lon="0.315848970785737">
        <ele>2007</ele>
      </trkpt>
      <trkpt lat="42.66627598553896" lon="0.315933963283896">
        <ele>2004</ele>
      </trkpt>
      <trkpt lat="42.666267016902566" lon="0.315967993810773">
        <ele>2003</ele>
      </trkpt>
      <trkpt lat="42.666231980547309" lon="0.316033037379384">
        <ele>2000</ele>
      </trkpt>
      <trkpt lat="42.666221000254154" lon="0.316078970208764">
        <ele>1999</ele>
      </trkpt>
      <trkpt lat="42.666219994425774" lon="0.316180977970362">
        <ele>1996</ele>
      </trkpt>
      <trkpt lat="42.666223011910915" lon="0.316250966861844">
        <ele>1994</ele>
      </trkpt>
      <trkpt lat="42.666205996647477" lon="0.316295977681875">
        <ele>1993</ele>
      </trkpt>
      <trkpt lat="42.666154028847814" lon="0.316380970180035">
        <ele>1991</ele>
      </trkpt>
      <trkpt lat="42.666121004149318" lon="0.316467974334955">
        <ele>1989</ele>
      </trkpt>
      <trkpt lat="42.666040034964681" lon="0.316658997908235">
        <ele>1985</ele>
      </trkpt>
      <trkpt lat="42.666012961417437" lon="0.316828982904553">
        <ele>1983</ele>
      </trkpt>
      <trkpt lat="42.666009021922946" lon="0.31684298068285">
        <ele>1982</ele>
      </trkpt>
      <trkpt lat="42.665998041629791" lon="0.316986981779337">
        <ele>1980</ele>
      </trkpt>
      <trkpt lat="42.665919000282884" lon="0.317242965102196">
        <ele>1978</ele>
      </trkpt>
      <trkpt lat="42.665895028039813" lon="0.317275989800692">
        <ele>1977</ele>
      </trkpt>
      <trkpt lat="42.665880024433136" lon="0.317305997014046">
        <ele>1977</ele>
      </trkpt>
      <trkpt lat="42.665811041370034" lon="0.317467013373971">
        <ele>1976</ele>
      </trkpt>
      <trkpt lat="42.665768964216113" lon="0.317515041679144">
        <ele>1976</ele>
      </trkpt>
      <trkpt lat="42.66561197116971" lon="0.317760966718197">
        <ele>1973</ele>
      </trkpt>
      <trkpt lat="42.665536031126976" lon="0.317868003621697">
        <ele>1972</ele>
      </trkpt>
      <trkpt lat="42.665398987010121" lon="0.318051986396313">
        <ele>1971</ele>
      </trkpt>
      <trkpt lat="42.665306031703949" lon="0.318147959187627">
        <ele>1970</ele>
      </trkpt>
      <trkpt lat="42.665262026712298" lon="0.318159023299813">
        <ele>1969</ele>
      </trkpt>
      <trkpt lat="42.665210980921984" lon="0.31821702606976">
        <ele>1969</ele>
      </trkpt>
      <trkpt lat="42.665193965658545" lon="0.318248961120844">
        <ele>1969</ele>
      </trkpt>
      <trkpt lat="42.665096987038851" lon="0.318403020501137">
        <ele>1969</ele>
      </trkpt>
      <trkpt lat="42.665082989260554" lon="0.318424981087446">
        <ele>1969</ele>
      </trkpt>
      <trkpt lat="42.664935970678926" lon="0.318492958322167">
        <ele>1966</ele>
      </trkpt>
      <trkpt lat="42.664799010381103" lon="0.318569988012314">
        <ele>1963</ele>
      </trkpt>
      <trkpt lat="42.664795992895961" lon="0.318576022982597">
        <ele>1963</ele>
      </trkpt>
      <trkpt lat="42.664677975699306" lon="0.318648023530841">
        <ele>1961</ele>
      </trkpt>
      <trkpt lat="42.664568005129695" lon="0.318692028522491">
        <ele>1958</ele>
      </trkpt>
      <trkpt lat="42.664399025961757" lon="0.318716000765562">
        <ele>1954</ele>
      </trkpt>
      <trkpt lat="42.66434102319181" lon="0.318794036284089">
        <ele>1953</ele>
      </trkpt>
      <trkpt lat="42.66434102319181" lon="0.318794036284089">
        <ele>1953</ele>
      </trkpt>
      <trkpt lat="42.66434202902019" lon="0.318793030455709">
        <ele>1953</ele>
      </trkpt>
      <trkpt lat="42.664343034848571" lon="0.318792024627328">
        <ele>1953</ele>
      </trkpt>
      <trkpt lat="42.664343034848571" lon="0.318792024627328">
        <ele>1953</ele>
      </trkpt>
      <trkpt lat="42.664344040676951" lon="0.318789007142186">
        <ele>1953</ele>
      </trkpt>
      <trkpt lat="42.664343034848571" lon="0.318793030455709">
        <ele>1953</ele>
      </trkpt>
      <trkpt lat="42.6643449626863" lon="0.318794958293438">
        <ele>1953</ele>
      </trkpt>
      <trkpt lat="42.6643449626863" lon="0.318794958293438">
        <ele>1953</ele>
      </trkpt>
      <trkpt lat="42.664304981008172" lon="0.318964021280408">
        <ele>1955</ele>
      </trkpt>
      <trkpt lat="42.664228035137057" lon="0.319052031263709">
        <ele>1954</ele>
      </trkpt>
      <trkpt lat="42.664184030145407" lon="0.319115985184908">
        <ele>1953</ele>
      </trkpt>
      <trkpt lat="42.664183024317026" lon="0.319244982674718">
        <ele>1955</ele>
      </trkpt>
      <trkpt lat="42.664174977689981" lon="0.319304997101426">
        <ele>1955</ele>
      </trkpt>
      <trkpt lat="42.664156034588814" lon="0.319396024569869">
        <ele>1955</ele>
      </trkpt>
      <trkpt lat="42.664136001840234" lon="0.319454027339816">
        <ele>1955</ele>
      </trkpt>
      <trkpt lat="42.664070958271623" lon="0.319598028436303">
        <ele>1955</ele>
      </trkpt>
      <trkpt lat="42.664005998522043" lon="0.319767007604241">
        <ele>1953</ele>
      </trkpt>
      <trkpt lat="42.663942966610193" lon="0.31991402618587">
        <ele>1951</ele>
      </trkpt>
      <trkpt lat="42.663885969668627" lon="0.320041012018919">
        <ele>1949</ele>
      </trkpt>
      <trkpt lat="42.663863003253937" lon="0.320089040324092">
        <ele>1949</ele>
      </trkpt>
      <trkpt lat="42.663799971342087" lon="0.320224994793534">
        <ele>1946</ele>
      </trkpt>
      <trkpt lat="42.663758983835578" lon="0.320332031697035">
        <ele>1944</ele>
      </trkpt>
      <trkpt lat="42.663686983287334" lon="0.320444013923407">
        <ele>1941</ele>
      </trkpt>
      <trkpt lat="42.663606014102697" lon="0.320578962564468">
        <ele>1939</ele>
      </trkpt>
      <trkpt lat="42.66359000466764" lon="0.320612993091345">
        <ele>1938</ele>
      </trkpt>
      <trkpt lat="42.663522027432919" lon="0.320777026936412">
        <ele>1936</ele>
      </trkpt>
      <trkpt lat="42.6634849794209" lon="0.3208829741925">
        <ele>1935</ele>
      </trkpt>
      <trkpt lat="42.663451032713056" lon="0.320921028032899">
        <ele>1934</ele>
      </trkpt>
      <trkpt lat="42.663422031328082" lon="0.320969978347421">
        <ele>1933</ele>
      </trkpt>
      <trkpt lat="42.663363022729754" lon="0.321086989715695">
        <ele>1931</ele>
      </trkpt>
      <trkpt lat="42.663286998867989" lon="0.321219004690647">
        <ele>1929</ele>
      </trkpt>
      <trkpt lat="42.663284987211227" lon="0.321229984983802">
        <ele>1929</ele>
      </trkpt>
      <trkpt lat="42.663285993039608" lon="0.321233002468944">
        <ele>1929</ele>
      </trkpt>
      <trkpt lat="42.663285993039608" lon="0.321233002468944">
        <ele>1929</ele>
      </trkpt>
      <trkpt lat="42.663254979997873" lon="0.321254041045904">
        <ele>1928</ele>
      </trkpt>
      <trkpt lat="42.66316101886332" lon="0.321360994130373">
        <ele>1925</ele>
      </trkpt>
      <trkpt lat="42.663123970851302" lon="0.321381026878953">
        <ele>1924</ele>
      </trkpt>
      <trkpt lat="42.663076026365161" lon="0.321417991071939">
        <ele>1922</ele>
      </trkpt>
      <trkpt lat="42.662963960319757" lon="0.321524022147059">
        <ele>1918</ele>
      </trkpt>
      <trkpt lat="42.662854995578527" lon="0.321646984666586">
        <ele>1915</ele>
      </trkpt>
      <trkpt lat="42.662803027778864" lon="0.321738012135029">
        <ele>1914</ele>
      </trkpt>
      <trkpt lat="42.662723986431956" lon="0.321858962997794">
        <ele>1912</ele>
      </trkpt>
      <trkpt lat="42.662665983662009" lon="0.322018973529339">
        <ele>1912</ele>
      </trkpt>
      <trkpt lat="42.662618039175868" lon="0.322093991562724">
        <ele>1911</ele>
      </trkpt>
      <trkpt lat="42.662588031962514" lon="0.322169009596109">
        <ele>1911</ele>
      </trkpt>
      <trkpt lat="42.662517037242651" lon="0.322202034294605">
        <ele>1908</ele>
      </trkpt>
      <trkpt lat="42.662459034472704" lon="0.322264982387424">
        <ele>1906</ele>
      </trkpt>
      <trkpt lat="42.662404971197248" lon="0.322305969893932">
        <ele>1904</ele>
      </trkpt>
      <trkpt lat="42.662331964820623" lon="0.322374030947685">
        <ele>1902</ele>
      </trkpt>
      <trkpt lat="42.662296006456017" lon="0.322380987927318">
        <ele>1900</ele>
      </trkpt>
      <trkpt lat="42.662228029221296" lon="0.322421975433826">
        <ele>1897</ele>
      </trkpt>
      <trkpt lat="42.662191987037659" lon="0.322462962940335">
        <ele>1897</ele>
      </trkpt>
      <trkpt lat="42.662191987037659" lon="0.322462962940335">
        <ele>1897</ele>
      </trkpt>
      <trkpt lat="42.662120992317796" lon="0.322535969316959">
        <ele>1895</ele>
      </trkpt>
      <trkpt lat="42.662060977891088" lon="0.322692962363362">
        <ele>1895</ele>
      </trkpt>
      <trkpt lat="42.662027031183243" lon="0.322745013982058">
        <ele>1895</ele>
      </trkpt>
      <trkpt lat="42.661985037848353" lon="0.322778960689902">
        <ele>1894</ele>
      </trkpt>
      <trkpt lat="42.661967016756535" lon="0.32279497012496">
        <ele>1894</ele>
      </trkpt>
      <trkpt lat="42.661948995664716" lon="0.32283503562212">
        <ele>1894</ele>
      </trkpt>
      <trkpt lat="42.661948995664716" lon="0.32283503562212">
        <ele>1894</ele>
      </trkpt>
      <trkpt lat="42.661946984007955" lon="0.322849033400416">
        <ele>1894</ele>
      </trkpt>
      <trkpt lat="42.6619169767946" lon="0.322904018685222">
        <ele>1895</ele>
      </trkpt>
      <trkpt lat="42.661824021488428" lon="0.322918016463518">
        <ele>1892</ele>
      </trkpt>
      <trkpt lat="42.661718996241689" lon="0.3230070322752">
        <ele>1889</ele>
      </trkpt>
      <trkpt lat="42.661687983199954" lon="0.32302999868989">
        <ele>1888</ele>
      </trkpt>
      <trkpt lat="42.661596033722162" lon="0.32313896343112">
        <ele>1886</ele>
      </trkpt>
      <trkpt lat="42.661606008186936" lon="0.323141980916262">
        <ele>1886</ele>
      </trkpt>
      <trkpt lat="42.661640038713813" lon="0.323238959535956">
        <ele>1888</ele>
      </trkpt>
      <trkpt lat="42.661627968773246" lon="0.323257986456156">
        <ele>1887</ele>
      </trkpt>
      <trkpt lat="42.661553034558892" lon="0.323355970904231">
        <ele>1886</ele>
      </trkpt>
      <trkpt lat="42.661559991538525" lon="0.323371980339289">
        <ele>1886</ele>
      </trkpt>
      <trkpt lat="42.661544987931848" lon="0.323391007259488">
        <ele>1886</ele>
      </trkpt>
      <trkpt lat="42.661514980718493" lon="0.323436018079519">
        <ele>1885</ele>
      </trkpt>
      <trkpt lat="42.661500982940197" lon="0.323457978665829">
        <ele>1884</ele>
      </trkpt>
      <trkpt lat="42.661438034847379" lon="0.323517993092537">
        <ele>1883</ele>
      </trkpt>
      <trkpt lat="42.661401992663741" lon="0.323536014184356">
        <ele>1882</ele>
      </trkpt>
      <trkpt lat="42.661336027085781" lon="0.323572978377342">
        <ele>1880</ele>
      </trkpt>
      <trkpt lat="42.661320017650723" lon="0.323608014732599">
        <ele>1880</ele>
      </trkpt>
      <trkpt lat="42.661189008504152" lon="0.323725026100874">
        <ele>1876</ele>
      </trkpt>
      <trkpt lat="42.661112984642386" lon="0.323787974193692">
        <ele>1873</ele>
      </trkpt>
      <trkpt lat="42.661096975207329" lon="0.323823010548949">
        <ele>1873</ele>
      </trkpt>
      <trkpt lat="42.661087000742555" lon="0.323866009712219">
        <ele>1873</ele>
      </trkpt>
      <trkpt lat="42.661071997135878" lon="0.323892999440432">
        <ele>1872</ele>
      </trkpt>
      <trkpt lat="42.661039978265762" lon="0.324068013578653">
        <ele>1872</ele>
      </trkpt>
      <trkpt lat="42.660997984930873" lon="0.324121993035078">
        <ele>1871</ele>
      </trkpt>
      <trkpt lat="42.660979041829705" lon="0.324229029938579">
        <ele>1871</ele>
      </trkpt>
      <trkpt lat="42.660967977717519" lon="0.324334977194667">
        <ele>1871</ele>
      </trkpt>
      <trkpt lat="42.660972001031041" lon="0.324358027428389">
        <ele>1871</ele>
      </trkpt>
      <trkpt lat="42.660923972725868" lon="0.324472021311522">
        <ele>1870</ele>
      </trkpt>
      <trkpt lat="42.660862030461431" lon="0.3245560079813">
        <ele>1868</ele>
      </trkpt>
      <trkpt lat="42.660824982449412" lon="0.324766980484128">
        <ele>1868</ele>
      </trkpt>
      <trkpt lat="42.660836968570948" lon="0.324954986572266">
        <ele>1869</ele>
      </trkpt>
      <trkpt lat="42.660816013813019" lon="0.325181968510151">
        <ele>1869</ele>
      </trkpt>
      <trkpt lat="42.660816013813019" lon="0.325193032622337">
        <ele>1869</ele>
      </trkpt>
      <trkpt lat="42.660843003541231" lon="0.325394030660391">
        <ele>1871</ele>
      </trkpt>
      <trkpt lat="42.660848032683134" lon="0.325449015945196">
        <ele>1871</ele>
      </trkpt>
      <trkpt lat="42.660709982737899" lon="0.325596034526825">
        <ele>1867</ele>
      </trkpt>
      <trkpt lat="42.660676036030054" lon="0.325626963749528">
        <ele>1866</ele>
      </trkpt>
      <trkpt lat="42.660613004118204" lon="0.325778005644679">
        <ele>1864</ele>
      </trkpt>
      <trkpt lat="42.660607974976301" lon="0.325867021456361">
        <ele>1864</ele>
      </trkpt>
      <trkpt lat="42.660595988854766" lon="0.32593097537756">
        <ele>1863</ele>
      </trkpt>
      <trkpt lat="42.660551983863115" lon="0.326161980628967">
        <ele>1862</ele>
      </trkpt>
      <trkpt lat="42.660544021055102" lon="0.326407989487052">
        <ele>1860</ele>
      </trkpt>
      <trkpt lat="42.660529017448425" lon="0.326580991968513">
        <ele>1859</ele>
      </trkpt>
      <trkpt lat="42.660529017448425" lon="0.326723987236619">
        <ele>1858</ele>
      </trkpt>
      <trkpt lat="42.660523988306522" lon="0.326891038566828">
        <ele>1857</ele>
      </trkpt>
      <trkpt lat="42.660564975813031" lon="0.327094970270991">
        <ele>1857</ele>
      </trkpt>
      <trkpt lat="42.660687016323209" lon="0.32728498801589">
        <ele>1859</ele>
      </trkpt>
      <trkpt lat="42.660705959424376" lon="0.327312983572483">
        <ele>1859</ele>
      </trkpt>
      <trkpt lat="42.660730015486479" lon="0.327403005212545">
        <ele>1859</ele>
      </trkpt>
      <trkpt lat="42.660745019093156" lon="0.327478023245931">
        <ele>1859</ele>
      </trkpt>
      <trkpt lat="42.660725992172956" lon="0.327701987698674">
        <ele>1856</ele>
      </trkpt>
      <trkpt lat="42.660720041021705" lon="0.327850012108684">
        <ele>1854</ele>
      </trkpt>
      <trkpt lat="42.660781983286142" lon="0.328067019581795">
        <ele>1854</ele>
      </trkpt>
      <trkpt lat="42.66073496080935" lon="0.328059978783131">
        <ele>1852</ele>
      </trkpt>
      <trkpt lat="42.66056296415627" lon="0.327938022091985">
        <ele>1848</ele>
      </trkpt>
      <trkpt lat="42.660499010235071" lon="0.327938022091985">
        <ele>1846</ele>
      </trkpt>
      <trkpt lat="42.660323996096849" lon="0.327857974916697">
        <ele>1841</ele>
      </trkpt>
      <trkpt lat="42.660135990008712" lon="0.32775697298348">
        <ele>1836</ele>
      </trkpt>
      <trkpt lat="42.660020990297198" lon="0.327548012137413">
        <ele>1834</ele>
      </trkpt>
      <trkpt lat="42.659923005849123" lon="0.327282976359129">
        <ele>1834</ele>
      </trkpt>
      <trkpt lat="42.659799037501216" lon="0.327070998027921">
        <ele>1833</ele>
      </trkpt>
      <trkpt lat="42.65968001447618" lon="0.326915010809898">
        <ele>1831</ele>
      </trkpt>
      <trkpt lat="42.659554034471512" lon="0.326710995286703">
        <ele>1828</ele>
      </trkpt>
      <trkpt lat="42.659481028094888" lon="0.326501028612256">
        <ele>1826</ele>
      </trkpt>
      <trkpt lat="42.659473987296224" lon="0.326462974771857">
        <ele>1826</ele>
      </trkpt>
      <trkpt lat="42.659403998404741" lon="0.326218977570534">
        <ele>1824</ele>
      </trkpt>
      <trkpt lat="42.659350018948317" lon="0.3260169737041">
        <ele>1820</ele>
      </trkpt>
      <trkpt lat="42.659352030605078" lon="0.325999958440661">
        <ele>1820</ele>
      </trkpt>
      <trkpt lat="42.659265026450157" lon="0.325872972607613">
        <ele>1815</ele>
      </trkpt>
      <trkpt lat="42.659248011186719" lon="0.325929969549179">
        <ele>1814</ele>
      </trkpt>
      <trkpt lat="42.65925002284348" lon="0.326175978407264">
        <ele>1816</ele>
      </trkpt>
      <trkpt lat="42.6592490170151" lon="0.326302964240313">
        <ele>1816</ele>
      </trkpt>
      <trkpt lat="42.659234013408422" lon="0.326565988361835">
        <ele>1813</ele>
      </trkpt>
      <trkpt lat="42.659248011186719" lon="0.326763968914747">
        <ele>1813</ele>
      </trkpt>
      <trkpt lat="42.659245999529958" lon="0.326803028583527">
        <ele>1813</ele>
      </trkpt>
      <trkpt lat="42.659242982044816" lon="0.327051971107721">
        <ele>1811</ele>
      </trkpt>
      <trkpt lat="42.659234013408422" lon="0.327298985794187">
        <ele>1809</ele>
      </trkpt>
      <trkpt lat="42.659239964559674" lon="0.327440975233912">
        <ele>1808</ele>
      </trkpt>
      <trkpt lat="42.6592490170151" lon="0.327643984928727">
        <ele>1807</ele>
      </trkpt>
      <trkpt lat="42.65925002284348" lon="0.327809024602175">
        <ele>1805</ele>
      </trkpt>
      <trkpt lat="42.659239964559674" lon="0.327943973243237">
        <ele>1804</ele>
      </trkpt>
      <trkpt lat="42.659225966781378" lon="0.327995019033551">
        <ele>1803</ele>
      </trkpt>
      <trkpt lat="42.659212974831462" lon="0.328246979042888">
        <ele>1800</ele>
      </trkpt>
      <trkpt lat="42.659215992316604" lon="0.328330965712667">
        <ele>1799</ele>
      </trkpt>
      <trkpt lat="42.659267038106918" lon="0.32852903008461">
        <ele>1799</ele>
      </trkpt>
      <trkpt lat="42.659296039491892" lon="0.328751988708973">
        <ele>1798</ele>
      </trkpt>
      <trkpt lat="42.659240970388055" lon="0.328996991738677">
        <ele>1795</ele>
      </trkpt>
      <trkpt lat="42.659242982044816" lon="0.329062035307288">
        <ele>1794</ele>
      </trkpt>
      <trkpt lat="42.659291010349989" lon="0.329233026131988">
        <ele>1794</ele>
      </trkpt>
      <trkpt lat="42.65922898426652" lon="0.329373003914952">
        <ele>1791</ele>
      </trkpt>
      <trkpt lat="42.659214986488223" lon="0.329377027228475">
        <ele>1791</ele>
      </trkpt>
      <trkpt lat="42.65910099260509" lon="0.329486997798085">
        <ele>1787</ele>
      </trkpt>
      <trkpt lat="42.659029997885227" lon="0.329613983631134">
        <ele>1784</ele>
      </trkpt>
      <trkpt lat="42.658985992893577" lon="0.329675003886223">
        <ele>1784</ele>
      </trkpt>
      <trkpt lat="42.658914998173714" lon="0.329805007204413">
        <ele>1784</ele>
      </trkpt>
      <trkpt lat="42.658883985131979" lon="0.329894023016095">
        <ele>1784</ele>
      </trkpt>
      <trkpt lat="42.658836962655187" lon="0.33001103438437">
        <ele>1784</ele>
      </trkpt>
      <trkpt lat="42.658769991248846" lon="0.330065013840795">
        <ele>1783</ele>
      </trkpt>
      <trkpt lat="42.658700002357364" lon="0.330066019669175">
        <ele>1782</ele>
      </trkpt>
      <trkpt lat="42.658646022900939" lon="0.33005797304213">
        <ele>1781</ele>
      </trkpt>
      <trkpt lat="42.658577039837837" lon="0.330069037154317">
        <ele>1780</ele>
      </trkpt>
      <trkpt lat="42.658447958528996" lon="0.330127039924264">
        <ele>1779</ele>
      </trkpt>
      <trkpt lat="42.65843203291297" lon="0.330135002732277">
        <ele>1779</ele>
      </trkpt>
      <trkpt lat="42.65836900100112" lon="0.33016299828887">
        <ele>1779</ele>
      </trkpt>
      <trkpt lat="42.658265987411141" lon="0.330214966088533">
        <ele>1778</ele>
      </trkpt>
      <trkpt lat="42.658235980197787" lon="0.330222006887197">
        <ele>1778</ele>
      </trkpt>
      <trkpt lat="42.658126009628177" lon="0.330246984958649">
        <ele>1777</ele>
      </trkpt>
      <trkpt lat="42.658075969666243" lon="0.330267017707229">
        <ele>1777</ele>
      </trkpt>
      <trkpt lat="42.658061971887946" lon="0.330283027142286">
        <ele>1777</ele>
      </trkpt>
      <trkpt lat="42.657991982996464" lon="0.330333989113569">
        <ele>1778</ele>
      </trkpt>
      <trkpt lat="42.65793900936842" lon="0.330351004377007">
        <ele>1778</ele>
      </trkpt>
      <trkpt lat="42.657850999385118" lon="0.330453012138605">
        <ele>1781</ele>
      </trkpt>
      <trkpt lat="42.657740022987127" lon="0.330483019351959">
        <ele>1783</ele>
      </trkpt>
      <trkpt lat="42.6576810143888" lon="0.330544039607048">
        <ele>1786</ele>
      </trkpt>
      <trkpt lat="42.65763902105391" lon="0.330626014620066">
        <ele>1789</ele>
      </trkpt>
      <trkpt lat="42.657586969435215" lon="0.330705977976322">
        <ele>1793</ele>
      </trkpt>
      <trkpt lat="42.657471969723701" lon="0.330794993788004">
        <ele>1796</ele>
      </trkpt>
      <trkpt lat="42.657455038279295" lon="0.330817038193345">
        <ele>1797</ele>
      </trkpt>
      <trkpt lat="42.657356970012188" lon="0.330881997942925">
        <ele>1800</ele>
      </trkpt>
      <trkpt lat="42.65721196308732" lon="0.330912005156279">
        <ele>1801</ele>
      </trkpt>
      <trkpt lat="42.657085983082652" lon="0.330970007926226">
        <ele>1803</ele>
      </trkpt>
      <trkpt lat="42.657028986141086" lon="0.331008983775973">
        <ele>1807</ele>
      </trkpt>
      <trkpt lat="42.656947011128068" lon="0.33108601346612">
        <ele>1812</ele>
      </trkpt>
      <trkpt lat="42.65686403028667" lon="0.331119038164616">
        <ele>1816</ele>
      </trkpt>
      <trkpt lat="42.656847015023232" lon="0.331117026507854">
        <ele>1817</ele>
      </trkpt>
      <trkpt lat="42.65680099837482" lon="0.331122977659106">
        <ele>1819</ele>
      </trkpt>
      <trkpt lat="42.656755987554789" lon="0.331159019842744">
        <ele>1822</ele>
      </trkpt>
      <trkpt lat="42.656723968684673" lon="0.331164970993996">
        <ele>1823</ele>
      </trkpt>
      <trkpt lat="42.656713994219899" lon="0.331187015399337">
        <ele>1824</ele>
      </trkpt>
      <trkpt lat="42.656705025583506" lon="0.331244012340903">
        <ele>1826</ele>
      </trkpt>
      <trkpt lat="42.656702008098364" lon="0.331269996240735">
        <ele>1827</ele>
      </trkpt>
      <trkpt lat="42.656699996441603" lon="0.331331016495824">
        <ele>1829</ele>
      </trkpt>
      <trkpt lat="42.656664038076997" lon="0.331337973475456">
        <ele>1830</ele>
      </trkpt>
      <trkpt lat="42.656664960086346" lon="0.331336967647076">
        <ele>1830</ele>
      </trkpt>
      <trkpt lat="42.656603017821908" lon="0.331304026767612">
        <ele>1832</ele>
      </trkpt>
      <trkpt lat="42.656502015888691" lon="0.331322969868779">
        <ele>1836</ele>
      </trkpt>
      <trkpt lat="42.656375030055642" lon="0.331397987902164">
        <ele>1841</ele>
      </trkpt>
      <trkpt lat="42.656317027285695" lon="0.331447022035718">
        <ele>1844</ele>
      </trkpt>
      <trkpt lat="42.656225999817252" lon="0.331482980400324">
        <ele>1846</ele>
      </trkpt>
      <trkpt lat="42.656162967905402" lon="0.331512987613678">
        <ele>1848</ele>
      </trkpt>
      <trkpt lat="42.656061965972185" lon="0.331574007868767">
        <ele>1850</ele>
      </trkpt>
      <trkpt lat="42.656012009829283" lon="0.331611977890134">
        <ele>1851</ele>
      </trkpt>
      <trkpt lat="42.655983008444309" lon="0.33164600841701">
        <ele>1852</ele>
      </trkpt>
      <trkpt lat="42.655882006511092" lon="0.331764025613666">
        <ele>1855</ele>
      </trkpt>
      <trkpt lat="42.655842024832964" lon="0.3317950386554">
        <ele>1856</ele>
      </trkpt>
      <trkpt lat="42.655730964615941" lon="0.331941973417997">
        <ele>1860</ele>
      </trkpt>
      <trkpt lat="42.655646977946162" lon="0.332079017534852">
        <ele>1863</ele>
      </trkpt>
      <trkpt lat="42.655591992661357" lon="0.332196028903127">
        <ele>1864</ele>
      </trkpt>
      <trkpt lat="42.655568020418286" lon="0.332370037212968">
        <ele>1864</ele>
      </trkpt>
      <trkpt lat="42.655518986284733" lon="0.332535998895764">
        <ele>1863</ele>
      </trkpt>
      <trkpt lat="42.655455032363534" lon="0.33267698250711">
        <ele>1862</ele>
      </trkpt>
      <trkpt lat="42.655403986573219" lon="0.332837998867035">
        <ele>1861</ele>
      </trkpt>
      <trkpt lat="42.65542603097856" lon="0.333028016611934">
        <ele>1859</ele>
      </trkpt>
      <trkpt lat="42.655485961586237" lon="0.333222979679704">
        <ele>1857</ele>
      </trkpt>
      <trkpt lat="42.65549099072814" lon="0.3332560043782">
        <ele>1856</ele>
      </trkpt>
      <trkpt lat="42.655515968799591" lon="0.333381984382868">
        <ele>1855</ele>
      </trkpt>
      <trkpt lat="42.655536001548171" lon="0.333590023219585">
        <ele>1853</ele>
      </trkpt>
      <trkpt lat="42.655508005991578" lon="0.333831002935767">
        <ele>1850</ele>
      </trkpt>
      <trkpt lat="42.655497025698423" lon="0.333883976563811">
        <ele>1849</ele>
      </trkpt>
      <trkpt lat="42.65549199655652" lon="0.334105007350445">
        <ele>1846</ele>
      </trkpt>
      <trkpt lat="42.655479004606605" lon="0.334338024258614">
        <ele>1843</ele>
      </trkpt>
      <trkpt lat="42.655451009050012" lon="0.334499962627888">
        <ele>1840</ele>
      </trkpt>
      <trkpt lat="42.655436005443335" lon="0.334743959829211">
        <ele>1836</ele>
      </trkpt>
      <trkpt lat="42.655433993786573" lon="0.334859965369105">
        <ele>1835</ele>
      </trkpt>
      <trkpt lat="42.655442040413618" lon="0.335066998377442">
        <ele>1832</ele>
      </trkpt>
      <trkpt lat="42.655450003221631" lon="0.3350830078125">
        <ele>1832</ele>
      </trkpt>
      <trkpt lat="42.655488979071379" lon="0.33523203805089">
        <ele>1831</ele>
      </trkpt>
      <trkpt lat="42.65559702180326" lon="0.335324993357062">
        <ele>1832</ele>
      </trkpt>
      <trkpt lat="42.655613031238317" lon="0.335343014448881">
        <ele>1832</ele>
      </trkpt>
      <trkpt lat="42.655764995142817" lon="0.33549296669662">
        <ele>1834</ele>
      </trkpt>
      <trkpt lat="42.655773963779211" lon="0.335506964474916">
        <ele>1834</ele>
      </trkpt>
      <trkpt lat="42.65579198487103" lon="0.335594974458218">
        <ele>1833</ele>
      </trkpt>
      <trkpt lat="42.655760971829295" lon="0.335664041340351">
        <ele>1831</ele>
      </trkpt>
      <trkpt lat="42.655621999874711" lon="0.335859004408121">
        <ele>1825</ele>
      </trkpt>
      <trkpt lat="42.655523009598255" lon="0.335975009948015">
        <ele>1821</ele>
      </trkpt>
      <trkpt lat="42.655379008501768" lon="0.336113981902599">
        <ele>1817</ele>
      </trkpt>
      <trkpt lat="42.655372973531485" lon="0.336121022701263">
        <ele>1817</ele>
      </trkpt>
      <trkpt lat="42.6552340015769" lon="0.336266029626131">
        <ele>1815</ele>
      </trkpt>
      <trkpt lat="42.655224027112126" lon="0.336280027404428">
        <ele>1815</ele>
      </trkpt>
      <trkpt lat="42.65514800325036" lon="0.336310034617782">
        <ele>1814</ele>
      </trkpt>
      <trkpt lat="42.655056975781918" lon="0.336382035166025">
        <ele>1813</ele>
      </trkpt>
      <trkpt lat="42.654999978840351" lon="0.336429979652166">
        <ele>1812</ele>
      </trkpt>
      <trkpt lat="42.654885984957218" lon="0.336585966870189">
        <ele>1810</ele>
      </trkpt>
      <trkpt lat="42.654789006337523" lon="0.336699038743973">
        <ele>1808</ele>
      </trkpt>
      <trkpt lat="42.654758999124169" lon="0.336755029857159">
        <ele>1807</ele>
      </trkpt>
      <trkpt lat="42.654685992747545" lon="0.336801968514919">
        <ele>1806</ele>
      </trkpt>
      <trkpt lat="42.654542997479439" lon="0.336938006803393">
        <ele>1804</ele>
      </trkpt>
      <trkpt lat="42.654499998316169" lon="0.33701503649354">
        <ele>1803</ele>
      </trkpt>
      <trkpt lat="42.654406959190965" lon="0.337156020104885">
        <ele>1803</ele>
      </trkpt>
      <trkpt lat="42.654375024139881" lon="0.337193990126252">
        <ele>1803</ele>
      </trkpt>
      <trkpt lat="42.654304029420018" lon="0.337317958474159">
        <ele>1803</ele>
      </trkpt>
      <trkpt lat="42.654265975579619" lon="0.337461959570646">
        <ele>1801</ele>
      </trkpt>
      <trkpt lat="42.654254995286465" lon="0.3375109937042">
        <ele>1800</ele>
      </trkpt>
      <trkpt lat="42.654191041365266" lon="0.337479980662465">
        <ele>1802</ele>
      </trkpt>
      <trkpt lat="42.654181988909841" lon="0.337500013411045">
        <ele>1802</ele>
      </trkpt>
      <trkpt lat="42.654153993353248" lon="0.337589029222727">
        <ele>1801</ele>
      </trkpt>
      <trkpt lat="42.654122980311513" lon="0.3376180306077">
        <ele>1801</ele>
      </trkpt>
      <trkpt lat="42.654114011675119" lon="0.337644014507532">
        <ele>1800</ele>
      </trkpt>
      <trkpt lat="42.654112000018358" lon="0.337695982307196">
        <ele>1799</ele>
      </trkpt>
      <trkpt lat="42.654191963374615" lon="0.337806958705187">
        <ele>1796</ele>
      </trkpt>
      <trkpt lat="42.654211996123195" lon="0.337813999503851">
        <ele>1795</ele>
      </trkpt>
      <trkpt lat="42.654268993064761" lon="0.33781198784709">
        <ele>1794</ele>
      </trkpt>
      <trkpt lat="42.654308974742889" lon="0.337850963696837">
        <ele>1793</ele>
      </trkpt>
      <trkpt lat="42.654343005269766" lon="0.33789798617363">
        <ele>1791</ele>
      </trkpt>
      <trkpt lat="42.65433001331985" lon="0.337965963408351">
        <ele>1790</ele>
      </trkpt>
      <trkpt lat="42.654299000278115" lon="0.337978033348918">
        <ele>1790</ele>
      </trkpt>
      <trkpt lat="42.654275028035045" lon="0.337996976450086">
        <ele>1790</ele>
      </trkpt>
      <trkpt lat="42.654216019436717" lon="0.338034024462104">
        <ele>1790</ele>
      </trkpt>
      <trkpt lat="42.65420101583004" lon="0.338053973391652">
        <ele>1789</ele>
      </trkpt>
      <trkpt lat="42.654154999181628" lon="0.338165033608675">
        <ele>1787</ele>
      </trkpt>
      <trkpt lat="42.654063971713185" lon="0.338258994743228">
        <ele>1785</ele>
      </trkpt>
      <trkpt lat="42.654001023620367" lon="0.338301993906498">
        <ele>1784</ele>
      </trkpt>
      <trkpt lat="42.653980990871787" lon="0.338307023048401">
        <ele>1784</ele>
      </trkpt>
      <trkpt lat="42.653882000595331" lon="0.338326971977949">
        <ele>1784</ele>
      </trkpt>
      <trkpt lat="42.653806982561946" lon="0.33837198279798">
        <ele>1782</ele>
      </trkpt>
      <trkpt lat="42.653751997277141" lon="0.338455969467759">
        <ele>1779</ele>
      </trkpt>
      <trkpt lat="42.653714027255774" lon="0.338625032454729">
        <ele>1772</ele>
      </trkpt>
      <trkpt lat="42.653691982850432" lon="0.338723016902804">
        <ele>1768</ele>
      </trkpt>
      <trkpt lat="42.653720984235406" lon="0.338816978037357">
        <ele>1766</ele>
      </trkpt>
      <trkpt lat="42.653708998113871" lon="0.338923009112477">
        <ele>1763</ele>
      </trkpt>
      <trkpt lat="42.653649989515543" lon="0.338962990790606">
        <ele>1762</ele>
      </trkpt>
      <trkpt lat="42.653581006452441" lon="0.338999032974243">
        <ele>1761</ele>
      </trkpt>
      <trkpt lat="42.653552005067468" lon="0.339004984125495">
        <ele>1761</ele>
      </trkpt>
      <trkpt lat="42.653498025611043" lon="0.339004984125495">
        <ele>1761</ele>
      </trkpt>
      <trkpt lat="42.653459971770644" lon="0.33903599716723">
        <ele>1760</ele>
      </trkpt>
      <trkpt lat="42.653439017012715" lon="0.339068016037345">
        <ele>1759</ele>
      </trkpt>
      <trkpt lat="42.653380008414388" lon="0.339170023798943">
        <ele>1755</ele>
      </trkpt>
      <trkpt lat="42.653280012309551" lon="0.33927496522665">
        <ele>1751</ele>
      </trkpt>
      <trkpt lat="42.653210023418069" lon="0.339412009343505">
        <ele>1745</ele>
      </trkpt>
      <trkpt lat="42.653179010376334" lon="0.339459031820297">
        <ele>1742</ele>
      </trkpt>
      <trkpt lat="42.653137017041445" lon="0.339494990184903">
        <ele>1740</ele>
      </trkpt>
      <trkpt lat="42.653117990121245" lon="0.339561961591244">
        <ele>1737</ele>
      </trkpt>
      <trkpt lat="42.653121007606387" lon="0.339646032080054">
        <ele>1736</ele>
      </trkpt>
      <trkpt lat="42.653070967644453" lon="0.33981098793447">
        <ele>1733</ele>
      </trkpt>
      <trkpt lat="42.653016988188028" lon="0.33985298126936">
        <ele>1732</ele>
      </trkpt>
      <trkpt lat="42.652885979041457" lon="0.339924981817603">
        <ele>1728</ele>
      </trkpt>
      <trkpt lat="42.652845997363329" lon="0.339950965717435">
        <ele>1727</ele>
      </trkpt>
      <trkpt lat="42.652752958238125" lon="0.340007962659001">
        <ele>1724</ele>
      </trkpt>
      <trkpt lat="42.652679029852152" lon="0.340015003457665">
        <ele>1722</ele>
      </trkpt>
      <trkpt lat="42.652622032910585" lon="0.340130003169179">
        <ele>1720</ele>
      </trkpt>
      <trkpt lat="42.652609962970018" lon="0.340165961533785">
        <ele>1720</ele>
      </trkpt>
      <trkpt lat="42.652586996555328" lon="0.340238967910409">
        <ele>1718</ele>
      </trkpt>
      <trkpt lat="42.652591019868851" lon="0.340296970680356">
        <ele>1718</ele>
      </trkpt>
      <trkpt lat="42.65258900821209" lon="0.340295964851975">
        <ele>1718</ele>
      </trkpt>
      <trkpt lat="42.652585990726948" lon="0.340307028964162">
        <ele>1718</ele>
      </trkpt>
      <trkpt lat="42.652523964643478" lon="0.340393027290702">
        <ele>1716</ele>
      </trkpt>
      <trkpt lat="42.65250300988555" lon="0.34043200314045">
        <ele>1715</ele>
      </trkpt>
      <trkpt lat="42.652453975751996" lon="0.340524036437273">
        <ele>1714</ele>
      </trkpt>
      <trkpt lat="42.652364959940314" lon="0.340665020048618">
        <ele>1712</ele>
      </trkpt>
      <trkpt lat="42.652300000190735" lon="0.340773984789848">
        <ele>1710</ele>
      </trkpt>
      <trkpt lat="42.652221964672208" lon="0.340946987271309">
        <ele>1708</ele>
      </trkpt>
      <trkpt lat="42.652169996872544" lon="0.341061986982822">
        <ele>1707</ele>
      </trkpt>
      <trkpt lat="42.652091039344668" lon="0.341157959774137">
        <ele>1706</ele>
      </trkpt>
      <trkpt lat="42.652062959969044" lon="0.341220991685987">
        <ele>1705</ele>
      </trkpt>
      <trkpt lat="42.652011997997761" lon="0.341325011104345">
        <ele>1703</ele>
      </trkpt>
      <trkpt lat="42.651982996612787" lon="0.341433975845575">
        <ele>1700</ele>
      </trkpt>
      <trkpt lat="42.651992971077561" lon="0.341617036610842">
        <ele>1698</ele>
      </trkpt>
      <trkpt lat="42.652110988274217" lon="0.341825997456908">
        <ele>1698</ele>
      </trkpt>
      <trkpt lat="42.652211990207434" lon="0.341997994109988">
        <ele>1697</ele>
      </trkpt>
      <trkpt lat="42.652366971597075" lon="0.34208700992167">
        <ele>1699</ele>
      </trkpt>
      <trkpt lat="42.652500998228788" lon="0.342160016298294">
        <ele>1700</ele>
      </trkpt>
      <trkpt lat="42.652539974078536" lon="0.342154987156391">
        <ele>1700</ele>
      </trkpt>
      <trkpt lat="42.652707025408745" lon="0.342179965227842">
        <ele>1703</ele>
      </trkpt>
      <trkpt lat="42.652765028178692" lon="0.342218019068241">
        <ele>1703</ele>
      </trkpt>
      <trkpt lat="42.652813978493214" lon="0.342452963814139">
        <ele>1701</ele>
      </trkpt>
      <trkpt lat="42.65276100486517" lon="0.342720011249185">
        <ele>1696</ele>
      </trkpt>
      <trkpt lat="42.652724962681532" lon="0.342943975701928">
        <ele>1692</ele>
      </trkpt>
      <trkpt lat="42.652661008760333" lon="0.343136005103588">
        <ele>1689</ele>
      </trkpt>
      <trkpt lat="42.652550032362342" lon="0.343320993706584">
        <ele>1684</ele>
      </trkpt>
      <trkpt lat="42.652447018772364" lon="0.343501036986709">
        <ele>1678</ele>
      </trkpt>
      <trkpt lat="42.652389016002417" lon="0.34372097812593">
        <ele>1673</ele>
      </trkpt>
      <trkpt lat="42.652346016839147" lon="0.343844024464488">
        <ele>1670</ele>
      </trkpt>
      <trkpt lat="42.652346016839147" lon="0.343844024464488">
        <ele>1670</ele>
      </trkpt>
      <trkpt lat="42.652345011010766" lon="0.343843018636107">
        <ele>1670</ele>
      </trkpt>
      <trkpt lat="42.652345011010766" lon="0.343846036121249">
        <ele>1670</ele>
      </trkpt>
      <trkpt lat="42.652342999354005" lon="0.343847963958979">
        <ele>1670</ele>
      </trkpt>
      <trkpt lat="42.652350040152669" lon="0.343965981155634">
        <ele>1671</ele>
      </trkpt>
      <trkpt lat="42.652260018512607" lon="0.344330007210374">
        <ele>1667</ele>
      </trkpt>
      <trkpt lat="42.652197992429137" lon="0.344506027176976">
        <ele>1664</ele>
      </trkpt>
      <trkpt lat="42.652067989110947" lon="0.34462102688849">
        <ele>1658</ele>
      </trkpt>
      <trkpt lat="42.651912001892924" lon="0.344733009114861">
        <ele>1652</ele>
      </trkpt>
      <trkpt lat="42.651738999411464" lon="0.344839040189981">
        <ele>1645</ele>
      </trkpt>
      <trkpt lat="42.651706980541348" lon="0.344863012433052">
        <ele>1643</ele>
      </trkpt>
      <trkpt lat="42.651631040498614" lon="0.344986980780959">
        <ele>1641</ele>
      </trkpt>
      <trkpt lat="42.651598015800118" lon="0.34524598158896">
        <ele>1641</ele>
      </trkpt>
      <trkpt lat="42.651631962507963" lon="0.345358969643712">
        <ele>1644</ele>
      </trkpt>
      <trkpt lat="42.65168602578342" lon="0.34541898407042">
        <ele>1647</ele>
      </trkpt>
      <trkpt lat="42.651787027716637" lon="0.34554697573185">
        <ele>1652</ele>
      </trkpt>
      <trkpt lat="42.651877971366048" lon="0.345708997920156">
        <ele>1656</ele>
      </trkpt>
      <trkpt lat="42.651885012164712" lon="0.34573900513351">
        <ele>1656</ele>
      </trkpt>
      <trkpt lat="42.651883000507951" lon="0.345873031765223">
        <ele>1656</ele>
      </trkpt>
      <trkpt lat="42.651856010779738" lon="0.346095990389585">
        <ele>1654</ele>
      </trkpt>
      <trkpt lat="42.65181502327323" lon="0.346223982051015">
        <ele>1652</ele>
      </trkpt>
      <trkpt lat="42.651799013838172" lon="0.346249965950847">
        <ele>1651</ele>
      </trkpt>
      <trkpt lat="42.651616958901286" lon="0.346398996189237">
        <ele>1643</ele>
      </trkpt>
      <trkpt lat="42.651524003595114" lon="0.346610974520445">
        <ele>1639</ele>
      </trkpt>
      <trkpt lat="42.651520986109972" lon="0.346630001440644">
        <ele>1639</ele>
      </trkpt>
      <trkpt lat="42.651510005816817" lon="0.3467289917171">
        <ele>1639</ele>
      </trkpt>
      <trkpt lat="42.651504976674914" lon="0.347073990851641">
        <ele>1640</ele>
      </trkpt>
      <trkpt lat="42.651527021080256" lon="0.347214974462986">
        <ele>1639</ele>
      </trkpt>
      <trkpt lat="42.6515799947083" lon="0.347347995266318">
        <ele>1641</ele>
      </trkpt>
      <trkpt lat="42.651626011356711" lon="0.347542036324739">
        <ele>1642</ele>
      </trkpt>
      <trkpt lat="42.651631962507963" lon="0.347594004124403">
        <ele>1642</ele>
      </trkpt>
      <trkpt lat="42.651633974164724" lon="0.347710009664297">
        <ele>1641</ele>
      </trkpt>
      <trkpt lat="42.65166699886322" lon="0.347854010760784">
        <ele>1642</ele>
      </trkpt>
      <trkpt lat="42.651755008846521" lon="0.348079986870289">
        <ele>1645</ele>
      </trkpt>
      <trkpt lat="42.651807982474566" lon="0.348207978531718">
        <ele>1646</ele>
      </trkpt>
      <trkpt lat="42.651928011327982" lon="0.348518025130033">
        <ele>1648</ele>
      </trkpt>
      <trkpt lat="42.652005963027477" lon="0.348809966817498">
        <ele>1647</ele>
      </trkpt>
      <trkpt lat="42.652051979675889" lon="0.348991015926003">
        <ele>1644</ele>
      </trkpt>
      <trkpt lat="42.652077963575721" lon="0.349271977320313">
        <ele>1637</ele>
      </trkpt>
      <trkpt lat="42.652109982445836" lon="0.349387982860208">
        <ele>1635</ele>
      </trkpt>
      <trkpt lat="42.65211601741612" lon="0.34945503808558">
        <ele>1634</ele>
      </trkpt>
      <trkpt lat="42.65216002240777" lon="0.349562996998429">
        <ele>1633</ele>
      </trkpt>
      <trkpt lat="42.652120040729642" lon="0.349846975877881">
        <ele>1625</ele>
      </trkpt>
      <trkpt lat="42.652099002152681" lon="0.350048979744315">
        <ele>1621</ele>
      </trkpt>
      <trkpt lat="42.652109982445836" lon="0.350174959748983">
        <ele>1619</ele>
      </trkpt>
      <trkpt lat="42.652195980772376" lon="0.350473020225763">
        <ele>1618</ele>
      </trkpt>
      <trkpt lat="42.652232022956014" lon="0.350686004385352">
        <ele>1617</ele>
      </trkpt>
      <trkpt lat="42.652192041277885" lon="0.3509839810431">
        <ele>1609</ele>
      </trkpt>
      <trkpt lat="42.652163039892912" lon="0.351173998787999">
        <ele>1605</ele>
      </trkpt>
      <trkpt lat="42.652124986052513" lon="0.351537019014359">
        <ele>1599</ele>
      </trkpt>
      <trkpt lat="42.652158010751009" lon="0.35177699290216">
        <ele>1598</ele>
      </trkpt>
      <trkpt lat="42.652235962450504" lon="0.352041022852063">
        <ele>1600</ele>
      </trkpt>
      <trkpt lat="42.652240991592407" lon="0.352061977609992">
        <ele>1600</ele>
      </trkpt>
      <trkpt lat="42.652306035161018" lon="0.352205978706479">
        <ele>1602</ele>
      </trkpt>
      <trkpt lat="42.652342999354005" lon="0.352387027814984">
        <ele>1602</ele>
      </trkpt>
      <trkpt lat="42.652359008789063" lon="0.352646028622985">
        <ele>1600</ele>
      </trkpt>
      <trkpt lat="42.652350040152669" lon="0.35270101390779">
        <ele>1599</ele>
      </trkpt>
      <trkpt lat="42.652390021830797" lon="0.353004019707441">
        <ele>1597</ele>
      </trkpt>
      <trkpt lat="42.652452969923615" lon="0.353157995268703">
        <ele>1598</ele>
      </trkpt>
      <trkpt lat="42.652497980743647" lon="0.353443985804915">
        <ele>1595</ele>
      </trkpt>
      <trkpt lat="42.652464034035802" lon="0.353597039356828">
        <ele>1590</ele>
      </trkpt>
      <trkpt lat="42.652434026822448" lon="0.353701980784535">
        <ele>1587</ele>
      </trkpt>
      <trkpt lat="42.652420029044151" lon="0.353741040453315">
        <ele>1585</ele>
      </trkpt>
      <trkpt lat="42.652341993525624" lon="0.3539680223912">
        <ele>1580</ele>
      </trkpt>
      <trkpt lat="42.652329001575708" lon="0.354135995730758">
        <ele>1578</ele>
      </trkpt>
      <trkpt lat="42.652330007404089" lon="0.354465991258621">
        <ele>1575</ele>
      </trkpt>
      <trkpt lat="42.652338976040483" lon="0.354671012610197">
        <ele>1574</ele>
      </trkpt>
      <trkpt lat="42.652395972982049" lon="0.354825993999839">
        <ele>1575</ele>
      </trkpt>
      <trkpt lat="42.652413994073868" lon="0.354959014803171">
        <ele>1574</ele>
      </trkpt>
      <trkpt lat="42.652469985187054" lon="0.355144003406167">
        <ele>1575</ele>
      </trkpt>
      <trkpt lat="42.652471996843815" lon="0.355222960934043">
        <ele>1574</ele>
      </trkpt>
      <trkpt lat="42.652442995458841" lon="0.355468969792128">
        <ele>1569</ele>
      </trkpt>
      <trkpt lat="42.65241701155901" lon="0.35555899143219">
        <ele>1567</ele>
      </trkpt>
      <trkpt lat="42.65239798463881" lon="0.355812041088939">
        <ele>1562</ele>
      </trkpt>
      <trkpt lat="42.652387004345655" lon="0.355951013043523">
        <ele>1560</ele>
      </trkpt>
      <trkpt lat="42.652431009337306" lon="0.356263993307948">
        <ele>1559</ele>
      </trkpt>
      <trkpt lat="42.652436038479209" lon="0.356296012178063">
        <ele>1559</ele>
      </trkpt>
      <trkpt lat="42.652412988245487" lon="0.356614021584392">
        <ele>1555</ele>
      </trkpt>
      <trkpt lat="42.652419023215771" lon="0.356726003810763">
        <ele>1554</ele>
      </trkpt>
      <trkpt lat="42.652452969923615" lon="0.356831029057503">
        <ele>1555</ele>
      </trkpt>
      <trkpt lat="42.652469985187054" lon="0.357006965205073">
        <ele>1555</ele>
      </trkpt>
      <trkpt lat="42.652478031814098" lon="0.357102015987039">
        <ele>1555</ele>
      </trkpt>
      <trkpt lat="42.652489012107253" lon="0.357316005975008">
        <ele>1554</ele>
      </trkpt>
      <trkpt lat="42.652454981580377" lon="0.357603002339602">
        <ele>1550</ele>
      </trkpt>
      <trkpt lat="42.652449030429125" lon="0.357656981796026">
        <ele>1549</ele>
      </trkpt>
      <trkpt lat="42.652477025985718" lon="0.357954036444426">
        <ele>1549</ele>
      </trkpt>
      <trkpt lat="42.652484988793731" lon="0.358204990625381">
        <ele>1549</ele>
      </trkpt>
      <trkpt lat="42.652491023764014" lon="0.358286965638399">
        <ele>1549</ele>
      </trkpt>
      <trkpt lat="42.652468979358673" lon="0.358579996973276">
        <ele>1547</ele>
      </trkpt>
      <trkpt lat="42.652464034035802" lon="0.358876967802644">
        <ele>1545</ele>
      </trkpt>
      <trkpt lat="42.652497980743647" lon="0.359021974727511">
        <ele>1545</ele>
      </trkpt>
      <trkpt lat="42.652571992948651" lon="0.3593610227108">
        <ele>1545</ele>
      </trkpt>
      <trkpt lat="42.652586996555328" lon="0.359501000493765">
        <ele>1544</ele>
      </trkpt>
      <trkpt lat="42.652585990726948" lon="0.359550034627318">
        <ele>1543</ele>
      </trkpt>
      <trkpt lat="42.652594037353992" lon="0.359583981335163">
        <ele>1543</ele>
      </trkpt>
      <trkpt lat="42.65260904096067" lon="0.35968397744">
        <ele>1543</ele>
      </trkpt>
      <trkpt lat="42.65260904096067" lon="0.359762012958527">
        <ele>1543</ele>
      </trkpt>
      <trkpt lat="42.652643993496895" lon="0.359930992126465">
        <ele>1542</ele>
      </trkpt>
      <trkpt lat="42.652666959911585" lon="0.360043980181217">
        <ele>1542</ele>
      </trkpt>
      <trkpt lat="42.652692021802068" lon="0.360184041783214">
        <ele>1541</ele>
      </trkpt>
      <trkpt lat="42.652706019580364" lon="0.360287977382541">
        <ele>1541</ele>
      </trkpt>
      <trkpt lat="42.652716999873519" lon="0.360339023172855">
        <ele>1540</ele>
      </trkpt>
      <trkpt lat="42.652668971568346" lon="0.360454022884369">
        <ele>1539</ele>
      </trkpt>
      <trkpt lat="42.652652962133288" lon="0.360488975420594">
        <ele>1539</ele>
      </trkpt>
      <trkpt lat="42.652583979070187" lon="0.360774965956807">
        <ele>1539</ele>
      </trkpt>
      <trkpt lat="42.652537040412426" lon="0.361053999513388">
        <ele>1539</ele>
      </trkpt>
      <trkpt lat="42.652575010433793" lon="0.361199006438255">
        <ele>1539</ele>
      </trkpt>
      <trkpt lat="42.652624966576695" lon="0.361346025019884">
        <ele>1539</ele>
      </trkpt>
      <trkpt lat="42.65269503928721" lon="0.361404027789831">
        <ele>1538</ele>
      </trkpt>
      <trkpt lat="42.652813978493214" lon="0.361559009179473">
        <ele>1537</ele>
      </trkpt>
      <trkpt lat="42.652960997074842" lon="0.361698986962438">
        <ele>1538</ele>
      </trkpt>
      <trkpt lat="42.652973989024758" lon="0.361717008054256">
        <ele>1538</ele>
      </trkpt>
      <trkpt lat="42.65299896709621" lon="0.361799988895655">
        <ele>1539</ele>
      </trkpt>
      <trkpt lat="42.653070967644453" lon="0.361884981393814">
        <ele>1541</ele>
      </trkpt>
      <trkpt lat="42.653097035363317" lon="0.361923035234213">
        <ele>1541</ele>
      </trkpt>
      <trkpt lat="42.653176998719573" lon="0.361994029954076">
        <ele>1543</ele>
      </trkpt>
      <trkpt lat="42.653228966519237" lon="0.362085979431868">
        <ele>1544</ele>
      </trkpt>
      <trkpt lat="42.653289986774325" lon="0.362223023548722">
        <ele>1545</ele>
      </trkpt>
      <trkpt lat="42.653385959565639" lon="0.362321007996798">
        <ele>1547</ele>
      </trkpt>
      <trkpt lat="42.653460977599025" lon="0.36245402880013">
        <ele>1547</ele>
      </trkpt>
      <trkpt lat="42.653509005904198" lon="0.362534997984767">
        <ele>1547</ele>
      </trkpt>
      <trkpt lat="42.653717966750264" lon="0.362758040428162">
        <ele>1545</ele>
      </trkpt>
      <trkpt lat="42.653839001432061" lon="0.362881002947688">
        <ele>1546</ele>
      </trkpt>
      <trkpt lat="42.653957018628716" lon="0.363027015700936">
        <ele>1549</ele>
      </trkpt>
      <trkpt lat="42.653978979215026" lon="0.363052999600768">
        <ele>1549</ele>
      </trkpt>
      <trkpt lat="42.653993982821703" lon="0.363082000985742">
        <ele>1549</ele>
      </trkpt>
      <trkpt lat="42.654013009741902" lon="0.363137992098928">
        <ele>1549</ele>
      </trkpt>
      <trkpt lat="42.654095990583301" lon="0.363290039822459">
        <ele>1549</ele>
      </trkpt>
      <trkpt lat="42.654173020273447" lon="0.363406967371702">
        <ele>1549</ele>
      </trkpt>
      <trkpt lat="42.654294976964593" lon="0.363581981509924">
        <ele>1548</ele>
      </trkpt>
      <trkpt lat="42.654434032738209" lon="0.363783985376358">
        <ele>1546</ele>
      </trkpt>
      <trkpt lat="42.654458004981279" lon="0.363811980932951">
        <ele>1546</ele>
      </trkpt>
      <trkpt lat="42.654608963057399" lon="0.363995963707566">
        <ele>1547</ele>
      </trkpt>
      <trkpt lat="42.654741983860731" lon="0.364147005602717">
        <ele>1549</ele>
      </trkpt>
      <trkpt lat="42.654865030199289" lon="0.364227974787354">
        <ele>1550</ele>
      </trkpt>
      <trkpt lat="42.654999978840351" lon="0.364392008632421">
        <ele>1549</ele>
      </trkpt>
      <trkpt lat="42.655137022957206" lon="0.36458102054894">
        <ele>1546</ele>
      </trkpt>
      <trkpt lat="42.655166024342179" lon="0.364644974470139">
        <ele>1546</ele>
      </trkpt>
      <trkpt lat="42.655326034873724" lon="0.364766009151936">
        <ele>1546</ele>
      </trkpt>
      <trkpt lat="42.655396023765206" lon="0.364875979721546">
        <ele>1546</ele>
      </trkpt>
      <trkpt lat="42.655497025698423" lon="0.364976981654763">
        <ele>1547</ele>
      </trkpt>
      <trkpt lat="42.655504988506436" lon="0.364987039938569">
        <ele>1547</ele>
      </trkpt>
      <trkpt lat="42.6556639932096" lon="0.365151995792985">
        <ele>1549</ele>
      </trkpt>
      <trkpt lat="42.655787961557508" lon="0.365274958312511">
        <ele>1549</ele>
      </trkpt>
      <trkpt lat="42.655939003452659" lon="0.365475034341216">
        <ele>1549</ele>
      </trkpt>
      <trkpt lat="42.656078981235623" lon="0.365572012960911">
        <ele>1550</ele>
      </trkpt>
      <trkpt lat="42.656218959018588" lon="0.365723976865411">
        <ele>1550</ele>
      </trkpt>
      <trkpt lat="42.656344017013907" lon="0.36589102819562">
        <ele>1551</ele>
      </trkpt>
      <trkpt lat="42.65634804032743" lon="0.365904020145535">
        <ele>1551</ele>
      </trkpt>
      <trkpt lat="42.656397996470332" lon="0.365940984338522">
        <ele>1552</ele>
      </trkpt>
      <trkpt lat="42.656534034758806" lon="0.366016002371907">
        <ele>1555</ele>
      </trkpt>
      <trkpt lat="42.656668983399868" lon="0.366082973778248">
        <ele>1557</ele>
      </trkpt>
      <trkpt lat="42.656795969232917" lon="0.366097977384925">
        <ele>1559</ele>
      </trkpt>
      <trkpt lat="42.65690702944994" lon="0.366162015125155">
        <ele>1561</ele>
      </trkpt>
      <trkpt lat="42.656935025006533" lon="0.366189004853368">
        <ele>1562</ele>
      </trkpt>
      <trkpt lat="42.65710199251771" lon="0.36621599458158">
        <ele>1565</ele>
      </trkpt>
      <trkpt lat="42.657142980024219" lon="0.366253964602947">
        <ele>1565</ele>
      </trkpt>
      <trkpt lat="42.657259991392493" lon="0.366385979577899">
        <ele>1567</ele>
      </trkpt>
      <trkpt lat="42.657454032450914" lon="0.366448005661368">
        <ele>1570</ele>
      </trkpt>
      <trkpt lat="42.657500971108675" lon="0.366452028974891">
        <ele>1570</ele>
      </trkpt>
      <trkpt lat="42.657656958326697" lon="0.366523023694754">
        <ele>1572</ele>
      </trkpt>
      <trkpt lat="42.657752009108663" lon="0.366553030908108">
        <ele>1572</ele>
      </trkpt>
      <trkpt lat="42.657762989401817" lon="0.366554958745837">
        <ele>1572</ele>
      </trkpt>
      <trkpt lat="42.658001035451889" lon="0.366569962352514">
        <ele>1575</ele>
      </trkpt>
      <trkpt lat="42.658027019351721" lon="0.366566022858024">
        <ele>1576</ele>
      </trkpt>
      <trkpt lat="42.658078987151384" lon="0.366588989272714">
        <ele>1576</ele>
      </trkpt>
      <trkpt lat="42.658301023766398" lon="0.366695020347834">
        <ele>1575</ele>
      </trkpt>
      <trkpt lat="42.658357014879584" lon="0.366700971499085">
        <ele>1576</ele>
      </trkpt>
      <trkpt lat="42.658442007377744" lon="0.366693008691072">
        <ele>1577</ele>
      </trkpt>
      <trkpt lat="42.658484000712633" lon="0.366744976490736">
        <ele>1576</ele>
      </trkpt>
      <trkpt lat="42.658484000712633" lon="0.366744976490736">
        <ele>1576</ele>
      </trkpt>
      <trkpt lat="42.658485006541014" lon="0.366741959005594">
        <ele>1576</ele>
      </trkpt>
      <trkpt lat="42.658485006541014" lon="0.366741959005594">
        <ele>1576</ele>
      </trkpt>
      <trkpt lat="42.65860696323216" lon="0.366741959005594">
        <ele>1578</ele>
      </trkpt>
      <trkpt lat="42.658803015947342" lon="0.366775989532471">
        <ele>1579</ele>
      </trkpt>
      <trkpt lat="42.658959003165364" lon="0.366886965930462">
        <ele>1577</ele>
      </trkpt>
      <trkpt lat="42.659002002328634" lon="0.36692401394248">
        <ele>1577</ele>
      </trkpt>
      <trkpt lat="42.659123037010431" lon="0.367037001997232">
        <ele>1574</ele>
      </trkpt>
      <trkpt lat="42.659200988709927" lon="0.367072038352489">
        <ele>1574</ele>
      </trkpt>
      <trkpt lat="42.659345995634794" lon="0.367123000323772">
        <ele>1575</ele>
      </trkpt>
      <trkpt lat="42.659377008676529" lon="0.367144960910082">
        <ele>1575</ele>
      </trkpt>
      <trkpt lat="42.659411961212754" lon="0.367202963680029">
        <ele>1574</ele>
      </trkpt>
      <trkpt lat="42.659425958991051" lon="0.367202963680029">
        <ele>1574</ele>
      </trkpt>
      <trkpt lat="42.659544982016087" lon="0.367211010307074">
        <ele>1576</ele>
      </trkpt>
      <trkpt lat="42.659656964242458" lon="0.367277981713414">
        <ele>1575</ele>
      </trkpt>
      <trkpt lat="42.659688983112574" lon="0.367298014461994">
        <ele>1575</ele>
      </trkpt>
      <trkpt lat="42.659718990325928" lon="0.367293991148472">
        <ele>1576</ele>
      </trkpt>
      <trkpt lat="42.659881012514234" lon="0.367336990311742">
        <ele>1577</ele>
      </trkpt>
      <trkpt lat="42.659889981150627" lon="0.367341013625264">
        <ele>1577</ele>
      </trkpt>
      <trkpt lat="42.659934991970658" lon="0.367349982261658">
        <ele>1577</ele>
      </trkpt>
      <trkpt lat="42.660040017217398" lon="0.367402033880353">
        <ele>1577</ele>
      </trkpt>
      <trkpt lat="42.660039011389017" lon="0.367456013336778">
        <ele>1576</ele>
      </trkpt>
      <trkpt lat="42.660058038309216" lon="0.367504041641951">
        <ele>1575</ele>
      </trkpt>
      <trkpt lat="42.660058038309216" lon="0.367504041641951">
        <ele>1575</ele>
      </trkpt>
      <trkpt lat="42.660058038309216" lon="0.367504041641951">
        <ele>1575</ele>
      </trkpt>
      <trkpt lat="42.660148981958628" lon="0.367532037198544">
        <ele>1575</ele>
      </trkpt>
      <trkpt lat="42.660283008590341" lon="0.367572018876672">
        <ele>1575</ele>
      </trkpt>
      <trkpt lat="42.660427009686828" lon="0.36763203330338">
        <ele>1575</ele>
      </trkpt>
      <trkpt lat="42.660438995808363" lon="0.367639996111393">
        <ele>1575</ele>
      </trkpt>
      <trkpt lat="42.660541003569961" lon="0.367693975567818">
        <ele>1576</ele>
      </trkpt>
      <trkpt lat="42.660581991076469" lon="0.367779973894358">
        <ele>1575</ele>
      </trkpt>
      <trkpt lat="42.660617027431726" lon="0.367851974442601">
        <ele>1573</ele>
      </trkpt>
      <trkpt lat="42.660645022988319" lon="0.367852980270982">
        <ele>1574</ele>
      </trkpt>
      <trkpt lat="42.660679975524545" lon="0.367839988321066">
        <ele>1575</ele>
      </trkpt>
      <trkpt lat="42.660673018544912" lon="0.367852980270982">
        <ele>1574</ele>
      </trkpt>
      <trkpt lat="42.660651979967952" lon="0.368114998564124">
        <ele>1571</ele>
      </trkpt>
      <trkpt lat="42.660631025210023" lon="0.368355978280306">
        <ele>1570</ele>
      </trkpt>
      <trkpt lat="42.660616021603346" lon="0.368415992707014">
        <ele>1569</ele>
      </trkpt>
      <trkpt lat="42.660566987469792" lon="0.368529986590147">
        <ele>1568</ele>
      </trkpt>
      <trkpt lat="42.660485012456775" lon="0.368752023205161">
        <ele>1566</ele>
      </trkpt>
      <trkpt lat="42.660399014130235" lon="0.368918990716338">
        <ele>1565</ele>
      </trkpt>
      <trkpt lat="42.660354003310204" lon="0.369058968499303">
        <ele>1566</ele>
      </trkpt>
      <trkpt lat="42.660337993875146" lon="0.369302965700626">
        <ele>1566</ele>
      </trkpt>
      <trkpt lat="42.660336988046765" lon="0.369368009269238">
        <ele>1566</ele>
      </trkpt>
      <trkpt lat="42.660331958904862" lon="0.36956800147891">
        <ele>1567</ele>
      </trkpt>
      <trkpt lat="42.660330031067133" lon="0.369595997035503">
        <ele>1567</ele>
      </trkpt>
      <trkpt lat="42.660321984440088" lon="0.369660034775734">
        <ele>1568</ele>
      </trkpt>
      <trkpt lat="42.660360960289836" lon="0.369790960103273">
        <ele>1568</ele>
      </trkpt>
      <trkpt lat="42.660391973331571" lon="0.369843011721969">
        <ele>1569</ele>
      </trkpt>
      <trkpt lat="42.660475037992001" lon="0.369971003383398">
        <ele>1570</ele>
      </trkpt>
      <trkpt lat="42.660575034096837" lon="0.370139982551336">
        <ele>1572</ele>
      </trkpt>
      <trkpt lat="42.660595988854766" lon="0.370179964229465">
        <ele>1573</ele>
      </trkpt>
      <trkpt lat="42.660595988854766" lon="0.370179964229465">
        <ele>1573</ele>
      </trkpt>
      <trkpt lat="42.660617027431726" lon="0.370269985869527">
        <ele>1574</ele>
      </trkpt>
      <trkpt lat="42.660617027431726" lon="0.370348021388054">
        <ele>1574</ele>
      </trkpt>
      <trkpt lat="42.660685004666448" lon="0.370432008057833">
        <ele>1575</ele>
      </trkpt>
      <trkpt lat="42.660705959424376" lon="0.370524963364005">
        <ele>1577</ele>
      </trkpt>
      <trkpt lat="42.660743007436395" lon="0.370569974184036">
        <ele>1578</ele>
      </trkpt>
      <trkpt lat="42.660762034356594" lon="0.3705960419029">
        <ele>1578</ele>
      </trkpt>
      <trkpt lat="42.66077502630651" lon="0.370616996660829">
        <ele>1579</ele>
      </trkpt>
      <trkpt lat="42.660808973014355" lon="0.370677011087537">
        <ele>1580</ele>
      </trkpt>
      <trkpt lat="42.660822970792651" lon="0.370729984715581">
        <ele>1581</ele>
      </trkpt>
      <trkpt lat="42.660849038511515" lon="0.370822018012404">
        <ele>1582</ele>
      </trkpt>
      <trkpt lat="42.660844009369612" lon="0.37085403688252">
        <ele>1582</ele>
      </trkpt>
      <trkpt lat="42.66086102463305" lon="0.370959984138608">
        <ele>1584</ele>
      </trkpt>
      <trkpt lat="42.660863036289811" lon="0.370978005230427">
        <ele>1584</ele>
      </trkpt>
      <trkpt lat="42.660878961905837" lon="0.371073978021741">
        <ele>1586</ele>
      </trkpt>
      <trkpt lat="42.66086102463305" lon="0.371141033247113">
        <ele>1586</ele>
      </trkpt>
      <trkpt lat="42.66086102463305" lon="0.371278999373317">
        <ele>1588</ele>
      </trkpt>
      <trkpt lat="42.660847026854753" lon="0.37137002684176">
        <ele>1589</ele>
      </trkpt>
      <trkpt lat="42.660845015197992" lon="0.371418977156281">
        <ele>1590</ele>
      </trkpt>
      <trkpt lat="42.660849960520864" lon="0.371516961604357">
        <ele>1592</ele>
      </trkpt>
      <trkpt lat="42.660854989662766" lon="0.371587034314871">
        <ele>1593</ele>
      </trkpt>
      <trkpt lat="42.660868987441063" lon="0.371682001277804">
        <ele>1595</ele>
      </trkpt>
      <trkpt lat="42.660879967734218" lon="0.371764982119203">
        <ele>1597</ele>
      </trkpt>
      <trkpt lat="42.660901006311178" lon="0.371870007365942">
        <ele>1599</ele>
      </trkpt>
      <trkpt lat="42.660909974947572" lon="0.371991964057088">
        <ele>1601</ele>
      </trkpt>
      <trkpt lat="42.660917015746236" lon="0.372005039826036">
        <ele>1602</ele>
      </trkpt>
      <trkpt lat="42.660889020189643" lon="0.372122973203659">
        <ele>1603</ele>
      </trkpt>
      <trkpt lat="42.660878039896488" lon="0.372177036479115">
        <ele>1605</ele>
      </trkpt>
      <trkpt lat="42.660867981612682" lon="0.372225986793637">
        <ele>1606</ele>
      </trkpt>
      <trkpt lat="42.660851972177625" lon="0.372292036190629">
        <ele>1607</ele>
      </trkpt>
      <trkpt lat="42.660844009369612" lon="0.372371999546885">
        <ele>1609</ele>
      </trkpt>
      <trkpt lat="42.660810984671116" lon="0.372503008693457">
        <ele>1612</ele>
      </trkpt>
      <trkpt lat="42.660827999934554" lon="0.372556988149881">
        <ele>1614</ele>
      </trkpt>
      <trkpt lat="42.660822970792651" lon="0.372615996748209">
        <ele>1615</ele>
      </trkpt>
      <trkpt lat="42.660780977457762" lon="0.372737031430006">
        <ele>1617</ele>
      </trkpt>
      <trkpt lat="42.660768991336226" lon="0.372761003673077">
        <ele>1617</ele>
      </trkpt>
      <trkpt lat="42.660725992172956" lon="0.372873991727829">
        <ele>1619</ele>
      </trkpt>
      <trkpt lat="42.660705037415028" lon="0.3730240277946">
        <ele>1622</ele>
      </trkpt>
      <trkpt lat="42.660645022988319" lon="0.373141961172223">
        <ele>1624</ele>
      </trkpt>
      <trkpt lat="42.660564975813031" lon="0.373284034430981">
        <ele>1625</ele>
      </trkpt>
      <trkpt lat="42.660515019670129" lon="0.373404985293746">
        <ele>1627</ele>
      </trkpt>
      <trkpt lat="42.660481994971633" lon="0.373463993892074">
        <ele>1628</ele>
      </trkpt>
      <trkpt lat="42.660418963059783" lon="0.373540017753839">
        <ele>1628</ele>
      </trkpt>
      <trkpt lat="42.660398008301854" lon="0.373571030795574">
        <ele>1629</ele>
      </trkpt>
      <trkpt lat="42.660402031615376" lon="0.373634984716773">
        <ele>1631</ele>
      </trkpt>
      <trkpt lat="42.660427009686828" lon="0.373646970838308">
        <ele>1631</ele>
      </trkpt>
      <trkpt lat="42.660461040213704" lon="0.373655017465353">
        <ele>1633</ele>
      </trkpt>
      <trkpt lat="42.66043396666646" lon="0.373745961114764">
        <ele>1634</ele>
      </trkpt>
      <trkpt lat="42.660423992201686" lon="0.373789966106415">
        <ele>1635</ele>
      </trkpt>
      <trkpt lat="42.660436984151602" lon="0.373906977474689">
        <ele>1638</ele>
      </trkpt>
      <trkpt lat="42.660446958616376" lon="0.373964980244637">
        <ele>1640</ele>
      </trkpt>
      <trkpt lat="42.660446036607027" lon="0.374048966914415">
        <ele>1642</ele>
      </trkpt>
      <trkpt lat="42.660437989979982" lon="0.374063970521092">
        <ele>1642</ele>
      </trkpt>
      <trkpt lat="42.660398008301854" lon="0.374125996604562">
        <ele>1643</ele>
      </trkpt>
      <trkpt lat="42.660398008301854" lon="0.374125996604562">
        <ele>1643</ele>
      </trkpt>
      <trkpt lat="42.660401025786996" lon="0.374199002981186">
        <ele>1645</ele>
      </trkpt>
      <trkpt lat="42.660391973331571" lon="0.374243007972836">
        <ele>1646</ele>
      </trkpt>
      <trkpt lat="42.660365989431739" lon="0.374334035441279">
        <ele>1648</ele>
      </trkpt>
      <trkpt lat="42.660338999703526" lon="0.374408969655633">
        <ele>1649</ele>
      </trkpt>
      <trkpt lat="42.660326007753611" lon="0.374505026265979">
        <ele>1651</ele>
      </trkpt>
      <trkpt lat="42.660328019410372" lon="0.374534027650952">
        <ele>1652</ele>
      </trkpt>
      <trkpt lat="42.660317039117217" lon="0.374622959643602">
        <ele>1654</ele>
      </trkpt>
      <trkpt lat="42.66030496917665" lon="0.374686997383833">
        <ele>1655</ele>
      </trkpt>
      <trkpt lat="42.660284014418721" lon="0.374734019860625">
        <ele>1656</ele>
      </trkpt>
      <trkpt lat="42.660264987498522" lon="0.374780036509037">
        <ele>1656</ele>
      </trkpt>
      <trkpt lat="42.660232968628407" lon="0.374817000702024">
        <ele>1657</ele>
      </trkpt>
      <trkpt lat="42.660186029970646" lon="0.374977011233568">
        <ele>1659</ele>
      </trkpt>
      <trkpt lat="42.660178989171982" lon="0.375010035932064">
        <ele>1660</ele>
      </trkpt>
      <trkpt lat="42.660157028585672" lon="0.375054040923715">
        <ele>1660</ele>
      </trkpt>
      <trkpt lat="42.66013003885746" lon="0.375186977908015">
        <ele>1662</ele>
      </trkpt>
      <trkpt lat="42.660083016380668" lon="0.375318992882967">
        <ele>1664</ele>
      </trkpt>
      <trkpt lat="42.660055020824075" lon="0.375427035614848">
        <ele>1665</ele>
      </trkpt>
      <trkpt lat="42.660032976418734" lon="0.375467017292976">
        <ele>1665</ele>
      </trkpt>
      <trkpt lat="42.660009004175663" lon="0.375511022284627">
        <ele>1666</ele>
      </trkpt>
      <trkpt lat="42.659970028325915" lon="0.375602971762419">
        <ele>1667</ele>
      </trkpt>
      <trkpt lat="42.6599380094558" lon="0.375663992017508">
        <ele>1668</ele>
      </trkpt>
      <trkpt lat="42.659929040819407" lon="0.375693999230862">
        <ele>1668</ele>
      </trkpt>
      <trkpt lat="42.659870032221079" lon="0.375824002549052">
        <ele>1670</ele>
      </trkpt>
      <trkpt lat="42.659837007522583" lon="0.375925004482269">
        <ele>1671</ele>
      </trkpt>
      <trkpt lat="42.659826027229428" lon="0.37596900947392">
        <ele>1672</ele>
      </trkpt>
      <trkpt lat="42.65978797338903" lon="0.376086020842195">
        <ele>1674</ele>
      </trkpt>
      <trkpt lat="42.659779004752636" lon="0.37611803971231">
        <ele>1674</ele>
      </trkpt>
      <trkpt lat="42.659750003367662" lon="0.376182999461889">
        <ele>1675</ele>
      </trkpt>
      <trkpt lat="42.659737011417747" lon="0.376223986968398">
        <ele>1675</ele>
      </trkpt>
      <trkpt lat="42.659686971455812" lon="0.376295987516642">
        <ele>1675</ele>
      </trkpt>
      <trkpt lat="42.659679008647799" lon="0.376331023871899">
        <ele>1675</ele>
      </trkpt>
      <trkpt lat="42.659618994221091" lon="0.376389026641846">
        <ele>1674</ele>
      </trkpt>
      <trkpt lat="42.659654030576348" lon="0.37642297334969">
        <ele>1676</ele>
      </trkpt>
      <trkpt lat="42.659707004204392" lon="0.376403024420142">
        <ele>1678</ele>
      </trkpt>
      <trkpt lat="42.659741034731269" lon="0.376391960307956">
        <ele>1678</ele>
      </trkpt>
      <trkpt lat="42.659783028066158" lon="0.376388020813465">
        <ele>1680</ele>
      </trkpt>
      <trkpt lat="42.659911019727588" lon="0.376276038587093">
        <ele>1682</ele>
      </trkpt>
      <trkpt lat="42.659999029710889" lon="0.376145029440522">
        <ele>1682</ele>
      </trkpt>
      <trkpt lat="42.660021996125579" lon="0.376085015013814">
        <ele>1681</ele>
      </trkpt>
      <trkpt lat="42.660075975582004" lon="0.376046961173415">
        <ele>1682</ele>
      </trkpt>
      <trkpt lat="42.660101037472486" lon="0.376027012243867">
        <ele>1682</ele>
      </trkpt>
      <trkpt lat="42.660118974745274" lon="0.376000022515655">
        <ele>1682</ele>
      </trkpt>
      <trkpt lat="42.660147976130247" lon="0.37596900947392">
        <ele>1682</ele>
      </trkpt>
      <trkpt lat="42.660216037184" lon="0.375923998653889">
        <ele>1683</ele>
      </trkpt>
      <trkpt lat="42.66026197001338" lon="0.376021983101964">
        <ele>1687</ele>
      </trkpt>
      <trkpt lat="42.660260964184999" lon="0.376069005578756">
        <ele>1688</ele>
      </trkpt>
      <trkpt lat="42.660246966406703" lon="0.376124996691942">
        <ele>1689</ele>
      </trkpt>
      <trkpt lat="42.660217965021729" lon="0.376198003068566">
        <ele>1690</ele>
      </trkpt>
      <trkpt lat="42.660188041627407" lon="0.376276038587093">
        <ele>1691</ele>
      </trkpt>
      <trkpt lat="42.660151999443769" lon="0.376345021650195">
        <ele>1691</ele>
      </trkpt>
      <trkpt lat="42.660122998058796" lon="0.376526992768049">
        <ele>1693</ele>
      </trkpt>
      <trkpt lat="42.66011000610888" lon="0.376595975831151">
        <ele>1694</ele>
      </trkpt>
      <trkpt lat="42.660073963925242" lon="0.376691026613116">
        <ele>1695</ele>
      </trkpt>
      <trkpt lat="42.660064995288849" lon="0.376709969714284">
        <ele>1695</ele>
      </trkpt>
      <trkpt lat="42.660023001953959" lon="0.37680895999074">
        <ele>1695</ele>
      </trkpt>
      <trkpt lat="42.659982014447451" lon="0.376941980794072">
        <ele>1696</ele>
      </trkpt>
      <trkpt lat="42.659968016669154" lon="0.376986991614103">
        <ele>1696</ele>
      </trkpt>
      <trkpt lat="42.659986037760973" lon="0.376981040462852">
        <ele>1697</ele>
      </trkpt>
      <trkpt lat="42.660027025267482" lon="0.376973999664187">
        <ele>1698</ele>
      </trkpt>
      <trkpt lat="42.660100031644106" lon="0.376953966915607">
        <ele>1700</ele>
      </trkpt>
      <trkpt lat="42.660130960866809" lon="0.376922031864524">
        <ele>1701</ele>
      </trkpt>
      <trkpt lat="42.660130960866809" lon="0.376922031864524">
        <ele>1701</ele>
      </trkpt>
      <trkpt lat="42.660158034414053" lon="0.37693602964282">
        <ele>1702</ele>
      </trkpt>
      <trkpt lat="42.660158034414053" lon="0.37693602964282">
        <ele>1702</ele>
      </trkpt>
      <trkpt lat="42.660162979736924" lon="0.376937035471201">
        <ele>1702</ele>
      </trkpt>
      <trkpt lat="42.660187035799026" lon="0.376920020207763">
        <ele>1703</ele>
      </trkpt>
      <trkpt lat="42.660283008590341" lon="0.376835027709603">
        <ele>1705</ele>
      </trkpt>
      <trkpt lat="42.660318966954947" lon="0.376820024102926">
        <ele>1706</ele>
      </trkpt>
      <trkpt lat="42.660343023017049" lon="0.376811977475882">
        <ele>1706</ele>
      </trkpt>
      <trkpt lat="42.660380993038416" lon="0.376833016052842">
        <ele>1708</ele>
      </trkpt>
      <trkpt lat="42.660406976938248" lon="0.376863023266196">
        <ele>1709</ele>
      </trkpt>
      <trkpt lat="42.66047696582973" lon="0.376955978572369">
        <ele>1713</ele>
      </trkpt>
      <trkpt lat="42.660621972754598" lon="0.377177009359002">
        <ele>1719</ele>
      </trkpt>
    </trkseg>
  </trk>

</gpx>