<?xml version="1.0" encoding="utf-8"?><gpx creator="Garmin Desktop App" version="1.1" xsi:schemaLocation="http://www.topografix.com/GPX/1/1 http://www.topografix.com/GPX/1/1/gpx.xsd http://www.garmin.com/xmlschemas/WaypointExtension/v1 http://www8.garmin.com/xmlschemas/WaypointExtensionv1.xsd http://www.garmin.com/xmlschemas/TrackPointExtension/v1 http://www.garmin.com/xmlschemas/TrackPointExtensionv1.xsd http://www.garmin.com/xmlschemas/GpxExtensions/v3 http://www8.garmin.com/xmlschemas/GpxExtensionsv3.xsd http://www.garmin.com/xmlschemas/ActivityExtension/v1 http://www8.garmin.com/xmlschemas/ActivityExtensionv1.xsd http://www.garmin.com/xmlschemas/AdventuresExtensions/v1 http://www8.garmin.com/xmlschemas/AdventuresExtensionv1.xsd http://www.garmin.com/xmlschemas/PressureExtension/v1 http://www.garmin.com/xmlschemas/PressureExtensionv1.xsd http://www.garmin.com/xmlschemas/TripExtensions/v1 http://www.garmin.com/xmlschemas/TripExtensionsv1.xsd http://www.garmin.com/xmlschemas/TripMetaDataExtensions/v1 http://www.garmin.com/xmlschemas/TripMetaDataExtensionsv1.xsd http://www.garmin.com/xmlschemas/ViaPointTransportationModeExtensions/v1 http://www.garmin.com/xmlschemas/ViaPointTransportationModeExtensionsv1.xsd http://www.garmin.com/xmlschemas/CreationTimeExtension/v1 http://www.garmin.com/xmlschemas/CreationTimeExtensionsv1.xsd http://www.garmin.com/xmlschemas/AccelerationExtension/v1 http://www.garmin.com/xmlschemas/AccelerationExtensionv1.xsd http://www.garmin.com/xmlschemas/PowerExtension/v1 http://www.garmin.com/xmlschemas/PowerExtensionv1.xsd http://www.garmin.com/xmlschemas/VideoExtension/v1 http://www.garmin.com/xmlschemas/VideoExtensionv1.xsd" xmlns="http://www.topografix.com/GPX/1/1" xmlns:xsi="http://www.w3.org/2001/XMLSchema-instance" xmlns:wptx1="http://www.garmin.com/xmlschemas/WaypointExtension/v1" xmlns:gpxtrx="http://www.garmin.com/xmlschemas/GpxExtensions/v3" xmlns:gpxtpx="http://www.garmin.com/xmlschemas/TrackPointExtension/v1" xmlns:gpxx="http://www.garmin.com/xmlschemas/GpxExtensions/v3" xmlns:trp="http://www.garmin.com/xmlschemas/TripExtensions/v1" xmlns:adv="http://www.garmin.com/xmlschemas/AdventuresExtensions/v1" xmlns:prs="http://www.garmin.com/xmlschemas/PressureExtension/v1" xmlns:tmd="http://www.garmin.com/xmlschemas/TripMetaDataExtensions/v1" xmlns:vptm="http://www.garmin.com/xmlschemas/ViaPointTransportationModeExtensions/v1" xmlns:ctx="http://www.garmin.com/xmlschemas/CreationTimeExtension/v1" xmlns:gpxacc="http://www.garmin.com/xmlschemas/AccelerationExtension/v1" xmlns:gpxpx="http://www.garmin.com/xmlschemas/PowerExtension/v1" xmlns:vidx1="http://www.garmin.com/xmlschemas/VideoExtension/v1">

  <metadata>
    <link href="http://www.garmin.com">
      <text>Garmin International</text>
    </link>
    <time>2026-05-10T12:43:34Z</time>
    <bounds maxlat="42.640145989134908" maxlon="0.683384025469422" minlat="42.596114007756114" minlon="0.545383030548692" />
  </metadata>

  <trk>
    <name>GR11_21_SanJaime-Llauset</name>
    <extensions>
      <gpxx:TrackExtension>
        <gpxx:DisplayColor>Cyan</gpxx:DisplayColor>
      </gpxx:TrackExtension>
    </extensions>
    <trkseg>
      <trkpt lat="42.625420996919274" lon="0.545383030548692">
        <ele>1259</ele>
      </trkpt>
      <trkpt lat="42.625426026061177" lon="0.545391999185085">
        <ele>1259</ele>
      </trkpt>
      <trkpt lat="42.625471958890557" lon="0.545415971428156">
        <ele>1259</ele>
      </trkpt>
      <trkpt lat="42.625572038814425" lon="0.545549998059869">
        <ele>1259</ele>
      </trkpt>
      <trkpt lat="42.625644039362669" lon="0.545662986114621">
        <ele>1260</ele>
      </trkpt>
      <trkpt lat="42.625735988840461" lon="0.545785026624799">
        <ele>1261</ele>
      </trkpt>
      <trkpt lat="42.625772031024098" lon="0.545821990817785">
        <ele>1261</ele>
      </trkpt>
      <trkpt lat="42.625879989936948" lon="0.546109993010759">
        <ele>1262</ele>
      </trkpt>
      <trkpt lat="42.625940004363656" lon="0.546356001868844">
        <ele>1261</ele>
      </trkpt>
      <trkpt lat="42.626008987426758" lon="0.546586001291871">
        <ele>1261</ele>
      </trkpt>
      <trkpt lat="42.626081993803382" lon="0.546761015430093">
        <ele>1262</ele>
      </trkpt>
      <trkpt lat="42.626090962439775" lon="0.546788005158305">
        <ele>1262</ele>
      </trkpt>
      <trkpt lat="42.626148965209723" lon="0.546956984326243">
        <ele>1264</ele>
      </trkpt>
      <trkpt lat="42.626160029321909" lon="0.547052035108209">
        <ele>1265</ele>
      </trkpt>
      <trkpt lat="42.626217026263475" lon="0.547279017046094">
        <ele>1266</ele>
      </trkpt>
      <trkpt lat="42.626262959092855" lon="0.547388987615705">
        <ele>1267</ele>
      </trkpt>
      <trkpt lat="42.626320039853454" lon="0.547394016757607">
        <ele>1267</ele>
      </trkpt>
      <trkpt lat="42.62642003595829" lon="0.547296032309532">
        <ele>1268</ele>
      </trkpt>
      <trkpt lat="42.626467980444431" lon="0.547284968197346">
        <ele>1268</ele>
      </trkpt>
      <trkpt lat="42.626562025398016" lon="0.547431986778975">
        <ele>1270</ele>
      </trkpt>
      <trkpt lat="42.626564037054777" lon="0.54744497872889">
        <ele>1270</ele>
      </trkpt>
      <trkpt lat="42.626581974327564" lon="0.54750700481236">
        <ele>1271</ele>
      </trkpt>
      <trkpt lat="42.626577029004693" lon="0.547569030895829">
        <ele>1272</ele>
      </trkpt>
      <trkpt lat="42.62661399319768" lon="0.547665003687143">
        <ele>1272</ele>
      </trkpt>
      <trkpt lat="42.626631008461118" lon="0.547813028097153">
        <ele>1274</ele>
      </trkpt>
      <trkpt lat="42.626639977097511" lon="0.547887962311506">
        <ele>1274</ele>
      </trkpt>
      <trkpt lat="42.626705020666122" lon="0.548017965629697">
        <ele>1276</ele>
      </trkpt>
      <trkpt lat="42.626729998737574" lon="0.548039004206657">
        <ele>1277</ele>
      </trkpt>
      <trkpt lat="42.626835023984313" lon="0.548096001148224">
        <ele>1278</ele>
      </trkpt>
      <trkpt lat="42.626851033419371" lon="0.548111004754901">
        <ele>1278</ele>
      </trkpt>
      <trkpt lat="42.626991011202335" lon="0.54815299808979">
        <ele>1278</ele>
      </trkpt>
      <trkpt lat="42.627165019512177" lon="0.548161966726184">
        <ele>1278</ele>
      </trkpt>
      <trkpt lat="42.627311032265425" lon="0.548164984211326">
        <ele>1277</ele>
      </trkpt>
      <trkpt lat="42.627542959526181" lon="0.548289036378264">
        <ele>1275</ele>
      </trkpt>
      <trkpt lat="42.627683021128178" lon="0.5484339594841">
        <ele>1274</ele>
      </trkpt>
      <trkpt lat="42.627829033881426" lon="0.548528004437685">
        <ele>1273</ele>
      </trkpt>
      <trkpt lat="42.6278390083462" lon="0.548531021922827">
        <ele>1273</ele>
      </trkpt>
      <trkpt lat="42.627912014722824" lon="0.548544013872743">
        <ele>1272</ele>
      </trkpt>
      <trkpt lat="42.628071019425988" lon="0.54860201664269">
        <ele>1272</ele>
      </trkpt>
      <trkpt lat="42.628134973347187" lon="0.54862498305738">
        <ele>1272</ele>
      </trkpt>
      <trkpt lat="42.628208985552192" lon="0.548649961128831">
        <ele>1272</ele>
      </trkpt>
      <trkpt lat="42.628310993313789" lon="0.548692038282752">
        <ele>1272</ele>
      </trkpt>
      <trkpt lat="42.628411995247006" lon="0.548750963062048">
        <ele>1273</ele>
      </trkpt>
      <trkpt lat="42.628411995247006" lon="0.548750963062048">
        <ele>1273</ele>
      </trkpt>
      <trkpt lat="42.628411995247006" lon="0.548750963062048">
        <ele>1273</ele>
      </trkpt>
      <trkpt lat="42.628410989418626" lon="0.548750041052699">
        <ele>1273</ele>
      </trkpt>
      <trkpt lat="42.628414006903768" lon="0.548750963062048">
        <ele>1273</ele>
      </trkpt>
      <trkpt lat="42.628419036045671" lon="0.548752974718809">
        <ele>1273</ele>
      </trkpt>
      <trkpt lat="42.628421969711781" lon="0.548752974718809">
        <ele>1273</ele>
      </trkpt>
      <trkpt lat="42.628423981368542" lon="0.54875498637557">
        <ele>1273</ele>
      </trkpt>
      <trkpt lat="42.628423981368542" lon="0.54875498637557">
        <ele>1273</ele>
      </trkpt>
      <trkpt lat="42.628425993025303" lon="0.548755992203951">
        <ele>1273</ele>
      </trkpt>
      <trkpt lat="42.628430016338825" lon="0.548755992203951">
        <ele>1273</ele>
      </trkpt>
      <trkpt lat="42.628430016338825" lon="0.548755992203951">
        <ele>1273</ele>
      </trkpt>
      <trkpt lat="42.628567982465029" lon="0.548932012170553">
        <ele>1273</ele>
      </trkpt>
      <trkpt lat="42.628575023263693" lon="0.548948021605611">
        <ele>1273</ele>
      </trkpt>
      <trkpt lat="42.628623973578215" lon="0.548994038254023">
        <ele>1272</ele>
      </trkpt>
      <trkpt lat="42.628774009644985" lon="0.549000995233655">
        <ele>1272</ele>
      </trkpt>
      <trkpt lat="42.62891499325633" lon="0.548951039090753">
        <ele>1270</ele>
      </trkpt>
      <trkpt lat="42.629018006846309" lon="0.548907034099102">
        <ele>1270</ele>
      </trkpt>
      <trkpt lat="42.629040973260999" lon="0.548893958330154">
        <ele>1270</ele>
      </trkpt>
      <trkpt lat="42.629184974357486" lon="0.548784993588924">
        <ele>1270</ele>
      </trkpt>
      <trkpt lat="42.629314977675676" lon="0.54871098138392">
        <ele>1270</ele>
      </trkpt>
      <trkpt lat="42.629370968788862" lon="0.548675023019314">
        <ele>1270</ele>
      </trkpt>
      <trkpt lat="42.629556963220239" lon="0.54864602163434">
        <ele>1272</ele>
      </trkpt>
      <trkpt lat="42.629654025658965" lon="0.548658007755876">
        <ele>1272</ele>
      </trkpt>
      <trkpt lat="42.629826022312045" lon="0.548691032454371">
        <ele>1273</ele>
      </trkpt>
      <trkpt lat="42.629939010366797" lon="0.548736965283751">
        <ele>1273</ele>
      </trkpt>
      <trkpt lat="42.630054010078311" lon="0.548889013007283">
        <ele>1273</ele>
      </trkpt>
      <trkpt lat="42.630123998969793" lon="0.549019016325474">
        <ele>1273</ele>
      </trkpt>
      <trkpt lat="42.630174038931727" lon="0.549277011305094">
        <ele>1273</ele>
      </trkpt>
      <trkpt lat="42.630177978426218" lon="0.549369966611266">
        <ele>1273</ele>
      </trkpt>
      <trkpt lat="42.630164986476302" lon="0.549689987674356">
        <ele>1272</ele>
      </trkpt>
      <trkpt lat="42.630169009789824" lon="0.54995602928102">
        <ele>1271</ele>
      </trkpt>
      <trkpt lat="42.630186025053263" lon="0.550177982077003">
        <ele>1271</ele>
      </trkpt>
      <trkpt lat="42.630192982032895" lon="0.550230033695698">
        <ele>1271</ele>
      </trkpt>
      <trkpt lat="42.630230030044913" lon="0.550418961793184">
        <ele>1271</ele>
      </trkpt>
      <trkpt lat="42.63024503365159" lon="0.550560029223561">
        <ele>1272</ele>
      </trkpt>
      <trkpt lat="42.630318962037563" lon="0.550771001726389">
        <ele>1273</ele>
      </trkpt>
      <trkpt lat="42.630345029756427" lon="0.550912991166115">
        <ele>1274</ele>
      </trkpt>
      <trkpt lat="42.630378976464272" lon="0.550998989492655">
        <ele>1274</ele>
      </trkpt>
      <trkpt lat="42.630414012819529" lon="0.551163023337722">
        <ele>1275</ele>
      </trkpt>
      <trkpt lat="42.630514008924365" lon="0.551402997225523">
        <ele>1275</ele>
      </trkpt>
      <trkpt lat="42.630544016137719" lon="0.551428981125355">
        <ele>1276</ele>
      </trkpt>
      <trkpt lat="42.630652980878949" lon="0.551611036062241">
        <ele>1277</ele>
      </trkpt>
      <trkpt lat="42.630664967000484" lon="0.551631990820169">
        <ele>1278</ele>
      </trkpt>
      <trkpt lat="42.630680976435542" lon="0.55167599581182">
        <ele>1278</ele>
      </trkpt>
      <trkpt lat="42.630695980042219" lon="0.551730981096625">
        <ele>1279</ele>
      </trkpt>
      <trkpt lat="42.630731016397476" lon="0.551792001351714">
        <ele>1279</ele>
      </trkpt>
      <trkpt lat="42.630732022225857" lon="0.551826031878591">
        <ele>1280</ele>
      </trkpt>
      <trkpt lat="42.630795976147056" lon="0.552030969411135">
        <ele>1282</ele>
      </trkpt>
      <trkpt lat="42.630802011117339" lon="0.552101964130998">
        <ele>1282</ele>
      </trkpt>
      <trkpt lat="42.630779966711998" lon="0.552285024896264">
        <ele>1284</ele>
      </trkpt>
      <trkpt lat="42.63076102361083" lon="0.552477976307273">
        <ele>1285</ele>
      </trkpt>
      <trkpt lat="42.630743002519011" lon="0.552670005708933">
        <ele>1286</ele>
      </trkpt>
      <trkpt lat="42.630746020004153" lon="0.552847031503916">
        <ele>1288</ele>
      </trkpt>
      <trkpt lat="42.630759011954069" lon="0.552919032052159">
        <ele>1288</ele>
      </trkpt>
      <trkpt lat="42.630784995853901" lon="0.553023973479867">
        <ele>1289</ele>
      </trkpt>
      <trkpt lat="42.630850961431861" lon="0.55326503701508">
        <ele>1291</ele>
      </trkpt>
      <trkpt lat="42.630887003615499" lon="0.553400991484523">
        <ele>1292</ele>
      </trkpt>
      <trkpt lat="42.630977025255561" lon="0.553621016442776">
        <ele>1294</ele>
      </trkpt>
      <trkpt lat="42.631004014983773" lon="0.553692011162639">
        <ele>1295</ele>
      </trkpt>
      <trkpt lat="42.631036033853889" lon="0.553743978962302">
        <ele>1295</ele>
      </trkpt>
      <trkpt lat="42.63114801608026" lon="0.553834000602365">
        <ele>1297</ele>
      </trkpt>
      <trkpt lat="42.631167965009809" lon="0.553842969238758">
        <ele>1297</ele>
      </trkpt>
      <trkpt lat="42.631283970549703" lon="0.55388898588717">
        <ele>1299</ele>
      </trkpt>
      <trkpt lat="42.631377009674907" lon="0.553935002535582">
        <ele>1300</ele>
      </trkpt>
      <trkpt lat="42.63147097080946" lon="0.554028041660786">
        <ele>1301</ele>
      </trkpt>
      <trkpt lat="42.63146803714335" lon="0.554199032485485">
        <ele>1303</ele>
      </trkpt>
      <trkpt lat="42.631451021879911" lon="0.554300034418702">
        <ele>1305</ele>
      </trkpt>
      <trkpt lat="42.631457978859544" lon="0.554368011653423">
        <ele>1305</ele>
      </trkpt>
      <trkpt lat="42.631441969424486" lon="0.554488962516189">
        <ele>1306</ele>
      </trkpt>
      <trkpt lat="42.631469964981079" lon="0.55466397665441">
        <ele>1307</ele>
      </trkpt>
      <trkpt lat="42.631460996344686" lon="0.554862963035703">
        <ele>1308</ele>
      </trkpt>
      <trkpt lat="42.631454039365053" lon="0.554937981069088">
        <ele>1308</ele>
      </trkpt>
      <trkpt lat="42.631456973031163" lon="0.555144008249044">
        <ele>1309</ele>
      </trkpt>
      <trkpt lat="42.631479017436504" lon="0.555260013788939">
        <ele>1309</ele>
      </trkpt>
      <trkpt lat="42.631493015214801" lon="0.555298989638686">
        <ele>1309</ele>
      </trkpt>
      <trkpt lat="42.631558980792761" lon="0.555450031533837">
        <ele>1310</ele>
      </trkpt>
      <trkpt lat="42.631590999662876" lon="0.555494958534837">
        <ele>1309</ele>
      </trkpt>
      <trkpt lat="42.631596028804779" lon="0.555597972124815">
        <ele>1309</ele>
      </trkpt>
      <trkpt lat="42.631668029353023" lon="0.555722024291754">
        <ele>1310</ele>
      </trkpt>
      <trkpt lat="42.631704993546009" lon="0.556004997342825">
        <ele>1310</ele>
      </trkpt>
      <trkpt lat="42.631711028516293" lon="0.556026035919786">
        <ele>1310</ele>
      </trkpt>
      <trkpt lat="42.631732989102602" lon="0.556092001497746">
        <ele>1310</ele>
      </trkpt>
      <trkpt lat="42.631842959672213" lon="0.556242037564516">
        <ele>1311</ele>
      </trkpt>
      <trkpt lat="42.631869027391076" lon="0.556277995929122">
        <ele>1311</ele>
      </trkpt>
      <trkpt lat="42.632024008780718" lon="0.556515036150813">
        <ele>1312</ele>
      </trkpt>
      <trkpt lat="42.63215602375567" lon="0.556663982570171">
        <ele>1313</ele>
      </trkpt>
      <trkpt lat="42.632261971011758" lon="0.556731959804893">
        <ele>1314</ele>
      </trkpt>
      <trkpt lat="42.632398009300232" lon="0.55687596090138">
        <ele>1316</ele>
      </trkpt>
      <trkpt lat="42.632405972108245" lon="0.556887025013566">
        <ele>1316</ele>
      </trkpt>
      <trkpt lat="42.632465986534953" lon="0.55695902556181">
        <ele>1317</ele>
      </trkpt>
      <trkpt lat="42.632530024275184" lon="0.557077964767814">
        <ele>1318</ele>
      </trkpt>
      <trkpt lat="42.632518960162997" lon="0.557113001123071">
        <ele>1319</ele>
      </trkpt>
      <trkpt lat="42.632413012906909" lon="0.557201011106372">
        <ele>1321</ele>
      </trkpt>
      <trkpt lat="42.63237495906651" lon="0.557206962257624">
        <ele>1321</ele>
      </trkpt>
      <trkpt lat="42.632326008751988" lon="0.557270999997854">
        <ele>1322</ele>
      </trkpt>
      <trkpt lat="42.632314022630453" lon="0.557349035516381">
        <ele>1324</ele>
      </trkpt>
      <trkpt lat="42.632302036508918" lon="0.557409971952438">
        <ele>1327</ele>
      </trkpt>
      <trkpt lat="42.632316034287214" lon="0.557465963065624">
        <ele>1328</ele>
      </trkpt>
      <trkpt lat="42.632316034287214" lon="0.557490019127727">
        <ele>1330</ele>
      </trkpt>
      <trkpt lat="42.632306981831789" lon="0.557593032717705">
        <ele>1333</ele>
      </trkpt>
      <trkpt lat="42.632290972396731" lon="0.557710966095328">
        <ele>1334</ele>
      </trkpt>
      <trkpt lat="42.632289966568351" lon="0.557824037969112">
        <ele>1337</ele>
      </trkpt>
      <trkpt lat="42.632246967405081" lon="0.558013971894979">
        <ele>1338</ele>
      </trkpt>
      <trkpt lat="42.632239004597068" lon="0.558023024350405">
        <ele>1339</ele>
      </trkpt>
      <trkpt lat="42.632175972685218" lon="0.558123020455241">
        <ele>1340</ele>
      </trkpt>
      <trkpt lat="42.632159041240811" lon="0.558152021840215">
        <ele>1340</ele>
      </trkpt>
      <trkpt lat="42.632087962701917" lon="0.558289987966418">
        <ele>1341</ele>
      </trkpt>
      <trkpt lat="42.632021997123957" lon="0.558364000171423">
        <ele>1342</ele>
      </trkpt>
      <trkpt lat="42.631949996575713" lon="0.558415967971087">
        <ele>1344</ele>
      </trkpt>
      <trkpt lat="42.631902974098921" lon="0.558500038459897">
        <ele>1346</ele>
      </trkpt>
      <trkpt lat="42.631865004077554" lon="0.558644961565733">
        <ele>1347</ele>
      </trkpt>
      <trkpt lat="42.631848994642496" lon="0.558815030381083">
        <ele>1348</ele>
      </trkpt>
      <trkpt lat="42.631813958287239" lon="0.558930030092597">
        <ele>1350</ele>
      </trkpt>
      <trkpt lat="42.631797026842833" lon="0.559100015088916">
        <ele>1351</ele>
      </trkpt>
      <trkpt lat="42.631786968559027" lon="0.559278968721628">
        <ele>1352</ele>
      </trkpt>
      <trkpt lat="42.631751010194421" lon="0.559382988139987">
        <ele>1354</ele>
      </trkpt>
      <trkpt lat="42.631756961345673" lon="0.559438979253173">
        <ele>1356</ele>
      </trkpt>
      <trkpt lat="42.631737012416124" lon="0.559555990621448">
        <ele>1357</ele>
      </trkpt>
      <trkpt lat="42.631760984659195" lon="0.559742990881205">
        <ele>1359</ele>
      </trkpt>
      <trkpt lat="42.631714968010783" lon="0.559953963384032">
        <ele>1360</ele>
      </trkpt>
      <trkpt lat="42.631668029353023" lon="0.560063011944294">
        <ele>1362</ele>
      </trkpt>
      <trkpt lat="42.631701976060867" lon="0.560178011655808">
        <ele>1364</ele>
      </trkpt>
      <trkpt lat="42.631735000759363" lon="0.560283958911896">
        <ele>1366</ele>
      </trkpt>
      <trkpt lat="42.631733994930983" lon="0.560337016358972">
        <ele>1367</ele>
      </trkpt>
      <trkpt lat="42.631784034892917" lon="0.560454027727246">
        <ele>1370</ele>
      </trkpt>
      <trkpt lat="42.631807001307607" lon="0.560566009953618">
        <ele>1371</ele>
      </trkpt>
      <trkpt lat="42.631803983822465" lon="0.560623006895185">
        <ele>1372</ele>
      </trkpt>
      <trkpt lat="42.631825022399426" lon="0.560705987736583">
        <ele>1374</ele>
      </trkpt>
      <trkpt lat="42.631885958835483" lon="0.56078402325511">
        <ele>1374</ele>
      </trkpt>
      <trkpt lat="42.631903979927301" lon="0.560797015205026">
        <ele>1375</ele>
      </trkpt>
      <trkpt lat="42.631928035989404" lon="0.560797015205026">
        <ele>1375</ele>
      </trkpt>
      <trkpt lat="42.631966006010771" lon="0.560825010761619">
        <ele>1375</ele>
      </trkpt>
      <trkpt lat="42.632061978802085" lon="0.560857029631734">
        <ele>1377</ele>
      </trkpt>
      <trkpt lat="42.632138002663851" lon="0.560864992439747">
        <ele>1378</ele>
      </trkpt>
      <trkpt lat="42.6322649884969" lon="0.560815958306193">
        <ele>1379</ele>
      </trkpt>
      <trkpt lat="42.632292984053493" lon="0.560803972184658">
        <ele>1379</ele>
      </trkpt>
      <trkpt lat="42.632379988208413" lon="0.560723003000021">
        <ele>1379</ele>
      </trkpt>
      <trkpt lat="42.632435979321599" lon="0.560654019936919">
        <ele>1379</ele>
      </trkpt>
      <trkpt lat="42.632532035931945" lon="0.560605991631746">
        <ele>1379</ele>
      </trkpt>
      <trkpt lat="42.632614010944963" lon="0.560547988861799">
        <ele>1378</ele>
      </trkpt>
      <trkpt lat="42.632719958201051" lon="0.56048696860671">
        <ele>1377</ele>
      </trkpt>
      <trkpt lat="42.632858008146286" lon="0.560405999422073">
        <ele>1376</ele>
      </trkpt>
      <trkpt lat="42.63299597427249" lon="0.560303991660476">
        <ele>1375</ele>
      </trkpt>
      <trkpt lat="42.633085995912552" lon="0.560192009434104">
        <ele>1374</ele>
      </trkpt>
      <trkpt lat="42.633209964260459" lon="0.560082038864493">
        <ele>1372</ele>
      </trkpt>
      <trkpt lat="42.633299985900521" lon="0.560057982802391">
        <ele>1372</ele>
      </trkpt>
      <trkpt lat="42.63338296674192" lon="0.560001991689205">
        <ele>1371</ele>
      </trkpt>
      <trkpt lat="42.633400987833738" lon="0.559986988082528">
        <ele>1371</ele>
      </trkpt>
      <trkpt lat="42.633444992825389" lon="0.559971984475851">
        <ele>1371</ele>
      </trkpt>
      <trkpt lat="42.633563010022044" lon="0.559983970597386">
        <ele>1370</ele>
      </trkpt>
      <trkpt lat="42.633627969771624" lon="0.560070974752307">
        <ele>1369</ele>
      </trkpt>
      <trkpt lat="42.633696030825377" lon="0.560115985572338">
        <ele>1369</ele>
      </trkpt>
      <trkpt lat="42.633771970868111" lon="0.56018304079771">
        <ele>1368</ele>
      </trkpt>
      <trkpt lat="42.633867021650076" lon="0.560273984447122">
        <ele>1367</ele>
      </trkpt>
      <trkpt lat="42.634004987776279" lon="0.560452016070485">
        <ele>1366</ele>
      </trkpt>
      <trkpt lat="42.634037006646395" lon="0.560457967221737">
        <ele>1366</ele>
      </trkpt>
      <trkpt lat="42.634123004972935" lon="0.5605289619416">
        <ele>1365</ele>
      </trkpt>
      <trkpt lat="42.634248984977603" lon="0.560734989121556">
        <ele>1362</ele>
      </trkpt>
      <trkpt lat="42.634385023266077" lon="0.56087102741003">
        <ele>1360</ele>
      </trkpt>
      <trkpt lat="42.63449901714921" lon="0.560878990218043">
        <ele>1358</ele>
      </trkpt>
      <trkpt lat="42.63449901714921" lon="0.560878990218043">
        <ele>1358</ele>
      </trkpt>
      <trkpt lat="42.634586021304131" lon="0.560839008539915">
        <ele>1357</ele>
      </trkpt>
      <trkpt lat="42.634777966886759" lon="0.560819981619716">
        <ele>1356</ele>
      </trkpt>
      <trkpt lat="42.634960021823645" lon="0.560848983004689">
        <ele>1356</ele>
      </trkpt>
      <trkpt lat="42.63499204069376" lon="0.56085099466145">
        <ele>1355</ele>
      </trkpt>
      <trkpt lat="42.635121960192919" lon="0.560875972732902">
        <ele>1355</ele>
      </trkpt>
      <trkpt lat="42.635267972946167" lon="0.560922995209694">
        <ele>1354</ele>
      </trkpt>
      <trkpt lat="42.635468970984221" lon="0.560983009636402">
        <ele>1354</ele>
      </trkpt>
      <trkpt lat="42.63559503480792" lon="0.561015028506517">
        <ele>1354</ele>
      </trkpt>
      <trkpt lat="42.635668041184545" lon="0.56102299131453">
        <ele>1354</ele>
      </trkpt>
      <trkpt lat="42.635731995105743" lon="0.561001030728221">
        <ele>1354</ele>
      </trkpt>
      <trkpt lat="42.635889993980527" lon="0.561121981590986">
        <ele>1354</ele>
      </trkpt>
      <trkpt lat="42.635902985930443" lon="0.561131034046412">
        <ele>1354</ele>
      </trkpt>
      <trkpt lat="42.636066013947129" lon="0.561235975474119">
        <ele>1354</ele>
      </trkpt>
      <trkpt lat="42.636078000068665" lon="0.561244022101164">
        <ele>1354</ele>
      </trkpt>
      <trkpt lat="42.63621898368001" lon="0.561294984072447">
        <ele>1353</ele>
      </trkpt>
      <trkpt lat="42.636359967291355" lon="0.56138701736927">
        <ele>1353</ele>
      </trkpt>
      <trkpt lat="42.636421993374825" lon="0.561415012925863">
        <ele>1353</ele>
      </trkpt>
      <trkpt lat="42.636482007801533" lon="0.561424987390637">
        <ele>1353</ele>
      </trkpt>
      <trkpt lat="42.636512015014887" lon="0.561395986005664">
        <ele>1353</ele>
      </trkpt>
      <trkpt lat="42.636536993086338" lon="0.561388023197651">
        <ele>1353</ele>
      </trkpt>
      <trkpt lat="42.636668002232909" lon="0.561540992930532">
        <ele>1353</ele>
      </trkpt>
      <trkpt lat="42.6367789786309" lon="0.561707960441709">
        <ele>1353</ele>
      </trkpt>
      <trkpt lat="42.636910993605852" lon="0.561808962374926">
        <ele>1353</ele>
      </trkpt>
      <trkpt lat="42.63712297193706" lon="0.561895966529846">
        <ele>1353</ele>
      </trkpt>
      <trkpt lat="42.637282982468605" lon="0.561995962634683">
        <ele>1353</ele>
      </trkpt>
      <trkpt lat="42.637365041300654" lon="0.561971990391612">
        <ele>1353</ele>
      </trkpt>
      <trkpt lat="42.637450033798814" lon="0.561900995671749">
        <ele>1353</ele>
      </trkpt>
      <trkpt lat="42.637566039338708" lon="0.561813991516829">
        <ele>1353</ele>
      </trkpt>
      <trkpt lat="42.637590011581779" lon="0.561807034537196">
        <ele>1353</ele>
      </trkpt>
      <trkpt lat="42.63774398714304" lon="0.561908958479762">
        <ele>1354</ele>
      </trkpt>
      <trkpt lat="42.637752033770084" lon="0.561927985399961">
        <ele>1354</ele>
      </trkpt>
      <trkpt lat="42.637777011841536" lon="0.562067963182926">
        <ele>1356</ele>
      </trkpt>
      <trkpt lat="42.637770976871252" lon="0.562198972329497">
        <ele>1358</ele>
      </trkpt>
      <trkpt lat="42.637805007398129" lon="0.562359988689423">
        <ele>1360</ele>
      </trkpt>
      <trkpt lat="42.637813976034522" lon="0.562397036701441">
        <ele>1361</ele>
      </trkpt>
      <trkpt lat="42.637871978804469" lon="0.562600968405604">
        <ele>1362</ele>
      </trkpt>
      <trkpt lat="42.637948002666235" lon="0.562795009464026">
        <ele>1364</ele>
      </trkpt>
      <trkpt lat="42.637988990172744" lon="0.562824010848999">
        <ele>1365</ele>
      </trkpt>
      <trkpt lat="42.638186970725656" lon="0.562856029719114">
        <ele>1367</ele>
      </trkpt>
      <trkpt lat="42.638298030942678" lon="0.562774976715446">
        <ele>1369</ele>
      </trkpt>
      <trkpt lat="42.638423005118966" lon="0.562662994489074">
        <ele>1372</ele>
      </trkpt>
      <trkpt lat="42.638462986797094" lon="0.562614966183901">
        <ele>1374</ele>
      </trkpt>
      <trkpt lat="42.638545967638493" lon="0.56261002086103">
        <ele>1376</ele>
      </trkpt>
      <trkpt lat="42.638619979843497" lon="0.562643967568874">
        <ele>1377</ele>
      </trkpt>
      <trkpt lat="42.638745959848166" lon="0.562714962288737">
        <ele>1380</ele>
      </trkpt>
      <trkpt lat="42.638825001195073" lon="0.562854018062353">
        <ele>1384</ele>
      </trkpt>
      <trkpt lat="42.638927008956671" lon="0.562974968925118">
        <ele>1386</ele>
      </trkpt>
      <trkpt lat="42.639004038646817" lon="0.563104972243309">
        <ele>1388</ele>
      </trkpt>
      <trkpt lat="42.639051983132958" lon="0.563211003318429">
        <ele>1390</ele>
      </trkpt>
      <trkpt lat="42.63911702670157" lon="0.563472015783191">
        <ele>1394</ele>
      </trkpt>
      <trkpt lat="42.639159020036459" lon="0.563640994951129">
        <ele>1395</ele>
      </trkpt>
      <trkpt lat="42.639179974794388" lon="0.563718024641275">
        <ele>1396</ele>
      </trkpt>
      <trkpt lat="42.639136975631118" lon="0.563854984939098">
        <ele>1399</ele>
      </trkpt>
      <trkpt lat="42.639136975631118" lon="0.563854984939098">
        <ele>1400</ele>
      </trkpt>
      <trkpt lat="42.639056006446481" lon="0.56396696716547">
        <ele>1404</ele>
      </trkpt>
      <trkpt lat="42.639001021161675" lon="0.564141981303692">
        <ele>1406</ele>
      </trkpt>
      <trkpt lat="42.638950981199741" lon="0.564374998211861">
        <ele>1408</ele>
      </trkpt>
      <trkpt lat="42.638908987864852" lon="0.564558980986476">
        <ele>1409</ele>
      </trkpt>
      <trkpt lat="42.638888033106923" lon="0.564611032605171">
        <ele>1409</ele>
      </trkpt>
      <trkpt lat="42.638841010630131" lon="0.564659982919693">
        <ele>1409</ele>
      </trkpt>
      <trkpt lat="42.638727016746998" lon="0.564816975966096">
        <ele>1412</ele>
      </trkpt>
      <trkpt lat="42.638700027018785" lon="0.564876990392804">
        <ele>1413</ele>
      </trkpt>
      <trkpt lat="42.638616962358356" lon="0.565040018409491">
        <ele>1414</ele>
      </trkpt>
      <trkpt lat="42.638564994558692" lon="0.565185025334358">
        <ele>1415</ele>
      </trkpt>
      <trkpt lat="42.638483019545674" lon="0.56531997397542">
        <ele>1417</ele>
      </trkpt>
      <trkpt lat="42.63834304176271" lon="0.565477972850204">
        <ele>1420</ele>
      </trkpt>
      <trkpt lat="42.638299958780408" lon="0.565536981448531">
        <ele>1421</ele>
      </trkpt>
      <trkpt lat="42.638242039829493" lon="0.565717024728656">
        <ele>1421</ele>
      </trkpt>
      <trkpt lat="42.638230975717306" lon="0.565846022218466">
        <ele>1423</ele>
      </trkpt>
      <trkpt lat="42.638234999030828" lon="0.565940989181399">
        <ele>1423</ele>
      </trkpt>
      <trkpt lat="42.638271041214466" lon="0.566160008311272">
        <ele>1425</ele>
      </trkpt>
      <trkpt lat="42.638300964608788" lon="0.566253969445825">
        <ele>1426</ele>
      </trkpt>
      <trkpt lat="42.638337006792426" lon="0.566453961655498">
        <ele>1427</ele>
      </trkpt>
      <trkpt lat="42.638386962935328" lon="0.566632999107242">
        <ele>1428</ele>
      </trkpt>
      <trkpt lat="42.638458963483572" lon="0.566783035174012">
        <ele>1430</ele>
      </trkpt>
      <trkpt lat="42.638509003445506" lon="0.566957965493202">
        <ele>1432</ele>
      </trkpt>
      <trkpt lat="42.638559965416789" lon="0.567066008225083">
        <ele>1433</ele>
      </trkpt>
      <trkpt lat="42.638636995106936" lon="0.567219983786345">
        <ele>1434</ele>
      </trkpt>
      <trkpt lat="42.638663984835148" lon="0.567287961021066">
        <ele>1434</ele>
      </trkpt>
      <trkpt lat="42.638756018131971" lon="0.567392986267805">
        <ele>1436</ele>
      </trkpt>
      <trkpt lat="42.638844028115273" lon="0.567560037598014">
        <ele>1438</ele>
      </trkpt>
      <trkpt lat="42.63890496455133" lon="0.567715018987656">
        <ele>1439</ele>
      </trkpt>
      <trkpt lat="42.638964978978038" lon="0.567790037021041">
        <ele>1440</ele>
      </trkpt>
      <trkpt lat="42.638981994241476" lon="0.567820966243744">
        <ele>1440</ele>
      </trkpt>
      <trkpt lat="42.639004038646817" lon="0.567847033962607">
        <ele>1441</ele>
      </trkpt>
      <trkpt lat="42.639088025316596" lon="0.568017018958926">
        <ele>1442</ele>
      </trkpt>
      <trkpt lat="42.639173017814755" lon="0.568193960934877">
        <ele>1443</ele>
      </trkpt>
      <trkpt lat="42.639238983392715" lon="0.568308960646391">
        <ele>1445</ele>
      </trkpt>
      <trkpt lat="42.639314001426101" lon="0.568481041118503">
        <ele>1446</ele>
      </trkpt>
      <trkpt lat="42.639416009187698" lon="0.568546000868082">
        <ele>1448</ele>
      </trkpt>
      <trkpt lat="42.639511981979012" lon="0.568608026951551">
        <ele>1448</ele>
      </trkpt>
      <trkpt lat="42.639565961435437" lon="0.568696036934853">
        <ele>1450</ele>
      </trkpt>
      <trkpt lat="42.639598986133933" lon="0.56875797919929">
        <ele>1451</ele>
      </trkpt>
      <trkpt lat="42.639605021104217" lon="0.56879703886807">
        <ele>1451</ele>
      </trkpt>
      <trkpt lat="42.639620024710894" lon="0.568830985575914">
        <ele>1451</ele>
      </trkpt>
      <trkpt lat="42.639624970033765" lon="0.568879013881087">
        <ele>1451</ele>
      </trkpt>
      <trkpt lat="42.63972002081573" lon="0.56899200193584">
        <ele>1453</ele>
      </trkpt>
      <trkpt lat="42.639826973900199" lon="0.569061990827322">
        <ele>1455</ele>
      </trkpt>
      <trkpt lat="42.639968041330576" lon="0.569133991375566">
        <ele>1456</ele>
      </trkpt>
      <trkpt lat="42.640031995251775" lon="0.569211021065712">
        <ele>1458</ele>
      </trkpt>
      <trkpt lat="42.640078011900187" lon="0.569323003292084">
        <ele>1458</ele>
      </trkpt>
      <trkpt lat="42.640102989971638" lon="0.569349993020296">
        <ele>1458</ele>
      </trkpt>
      <trkpt lat="42.640136014670134" lon="0.569425011053681">
        <ele>1458</ele>
      </trkpt>
      <trkpt lat="42.640145989134908" lon="0.569440014660358">
        <ele>1458</ele>
      </trkpt>
      <trkpt lat="42.640145989134908" lon="0.569440014660358">
        <ele>1459</ele>
      </trkpt>
      <trkpt lat="42.640088992193341" lon="0.56946499273181">
        <ele>1461</ele>
      </trkpt>
      <trkpt lat="42.640013974159956" lon="0.569481002166867">
        <ele>1465</ele>
      </trkpt>
      <trkpt lat="42.639900986105204" lon="0.569559037685394">
        <ele>1467</ele>
      </trkpt>
      <trkpt lat="42.639875002205372" lon="0.569554008543491">
        <ele>1470</ele>
      </trkpt>
      <trkpt lat="42.639847006648779" lon="0.569543028250337">
        <ele>1471</ele>
      </trkpt>
      <trkpt lat="42.639795960858464" lon="0.569484019652009">
        <ele>1473</ele>
      </trkpt>
      <trkpt lat="42.639767965301871" lon="0.5694879591465">
        <ele>1475</ele>
      </trkpt>
      <trkpt lat="42.63961398974061" lon="0.569537999108434">
        <ele>1477</ele>
      </trkpt>
      <trkpt lat="42.6394849922508" lon="0.569583009928465">
        <ele>1480</ele>
      </trkpt>
      <trkpt lat="42.639387007802725" lon="0.569616034626961">
        <ele>1483</ele>
      </trkpt>
      <trkpt lat="42.639327999204397" lon="0.569631038233638">
        <ele>1484</ele>
      </trkpt>
      <trkpt lat="42.639278965070844" lon="0.569619974121451">
        <ele>1485</ele>
      </trkpt>
      <trkpt lat="42.639211993664503" lon="0.569609999656677">
        <ele>1488</ele>
      </trkpt>
      <trkpt lat="42.639103028923273" lon="0.569584015756845">
        <ele>1489</ele>
      </trkpt>
      <trkpt lat="42.638999009504914" lon="0.569567000493407">
        <ele>1491</ele>
      </trkpt>
      <trkpt lat="42.638943018391728" lon="0.569539004936814">
        <ele>1493</ele>
      </trkpt>
      <trkpt lat="42.638918040320277" lon="0.56953095830977">
        <ele>1495</ele>
      </trkpt>
      <trkpt lat="42.638831958174706" lon="0.569512015208602">
        <ele>1496</ele>
      </trkpt>
      <trkpt lat="42.638789964839816" lon="0.569492988288403">
        <ele>1498</ele>
      </trkpt>
      <trkpt lat="42.638665996491909" lon="0.569455018267035">
        <ele>1500</ele>
      </trkpt>
      <trkpt lat="42.63862400315702" lon="0.569415036588907">
        <ele>1501</ele>
      </trkpt>
      <trkpt lat="42.638462986797094" lon="0.56939902715385">
        <ele>1502</ele>
      </trkpt>
      <trkpt lat="42.638438008725643" lon="0.569389974698424">
        <ele>1502</ele>
      </trkpt>
      <trkpt lat="42.638421999290586" lon="0.569385029375553">
        <ele>1504</ele>
      </trkpt>
      <trkpt lat="42.638357039541006" lon="0.569419981911778">
        <ele>1506</ele>
      </trkpt>
      <trkpt lat="42.638312028720975" lon="0.569431968033314">
        <ele>1508</ele>
      </trkpt>
      <trkpt lat="42.638270035386086" lon="0.56944596581161">
        <ele>1510</ele>
      </trkpt>
      <trkpt lat="42.638221001252532" lon="0.569487037137151">
        <ele>1512</ele>
      </trkpt>
      <trkpt lat="42.63815201818943" lon="0.569522995501757">
        <ele>1515</ele>
      </trkpt>
      <trkpt lat="42.638073982670903" lon="0.569560965523124">
        <ele>1517</ele>
      </trkpt>
      <trkpt lat="42.637951020151377" lon="0.569623997434974">
        <ele>1520</ele>
      </trkpt>
      <trkpt lat="42.637858986854553" lon="0.569676971063018">
        <ele>1522</ele>
      </trkpt>
      <trkpt lat="42.637736024335027" lon="0.569762969389558">
        <ele>1524</ele>
      </trkpt>
      <trkpt lat="42.637720014899969" lon="0.569773027673364">
        <ele>1525</ele>
      </trkpt>
      <trkpt lat="42.637709034606814" lon="0.569778978824615">
        <ele>1527</ele>
      </trkpt>
      <trkpt lat="42.637586994096637" lon="0.569831030443311">
        <ele>1528</ele>
      </trkpt>
      <trkpt lat="42.637564027681947" lon="0.569834969937801">
        <ele>1531</ele>
      </trkpt>
      <trkpt lat="42.637436036020517" lon="0.569877969101071">
        <ele>1534</ele>
      </trkpt>
      <trkpt lat="42.637374009937048" lon="0.569910993799567">
        <ele>1535</ele>
      </trkpt>
      <trkpt lat="42.637348026037216" lon="0.569920968264341">
        <ele>1536</ele>
      </trkpt>
      <trkpt lat="42.637262027710676" lon="0.569966984912753">
        <ele>1538</ele>
      </trkpt>
      <trkpt lat="42.637241994962096" lon="0.569985006004572">
        <ele>1540</ele>
      </trkpt>
      <trkpt lat="42.637161025777459" lon="0.570025993511081">
        <ele>1542</ele>
      </trkpt>
      <trkpt lat="42.637146022170782" lon="0.570046026259661">
        <ele>1543</ele>
      </trkpt>
      <trkpt lat="42.637130012735724" lon="0.570057006552815">
        <ele>1545</ele>
      </trkpt>
      <trkpt lat="42.637088019400835" lon="0.570080978795886">
        <ele>1546</ele>
      </trkpt>
      <trkpt lat="42.637007972225547" lon="0.570135964080691">
        <ele>1549</ele>
      </trkpt>
      <trkpt lat="42.636963967233896" lon="0.570163037627935">
        <ele>1551</ele>
      </trkpt>
      <trkpt lat="42.636858019977808" lon="0.570194972679019">
        <ele>1553</ele>
      </trkpt>
      <trkpt lat="42.636833041906357" lon="0.570204025134444">
        <ele>1555</ele>
      </trkpt>
      <trkpt lat="42.636789958924055" lon="0.570233026519418">
        <ele>1557</ele>
      </trkpt>
      <trkpt lat="42.636722987517715" lon="0.570241995155811">
        <ele>1559</ele>
      </trkpt>
      <trkpt lat="42.636705972254276" lon="0.570235038176179">
        <ele>1562</ele>
      </trkpt>
      <trkpt lat="42.636637995019555" lon="0.570249035954475">
        <ele>1564</ele>
      </trkpt>
      <trkpt lat="42.636532969772816" lon="0.570280971005559">
        <ele>1567</ele>
      </trkpt>
      <trkpt lat="42.636469015851617" lon="0.570317013189197">
        <ele>1570</ele>
      </trkpt>
      <trkpt lat="42.636446971446276" lon="0.570328999310732">
        <ele>1572</ele>
      </trkpt>
      <trkpt lat="42.636444959789515" lon="0.570327993482351">
        <ele>1573</ele>
      </trkpt>
      <trkpt lat="42.63643498532474" lon="0.57032598182559">
        <ele>1573</ele>
      </trkpt>
      <trkpt lat="42.636418975889683" lon="0.570319024845958">
        <ele>1573</ele>
      </trkpt>
      <trkpt lat="42.636403972283006" lon="0.57032598182559">
        <ele>1575</ele>
      </trkpt>
      <trkpt lat="42.636307999491692" lon="0.570279965177178">
        <ele>1576</ele>
      </trkpt>
      <trkpt lat="42.636247985064983" lon="0.57021701708436">
        <ele>1578</ele>
      </trkpt>
      <trkpt lat="42.636141031980515" lon="0.570150967687368">
        <ele>1580</ele>
      </trkpt>
      <trkpt lat="42.636096021160483" lon="0.570144010707736">
        <ele>1581</ele>
      </trkpt>
      <trkpt lat="42.635947996750474" lon="0.570210982114077">
        <ele>1583</ele>
      </trkpt>
      <trkpt lat="42.635814975947142" lon="0.570309972390532">
        <ele>1585</ele>
      </trkpt>
      <trkpt lat="42.635693019255996" lon="0.570493033155799">
        <ele>1587</ele>
      </trkpt>
      <trkpt lat="42.635669969022274" lon="0.570547012612224">
        <ele>1588</ele>
      </trkpt>
      <trkpt lat="42.635567039251328" lon="0.570670980960131">
        <ele>1589</ele>
      </trkpt>
      <trkpt lat="42.63546503148973" lon="0.570707023143768">
        <ele>1590</ele>
      </trkpt>
      <trkpt lat="42.635351959615946" lon="0.570772988721728">
        <ele>1592</ele>
      </trkpt>
      <trkpt lat="42.635228997096419" lon="0.570810958743095">
        <ele>1593</ele>
      </trkpt>
      <trkpt lat="42.635192032903433" lon="0.570810958743095">
        <ele>1594</ele>
      </trkpt>
      <trkpt lat="42.635159008204937" lon="0.570813976228237">
        <ele>1594</ele>
      </trkpt>
      <trkpt lat="42.634967984631658" lon="0.570873990654945">
        <ele>1596</ele>
      </trkpt>
      <trkpt lat="42.634945018216968" lon="0.570891005918384">
        <ele>1596</ele>
      </trkpt>
      <trkpt lat="42.63484301045537" lon="0.570986978709698">
        <ele>1597</ele>
      </trkpt>
      <trkpt lat="42.634814009070396" lon="0.571016985923052">
        <ele>1598</ele>
      </trkpt>
      <trkpt lat="42.63469398021698" lon="0.571063002571464">
        <ele>1600</ele>
      </trkpt>
      <trkpt lat="42.634623991325498" lon="0.571081023663282">
        <ele>1600</ele>
      </trkpt>
      <trkpt lat="42.634565988555551" lon="0.571089992299676">
        <ele>1601</ele>
      </trkpt>
      <trkpt lat="42.634503040462732" lon="0.57105403393507">
        <ele>1602</ele>
      </trkpt>
      <trkpt lat="42.634489964693785" lon="0.57096803560853">
        <ele>1603</ele>
      </trkpt>
      <trkpt lat="42.634474961087108" lon="0.57092696428299">
        <ele>1603</ele>
      </trkpt>
      <trkpt lat="42.63447898440063" lon="0.570898968726397">
        <ele>1604</ele>
      </trkpt>
      <trkpt lat="42.634468004107475" lon="0.570857981219888">
        <ele>1605</ele>
      </trkpt>
      <trkpt lat="42.634427016600966" lon="0.570773994550109">
        <ele>1606</ele>
      </trkpt>
      <trkpt lat="42.634391980245709" lon="0.570649020373821">
        <ele>1606</ele>
      </trkpt>
      <trkpt lat="42.634365996345878" lon="0.570614989846945">
        <ele>1607</ele>
      </trkpt>
      <trkpt lat="42.634345041587949" lon="0.570605015382171">
        <ele>1607</ele>
      </trkpt>
      <trkpt lat="42.634307993575931" lon="0.57060300372541">
        <ele>1608</ele>
      </trkpt>
      <trkpt lat="42.634228030219674" lon="0.570658994838595">
        <ele>1608</ele>
      </trkpt>
      <trkpt lat="42.634163992479444" lon="0.570768965408206">
        <ele>1608</ele>
      </trkpt>
      <trkpt lat="42.634088974446058" lon="0.570916989818215">
        <ele>1609</ele>
      </trkpt>
      <trkpt lat="42.633999036625028" lon="0.571103990077972">
        <ele>1611</ele>
      </trkpt>
      <trkpt lat="42.633973974734545" lon="0.571132991462946">
        <ele>1611</ele>
      </trkpt>
      <trkpt lat="42.633968023583293" lon="0.571158975362778">
        <ele>1611</ele>
      </trkpt>
      <trkpt lat="42.633922006934881" lon="0.571368020027876">
        <ele>1612</ele>
      </trkpt>
      <trkpt lat="42.633850006386638" lon="0.571542028337717">
        <ele>1613</ele>
      </trkpt>
      <trkpt lat="42.633842965587974" lon="0.571694998070598">
        <ele>1613</ele>
      </trkpt>
      <trkpt lat="42.633842965587974" lon="0.571694998070598">
        <ele>1613</ele>
      </trkpt>
      <trkpt lat="42.633845983073115" lon="0.571719976142049">
        <ele>1614</ele>
      </trkpt>
      <trkpt lat="42.633847994729877" lon="0.571739003062248">
        <ele>1614</ele>
      </trkpt>
      <trkpt lat="42.633843971416354" lon="0.571760041639209">
        <ele>1614</ele>
      </trkpt>
      <trkpt lat="42.633847994729877" lon="0.571790970861912">
        <ele>1615</ele>
      </trkpt>
      <trkpt lat="42.633870039135218" lon="0.571808991953731">
        <ele>1615</ele>
      </trkpt>
      <trkpt lat="42.63391999527812" lon="0.571884009987116">
        <ele>1616</ele>
      </trkpt>
      <trkpt lat="42.633934998884797" lon="0.571947041898966">
        <ele>1616</ele>
      </trkpt>
      <trkpt lat="42.633952014148235" lon="0.571993980556726">
        <ele>1617</ele>
      </trkpt>
      <trkpt lat="42.633960982784629" lon="0.572087019681931">
        <ele>1617</ele>
      </trkpt>
      <trkpt lat="42.633930975571275" lon="0.572294974699616">
        <ele>1618</ele>
      </trkpt>
      <trkpt lat="42.634009011089802" lon="0.572498990222812">
        <ele>1619</ele>
      </trkpt>
      <trkpt lat="42.634124010801315" lon="0.572564033791423">
        <ele>1620</ele>
      </trkpt>
      <trkpt lat="42.634151000529528" lon="0.572637040168047">
        <ele>1620</ele>
      </trkpt>
      <trkpt lat="42.63413499109447" lon="0.572746004909277">
        <ele>1620</ele>
      </trkpt>
      <trkpt lat="42.634099032729864" lon="0.572841977700591">
        <ele>1621</ele>
      </trkpt>
      <trkpt lat="42.634043041616678" lon="0.572996959090233">
        <ele>1621</ele>
      </trkpt>
      <trkpt lat="42.634010016918182" lon="0.573094021528959">
        <ele>1622</ele>
      </trkpt>
      <trkpt lat="42.633957965299487" lon="0.573229975998402">
        <ele>1622</ele>
      </trkpt>
      <trkpt lat="42.633864004164934" lon="0.573379006236792">
        <ele>1622</ele>
      </trkpt>
      <trkpt lat="42.633824022486806" lon="0.57339996099472">
        <ele>1622</ele>
      </trkpt>
      <trkpt lat="42.633780017495155" lon="0.573430974036455">
        <ele>1622</ele>
      </trkpt>
      <trkpt lat="42.633763002231717" lon="0.573445977643132">
        <ele>1622</ele>
      </trkpt>
      <trkpt lat="42.633617995306849" lon="0.573457041755319">
        <ele>1623</ele>
      </trkpt>
      <trkpt lat="42.633568961173296" lon="0.573465004563332">
        <ele>1624</ele>
      </trkpt>
      <trkpt lat="42.633408028632402" lon="0.57346198707819">
        <ele>1626</ele>
      </trkpt>
      <trkpt lat="42.633338961750269" lon="0.573470033705235">
        <ele>1627</ele>
      </trkpt>
      <trkpt lat="42.633136035874486" lon="0.573469027876854">
        <ele>1628</ele>
      </trkpt>
      <trkpt lat="42.633084990084171" lon="0.573444971814752">
        <ele>1629</ele>
      </trkpt>
      <trkpt lat="42.633013995364308" lon="0.573327960446477">
        <ele>1630</ele>
      </trkpt>
      <trkpt lat="42.632990023121238" lon="0.573299964889884">
        <ele>1631</ele>
      </trkpt>
      <trkpt lat="42.63295297510922" lon="0.573236010968685">
        <ele>1634</ele>
      </trkpt>
      <trkpt lat="42.632944006472826" lon="0.57322796434164">
        <ele>1635</ele>
      </trkpt>
      <trkpt lat="42.63282397761941" lon="0.573208015412092">
        <ele>1636</ele>
      </trkpt>
      <trkpt lat="42.632762035354972" lon="0.573244979605079">
        <ele>1636</ele>
      </trkpt>
      <trkpt lat="42.63267201371491" lon="0.573301976546645">
        <ele>1638</ele>
      </trkpt>
      <trkpt lat="42.632641000673175" lon="0.57333399541676">
        <ele>1638</ele>
      </trkpt>
      <trkpt lat="42.632539998739958" lon="0.57352602481842">
        <ele>1641</ele>
      </trkpt>
      <trkpt lat="42.632360961288214" lon="0.573587967082858">
        <ele>1642</ele>
      </trkpt>
      <trkpt lat="42.63230798766017" lon="0.573596013709903">
        <ele>1642</ele>
      </trkpt>
      <trkpt lat="42.632216038182378" lon="0.573616968467832">
        <ele>1642</ele>
      </trkpt>
      <trkpt lat="42.632174966856837" lon="0.57359199039638">
        <ele>1643</ele>
      </trkpt>
      <trkpt lat="42.63213699683547" lon="0.573616968467832">
        <ele>1644</ele>
      </trkpt>
      <trkpt lat="42.63196399435401" lon="0.573596013709903">
        <ele>1645</ele>
      </trkpt>
      <trkpt lat="42.631869027391076" lon="0.573602970689535">
        <ele>1646</ele>
      </trkpt>
      <trkpt lat="42.631701976060867" lon="0.573653010651469">
        <ele>1647</ele>
      </trkpt>
      <trkpt lat="42.631666017696261" lon="0.573642030358315">
        <ele>1648</ele>
      </trkpt>
      <trkpt lat="42.631593011319637" lon="0.57367798872292">
        <ele>1648</ele>
      </trkpt>
      <trkpt lat="42.631572978571057" lon="0.573700033128262">
        <ele>1649</ele>
      </trkpt>
      <trkpt lat="42.631515981629491" lon="0.573745965957642">
        <ele>1650</ele>
      </trkpt>
      <trkpt lat="42.631485974416137" lon="0.573760969564319">
        <ele>1650</ele>
      </trkpt>
      <trkpt lat="42.631472982466221" lon="0.573769016191363">
        <ele>1650</ele>
      </trkpt>
      <trkpt lat="42.631453033536673" lon="0.573776978999376">
        <ele>1651</ele>
      </trkpt>
      <trkpt lat="42.631282964721322" lon="0.573736997321248">
        <ele>1653</ele>
      </trkpt>
      <trkpt lat="42.631153967231512" lon="0.573662985116243">
        <ele>1654</ele>
      </trkpt>
      <trkpt lat="42.631120020523667" lon="0.573653010651469">
        <ele>1654</ele>
      </trkpt>
      <trkpt lat="42.631110968068242" lon="0.573648987337947">
        <ele>1655</ele>
      </trkpt>
      <trkpt lat="42.630991023033857" lon="0.573686035349965">
        <ele>1656</ele>
      </trkpt>
      <trkpt lat="42.630925979465246" lon="0.573729034513235">
        <ele>1657</ele>
      </trkpt>
      <trkpt lat="42.630883986130357" lon="0.573802962899208">
        <ele>1657</ele>
      </trkpt>
      <trkpt lat="42.630872000008821" lon="0.573863983154297">
        <ele>1658</ele>
      </trkpt>
      <trkpt lat="42.630907036364079" lon="0.574043020606041">
        <ele>1659</ele>
      </trkpt>
      <trkpt lat="42.6309559866786" lon="0.57423597201705">
        <ele>1660</ele>
      </trkpt>
      <trkpt lat="42.631008960306644" lon="0.574479969218373">
        <ele>1663</ele>
      </trkpt>
      <trkpt lat="42.63106201775372" lon="0.574667975306511">
        <ele>1664</ele>
      </trkpt>
      <trkpt lat="42.631123960018158" lon="0.574848018586636">
        <ele>1666</ele>
      </trkpt>
      <trkpt lat="42.631171988323331" lon="0.575021021068096">
        <ele>1668</ele>
      </trkpt>
      <trkpt lat="42.631221022456884" lon="0.57520299218595">
        <ele>1669</ele>
      </trkpt>
      <trkpt lat="42.631224961951375" lon="0.575262000784278">
        <ele>1669</ele>
      </trkpt>
      <trkpt lat="42.631239965558052" lon="0.575313968583941">
        <ele>1670</ele>
      </trkpt>
      <trkpt lat="42.631246000528336" lon="0.57539401575923">
        <ele>1670</ele>
      </trkpt>
      <trkpt lat="42.631222028285265" lon="0.575594007968903">
        <ele>1671</ele>
      </trkpt>
      <trkpt lat="42.631209036335349" lon="0.575620997697115">
        <ele>1672</ele>
      </trkpt>
      <trkpt lat="42.631133012473583" lon="0.575734991580248">
        <ele>1672</ele>
      </trkpt>
      <trkpt lat="42.631129994988441" lon="0.575754018500447">
        <ele>1672</ele>
      </trkpt>
      <trkpt lat="42.631120020523667" lon="0.575772961601615">
        <ele>1672</ele>
      </trkpt>
      <trkpt lat="42.631112979725003" lon="0.575951999053359">
        <ele>1673</ele>
      </trkpt>
      <trkpt lat="42.63108397834003" lon="0.576186021789908">
        <ele>1676</ele>
      </trkpt>
      <trkpt lat="42.63099898584187" lon="0.576370004564524">
        <ele>1678</ele>
      </trkpt>
      <trkpt lat="42.630961015820503" lon="0.576434964314103">
        <ele>1678</ele>
      </trkpt>
      <trkpt lat="42.630936959758401" lon="0.576465977355838">
        <ele>1679</ele>
      </trkpt>
      <trkpt lat="42.630813997238874" lon="0.576585000380874">
        <ele>1680</ele>
      </trkpt>
      <trkpt lat="42.630623979493976" lon="0.576706035062671">
        <ele>1680</ele>
      </trkpt>
      <trkpt lat="42.630552984774113" lon="0.576682984828949">
        <ele>1682</ele>
      </trkpt>
      <trkpt lat="42.630381993949413" lon="0.576592963188887">
        <ele>1683</ele>
      </trkpt>
      <trkpt lat="42.630174038931727" lon="0.576601009815931">
        <ele>1685</ele>
      </trkpt>
      <trkpt lat="42.63011796399951" lon="0.576622970402241">
        <ele>1685</ele>
      </trkpt>
      <trkpt lat="42.630040012300014" lon="0.576649038121104">
        <ele>1686</ele>
      </trkpt>
      <trkpt lat="42.629912020638585" lon="0.576654989272356">
        <ele>1687</ele>
      </trkpt>
      <trkpt lat="42.629887964576483" lon="0.576652977615595">
        <ele>1688</ele>
      </trkpt>
      <trkpt lat="42.629784028977156" lon="0.576669992879033">
        <ele>1690</ele>
      </trkpt>
      <trkpt lat="42.629599962383509" lon="0.576717015355825">
        <ele>1691</ele>
      </trkpt>
      <trkpt lat="42.629447998479009" lon="0.576785998418927">
        <ele>1692</ele>
      </trkpt>
      <trkpt lat="42.629295028746128" lon="0.576902003958821">
        <ele>1694</ele>
      </trkpt>
      <trkpt lat="42.629211964085698" lon="0.577056985348463">
        <ele>1695</ele>
      </trkpt>
      <trkpt lat="42.629185980185866" lon="0.577115993946791">
        <ele>1695</ele>
      </trkpt>
      <trkpt lat="42.629242977127433" lon="0.577258989214897">
        <ele>1696</ele>
      </trkpt>
      <trkpt lat="42.629330987110734" lon="0.577456969767809">
        <ele>1697</ele>
      </trkpt>
      <trkpt lat="42.62936501763761" lon="0.577652016654611">
        <ele>1698</ele>
      </trkpt>
      <trkpt lat="42.629397958517075" lon="0.577747989445925">
        <ele>1699</ele>
      </trkpt>
      <trkpt lat="42.629488985985518" lon="0.577943036332726">
        <ele>1700</ele>
      </trkpt>
      <trkpt lat="42.62951698154211" lon="0.578062981367111">
        <ele>1701</ele>
      </trkpt>
      <trkpt lat="42.62953701429069" lon="0.578321982175112">
        <ele>1702</ele>
      </trkpt>
      <trkpt lat="42.629541959613562" lon="0.578597998246551">
        <ele>1703</ele>
      </trkpt>
      <trkpt lat="42.629482029005885" lon="0.578873008489609">
        <ele>1704</ele>
      </trkpt>
      <trkpt lat="42.629457972943783" lon="0.578948026522994">
        <ele>1705</ele>
      </trkpt>
      <trkpt lat="42.629455961287022" lon="0.578980967402458">
        <ele>1705</ele>
      </trkpt>
      <trkpt lat="42.629399970173836" lon="0.579102002084255">
        <ele>1705</ele>
      </trkpt>
      <trkpt lat="42.629293017089367" lon="0.579111976549029">
        <ele>1706</ele>
      </trkpt>
      <trkpt lat="42.629196038469672" lon="0.579041987657547">
        <ele>1707</ele>
      </trkpt>
      <trkpt lat="42.62917198240757" lon="0.579032013192773">
        <ele>1707</ele>
      </trkpt>
      <trkpt lat="42.629080032929778" lon="0.579011980444193">
        <ele>1707</ele>
      </trkpt>
      <trkpt lat="42.629041979089379" lon="0.579030001536012">
        <ele>1707</ele>
      </trkpt>
      <trkpt lat="42.628888003528118" lon="0.579110970720649">
        <ele>1709</ele>
      </trkpt>
      <trkpt lat="42.628751965239644" lon="0.579075012356043">
        <ele>1709</ele>
      </trkpt>
      <trkpt lat="42.628661021590233" lon="0.578968981280923">
        <ele>1710</ele>
      </trkpt>
      <trkpt lat="42.628533029928803" lon="0.578881977126002">
        <ele>1711</ele>
      </trkpt>
      <trkpt lat="42.628464968875051" lon="0.578930005431175">
        <ele>1713</ele>
      </trkpt>
      <trkpt lat="42.628442002460361" lon="0.578950960189104">
        <ele>1713</ele>
      </trkpt>
      <trkpt lat="42.628321973606944" lon="0.579121029004455">
        <ele>1714</ele>
      </trkpt>
      <trkpt lat="42.628279980272055" lon="0.579171990975738">
        <ele>1714</ele>
      </trkpt>
      <trkpt lat="42.628192976117134" lon="0.579222030937672">
        <ele>1715</ele>
      </trkpt>
      <trkpt lat="42.628083005547523" lon="0.579342981800437">
        <ele>1716</ele>
      </trkpt>
      <trkpt lat="42.628055009990931" lon="0.579412970691919">
        <ele>1716</ele>
      </trkpt>
      <trkpt lat="42.627978986129165" lon="0.579583961516619">
        <ele>1718</ele>
      </trkpt>
      <trkpt lat="42.62792500667274" lon="0.579808009788394">
        <ele>1719</ele>
      </trkpt>
      <trkpt lat="42.627902962267399" lon="0.580029962584376">
        <ele>1720</ele>
      </trkpt>
      <trkpt lat="42.62786197476089" lon="0.580132976174355">
        <ele>1721</ele>
      </trkpt>
      <trkpt lat="42.627770025283098" lon="0.580273037776351">
        <ele>1722</ele>
      </trkpt>
      <trkpt lat="42.627727026119828" lon="0.580306984484196">
        <ele>1722</ele>
      </trkpt>
      <trkpt lat="42.627576990053058" lon="0.580420978367329">
        <ele>1723</ele>
      </trkpt>
      <trkpt lat="42.627534996718168" lon="0.58046699501574">
        <ele>1724</ele>
      </trkpt>
      <trkpt lat="42.627518987283111" lon="0.580488033592701">
        <ele>1724</ele>
      </trkpt>
      <trkpt lat="42.627365011721849" lon="0.580591969192028">
        <ele>1725</ele>
      </trkpt>
      <trkpt lat="42.627222016453743" lon="0.580633040517569">
        <ele>1726</ele>
      </trkpt>
      <trkpt lat="42.627172982320189" lon="0.580695988610387">
        <ele>1726</ele>
      </trkpt>
      <trkpt lat="42.627142975106835" lon="0.58074502274394">
        <ele>1726</ele>
      </trkpt>
      <trkpt lat="42.627100981771946" lon="0.580775029957294">
        <ele>1727</ele>
      </trkpt>
      <trkpt lat="42.627024035900831" lon="0.580855999141932">
        <ele>1727</ele>
      </trkpt>
      <trkpt lat="42.626994028687477" lon="0.580902015790343">
        <ele>1727</ele>
      </trkpt>
      <trkpt lat="42.626932002604008" lon="0.580979967489839">
        <ele>1728</ele>
      </trkpt>
      <trkpt lat="42.626912975683808" lon="0.581007963046432">
        <ele>1728</ele>
      </trkpt>
      <trkpt lat="42.62680996209383" lon="0.581139978021383">
        <ele>1729</ele>
      </trkpt>
      <trkpt lat="42.62669999152422" lon="0.581334019079804">
        <ele>1731</ele>
      </trkpt>
      <trkpt lat="42.626674007624388" lon="0.581420017406344">
        <ele>1731</ele>
      </trkpt>
      <trkpt lat="42.626651041209698" lon="0.581456981599331">
        <ele>1731</ele>
      </trkpt>
      <trkpt lat="42.626564959064126" lon="0.581611962988973">
        <ele>1732</ele>
      </trkpt>
      <trkpt lat="42.626459011808038" lon="0.581832993775606">
        <ele>1733</ele>
      </trkpt>
      <trkpt lat="42.626437973231077" lon="0.582095012068748">
        <ele>1735</ele>
      </trkpt>
      <trkpt lat="42.626436967402697" lon="0.582232978194952">
        <ele>1736</ele>
      </trkpt>
      <trkpt lat="42.626392962411046" lon="0.582446968182921">
        <ele>1737</ele>
      </trkpt>
      <trkpt lat="42.626380976289511" lon="0.582501031458378">
        <ele>1738</ele>
      </trkpt>
      <trkpt lat="42.62633303180337" lon="0.582730025053024">
        <ele>1739</ele>
      </trkpt>
      <trkpt lat="42.626274023205042" lon="0.582951977849007">
        <ele>1740</ele>
      </trkpt>
      <trkpt lat="42.626179978251457" lon="0.58312900364399">
        <ele>1741</ele>
      </trkpt>
      <trkpt lat="42.626082999631763" lon="0.583245009183884">
        <ele>1742</ele>
      </trkpt>
      <trkpt lat="42.626000018790364" lon="0.583356991410255">
        <ele>1742</ele>
      </trkpt>
      <trkpt lat="42.62594897300005" lon="0.583555977791548">
        <ele>1744</ele>
      </trkpt>
      <trkpt lat="42.625961964949965" lon="0.583767034113407">
        <ele>1746</ele>
      </trkpt>
      <trkpt lat="42.625977974385023" lon="0.583862001076341">
        <ele>1746</ele>
      </trkpt>
      <trkpt lat="42.626016028225422" lon="0.583940958604217">
        <ele>1747</ele>
      </trkpt>
      <trkpt lat="42.626061961054802" lon="0.584098035469651">
        <ele>1748</ele>
      </trkpt>
      <trkpt lat="42.626063972711563" lon="0.584242958575487">
        <ele>1748</ele>
      </trkpt>
      <trkpt lat="42.626020973548293" lon="0.584314037114382">
        <ele>1749</ele>
      </trkpt>
      <trkpt lat="42.625975962728262" lon="0.584348989650607">
        <ele>1750</ele>
      </trkpt>
      <trkpt lat="42.625967999920249" lon="0.584357958287001">
        <ele>1750</ele>
      </trkpt>
      <trkpt lat="42.6258410140872" lon="0.584417972713709">
        <ele>1751</ele>
      </trkpt>
      <trkpt lat="42.625771025195718" lon="0.584463989362121">
        <ele>1752</ele>
      </trkpt>
      <trkpt lat="42.625707993283868" lon="0.584522997960448">
        <ele>1753</ele>
      </trkpt>
      <trkpt lat="42.625660970807076" lon="0.584597010165453">
        <ele>1753</ele>
      </trkpt>
      <trkpt lat="42.625606991350651" lon="0.584702035412192">
        <ele>1754</ele>
      </trkpt>
      <trkpt lat="42.625538008287549" lon="0.584880989044905">
        <ele>1755</ele>
      </trkpt>
      <trkpt lat="42.625506995245814" lon="0.584933962672949">
        <ele>1756</ele>
      </trkpt>
      <trkpt lat="42.625491991639137" lon="0.584982996806502">
        <ele>1756</ele>
      </trkpt>
      <trkpt lat="42.625369029119611" lon="0.585187012329698">
        <ele>1758</ele>
      </trkpt>
      <trkpt lat="42.625345978885889" lon="0.585217019543052">
        <ele>1758</ele>
      </trkpt>
      <trkpt lat="42.62532502412796" lon="0.585243003442883">
        <ele>1758</ele>
      </trkpt>
      <trkpt lat="42.62521798722446" lon="0.585372000932693">
        <ele>1759</ele>
      </trkpt>
      <trkpt lat="42.625073986127973" lon="0.585465962067246">
        <ele>1761</ele>
      </trkpt>
      <trkpt lat="42.624984970316291" lon="0.585594037547708">
        <ele>1761</ele>
      </trkpt>
      <trkpt lat="42.624948006123304" lon="0.585677018389106">
        <ele>1762</ele>
      </trkpt>
      <trkpt lat="42.624871982261539" lon="0.585870975628495">
        <ele>1763</ele>
      </trkpt>
      <trkpt lat="42.624785983934999" lon="0.586034003645182">
        <ele>1764</ele>
      </trkpt>
      <trkpt lat="42.624771986156702" lon="0.586060993373394">
        <ele>1764</ele>
      </trkpt>
      <trkpt lat="42.624750025570393" lon="0.586093012243509">
        <ele>1765</ele>
      </trkpt>
      <trkpt lat="42.624677019193769" lon="0.586268026381731">
        <ele>1766</ele>
      </trkpt>
      <trkpt lat="42.624663021415472" lon="0.586325023323298">
        <ele>1767</ele>
      </trkpt>
      <trkpt lat="42.624648017808795" lon="0.586356036365032">
        <ele>1767</ele>
      </trkpt>
      <trkpt lat="42.624541986733675" lon="0.586563991382718">
        <ele>1769</ele>
      </trkpt>
      <trkpt lat="42.624450037255883" lon="0.586690977215767">
        <ele>1769</ele>
      </trkpt>
      <trkpt lat="42.624327996745706" lon="0.586817963048816">
        <ele>1771</ele>
      </trkpt>
      <trkpt lat="42.624201010912657" lon="0.586946038529277">
        <ele>1772</ele>
      </trkpt>
      <trkpt lat="42.624095985665917" lon="0.587160028517246">
        <ele>1774</ele>
      </trkpt>
      <trkpt lat="42.624071007594466" lon="0.587225994095206">
        <ele>1774</ele>
      </trkpt>
      <trkpt lat="42.624042006209493" lon="0.587293971329927">
        <ele>1775</ele>
      </trkpt>
      <trkpt lat="42.624011998996139" lon="0.587354991585016">
        <ele>1775</ele>
      </trkpt>
      <trkpt lat="42.623959025368094" lon="0.58745096437633">
        <ele>1777</ele>
      </trkpt>
      <trkpt lat="42.623872021213174" lon="0.587597982957959">
        <ele>1778</ele>
      </trkpt>
      <trkpt lat="42.623849976807833" lon="0.58761902153492">
        <ele>1778</ele>
      </trkpt>
      <trkpt lat="42.623705975711346" lon="0.587784983217716">
        <ele>1779</ele>
      </trkpt>
      <trkpt lat="42.623700024560094" lon="0.587795963510871">
        <ele>1780</ele>
      </trkpt>
      <trkpt lat="42.623597010970116" lon="0.587889002636075">
        <ele>1780</ele>
      </trkpt>
      <trkpt lat="42.623561974614859" lon="0.587922027334571">
        <ele>1781</ele>
      </trkpt>
      <trkpt lat="42.62345602735877" lon="0.588076002895832">
        <ele>1782</ele>
      </trkpt>
      <trkpt lat="42.623325018212199" lon="0.588285969570279">
        <ele>1783</ele>
      </trkpt>
      <trkpt lat="42.623287970200181" lon="0.588354030624032">
        <ele>1784</ele>
      </trkpt>
      <trkpt lat="42.623234996572137" lon="0.588471964001656">
        <ele>1785</ele>
      </trkpt>
      <trkpt lat="42.623162996023893" lon="0.588686959818006">
        <ele>1787</ele>
      </trkpt>
      <trkpt lat="42.623110022395849" lon="0.588873038068414">
        <ele>1788</ele>
      </trkpt>
      <trkpt lat="42.623058976605535" lon="0.589063977822661">
        <ele>1789</ele>
      </trkpt>
      <trkpt lat="42.62300600297749" lon="0.589260030537844">
        <ele>1791</ele>
      </trkpt>
      <trkpt lat="42.622964009642601" lon="0.589478965848684">
        <ele>1793</ele>
      </trkpt>
      <trkpt lat="42.622900977730751" lon="0.589737966656685">
        <ele>1794</ele>
      </trkpt>
      <trkpt lat="42.6227240357548" lon="0.589880961924791">
        <ele>1795</ele>
      </trkpt>
      <trkpt lat="42.622615993022919" lon="0.589834023267031">
        <ele>1795</ele>
      </trkpt>
      <trkpt lat="42.622431004419923" lon="0.589675018563867">
        <ele>1796</ele>
      </trkpt>
      <trkpt lat="42.622431004419923" lon="0.589675018563867">
        <ele>1797</ele>
      </trkpt>
      <trkpt lat="42.622347017750144" lon="0.589634031057358">
        <ele>1798</ele>
      </trkpt>
      <trkpt lat="42.622323967516422" lon="0.589638976380229">
        <ele>1798</ele>
      </trkpt>
      <trkpt lat="42.622267976403236" lon="0.589707959443331">
        <ele>1799</ele>
      </trkpt>
      <trkpt lat="42.622203016653657" lon="0.589964026585221">
        <ele>1801</ele>
      </trkpt>
      <trkpt lat="42.622222965583205" lon="0.590248005464673">
        <ele>1802</ele>
      </trkpt>
      <trkpt lat="42.622261019423604" lon="0.590532990172505">
        <ele>1804</ele>
      </trkpt>
      <trkpt lat="42.622282980009913" lon="0.590656036511064">
        <ele>1805</ele>
      </trkpt>
      <trkpt lat="42.62229697778821" lon="0.590791990980506">
        <ele>1803</ele>
      </trkpt>
      <trkpt lat="42.622302006930113" lon="0.590835995972157">
        <ele>1804</ele>
      </trkpt>
      <trkpt lat="42.622299995273352" lon="0.590875977650285">
        <ele>1804</ele>
      </trkpt>
      <trkpt lat="42.622265964746475" lon="0.591127015650272">
        <ele>1805</ele>
      </trkpt>
      <trkpt lat="42.622219026088715" lon="0.5913379881531">
        <ele>1806</ele>
      </trkpt>
      <trkpt lat="42.62214601971209" lon="0.591528005897999">
        <ele>1806</ele>
      </trkpt>
      <trkpt lat="42.622077958658338" lon="0.591706959530711">
        <ele>1808</ele>
      </trkpt>
      <trkpt lat="42.621992966160178" lon="0.591910975053906">
        <ele>1809</ele>
      </trkpt>
      <trkpt lat="42.621913002803922" lon="0.592069979757071">
        <ele>1811</ele>
      </trkpt>
      <trkpt lat="42.621850976720452" lon="0.592186991125345">
        <ele>1812</ele>
      </trkpt>
      <trkpt lat="42.621762966737151" lon="0.592398969456553">
        <ele>1813</ele>
      </trkpt>
      <trkpt lat="42.621683003380895" lon="0.592617988586426">
        <ele>1814</ele>
      </trkpt>
      <trkpt lat="42.621657019481063" lon="0.592652019113302">
        <ele>1815</ele>
      </trkpt>
      <trkpt lat="42.621550988405943" lon="0.592786967754364">
        <ele>1816</ele>
      </trkpt>
      <trkpt lat="42.621440012007952" lon="0.592911019921303">
        <ele>1817</ele>
      </trkpt>
      <trkpt lat="42.621388966217637" lon="0.592960976064205">
        <ele>1817</ele>
      </trkpt>
      <trkpt lat="42.621375974267721" lon="0.592975979670882">
        <ele>1818</ele>
      </trkpt>
      <trkpt lat="42.621251000091434" lon="0.593046974390745">
        <ele>1819</ele>
      </trkpt>
      <trkpt lat="42.621239013969898" lon="0.593059966340661">
        <ele>1819</ele>
      </trkpt>
      <trkpt lat="42.621095012873411" lon="0.593153005465865">
        <ele>1820</ele>
      </trkpt>
      <trkpt lat="42.621022006496787" lon="0.593360038474202">
        <ele>1821</ele>
      </trkpt>
      <trkpt lat="42.621030975133181" lon="0.593463974073529">
        <ele>1821</ele>
      </trkpt>
      <trkpt lat="42.621014965698123" lon="0.593598000705242">
        <ele>1822</ele>
      </trkpt>
      <trkpt lat="42.620872976258397" lon="0.593771003186703">
        <ele>1823</ele>
      </trkpt>
      <trkpt lat="42.620797958225012" lon="0.593769997358322">
        <ele>1823</ele>
      </trkpt>
      <trkpt lat="42.620683964341879" lon="0.593868987634778">
        <ele>1823</ele>
      </trkpt>
      <trkpt lat="42.620608024299145" lon="0.594015000388026">
        <ele>1823</ele>
      </trkpt>
      <trkpt lat="42.620595032349229" lon="0.594039978459477">
        <ele>1823</ele>
      </trkpt>
      <trkpt lat="42.620494030416012" lon="0.594219015911222">
        <ele>1824</ele>
      </trkpt>
      <trkpt lat="42.620426975190639" lon="0.59440903365612">
        <ele>1824</ele>
      </trkpt>
      <trkpt lat="42.620411971583962" lon="0.59445203281939">
        <ele>1824</ele>
      </trkpt>
      <trkpt lat="42.620376013219357" lon="0.59455999173224">
        <ele>1824</ele>
      </trkpt>
      <trkpt lat="42.620327984914184" lon="0.5947329942137">
        <ele>1824</ele>
      </trkpt>
      <trkpt lat="42.620318010449409" lon="0.59481899254024">
        <ele>1825</ele>
      </trkpt>
      <trkpt lat="42.620294960215688" lon="0.595018984749913">
        <ele>1825</ele>
      </trkpt>
      <trkpt lat="42.620265958830714" lon="0.595231968909502">
        <ele>1825</ele>
      </trkpt>
      <trkpt lat="42.620259001851082" lon="0.595434978604317">
        <ele>1826</ele>
      </trkpt>
      <trkpt lat="42.620264030992985" lon="0.595605969429016">
        <ele>1827</ele>
      </trkpt>
      <trkpt lat="42.620262019336224" lon="0.595664978027344">
        <ele>1827</ele>
      </trkpt>
      <trkpt lat="42.620247015729547" lon="0.595896989107132">
        <ele>1828</ele>
      </trkpt>
      <trkpt lat="42.620218014344573" lon="0.59601902961731">
        <ele>1828</ele>
      </trkpt>
      <trkpt lat="42.620208961889148" lon="0.596035039052367">
        <ele>1828</ele>
      </trkpt>
      <trkpt lat="42.620148025453091" lon="0.596241988241673">
        <ele>1830</ele>
      </trkpt>
      <trkpt lat="42.620122963562608" lon="0.596295967698097">
        <ele>1830</ele>
      </trkpt>
      <trkpt lat="42.620069989934564" lon="0.59644902125001">
        <ele>1830</ele>
      </trkpt>
      <trkpt lat="42.620049035176635" lon="0.59649202041328">
        <ele>1831</ele>
      </trkpt>
      <trkpt lat="42.619960019364953" lon="0.596678014844656">
        <ele>1831</ele>
      </trkpt>
      <trkpt lat="42.619912996888161" lon="0.596780022606254">
        <ele>1831</ele>
      </trkpt>
      <trkpt lat="42.619878966361284" lon="0.596929974853992">
        <ele>1833</ele>
      </trkpt>
      <trkpt lat="42.619848037138581" lon="0.597175983712077">
        <ele>1835</ele>
      </trkpt>
      <trkpt lat="42.619786011055112" lon="0.597292995080352">
        <ele>1835</ele>
      </trkpt>
      <trkpt lat="42.619747035205364" lon="0.59752500616014">
        <ele>1837</ele>
      </trkpt>
      <trkpt lat="42.619702024385333" lon="0.597720975056291">
        <ele>1838</ele>
      </trkpt>
      <trkpt lat="42.619651984423399" lon="0.598021969199181">
        <ele>1839</ele>
      </trkpt>
      <trkpt lat="42.619628012180328" lon="0.598234031349421">
        <ele>1839</ele>
      </trkpt>
      <trkpt lat="42.619623988866806" lon="0.598404016345739">
        <ele>1841</ele>
      </trkpt>
      <trkpt lat="42.61956699192524" lon="0.598601996898651">
        <ele>1842</ele>
      </trkpt>
      <trkpt lat="42.619518963620067" lon="0.598828978836536">
        <ele>1842</ele>
      </trkpt>
      <trkpt lat="42.619484011083841" lon="0.598912965506315">
        <ele>1843</ele>
      </trkpt>
      <trkpt lat="42.619466995820403" lon="0.599064007401466">
        <ele>1843</ele>
      </trkpt>
      <trkpt lat="42.619455009698868" lon="0.599118992686272">
        <ele>1843</ele>
      </trkpt>
      <trkpt lat="42.619451992213726" lon="0.599152017384768">
        <ele>1843</ele>
      </trkpt>
      <trkpt lat="42.619431959465146" lon="0.599205996841192">
        <ele>1843</ele>
      </trkpt>
      <trkpt lat="42.619412010535598" lon="0.599255030974746">
        <ele>1843</ele>
      </trkpt>
      <trkpt lat="42.619376974180341" lon="0.599312027916312">
        <ele>1844</ele>
      </trkpt>
      <trkpt lat="42.619257029145956" lon="0.599347986280918">
        <ele>1844</ele>
      </trkpt>
      <trkpt lat="42.619145968928933" lon="0.599482012912631">
        <ele>1845</ele>
      </trkpt>
      <trkpt lat="42.619091989472508" lon="0.599596006795764">
        <ele>1846</ele>
      </trkpt>
      <trkpt lat="42.618961986154318" lon="0.599707989022136">
        <ele>1848</ele>
      </trkpt>
      <trkpt lat="42.618948994204402" lon="0.599712012335658">
        <ele>1848</ele>
      </trkpt>
      <trkpt lat="42.618765011429787" lon="0.599793987348676">
        <ele>1849</ele>
      </trkpt>
      <trkpt lat="42.618698040023446" lon="0.599894989281893">
        <ele>1851</ele>
      </trkpt>
      <trkpt lat="42.618678007274866" lon="0.599908987060189">
        <ele>1851</ele>
      </trkpt>
      <trkpt lat="42.618657974526286" lon="0.599941005930305">
        <ele>1851</ele>
      </trkpt>
      <trkpt lat="42.618581028655171" lon="0.600114008411765">
        <ele>1853</ele>
      </trkpt>
      <trkpt lat="42.618583040311933" lon="0.600259015336633">
        <ele>1853</ele>
      </trkpt>
      <trkpt lat="42.618627967312932" lon="0.600491026416421">
        <ele>1855</ele>
      </trkpt>
      <trkpt lat="42.618648000061512" lon="0.600724965333939">
        <ele>1856</ele>
      </trkpt>
      <trkpt lat="42.61860097758472" lon="0.60091900639236">
        <ele>1857</ele>
      </trkpt>
      <trkpt lat="42.618476003408432" lon="0.601083962246776">
        <ele>1859</ele>
      </trkpt>
      <trkpt lat="42.618453036993742" lon="0.601102989166975">
        <ele>1859</ele>
      </trkpt>
      <trkpt lat="42.618339965119958" lon="0.601184964179993">
        <ele>1860</ele>
      </trkpt>
      <trkpt lat="42.618225971236825" lon="0.601304993033409">
        <ele>1861</ele>
      </trkpt>
      <trkpt lat="42.618208033964038" lon="0.601337011903524">
        <ele>1861</ele>
      </trkpt>
      <trkpt lat="42.618147013708949" lon="0.601454023271799">
        <ele>1862</ele>
      </trkpt>
      <trkpt lat="42.618081970140338" lon="0.60158402658999">
        <ele>1862</ele>
      </trkpt>
      <trkpt lat="42.617992032319307" lon="0.601787036284804">
        <ele>1864</ele>
      </trkpt>
      <trkpt lat="42.61793402954936" lon="0.601869011297822">
        <ele>1864</ele>
      </trkpt>
      <trkpt lat="42.617926988750696" lon="0.601922990754247">
        <ele>1864</ele>
      </trkpt>
      <trkpt lat="42.617865968495607" lon="0.602046959102154">
        <ele>1865</ele>
      </trkpt>
      <trkpt lat="42.617744011804461" lon="0.602253992110491">
        <ele>1866</ele>
      </trkpt>
      <trkpt lat="42.617688020691276" lon="0.602387012913823">
        <ele>1866</ele>
      </trkpt>
      <trkpt lat="42.617605961859226" lon="0.602568984031677">
        <ele>1867</ele>
      </trkpt>
      <trkpt lat="42.61757000349462" lon="0.602634027600288">
        <ele>1868</ele>
      </trkpt>
      <trkpt lat="42.617500014603138" lon="0.602667974308133">
        <ele>1868</ele>
      </trkpt>
      <trkpt lat="42.617402030155063" lon="0.602723965421319">
        <ele>1869</ele>
      </trkpt>
      <trkpt lat="42.617337992414832" lon="0.602720025926828">
        <ele>1870</ele>
      </trkpt>
      <trkpt lat="42.617187034338713" lon="0.602803006768227">
        <ele>1872</ele>
      </trkpt>
      <trkpt lat="42.617098018527031" lon="0.602903002873063">
        <ele>1873</ele>
      </trkpt>
      <trkpt lat="42.617061976343393" lon="0.602950025349855">
        <ele>1874</ele>
      </trkpt>
      <trkpt lat="42.617040015757084" lon="0.602969974279404">
        <ele>1874</ele>
      </trkpt>
      <trkpt lat="42.616984024643898" lon="0.603037029504776">
        <ele>1875</ele>
      </trkpt>
      <trkpt lat="42.616833988577127" lon="0.60317600145936">
        <ele>1876</ele>
      </trkpt>
      <trkpt lat="42.616727035492659" lon="0.603355038911104">
        <ele>1876</ele>
      </trkpt>
      <trkpt lat="42.616678001359105" lon="0.60345696285367">
        <ele>1878</ele>
      </trkpt>
      <trkpt lat="42.6166230160743" lon="0.603631976991892">
        <ele>1879</ele>
      </trkpt>
      <trkpt lat="42.616575993597507" lon="0.603708000853658">
        <ele>1880</ele>
      </trkpt>
      <trkpt lat="42.616475997492671" lon="0.603896006941795">
        <ele>1881</ele>
      </trkpt>
      <trkpt lat="42.616405002772808" lon="0.603942023590207">
        <ele>1881</ele>
      </trkpt>
      <trkpt lat="42.616382036358118" lon="0.603953003883362">
        <ele>1881</ele>
      </trkpt>
      <trkpt lat="42.616208028048277" lon="0.604060040786862">
        <ele>1881</ele>
      </trkpt>
      <trkpt lat="42.616155976429582" lon="0.604103039950132">
        <ele>1881</ele>
      </trkpt>
      <trkpt lat="42.616098979488015" lon="0.604137992486358">
        <ele>1881</ele>
      </trkpt>
      <trkpt lat="42.616079030558467" lon="0.604172023013234">
        <ele>1881</ele>
      </trkpt>
      <trkpt lat="42.61602396145463" lon="0.604198006913066">
        <ele>1881</ele>
      </trkpt>
      <trkpt lat="42.615822041407228" lon="0.604259027168155">
        <ele>1881</ele>
      </trkpt>
      <trkpt lat="42.615736965090036" lon="0.604284005239606">
        <ele>1881</ele>
      </trkpt>
      <trkpt lat="42.61563504114747" lon="0.604301020503044">
        <ele>1882</ele>
      </trkpt>
      <trkpt lat="42.615557005628943" lon="0.604337984696031">
        <ele>1882</ele>
      </trkpt>
      <trkpt lat="42.615491962060332" lon="0.604365980252624">
        <ele>1883</ele>
      </trkpt>
      <trkpt lat="42.615413004532456" lon="0.604442004114389">
        <ele>1884</ele>
      </trkpt>
      <trkpt lat="42.615357013419271" lon="0.604534037411213">
        <ele>1884</ele>
      </trkpt>
      <trkpt lat="42.615338992327452" lon="0.604617018252611">
        <ele>1885</ele>
      </trkpt>
      <trkpt lat="42.615324994549155" lon="0.604707961902022">
        <ele>1885</ele>
      </trkpt>
      <trkpt lat="42.615302028134465" lon="0.604839976876974">
        <ele>1886</ele>
      </trkpt>
      <trkpt lat="42.615327006205916" lon="0.604982972145081">
        <ele>1888</ele>
      </trkpt>
      <trkpt lat="42.615376962348819" lon="0.605167960748076">
        <ele>1889</ele>
      </trkpt>
      <trkpt lat="42.615389032289386" lon="0.605224035680294">
        <ele>1889</ele>
      </trkpt>
      <trkpt lat="42.615418033674359" lon="0.605383040383458">
        <ele>1891</ele>
      </trkpt>
      <trkpt lat="42.615431025624275" lon="0.605574985966086">
        <ele>1892</ele>
      </trkpt>
      <trkpt lat="42.615423984825611" lon="0.605714963749051">
        <ele>1893</ele>
      </trkpt>
      <trkpt lat="42.61544200591743" lon="0.605831975117326">
        <ele>1894</ele>
      </trkpt>
      <trkpt lat="42.615416022017598" lon="0.606036996468902">
        <ele>1896</ele>
      </trkpt>
      <trkpt lat="42.615304039791226" lon="0.606209998950362">
        <ele>1898</ele>
      </trkpt>
      <trkpt lat="42.615252994000912" lon="0.606251992285252">
        <ele>1898</ele>
      </trkpt>
      <trkpt lat="42.615156015381217" lon="0.606301026418805">
        <ele>1900</ele>
      </trkpt>
      <trkpt lat="42.615055013448" lon="0.606332961469889">
        <ele>1902</ele>
      </trkpt>
      <trkpt lat="42.614972032606602" lon="0.606376966461539">
        <ele>1903</ele>
      </trkpt>
      <trkpt lat="42.614826019853354" lon="0.60644100420177">
        <ele>1904</ele>
      </trkpt>
      <trkpt lat="42.614762987941504" lon="0.606475034728646">
        <ele>1905</ele>
      </trkpt>
      <trkpt lat="42.614752007648349" lon="0.60648400336504">
        <ele>1906</ele>
      </trkpt>
      <trkpt lat="42.614640025421977" lon="0.606615012511611">
        <ele>1906</ele>
      </trkpt>
      <trkpt lat="42.614615969359875" lon="0.606643008068204">
        <ele>1906</ele>
      </trkpt>
      <trkpt lat="42.614517984911799" lon="0.60678499750793">
        <ele>1908</ele>
      </trkpt>
      <trkpt lat="42.614447996020317" lon="0.606840988621116">
        <ele>1908</ele>
      </trkpt>
      <trkpt lat="42.614426035434008" lon="0.606852974742651">
        <ele>1908</ele>
      </trkpt>
      <trkpt lat="42.614397034049034" lon="0.60689496807754">
        <ele>1908</ele>
      </trkpt>
      <trkpt lat="42.614287985488772" lon="0.607051961123943">
        <ele>1909</ele>
      </trkpt>
      <trkpt lat="42.614274993538857" lon="0.607099989429116">
        <ele>1910</ele>
      </trkpt>
      <trkpt lat="42.614224031567574" lon="0.607158998027444">
        <ele>1910</ele>
      </trkpt>
      <trkpt lat="42.614213973283768" lon="0.607169978320599">
        <ele>1910</ele>
      </trkpt>
      <trkpt lat="42.614118000492454" lon="0.607287995517254">
        <ele>1911</ele>
      </trkpt>
      <trkpt lat="42.614036025479436" lon="0.607452029362321">
        <ele>1912</ele>
      </trkpt>
      <trkpt lat="42.613956984132528" lon="0.607611034065485">
        <ele>1913</ele>
      </trkpt>
      <trkpt lat="42.613895041868091" lon="0.607814965769649">
        <ele>1913</ele>
      </trkpt>
      <trkpt lat="42.613779958337545" lon="0.607971036806703">
        <ele>1914</ele>
      </trkpt>
      <trkpt lat="42.613691026344895" lon="0.608086958527565">
        <ele>1915</ele>
      </trkpt>
      <trkpt lat="42.613653978332877" lon="0.60811503790319">
        <ele>1915</ele>
      </trkpt>
      <trkpt lat="42.613641992211342" lon="0.608121994882822">
        <ele>1915</ele>
      </trkpt>
      <trkpt lat="42.613535039126873" lon="0.60813800431788">
        <ele>1916</ele>
      </trkpt>
      <trkpt lat="42.613503020256758" lon="0.608163988217711">
        <ele>1916</ele>
      </trkpt>
      <trkpt lat="42.613452980294824" lon="0.608227020129561">
        <ele>1916</ele>
      </trkpt>
      <trkpt lat="42.613368993625045" lon="0.608345959335566">
        <ele>1917</ele>
      </trkpt>
      <trkpt lat="42.613306967541575" lon="0.60846297070384">
        <ele>1918</ele>
      </trkpt>
      <trkpt lat="42.613203031942248" lon="0.608710991218686">
        <ele>1919</ele>
      </trkpt>
      <trkpt lat="42.613158021122217" lon="0.608922969549894">
        <ele>1920</ele>
      </trkpt>
      <trkpt lat="42.613147962838411" lon="0.60899899341166">
        <ele>1921</ele>
      </trkpt>
      <trkpt lat="42.613119967281818" lon="0.609159003943205">
        <ele>1922</ele>
      </trkpt>
      <trkpt lat="42.613105969503522" lon="0.609192028641701">
        <ele>1922</ele>
      </trkpt>
      <trkpt lat="42.613090965896845" lon="0.609291018918157">
        <ele>1923</ele>
      </trkpt>
      <trkpt lat="42.613046038895845" lon="0.609587989747524">
        <ele>1923</ele>
      </trkpt>
      <trkpt lat="42.61303598061204" lon="0.609677005559206">
        <ele>1923</ele>
      </trkpt>
      <trkpt lat="42.613021982833743" lon="0.609782030805945">
        <ele>1924</ele>
      </trkpt>
      <trkpt lat="42.613006979227066" lon="0.60981597751379">
        <ele>1924</ele>
      </trkpt>
      <trkpt lat="42.613009996712208" lon="0.609868029132485">
        <ele>1924</ele>
      </trkpt>
      <trkpt lat="42.612994993105531" lon="0.610172962769866">
        <ele>1924</ele>
      </trkpt>
      <trkpt lat="42.612986024469137" lon="0.610500024631619">
        <ele>1925</ele>
      </trkpt>
      <trkpt lat="42.612995998933911" lon="0.610616030171514">
        <ele>1925</ele>
      </trkpt>
      <trkpt lat="42.612984012812376" lon="0.610792972147465">
        <ele>1925</ele>
      </trkpt>
      <trkpt lat="42.612960040569305" lon="0.610938984900713">
        <ele>1926</ele>
      </trkpt>
      <trkpt lat="42.612929027527571" lon="0.611182982102036">
        <ele>1926</ele>
      </trkpt>
      <trkpt lat="42.61290798895061" lon="0.611282978206873">
        <ele>1926</ele>
      </trkpt>
      <trkpt lat="42.61290698312223" lon="0.611337963491678">
        <ele>1926</ele>
      </trkpt>
      <trkpt lat="42.612887034192681" lon="0.611436031758785">
        <ele>1927</ele>
      </trkpt>
      <trkpt lat="42.612840011715889" lon="0.611668964847922">
        <ele>1928</ele>
      </trkpt>
      <trkpt lat="42.612744038924575" lon="0.611841967329383">
        <ele>1928</ele>
      </trkpt>
      <trkpt lat="42.612698022276163" lon="0.611960990354419">
        <ele>1929</ele>
      </trkpt>
      <trkpt lat="42.612635996192694" lon="0.612145978957415">
        <ele>1931</ele>
      </trkpt>
      <trkpt lat="42.612609006464481" lon="0.612373966723681">
        <ele>1932</ele>
      </trkpt>
      <trkpt lat="42.612609006464481" lon="0.612387964501977">
        <ele>1932</ele>
      </trkpt>
      <trkpt lat="42.61254102922976" lon="0.612570019438863">
        <ele>1933</ele>
      </trkpt>
      <trkpt lat="42.612514039501548" lon="0.612814016640186">
        <ele>1934</ele>
      </trkpt>
      <trkpt lat="42.612474979832768" lon="0.612935973331332">
        <ele>1935</ele>
      </trkpt>
      <trkpt lat="42.612409014254808" lon="0.613045021891594">
        <ele>1935</ele>
      </trkpt>
      <trkpt lat="42.612398033961654" lon="0.613077040761709">
        <ele>1935</ele>
      </trkpt>
      <trkpt lat="42.612321004271507" lon="0.613254988566041">
        <ele>1936</ele>
      </trkpt>
      <trkpt lat="42.612312035635114" lon="0.613272003829479">
        <ele>1936</ele>
      </trkpt>
      <trkpt lat="42.612231988459826" lon="0.613460009917617">
        <ele>1937</ele>
      </trkpt>
      <trkpt lat="42.612101985141635" lon="0.613670982420444">
        <ele>1939</ele>
      </trkpt>
      <trkpt lat="42.612078012898564" lon="0.613722028210759">
        <ele>1940</ele>
      </trkpt>
      <trkpt lat="42.612036019563675" lon="0.613863011822104">
        <ele>1940</ele>
      </trkpt>
      <trkpt lat="42.612051023170352" lon="0.613999972119927">
        <ele>1941</ele>
      </trkpt>
      <trkpt lat="42.612076001241803" lon="0.614228965714574">
        <ele>1942</ele>
      </trkpt>
      <trkpt lat="42.612087987363338" lon="0.614470029249787">
        <ele>1943</ele>
      </trkpt>
      <trkpt lat="42.612086981534958" lon="0.61473598703742">
        <ele>1945</ele>
      </trkpt>
      <trkpt lat="42.6120899990201" lon="0.614773035049438">
        <ele>1945</ele>
      </trkpt>
      <trkpt lat="42.612074995413423" lon="0.614892980083823">
        <ele>1946</ele>
      </trkpt>
      <trkpt lat="42.612079018726945" lon="0.615037987008691">
        <ele>1946</ele>
      </trkpt>
      <trkpt lat="42.612082958221436" lon="0.615276033058763">
        <ele>1947</ele>
      </trkpt>
      <trkpt lat="42.612084969878197" lon="0.615311991423368">
        <ele>1948</ele>
      </trkpt>
      <trkpt lat="42.612071977928281" lon="0.615437971428037">
        <ele>1948</ele>
      </trkpt>
      <trkpt lat="42.612054040655494" lon="0.615542996674776">
        <ele>1948</ele>
      </trkpt>
      <trkpt lat="42.6120709720999" lon="0.615665959194303">
        <ele>1949</ele>
      </trkpt>
      <trkpt lat="42.61206803843379" lon="0.615842984989285">
        <ele>1949</ele>
      </trkpt>
      <trkpt lat="42.612043982371688" lon="0.616019004955888">
        <ele>1950</ele>
      </trkpt>
      <trkpt lat="42.61202503927052" lon="0.616082036867738">
        <ele>1950</ele>
      </trkpt>
      <trkpt lat="42.612022021785378" lon="0.616115983575583">
        <ele>1950</ele>
      </trkpt>
      <trkpt lat="42.61196200735867" lon="0.6161979585886">
        <ele>1951</ele>
      </trkpt>
      <trkpt lat="42.611878020688891" lon="0.616373978555202">
        <ele>1951</ele>
      </trkpt>
      <trkpt lat="42.611752962693572" lon="0.61658101156354">
        <ele>1953</ele>
      </trkpt>
      <trkpt lat="42.611706024035811" lon="0.616747979074717">
        <ele>1953</ele>
      </trkpt>
      <trkpt lat="42.611610973253846" lon="0.616970015689731">
        <ele>1954</ele>
      </trkpt>
      <trkpt lat="42.611540984362364" lon="0.617231028154492">
        <ele>1955</ele>
      </trkpt>
      <trkpt lat="42.611503014340997" lon="0.617367988452315">
        <ele>1956</ele>
      </trkpt>
      <trkpt lat="42.611498991027474" lon="0.617409981787205">
        <ele>1956</ele>
      </trkpt>
      <trkpt lat="42.611451968550682" lon="0.617627995088696">
        <ele>1956</ele>
      </trkpt>
      <trkpt lat="42.611427996307611" lon="0.617719022557139">
        <ele>1956</ele>
      </trkpt>
      <trkpt lat="42.611404024064541" lon="0.617739977315068">
        <ele>1957</ele>
      </trkpt>
      <trkpt lat="42.611302016302943" lon="0.61802102252841">
        <ele>1958</ele>
      </trkpt>
      <trkpt lat="42.611268991604447" lon="0.618112972006202">
        <ele>1958</ele>
      </trkpt>
      <trkpt lat="42.611249964684248" lon="0.618166029453278">
        <ele>1959</ele>
      </trkpt>
      <trkpt lat="42.611242001876235" lon="0.618416983634233">
        <ele>1960</ele>
      </trkpt>
      <trkpt lat="42.611244013532996" lon="0.618433998897672">
        <ele>1960</ele>
      </trkpt>
      <trkpt lat="42.611272009089589" lon="0.618644971400499">
        <ele>1962</ele>
      </trkpt>
      <trkpt lat="42.611281983554363" lon="0.61888201162219">
        <ele>1962</ele>
      </trkpt>
      <trkpt lat="42.611278966069221" lon="0.619050990790129">
        <ele>1962</ele>
      </trkpt>
      <trkpt lat="42.611235966905951" lon="0.61922499909997">
        <ele>1962</ele>
      </trkpt>
      <trkpt lat="42.611204031854868" lon="0.619324995204806">
        <ele>1962</ele>
      </trkpt>
      <trkpt lat="42.611146029084921" lon="0.61950302682817">
        <ele>1962</ele>
      </trkpt>
      <trkpt lat="42.611095989122987" lon="0.619601011276245">
        <ele>1962</ele>
      </trkpt>
      <trkpt lat="42.611090037971735" lon="0.619614003226161">
        <ele>1962</ele>
      </trkpt>
      <trkpt lat="42.610999010503292" lon="0.619793040677905">
        <ele>1962</ele>
      </trkpt>
      <trkpt lat="42.610946958884597" lon="0.61993301846087">
        <ele>1962</ele>
      </trkpt>
      <trkpt lat="42.610924998298287" lon="0.619989009574056">
        <ele>1962</ele>
      </trkpt>
      <trkpt lat="42.610832965001464" lon="0.620175004005432">
        <ele>1962</ele>
      </trkpt>
      <trkpt lat="42.610766999423504" lon="0.620369967073202">
        <ele>1962</ele>
      </trkpt>
      <trkpt lat="42.610755013301969" lon="0.620410032570362">
        <ele>1962</ele>
      </trkpt>
      <trkpt lat="42.61073799803853" lon="0.620446996763349">
        <ele>1962</ele>
      </trkpt>
      <trkpt lat="42.610684018582106" lon="0.62051204033196">
        <ele>1963</ele>
      </trkpt>
      <trkpt lat="42.610632972791791" lon="0.620652018114924">
        <ele>1963</ele>
      </trkpt>
      <trkpt lat="42.610616963356733" lon="0.620695017278194">
        <ele>1963</ele>
      </trkpt>
      <trkpt lat="42.610591985285282" lon="0.620739022269845">
        <ele>1963</ele>
      </trkpt>
      <trkpt lat="42.610571030527353" lon="0.620788978412747">
        <ele>1963</ele>
      </trkpt>
      <trkpt lat="42.61054202914238" lon="0.620830971747637">
        <ele>1963</ele>
      </trkpt>
      <trkpt lat="42.610525013878942" lon="0.620963992550969">
        <ele>1964</ele>
      </trkpt>
      <trkpt lat="42.610511016100645" lon="0.620992993935943">
        <ele>1964</ele>
      </trkpt>
      <trkpt lat="42.610423006117344" lon="0.62111696228385">
        <ele>1964</ele>
      </trkpt>
      <trkpt lat="42.610402973368764" lon="0.621150992810726">
        <ele>1964</ele>
      </trkpt>
      <trkpt lat="42.6103510055691" lon="0.621274961158633">
        <ele>1962</ele>
      </trkpt>
      <trkpt lat="42.610352011397481" lon="0.621385015547276">
        <ele>1962</ele>
      </trkpt>
      <trkpt lat="42.610333990305662" lon="0.621447041630745">
        <ele>1963</ele>
      </trkpt>
      <trkpt lat="42.610341031104326" lon="0.621471013873816">
        <ele>1963</ele>
      </trkpt>
      <trkpt lat="42.61034999974072" lon="0.621495991945267">
        <ele>1963</ele>
      </trkpt>
      <trkpt lat="42.610343964770436" lon="0.621618032455444">
        <ele>1963</ele>
      </trkpt>
      <trkpt lat="42.610341031104326" lon="0.621639993041754">
        <ele>1964</ele>
      </trkpt>
      <trkpt lat="42.610280010849237" lon="0.621780976653099">
        <ele>1965</ele>
      </trkpt>
      <trkpt lat="42.610231982544065" lon="0.621962025761604">
        <ele>1965</ele>
      </trkpt>
      <trkpt lat="42.610226031392813" lon="0.621993960812688">
        <ele>1965</ele>
      </trkpt>
      <trkpt lat="42.61022100225091" lon="0.622033020481467">
        <ele>1965</ele>
      </trkpt>
      <trkpt lat="42.610231982544065" lon="0.622123964130878">
        <ele>1967</ele>
      </trkpt>
      <trkpt lat="42.61019803583622" lon="0.622324040159583">
        <ele>1968</ele>
      </trkpt>
      <trkpt lat="42.610189989209175" lon="0.622376007959247">
        <ele>1968</ele>
      </trkpt>
      <trkpt lat="42.610181020572782" lon="0.622410038486123">
        <ele>1968</ele>
      </trkpt>
      <trkpt lat="42.610150007531047" lon="0.622569965198636">
        <ele>1969</ele>
      </trkpt>
      <trkpt lat="42.610150007531047" lon="0.622669039294124">
        <ele>1970</ele>
      </trkpt>
      <trkpt lat="42.610165011137724" lon="0.622741039842367">
        <ele>1970</ele>
      </trkpt>
      <trkpt lat="42.610193006694317" lon="0.622948994860053">
        <ele>1971</ele>
      </trkpt>
      <trkpt lat="42.61019803583622" lon="0.623000962659717">
        <ele>1971</ele>
      </trkpt>
      <trkpt lat="42.610159981995821" lon="0.623241020366549">
        <ele>1971</ele>
      </trkpt>
      <trkpt lat="42.61017800308764" lon="0.623494992032647">
        <ele>1972</ele>
      </trkpt>
      <trkpt lat="42.610195018351078" lon="0.623592976480722">
        <ele>1972</ele>
      </trkpt>
      <trkpt lat="42.610187977552414" lon="0.623722979798913">
        <ele>1973</ele>
      </trkpt>
      <trkpt lat="42.610207004472613" lon="0.623845020309091">
        <ele>1974</ele>
      </trkpt>
      <trkpt lat="42.610203986987472" lon="0.623902017250657">
        <ele>1975</ele>
      </trkpt>
      <trkpt lat="42.610212033614516" lon="0.623941998928785">
        <ele>1975</ele>
      </trkpt>
      <trkpt lat="42.61022200807929" lon="0.623972006142139">
        <ele>1975</ele>
      </trkpt>
      <trkpt lat="42.610211027786136" lon="0.624051969498396">
        <ele>1975</ele>
      </trkpt>
      <trkpt lat="42.610211027786136" lon="0.624173004180193">
        <ele>1976</ele>
      </trkpt>
      <trkpt lat="42.61024204082787" lon="0.624348018318415">
        <ele>1977</ele>
      </trkpt>
      <trkpt lat="42.610250003635883" lon="0.624410966411233">
        <ele>1977</ele>
      </trkpt>
      <trkpt lat="42.61026400141418" lon="0.624482966959476">
        <ele>1978</ele>
      </trkpt>
      <trkpt lat="42.610240029171109" lon="0.624561002478004">
        <ele>1978</ele>
      </trkpt>
      <trkpt lat="42.610252015292645" lon="0.624677008017898">
        <ele>1978</ele>
      </trkpt>
      <trkpt lat="42.61026400141418" lon="0.624791001901031">
        <ele>1979</ele>
      </trkpt>
      <trkpt lat="42.610262995585799" lon="0.624801982194185">
        <ele>1979</ele>
      </trkpt>
      <trkpt lat="42.610250003635883" lon="0.624945983290672">
        <ele>1980</ele>
      </trkpt>
      <trkpt lat="42.610285962000489" lon="0.625069029629231">
        <ele>1981</ele>
      </trkpt>
      <trkpt lat="42.61028797365725" lon="0.625275978818536">
        <ele>1983</ele>
      </trkpt>
      <trkpt lat="42.610291996970773" lon="0.625323001295328">
        <ele>1983</ele>
      </trkpt>
      <trkpt lat="42.610302977263927" lon="0.625492986291647">
        <ele>1985</ele>
      </trkpt>
      <trkpt lat="42.610323010012507" lon="0.625569010153413">
        <ele>1985</ele>
      </trkpt>
      <trkpt lat="42.610408002510667" lon="0.625703958794475">
        <ele>1986</ele>
      </trkpt>
      <trkpt lat="42.61049902997911" lon="0.625873021781445">
        <ele>1987</ele>
      </trkpt>
      <trkpt lat="42.610526019707322" lon="0.625963965430856">
        <ele>1988</ele>
      </trkpt>
      <trkpt lat="42.61054303497076" lon="0.626007970422506">
        <ele>1989</ele>
      </trkpt>
      <trkpt lat="42.610593996942043" lon="0.626104027032852">
        <ele>1990</ele>
      </trkpt>
      <trkpt lat="42.610621992498636" lon="0.626231012865901">
        <ele>1991</ele>
      </trkpt>
      <trkpt lat="42.610611012205482" lon="0.626287003979087">
        <ele>1991</ele>
      </trkpt>
      <trkpt lat="42.610614029690623" lon="0.626363027840853">
        <ele>1992</ele>
      </trkpt>
      <trkpt lat="42.610505986958742" lon="0.626428993418813">
        <ele>1993</ele>
      </trkpt>
      <trkpt lat="42.61039400473237" lon="0.626457994803786">
        <ele>1994</ele>
      </trkpt>
      <trkpt lat="42.610384030267596" lon="0.626456988975406">
        <ele>1994</ele>
      </trkpt>
      <trkpt lat="42.610322004184127" lon="0.626448020339012">
        <ele>1995</ele>
      </trkpt>
      <trkpt lat="42.610238017514348" lon="0.626407032832503">
        <ele>1997</ele>
      </trkpt>
      <trkpt lat="42.610175991430879" lon="0.626395968720317">
        <ele>1999</ele>
      </trkpt>
      <trkpt lat="42.610116982832551" lon="0.626420024782419">
        <ele>2001</ele>
      </trkpt>
      <trkpt lat="42.610074989497662" lon="0.626499988138676">
        <ele>2002</ele>
      </trkpt>
      <trkpt lat="42.610032996162772" lon="0.626556985080242">
        <ele>2003</ele>
      </trkpt>
      <trkpt lat="42.609994020313025" lon="0.62663996592164">
        <ele>2004</ele>
      </trkpt>
      <trkpt lat="42.609965018928051" lon="0.626673996448517">
        <ele>2005</ele>
      </trkpt>
      <trkpt lat="42.60994398035109" lon="0.626736022531986">
        <ele>2007</ele>
      </trkpt>
      <trkpt lat="42.60996300727129" lon="0.626846998929977">
        <ele>2009</ele>
      </trkpt>
      <trkpt lat="42.60998597368598" lon="0.626920005306602">
        <ele>2011</ele>
      </trkpt>
      <trkpt lat="42.609988991171122" lon="0.627012038603425">
        <ele>2012</ele>
      </trkpt>
      <trkpt lat="42.609994020313025" lon="0.627176994457841">
        <ele>2014</ele>
      </trkpt>
      <trkpt lat="42.609968036413193" lon="0.627314960584044">
        <ele>2014</ele>
      </trkpt>
      <trkpt lat="42.609910033643246" lon="0.627415962517262">
        <ele>2014</ele>
      </trkpt>
      <trkpt lat="42.609897963702679" lon="0.627441024407744">
        <ele>2014</ele>
      </trkpt>
      <trkpt lat="42.609828980639577" lon="0.627512019127607">
        <ele>2015</ele>
      </trkpt>
      <trkpt lat="42.609785981476307" lon="0.627579996362329">
        <ele>2015</ele>
      </trkpt>
      <trkpt lat="42.609693026170135" lon="0.627709999680519">
        <ele>2015</ele>
      </trkpt>
      <trkpt lat="42.609654972329736" lon="0.627736989408731">
        <ele>2016</ele>
      </trkpt>
      <trkpt lat="42.609593030065298" lon="0.627783006057143">
        <ele>2016</ele>
      </trkpt>
      <trkpt lat="42.609520023688674" lon="0.627833968028426">
        <ele>2017</ele>
      </trkpt>
      <trkpt lat="42.609500996768475" lon="0.627852994948626">
        <ele>2017</ele>
      </trkpt>
      <trkpt lat="42.609422039240599" lon="0.62788400799036">
        <ele>2018</ele>
      </trkpt>
      <trkpt lat="42.609337968751788" lon="0.627914015203714">
        <ele>2020</ele>
      </trkpt>
      <trkpt lat="42.609299998730421" lon="0.628021974116564">
        <ele>2022</ele>
      </trkpt>
      <trkpt lat="42.609286000952125" lon="0.628143008798361">
        <ele>2024</ele>
      </trkpt>
      <trkpt lat="42.609282983466983" lon="0.62826999463141">
        <ele>2024</ele>
      </trkpt>
      <trkpt lat="42.609247025102377" lon="0.628408966585994">
        <ele>2025</ele>
      </trkpt>
      <trkpt lat="42.609200002625585" lon="0.628530001267791">
        <ele>2027</ele>
      </trkpt>
      <trkpt lat="42.609132025390863" lon="0.628641983494163">
        <ele>2029</ele>
      </trkpt>
      <trkpt lat="42.609107969328761" lon="0.628758994862437">
        <ele>2030</ele>
      </trkpt>
      <trkpt lat="42.609111992642283" lon="0.628842981532216">
        <ele>2031</ele>
      </trkpt>
      <trkpt lat="42.609081985428929" lon="0.628945995122194">
        <ele>2033</ele>
      </trkpt>
      <trkpt lat="42.609043009579182" lon="0.629040040075779">
        <ele>2034</ele>
      </trkpt>
      <trkpt lat="42.608988024294376" lon="0.629123020917177">
        <ele>2035</ele>
      </trkpt>
      <trkpt lat="42.608881993219256" lon="0.629190998151898">
        <ele>2035</ele>
      </trkpt>
      <trkpt lat="42.608847040683031" lon="0.629274984821677">
        <ele>2035</ele>
      </trkpt>
      <trkpt lat="42.608787026256323" lon="0.629442958161235">
        <ele>2036</ele>
      </trkpt>
      <trkpt lat="42.608729023486376" lon="0.629583019763231">
        <ele>2037</ele>
      </trkpt>
      <trkpt lat="42.608664985746145" lon="0.629693996161222">
        <ele>2038</ele>
      </trkpt>
      <trkpt lat="42.608579993247986" lon="0.629776977002621">
        <ele>2040</ele>
      </trkpt>
      <trkpt lat="42.608522996306419" lon="0.629863981157541">
        <ele>2041</ele>
      </trkpt>
      <trkpt lat="42.608473040163517" lon="0.629957020282745">
        <ele>2042</ele>
      </trkpt>
      <trkpt lat="42.608421994373202" lon="0.630083000287414">
        <ele>2044</ele>
      </trkpt>
      <trkpt lat="42.608382012695074" lon="0.630176961421967">
        <ele>2046</ele>
      </trkpt>
      <trkpt lat="42.608368014916778" lon="0.630294978618622">
        <ele>2048</ele>
      </trkpt>
      <trkpt lat="42.608333984389901" lon="0.630438979715109">
        <ele>2050</ele>
      </trkpt>
      <trkpt lat="42.60828603990376" lon="0.630506034940481">
        <ele>2052</ele>
      </trkpt>
      <trkpt lat="42.608242034912109" lon="0.630593039095402">
        <ele>2054</ele>
      </trkpt>
      <trkpt lat="42.608210016041994" lon="0.630654981359839">
        <ele>2055</ele>
      </trkpt>
      <trkpt lat="42.608181014657021" lon="0.630718013271689">
        <ele>2055</ele>
      </trkpt>
      <trkpt lat="42.608157964423299" lon="0.630728993564844">
        <ele>2056</ele>
      </trkpt>
      <trkpt lat="42.608128963038325" lon="0.630876012146473">
        <ele>2057</ele>
      </trkpt>
      <trkpt lat="42.608061991631985" lon="0.63095698133111">
        <ele>2057</ele>
      </trkpt>
      <trkpt lat="42.608041036874056" lon="0.630994029343128">
        <ele>2057</ele>
      </trkpt>
      <trkpt lat="42.608032990247011" lon="0.631004003807902">
        <ele>2057</ele>
      </trkpt>
      <trkpt lat="42.60798797942698" lon="0.631145993247628">
        <ele>2058</ele>
      </trkpt>
      <trkpt lat="42.607921008020639" lon="0.631269961595535">
        <ele>2060</ele>
      </trkpt>
      <trkpt lat="42.607856970280409" lon="0.631405999884009">
        <ele>2062</ele>
      </trkpt>
      <trkpt lat="42.607802990823984" lon="0.631513958796859">
        <ele>2063</ele>
      </trkpt>
      <trkpt lat="42.607792010530829" lon="0.631555030122399">
        <ele>2065</ele>
      </trkpt>
      <trkpt lat="42.607794022187591" lon="0.631584031507373">
        <ele>2067</ele>
      </trkpt>
      <trkpt lat="42.607784969732165" lon="0.631682015955448">
        <ele>2069</ele>
      </trkpt>
      <trkpt lat="42.607764014974236" lon="0.631813025102019">
        <ele>2069</ele>
      </trkpt>
      <trkpt lat="42.607742976397276" lon="0.631861975416541">
        <ele>2070</ele>
      </trkpt>
      <trkpt lat="42.607737025246024" lon="0.631888965144753">
        <ele>2071</ele>
      </trkpt>
      <trkpt lat="42.607706012204289" lon="0.631962977349758">
        <ele>2073</ele>
      </trkpt>
      <trkpt lat="42.607671981677413" lon="0.632006982341409">
        <ele>2074</ele>
      </trkpt>
      <trkpt lat="42.607624037191272" lon="0.632093986496329">
        <ele>2075</ele>
      </trkpt>
      <trkpt lat="42.60760098695755" lon="0.632130028679967">
        <ele>2075</ele>
      </trkpt>
      <trkpt lat="42.607593024149537" lon="0.632298002019525">
        <ele>2076</ele>
      </trkpt>
      <trkpt lat="42.607577014714479" lon="0.632381988689303">
        <ele>2078</ele>
      </trkpt>
      <trkpt lat="42.607586989179254" lon="0.632491959258914">
        <ele>2080</ele>
      </trkpt>
      <trkpt lat="42.607586989179254" lon="0.632640989497304">
        <ele>2082</ele>
      </trkpt>
      <trkpt lat="42.60757802054286" lon="0.632695974782109">
        <ele>2083</ele>
      </trkpt>
      <trkpt lat="42.607549019157887" lon="0.632769986987114">
        <ele>2084</ele>
      </trkpt>
      <trkpt lat="42.607523035258055" lon="0.632823966443539">
        <ele>2084</ele>
      </trkpt>
      <trkpt lat="42.60747198946774" lon="0.63299504108727">
        <ele>2086</ele>
      </trkpt>
      <trkpt lat="42.60744902305305" lon="0.633051032200456">
        <ele>2087</ele>
      </trkpt>
      <trkpt lat="42.607409963384271" lon="0.633184975013137">
        <ele>2087</ele>
      </trkpt>
      <trkpt lat="42.607362018898129" lon="0.633325036615133">
        <ele>2088</ele>
      </trkpt>
      <trkpt lat="42.607359001412988" lon="0.633338028565049">
        <ele>2088</ele>
      </trkpt>
      <trkpt lat="42.607353972271085" lon="0.63338303938508">
        <ele>2088</ele>
      </trkpt>
      <trkpt lat="42.607326982542872" lon="0.633484963327646">
        <ele>2088</ele>
      </trkpt>
      <trkpt lat="42.607323965057731" lon="0.633540032431483">
        <ele>2088</ele>
      </trkpt>
      <trkpt lat="42.607331005856395" lon="0.633637011051178">
        <ele>2088</ele>
      </trkpt>
      <trkpt lat="42.607350032776594" lon="0.633794004097581">
        <ele>2089</ele>
      </trkpt>
      <trkpt lat="42.60736302472651" lon="0.633860975503922">
        <ele>2090</ele>
      </trkpt>
      <trkpt lat="42.607357995584607" lon="0.633956026285887">
        <ele>2091</ele>
      </trkpt>
      <trkpt lat="42.607348021119833" lon="0.634040012955666">
        <ele>2092</ele>
      </trkpt>
      <trkpt lat="42.607337040826678" lon="0.634102039039135">
        <ele>2094</ele>
      </trkpt>
      <trkpt lat="42.607306027784944" lon="0.634168004617095">
        <ele>2095</ele>
      </trkpt>
      <trkpt lat="42.607283983379602" lon="0.634316029027104">
        <ele>2097</ele>
      </trkpt>
      <trkpt lat="42.607279038056731" lon="0.634376965463161">
        <ele>2098</ele>
      </trkpt>
      <trkpt lat="42.607284989207983" lon="0.63452398404479">
        <ele>2099</ele>
      </trkpt>
      <trkpt lat="42.607282977551222" lon="0.634546028450131">
        <ele>2099</ele>
      </trkpt>
      <trkpt lat="42.607279038056731" lon="0.634600007906556">
        <ele>2101</ele>
      </trkpt>
      <trkpt lat="42.607275014743209" lon="0.634706960991025">
        <ele>2102</ele>
      </trkpt>
      <trkpt lat="42.607257999479771" lon="0.634792037308216">
        <ele>2103</ele>
      </trkpt>
      <trkpt lat="42.607226986438036" lon="0.634860014542937">
        <ele>2105</ele>
      </trkpt>
      <trkpt lat="42.607182981446385" lon="0.634936960414052">
        <ele>2105</ele>
      </trkpt>
      <trkpt lat="42.607152974233031" lon="0.635047014802694">
        <ele>2106</ele>
      </trkpt>
      <trkpt lat="42.607093965634704" lon="0.635207025334239">
        <ele>2107</ele>
      </trkpt>
      <trkpt lat="42.607049960643053" lon="0.635310038924217">
        <ele>2108</ele>
      </trkpt>
      <trkpt lat="42.607011990621686" lon="0.635407017543912">
        <ele>2108</ele>
      </trkpt>
      <trkpt lat="42.606991035863757" lon="0.635470971465111">
        <ele>2108</ele>
      </trkpt>
      <trkpt lat="42.60697896592319" lon="0.635517993941903">
        <ele>2109</ele>
      </trkpt>
      <trkpt lat="42.606965973973274" lon="0.635550012812018">
        <ele>2109</ele>
      </trkpt>
      <trkpt lat="42.606939990073442" lon="0.63564196228981">
        <ele>2109</ele>
      </trkpt>
      <trkpt lat="42.606897996738553" lon="0.635794010013342">
        <ele>2110</ele>
      </trkpt>
      <trkpt lat="42.606888022273779" lon="0.635841032490134">
        <ele>2110</ele>
      </trkpt>
      <trkpt lat="42.606819039210677" lon="0.635986961424351">
        <ele>2111</ele>
      </trkpt>
      <trkpt lat="42.60680696927011" lon="0.636042030528188">
        <ele>2112</ele>
      </trkpt>
      <trkpt lat="42.606764975935221" lon="0.636130040511489">
        <ele>2112</ele>
      </trkpt>
      <trkpt lat="42.606757013127208" lon="0.636175973340869">
        <ele>2113</ele>
      </trkpt>
      <trkpt lat="42.606726000085473" lon="0.636251997202635">
        <ele>2113</ele>
      </trkpt>
      <trkpt lat="42.606648970395327" lon="0.636357022449374">
        <ele>2114</ele>
      </trkpt>
      <trkpt lat="42.606624998152256" lon="0.636426005512476">
        <ele>2115</ele>
      </trkpt>
      <trkpt lat="42.606615023687482" lon="0.636503035202622">
        <ele>2115</ele>
      </trkpt>
      <trkpt lat="42.60658903978765" lon="0.636541005223989">
        <ele>2116</ele>
      </trkpt>
      <trkpt lat="42.606580993160605" lon="0.636586016044021">
        <ele>2116</ele>
      </trkpt>
      <trkpt lat="42.606579987332225" lon="0.636627003550529">
        <ele>2117</ele>
      </trkpt>
      <trkpt lat="42.606563977897167" lon="0.636664973571897">
        <ele>2118</ele>
      </trkpt>
      <trkpt lat="42.606583004817367" lon="0.636748960241675">
        <ele>2120</ele>
      </trkpt>
      <trkpt lat="42.606594990938902" lon="0.63680000603199">
        <ele>2121</ele>
      </trkpt>
      <trkpt lat="42.60663103312254" lon="0.636863959953189">
        <ele>2122</ele>
      </trkpt>
      <trkpt lat="42.606616029515862" lon="0.636949958279729">
        <ele>2123</ele>
      </trkpt>
      <trkpt lat="42.606620974838734" lon="0.637051966041327">
        <ele>2125</ele>
      </trkpt>
      <trkpt lat="42.606648970395327" lon="0.637170989066362">
        <ele>2127</ele>
      </trkpt>
      <trkpt lat="42.606638995930552" lon="0.637253969907761">
        <ele>2128</ele>
      </trkpt>
      <trkpt lat="42.60663203895092" lon="0.637305015698075">
        <ele>2129</ele>
      </trkpt>
      <trkpt lat="42.606619969010353" lon="0.637357989326119">
        <ele>2130</ele>
      </trkpt>
      <trkpt lat="42.606602031737566" lon="0.637467037886381">
        <ele>2131</ele>
      </trkpt>
      <trkpt lat="42.60658903978765" lon="0.637506013736129">
        <ele>2132</ele>
      </trkpt>
      <trkpt lat="42.606580993160605" lon="0.637629982084036">
        <ele>2134</ele>
      </trkpt>
      <trkpt lat="42.606589961796999" lon="0.637653032317758">
        <ele>2134</ele>
      </trkpt>
      <trkpt lat="42.606576969847083" lon="0.637747999280691">
        <ele>2135</ele>
      </trkpt>
      <trkpt lat="42.60658903978765" lon="0.637835003435612">
        <ele>2135</ele>
      </trkpt>
      <trkpt lat="42.606584010645747" lon="0.637952014803886">
        <ele>2137</ele>
      </trkpt>
      <trkpt lat="42.606586022302508" lon="0.638101967051625">
        <ele>2137</ele>
      </trkpt>
      <trkpt lat="42.606601025909185" lon="0.638199029490352">
        <ele>2138</ele>
      </trkpt>
      <trkpt lat="42.606629021465778" lon="0.638321992009878">
        <ele>2138</ele>
      </trkpt>
      <trkpt lat="42.606646036729217" lon="0.638421988114715">
        <ele>2139</ele>
      </trkpt>
      <trkpt lat="42.606645030900836" lon="0.638577975332737">
        <ele>2139</ele>
      </trkpt>
      <trkpt lat="42.606703033670783" lon="0.638762963935733">
        <ele>2140</ele>
      </trkpt>
      <trkpt lat="42.606707978993654" lon="0.638784002512693">
        <ele>2141</ele>
      </trkpt>
      <trkpt lat="42.606729017570615" lon="0.638847034424543">
        <ele>2143</ele>
      </trkpt>
      <trkpt lat="42.606772016733885" lon="0.638935966417193">
        <ele>2145</ele>
      </trkpt>
      <trkpt lat="42.606833958998322" lon="0.639058006927371">
        <ele>2146</ele>
      </trkpt>
      <trkpt lat="42.606848040595651" lon="0.639168983325362">
        <ele>2149</ele>
      </trkpt>
      <trkpt lat="42.606857009232044" lon="0.639207037165761">
        <ele>2149</ele>
      </trkpt>
      <trkpt lat="42.606859020888805" lon="0.639247018843889">
        <ele>2149</ele>
      </trkpt>
      <trkpt lat="42.606904031708837" lon="0.639324970543385">
        <ele>2151</ele>
      </trkpt>
      <trkpt lat="42.60697796009481" lon="0.639371993020177">
        <ele>2152</ele>
      </trkpt>
      <trkpt lat="42.60704099200666" lon="0.63948598690331">
        <ele>2153</ele>
      </trkpt>
      <trkpt lat="42.607051972299814" lon="0.639519011601806">
        <ele>2153</ele>
      </trkpt>
      <trkpt lat="42.607080973684788" lon="0.639661001041532">
        <ele>2154</ele>
      </trkpt>
      <trkpt lat="42.607088014483452" lon="0.639724032953382">
        <ele>2155</ele>
      </trkpt>
      <trkpt lat="42.607144005596638" lon="0.639835009351373">
        <ele>2156</ele>
      </trkpt>
      <trkpt lat="42.607168983668089" lon="0.639864010736346">
        <ele>2157</ele>
      </trkpt>
      <trkpt lat="42.607172001153231" lon="0.639903992414474">
        <ele>2157</ele>
      </trkpt>
      <trkpt lat="42.607190022245049" lon="0.639949003234506">
        <ele>2157</ele>
      </trkpt>
      <trkpt lat="42.607262022793293" lon="0.640029972419143">
        <ele>2159</ele>
      </trkpt>
      <trkpt lat="42.607302004471421" lon="0.64010800793767">
        <ele>2161</ele>
      </trkpt>
      <trkpt lat="42.607350032776594" lon="0.640169028192759">
        <ele>2162</ele>
      </trkpt>
      <trkpt lat="42.60742899030447" lon="0.640225019305944">
        <ele>2164</ele>
      </trkpt>
      <trkpt lat="42.607507025822997" lon="0.640251003205776">
        <ele>2165</ele>
      </trkpt>
      <trkpt lat="42.607619008049369" lon="0.640283022075891">
        <ele>2168</ele>
      </trkpt>
      <trkpt lat="42.607704000547528" lon="0.640267012640834">
        <ele>2173</ele>
      </trkpt>
      <trkpt lat="42.607728978618979" lon="0.640290984883904">
        <ele>2175</ele>
      </trkpt>
      <trkpt lat="42.607741970568895" lon="0.640311017632484">
        <ele>2178</ele>
      </trkpt>
      <trkpt lat="42.607789998874068" lon="0.640321997925639">
        <ele>2179</ele>
      </trkpt>
      <trkpt lat="42.607840960845351" lon="0.640397015959024">
        <ele>2179</ele>
      </trkpt>
      <trkpt lat="42.607837021350861" lon="0.640500029549003">
        <ele>2180</ele>
      </trkpt>
      <trkpt lat="42.607866022735834" lon="0.64058099873364">
        <ele>2183</ele>
      </trkpt>
      <trkpt lat="42.607920002192259" lon="0.640703039243817">
        <ele>2184</ele>
      </trkpt>
      <trkpt lat="42.607940034940839" lon="0.640772022306919">
        <ele>2186</ele>
      </trkpt>
      <trkpt lat="42.607953026890755" lon="0.64086296595633">
        <ele>2187</ele>
      </trkpt>
      <trkpt lat="42.607970964163542" lon="0.640931027010083">
        <ele>2189</ele>
      </trkpt>
      <trkpt lat="42.607970964163542" lon="0.640957010909915">
        <ele>2189</ele>
      </trkpt>
      <trkpt lat="42.608055034652352" lon="0.640997998416424">
        <ele>2190</ele>
      </trkpt>
      <trkpt lat="42.608125023543835" lon="0.641088020056486">
        <ele>2191</ele>
      </trkpt>
      <trkpt lat="42.608199035748839" lon="0.641168989241123">
        <ele>2192</ele>
      </trkpt>
      <trkpt lat="42.608257038518786" lon="0.641212994232774">
        <ele>2193</ele>
      </trkpt>
      <trkpt lat="42.608326021581888" lon="0.641259010881186">
        <ele>2194</ele>
      </trkpt>
      <trkpt lat="42.608349993824959" lon="0.641324976459146">
        <ele>2194</ele>
      </trkpt>
      <trkpt lat="42.608386036008596" lon="0.641379961743951">
        <ele>2194</ele>
      </trkpt>
      <trkpt lat="42.608432974666357" lon="0.641394965350628">
        <ele>2195</ele>
      </trkpt>
      <trkpt lat="42.608456024900079" lon="0.641417009755969">
        <ele>2195</ele>
      </trkpt>
      <trkpt lat="42.608456024900079" lon="0.641417009755969">
        <ele>2197</ele>
      </trkpt>
      <trkpt lat="42.608536994084716" lon="0.641468977555633">
        <ele>2198</ele>
      </trkpt>
      <trkpt lat="42.608545962721109" lon="0.64148498699069">
        <ele>2198</ele>
      </trkpt>
      <trkpt lat="42.608574964106083" lon="0.641488004475832">
        <ele>2199</ele>
      </trkpt>
      <trkpt lat="42.608604971319437" lon="0.641563022509217">
        <ele>2199</ele>
      </trkpt>
      <trkpt lat="42.608598014339805" lon="0.6416330114007">
        <ele>2200</ele>
      </trkpt>
      <trkpt lat="42.60861000046134" lon="0.641691014170647">
        <ele>2203</ele>
      </trkpt>
      <trkpt lat="42.608636990189552" lon="0.64182797446847">
        <ele>2204</ele>
      </trkpt>
      <trkpt lat="42.608634978532791" lon="0.641839038580656">
        <ele>2204</ele>
      </trkpt>
      <trkpt lat="42.608666997402906" lon="0.642040958628058">
        <ele>2204</ele>
      </trkpt>
      <trkpt lat="42.608666997402906" lon="0.642053028568625">
        <ele>2204</ele>
      </trkpt>
      <trkpt lat="42.608657022938132" lon="0.642097033560276">
        <ele>2204</ele>
      </trkpt>
      <trkpt lat="42.60865299962461" lon="0.642127962782979">
        <ele>2205</ele>
      </trkpt>
      <trkpt lat="42.608613017946482" lon="0.642188983038068">
        <ele>2207</ele>
      </trkpt>
      <trkpt lat="42.608614023774862" lon="0.642327032983303">
        <ele>2211</ele>
      </trkpt>
      <trkpt lat="42.608515033498406" lon="0.642389981076121">
        <ele>2212</ele>
      </trkpt>
      <trkpt lat="42.608450995758176" lon="0.642458964139223">
        <ele>2214</ele>
      </trkpt>
      <trkpt lat="42.608401039615273" lon="0.64253699965775">
        <ele>2216</ele>
      </trkpt>
      <trkpt lat="42.608369020745158" lon="0.642630038782954">
        <ele>2217</ele>
      </trkpt>
      <trkpt lat="42.608403973281384" lon="0.642712013795972">
        <ele>2218</ele>
      </trkpt>
      <trkpt lat="42.608384024351835" lon="0.642847968265414">
        <ele>2220</ele>
      </trkpt>
      <trkpt lat="42.608386036008596" lon="0.642948970198631">
        <ele>2223</ele>
      </trkpt>
      <trkpt lat="42.608320992439985" lon="0.643074028193951">
        <ele>2225</ele>
      </trkpt>
      <trkpt lat="42.608303977176547" lon="0.643090037629008">
        <ele>2225</ele>
      </trkpt>
      <trkpt lat="42.608262989670038" lon="0.643156003206968">
        <ele>2227</ele>
      </trkpt>
      <trkpt lat="42.608206998556852" lon="0.643210988491774">
        <ele>2227</ele>
      </trkpt>
      <trkpt lat="42.608179003000259" lon="0.643327999860048">
        <ele>2229</ele>
      </trkpt>
      <trkpt lat="42.608148995786905" lon="0.643404023721814">
        <ele>2229</ele>
      </trkpt>
      <trkpt lat="42.608148995786905" lon="0.643404023721814">
        <ele>2229</ele>
      </trkpt>
      <trkpt lat="42.608118988573551" lon="0.643451968207955">
        <ele>2231</ele>
      </trkpt>
      <trkpt lat="42.608053022995591" lon="0.643526986241341">
        <ele>2232</ele>
      </trkpt>
      <trkpt lat="42.608040031045675" lon="0.643561016768217">
        <ele>2232</ele>
      </trkpt>
      <trkpt lat="42.608027039095759" lon="0.643693031743169">
        <ele>2234</ele>
      </trkpt>
      <trkpt lat="42.607957972213626" lon="0.643762014806271">
        <ele>2237</ele>
      </trkpt>
      <trkpt lat="42.607909021899104" lon="0.643862010911107">
        <ele>2239</ele>
      </trkpt>
      <trkpt lat="42.607932994142175" lon="0.644016992300749">
        <ele>2242</ele>
      </trkpt>
      <trkpt lat="42.607936011627316" lon="0.644029984250665">
        <ele>2242</ele>
      </trkpt>
      <trkpt lat="42.607953026890755" lon="0.644154036417603">
        <ele>2244</ele>
      </trkpt>
      <trkpt lat="42.607953026890755" lon="0.644179014489055">
        <ele>2245</ele>
      </trkpt>
      <trkpt lat="42.607937017455697" lon="0.644242968410254">
        <ele>2247</ele>
      </trkpt>
      <trkpt lat="42.607955960556865" lon="0.644310023635626">
        <ele>2248</ele>
      </trkpt>
      <trkpt lat="42.607953026890755" lon="0.644357968121767">
        <ele>2248</ele>
      </trkpt>
      <trkpt lat="42.607906004413962" lon="0.644479002803564">
        <ele>2249</ele>
      </trkpt>
      <trkpt lat="42.607906004413962" lon="0.644479002803564">
        <ele>2250</ele>
      </trkpt>
      <trkpt lat="42.607865016907454" lon="0.644554020836949">
        <ele>2252</ele>
      </trkpt>
      <trkpt lat="42.607817994430661" lon="0.644678995013237">
        <ele>2254</ele>
      </trkpt>
      <trkpt lat="42.607820006087422" lon="0.644830958917737">
        <ele>2256</ele>
      </trkpt>
      <trkpt lat="42.607797039672732" lon="0.644956016913056">
        <ele>2258</ele>
      </trkpt>
      <trkpt lat="42.607783963903785" lon="0.64507101662457">
        <ele>2260</ele>
      </trkpt>
      <trkpt lat="42.607787987217307" lon="0.645142011344433">
        <ele>2261</ele>
      </trkpt>
      <trkpt lat="42.607757980003953" lon="0.64526597969234">
        <ele>2263</ele>
      </trkpt>
      <trkpt lat="42.607728978618979" lon="0.645393971353769">
        <ele>2265</ele>
      </trkpt>
      <trkpt lat="42.607711963355541" lon="0.645465971902013">
        <ele>2266</ele>
      </trkpt>
      <trkpt lat="42.607711041346192" lon="0.645477036014199">
        <ele>2266</ele>
      </trkpt>
      <trkpt lat="42.607670975849032" lon="0.645538978278637">
        <ele>2267</ele>
      </trkpt>
      <trkpt lat="42.607644991949201" lon="0.645612990483642">
        <ele>2269</ele>
      </trkpt>
      <trkpt lat="42.607626970857382" lon="0.645694965496659">
        <ele>2271</ele>
      </trkpt>
      <trkpt lat="42.607591012492776" lon="0.645799990743399">
        <ele>2274</ele>
      </trkpt>
      <trkpt lat="42.607542984187603" lon="0.645817006006837">
        <ele>2276</ele>
      </trkpt>
      <trkpt lat="42.607528986409307" lon="0.645901998504996">
        <ele>2277</ele>
      </trkpt>
      <trkpt lat="42.607493028044701" lon="0.646013980731368">
        <ele>2280</ele>
      </trkpt>
      <trkpt lat="42.607444999739528" lon="0.646110037341714">
        <ele>2282</ele>
      </trkpt>
      <trkpt lat="42.607437036931515" lon="0.646165022626519">
        <ele>2284</ele>
      </trkpt>
      <trkpt lat="42.607425972819328" lon="0.64625303260982">
        <ele>2285</ele>
      </trkpt>
      <trkpt lat="42.607390014454722" lon="0.646344982087612">
        <ele>2286</ele>
      </trkpt>
      <trkpt lat="42.607380039989948" lon="0.646444978192449">
        <ele>2287</ele>
      </trkpt>
      <trkpt lat="42.607372999191284" lon="0.646454030647874">
        <ele>2287</ele>
      </trkpt>
      <trkpt lat="42.607312984764576" lon="0.646504992619157">
        <ele>2289</ele>
      </trkpt>
      <trkpt lat="42.607207037508488" lon="0.646577998995781">
        <ele>2292</ele>
      </trkpt>
      <trkpt lat="42.607208965346217" lon="0.646577998995781">
        <ele>2292</ele>
      </trkpt>
      <trkpt lat="42.607204020023346" lon="0.646604988723993">
        <ele>2292</ele>
      </trkpt>
      <trkpt lat="42.607207959517837" lon="0.646684030070901">
        <ele>2293</ele>
      </trkpt>
      <trkpt lat="42.607232015579939" lon="0.646744966506958">
        <ele>2293</ele>
      </trkpt>
      <trkpt lat="42.607232015579939" lon="0.646744966506958">
        <ele>2294</ele>
      </trkpt>
      <trkpt lat="42.607269985601306" lon="0.646842028945684">
        <ele>2295</ele>
      </trkpt>
      <trkpt lat="42.607265040278435" lon="0.646857032552361">
        <ele>2295</ele>
      </trkpt>
      <trkpt lat="42.607222963124514" lon="0.646979995071888">
        <ele>2298</ele>
      </trkpt>
      <trkpt lat="42.607160015031695" lon="0.647035986185074">
        <ele>2299</ele>
      </trkpt>
      <trkpt lat="42.607123972848058" lon="0.647141011431813">
        <ele>2300</ele>
      </trkpt>
      <trkpt lat="42.607111986726522" lon="0.647206977009773">
        <ele>2302</ele>
      </trkpt>
      <trkpt lat="42.607092959806323" lon="0.647276965901256">
        <ele>2303</ele>
      </trkpt>
      <trkpt lat="42.607058007270098" lon="0.647291969507933">
        <ele>2304</ele>
      </trkpt>
      <trkpt lat="42.606990030035377" lon="0.647281995043159">
        <ele>2306</ele>
      </trkpt>
      <trkpt lat="42.606979971751571" lon="0.647342009469867">
        <ele>2308</ele>
      </trkpt>
      <trkpt lat="42.606931021437049" lon="0.647405963391066">
        <ele>2310</ele>
      </trkpt>
      <trkpt lat="42.606872012838721" lon="0.647389031946659">
        <ele>2312</ele>
      </trkpt>
      <trkpt lat="42.606831025332212" lon="0.64741401001811">
        <ele>2314</ele>
      </trkpt>
      <trkpt lat="42.606788026168942" lon="0.647504031658173">
        <ele>2316</ele>
      </trkpt>
      <trkpt lat="42.606780985370278" lon="0.647582989186049">
        <ele>2318</ele>
      </trkpt>
      <trkpt lat="42.606735974550247" lon="0.647687008604407">
        <ele>2319</ele>
      </trkpt>
      <trkpt lat="42.606704039499164" lon="0.647748028859496">
        <ele>2321</ele>
      </trkpt>
      <trkpt lat="42.606629021465778" lon="0.647806031629443">
        <ele>2321</ele>
      </trkpt>
      <trkpt lat="42.606599014252424" lon="0.647840984165668">
        <ele>2321</ele>
      </trkpt>
      <trkpt lat="42.606583004817367" lon="0.647852970287204">
        <ele>2321</ele>
      </trkpt>
      <trkpt lat="42.606576969847083" lon="0.647875014692545">
        <ele>2321</ele>
      </trkpt>
      <trkpt lat="42.606558026745915" lon="0.647890018299222">
        <ele>2322</ele>
      </trkpt>
      <trkpt lat="42.606514021754265" lon="0.64792899414897">
        <ele>2323</ele>
      </trkpt>
      <trkpt lat="42.606493989005685" lon="0.647964030504227">
        <ele>2323</ele>
      </trkpt>
      <trkpt lat="42.606486026197672" lon="0.647981967777014">
        <ele>2325</ele>
      </trkpt>
      <trkpt lat="42.606431040912867" lon="0.648037036880851">
        <ele>2327</ele>
      </trkpt>
      <trkpt lat="42.606335990130901" lon="0.648068971931934">
        <ele>2329</ele>
      </trkpt>
      <trkpt lat="42.606272036209702" lon="0.648129992187023">
        <ele>2331</ele>
      </trkpt>
      <trkpt lat="42.606257032603025" lon="0.648117000237107">
        <ele>2333</ele>
      </trkpt>
      <trkpt lat="42.60620397515595" lon="0.648126974701881">
        <ele>2335</ele>
      </trkpt>
      <trkpt lat="42.606189977377653" lon="0.648140972480178">
        <ele>2336</ele>
      </trkpt>
      <trkpt lat="42.606140021234751" lon="0.648175003007054">
        <ele>2337</ele>
      </trkpt>
      <trkpt lat="42.606086041778326" lon="0.648211967200041">
        <ele>2339</ele>
      </trkpt>
      <trkpt lat="42.606051005423069" lon="0.648199981078506">
        <ele>2341</ele>
      </trkpt>
      <trkpt lat="42.606037007644773" lon="0.648204004392028">
        <ele>2341</ele>
      </trkpt>
      <trkpt lat="42.605984034016728" lon="0.648277010768652">
        <ele>2342</ele>
      </trkpt>
      <trkpt lat="42.605943968519568" lon="0.648296037688851">
        <ele>2344</ele>
      </trkpt>
      <trkpt lat="42.605921002104878" lon="0.648344988003373">
        <ele>2345</ele>
      </trkpt>
      <trkpt lat="42.605865010991693" lon="0.648472979664803">
        <ele>2347</ele>
      </trkpt>
      <trkpt lat="42.605823017656803" lon="0.648596026003361">
        <ele>2349</ele>
      </trkpt>
      <trkpt lat="42.605829974636436" lon="0.648626033216715">
        <ele>2350</ele>
      </trkpt>
      <trkpt lat="42.605812959372997" lon="0.648731980472803">
        <ele>2353</ele>
      </trkpt>
      <trkpt lat="42.605736013501883" lon="0.648812027648091">
        <ele>2354</ele>
      </trkpt>
      <trkpt lat="42.605725033208728" lon="0.648873969912529">
        <ele>2355</ele>
      </trkpt>
      <trkpt lat="42.60573098435998" lon="0.648967009037733">
        <ele>2356</ele>
      </trkpt>
      <trkpt lat="42.605727966874838" lon="0.649023000150919">
        <ele>2356</ele>
      </trkpt>
      <trkpt lat="42.60570801794529" lon="0.649180999025702">
        <ele>2358</ele>
      </trkpt>
      <trkpt lat="42.605750011280179" lon="0.64930303953588">
        <ele>2359</ele>
      </trkpt>
      <trkpt lat="42.605728972703218" lon="0.649442011490464">
        <ele>2361</ele>
      </trkpt>
      <trkpt lat="42.605736013501883" lon="0.649469001218677">
        <ele>2361</ele>
      </trkpt>
      <trkpt lat="42.605746993795037" lon="0.6496059615165">
        <ele>2363</ele>
      </trkpt>
      <trkpt lat="42.605766020715237" lon="0.649634040892124">
        <ele>2364</ele>
      </trkpt>
      <trkpt lat="42.605768032371998" lon="0.649640997871757">
        <ele>2364</ele>
      </trkpt>
      <trkpt lat="42.605755962431431" lon="0.649725990369916">
        <ele>2366</ele>
      </trkpt>
      <trkpt lat="42.605735007673502" lon="0.649811988696456">
        <ele>2367</ele>
      </trkpt>
      <trkpt lat="42.605737019330263" lon="0.649941992014647">
        <ele>2369</ele>
      </trkpt>
      <trkpt lat="42.60575202293694" lon="0.649969987571239">
        <ele>2370</ele>
      </trkpt>
      <trkpt lat="42.605746993795037" lon="0.649982979521155">
        <ele>2372</ele>
      </trkpt>
      <trkpt lat="42.605684967711568" lon="0.650070989504457">
        <ele>2374</ele>
      </trkpt>
      <trkpt lat="42.6056660246104" lon="0.650126980617642">
        <ele>2377</ele>
      </trkpt>
      <trkpt lat="42.605672981590033" lon="0.650224965065718">
        <ele>2378</ele>
      </trkpt>
      <trkpt lat="42.605640040710568" lon="0.650349017232656">
        <ele>2381</ele>
      </trkpt>
      <trkpt lat="42.605611039325595" lon="0.650410959497094">
        <ele>2383</ele>
      </trkpt>
      <trkpt lat="42.60562201961875" lon="0.650478014722466">
        <ele>2385</ele>
      </trkpt>
      <trkpt lat="42.605607016012073" lon="0.650556972250342">
        <ele>2387</ele>
      </trkpt>
      <trkpt lat="42.605605004355311" lon="0.650594020262361">
        <ele>2388</ele>
      </trkpt>
      <trkpt lat="42.605578014627099" lon="0.650637019425631">
        <ele>2390</ele>
      </trkpt>
      <trkpt lat="42.605523029342294" lon="0.650709019973874">
        <ele>2392</ele>
      </trkpt>
      <trkpt lat="42.60549696162343" lon="0.650762999430299">
        <ele>2393</ele>
      </trkpt>
      <trkpt lat="42.60549402795732" lon="0.65083097666502">
        <ele>2394</ele>
      </trkpt>
      <trkpt lat="42.60549302212894" lon="0.650930972769856">
        <ele>2396</ele>
      </trkpt>
      <trkpt lat="42.605462009087205" lon="0.650981012731791">
        <ele>2396</ele>
      </trkpt>
      <trkpt lat="42.60545102879405" lon="0.651013031601906">
        <ele>2396</ele>
      </trkpt>
      <trkpt lat="42.605454968288541" lon="0.65104303881526">
        <ele>2398</ele>
      </trkpt>
      <trkpt lat="42.605466032400727" lon="0.651204977184534">
        <ele>2400</ele>
      </trkpt>
      <trkpt lat="42.605510037392378" lon="0.651256022974849">
        <ele>2403</ele>
      </trkpt>
      <trkpt lat="42.605512971058488" lon="0.651349984109402">
        <ele>2405</ele>
      </trkpt>
      <trkpt lat="42.605508025735617" lon="0.651403963565826">
        <ele>2407</ele>
      </trkpt>
      <trkpt lat="42.605454968288541" lon="0.651433970779181">
        <ele>2409</ele>
      </trkpt>
      <trkpt lat="42.605383973568678" lon="0.651474958285689">
        <ele>2410</ele>
      </trkpt>
      <trkpt lat="42.60536503046751" lon="0.651486022397876">
        <ele>2410</ele>
      </trkpt>
      <trkpt lat="42.605372993275523" lon="0.651515023782849">
        <ele>2411</ele>
      </trkpt>
      <trkpt lat="42.605330999940634" lon="0.651577971875668">
        <ele>2412</ele>
      </trkpt>
      <trkpt lat="42.605308033525944" lon="0.651635974645615">
        <ele>2413</ele>
      </trkpt>
      <trkpt lat="42.605289006605744" lon="0.651751980185509">
        <ele>2414</ele>
      </trkpt>
      <trkpt lat="42.605284983292222" lon="0.651791039854288">
        <ele>2415</ele>
      </trkpt>
      <trkpt lat="42.605292024090886" lon="0.65192598849535">
        <ele>2415</ele>
      </trkpt>
      <trkpt lat="42.605276014655828" lon="0.652066972106695">
        <ele>2416</ele>
      </trkpt>
      <trkpt lat="42.605242989957333" lon="0.652237962931395">
        <ele>2418</ele>
      </trkpt>
      <trkpt lat="42.60523502714932" lon="0.652282973751426">
        <ele>2420</ele>
      </trkpt>
      <trkpt lat="42.605227986350656" lon="0.652314992621541">
        <ele>2423</ele>
      </trkpt>
      <trkpt lat="42.605189010500908" lon="0.652400990948081">
        <ele>2425</ele>
      </trkpt>
      <trkpt lat="42.605185993015766" lon="0.652426974847913">
        <ele>2425</ele>
      </trkpt>
      <trkpt lat="42.605180963873863" lon="0.652481038123369">
        <ele>2426</ele>
      </trkpt>
      <trkpt lat="42.605154979974031" lon="0.652568964287639">
        <ele>2427</ele>
      </trkpt>
      <trkpt lat="42.605136958882213" lon="0.652642976492643">
        <ele>2428</ele>
      </trkpt>
      <trkpt lat="42.60513000190258" lon="0.652679018676281">
        <ele>2429</ele>
      </trkpt>
      <trkpt lat="42.605113992467523" lon="0.652715982869267">
        <ele>2429</ele>
      </trkpt>
      <trkpt lat="42.605093959718943" lon="0.652875993400812">
        <ele>2429</ele>
      </trkpt>
      <trkpt lat="42.605081973597407" lon="0.652962997555733">
        <ele>2429</ele>
      </trkpt>
      <trkpt lat="42.605037968605757" lon="0.653116973116994">
        <ele>2428</ele>
      </trkpt>
      <trkpt lat="42.605028999969363" lon="0.65315100364387">
        <ele>2428</ele>
      </trkpt>
      <trkpt lat="42.605011984705925" lon="0.65319299697876">
        <ele>2428</ele>
      </trkpt>
      <trkpt lat="42.605008967220783" lon="0.653218980878592">
        <ele>2428</ele>
      </trkpt>
      <trkpt lat="42.604996981099248" lon="0.653296010568738">
        <ele>2428</ele>
      </trkpt>
      <trkpt lat="42.604995975270867" lon="0.65332300029695">
        <ele>2428</ele>
      </trkpt>
      <trkpt lat="42.604987006634474" lon="0.653340015560389">
        <ele>2428</ele>
      </trkpt>
      <trkpt lat="42.604960016906261" lon="0.653420984745026">
        <ele>2427</ele>
      </trkpt>
      <trkpt lat="42.604931015521288" lon="0.653454009443522">
        <ele>2426</ele>
      </trkpt>
      <trkpt lat="42.604924980551004" lon="0.653556017205119">
        <ele>2426</ele>
      </trkpt>
      <trkpt lat="42.604903019964695" lon="0.653660958632827">
        <ele>2426</ele>
      </trkpt>
      <trkpt lat="42.604878963902593" lon="0.653808983042836">
        <ele>2426</ele>
      </trkpt>
      <trkpt lat="42.604852980002761" lon="0.653877966105938">
        <ele>2426</ele>
      </trkpt>
      <trkpt lat="42.604823978617787" lon="0.654008975252509">
        <ele>2426</ele>
      </trkpt>
      <trkpt lat="42.604832025244832" lon="0.654132021591067">
        <ele>2426</ele>
      </trkpt>
      <trkpt lat="42.60484803467989" lon="0.654274011030793">
        <ele>2426</ele>
      </trkpt>
      <trkpt lat="42.60484803467989" lon="0.654274011030793">
        <ele>2427</ele>
      </trkpt>
      <trkpt lat="42.604857003316283" lon="0.654340982437134">
        <ele>2428</ele>
      </trkpt>
      <trkpt lat="42.604858009144664" lon="0.654394961893559">
        <ele>2428</ele>
      </trkpt>
      <trkpt lat="42.604862032458186" lon="0.654447013512254">
        <ele>2428</ele>
      </trkpt>
      <trkpt lat="42.604878041893244" lon="0.654595959931612">
        <ele>2429</ele>
      </trkpt>
      <trkpt lat="42.604905031621456" lon="0.654659997671843">
        <ele>2430</ele>
      </trkpt>
      <trkpt lat="42.60491400025785" lon="0.654731998220086">
        <ele>2430</ele>
      </trkpt>
      <trkpt lat="42.604912994429469" lon="0.65480399876833">
        <ele>2432</ele>
      </trkpt>
      <trkpt lat="42.604916011914611" lon="0.654840040951967">
        <ele>2432</ele>
      </trkpt>
      <trkpt lat="42.604944007471204" lon="0.654992004856467">
        <ele>2434</ele>
      </trkpt>
      <trkpt lat="42.604944007471204" lon="0.654992004856467">
        <ele>2436</ele>
      </trkpt>
      <trkpt lat="42.604943001642823" lon="0.655022012069821">
        <ele>2436</ele>
      </trkpt>
      <trkpt lat="42.604961022734642" lon="0.655160984024405">
        <ele>2436</ele>
      </trkpt>
      <trkpt lat="42.604970997199416" lon="0.655329963192344">
        <ele>2435</ele>
      </trkpt>
      <trkpt lat="42.604967979714274" lon="0.655355025082827">
        <ele>2435</ele>
      </trkpt>
      <trkpt lat="42.604965968057513" lon="0.655387965962291">
        <ele>2435</ele>
      </trkpt>
      <trkpt lat="42.604933027178049" lon="0.655521992594004">
        <ele>2434</ele>
      </trkpt>
      <trkpt lat="42.604922968894243" lon="0.655570020899177">
        <ele>2433</ele>
      </trkpt>
      <trkpt lat="42.604916011914611" lon="0.655726008117199">
        <ele>2433</ele>
      </trkpt>
      <trkpt lat="42.604923974722624" lon="0.655772024765611">
        <ele>2433</ele>
      </trkpt>
      <trkpt lat="42.604900002479553" lon="0.655867997556925">
        <ele>2433</ele>
      </trkpt>
      <trkpt lat="42.604865971952677" lon="0.655987020581961">
        <ele>2432</ele>
      </trkpt>
      <trkpt lat="42.60487100109458" lon="0.656045023351908">
        <ele>2432</ele>
      </trkpt>
      <trkpt lat="42.604923974722624" lon="0.656183995306492">
        <ele>2431</ele>
      </trkpt>
      <trkpt lat="42.604947024956346" lon="0.656307963654399">
        <ele>2431</ele>
      </trkpt>
      <trkpt lat="42.604912994429469" lon="0.656439978629351">
        <ele>2431</ele>
      </trkpt>
      <trkpt lat="42.604909976944327" lon="0.656457999721169">
        <ele>2431</ele>
      </trkpt>
      <trkpt lat="42.604909976944327" lon="0.65660803578794">
        <ele>2430</ele>
      </trkpt>
      <trkpt lat="42.604973008856177" lon="0.656607029959559">
        <ele>2430</ele>
      </trkpt>
      <trkpt lat="42.604998992756009" lon="0.656627984717488">
        <ele>2430</ele>
      </trkpt>
      <trkpt lat="42.605077028274536" lon="0.656668972223997">
        <ele>2430</ele>
      </trkpt>
      <trkpt lat="42.605223963037133" lon="0.656706020236015">
        <ele>2430</ele>
      </trkpt>
      <trkpt lat="42.60523502714932" lon="0.656695039942861">
        <ele>2430</ele>
      </trkpt>
      <trkpt lat="42.605339968577027" lon="0.656724041327834">
        <ele>2430</ele>
      </trkpt>
      <trkpt lat="42.605453040450811" lon="0.656764023005962">
        <ele>2430</ele>
      </trkpt>
      <trkpt lat="42.605482963845134" lon="0.65680299885571">
        <ele>2432</ele>
      </trkpt>
      <trkpt lat="42.605591006577015" lon="0.656873993575573">
        <ele>2433</ele>
      </trkpt>
      <trkpt lat="42.605640040710568" lon="0.656904000788927">
        <ele>2435</ele>
      </trkpt>
      <trkpt lat="42.605692008510232" lon="0.657002991065383">
        <ele>2436</ele>
      </trkpt>
      <trkpt lat="42.60573098435998" lon="0.657025035470724">
        <ele>2437</ele>
      </trkpt>
      <trkpt lat="42.605802984908223" lon="0.657112039625645">
        <ele>2437</ele>
      </trkpt>
      <trkpt lat="42.60588102042675" lon="0.657176999375224">
        <ele>2438</ele>
      </trkpt>
      <trkpt lat="42.605896024033427" lon="0.657193008810282">
        <ele>2439</ele>
      </trkpt>
      <trkpt lat="42.605910021811724" lon="0.657254029065371">
        <ele>2440</ele>
      </trkpt>
      <trkpt lat="42.605910021811724" lon="0.657266015186906">
        <ele>2441</ele>
      </trkpt>
      <trkpt lat="42.605937011539936" lon="0.657315971329808">
        <ele>2443</ele>
      </trkpt>
      <trkpt lat="42.605950003489852" lon="0.657356036826968">
        <ele>2445</ele>
      </trkpt>
      <trkpt lat="42.605956038460135" lon="0.657371040433645">
        <ele>2446</ele>
      </trkpt>
      <trkpt lat="42.605973975732923" lon="0.657455027103424">
        <ele>2447</ele>
      </trkpt>
      <trkpt lat="42.605976993218064" lon="0.657572960481048">
        <ele>2448</ele>
      </trkpt>
      <trkpt lat="42.605969030410051" lon="0.657641021534801">
        <ele>2448</ele>
      </trkpt>
      <trkpt lat="42.605982022359967" lon="0.657702963799238">
        <ele>2448</ele>
      </trkpt>
      <trkpt lat="42.605985039845109" lon="0.657741017639637">
        <ele>2448</ele>
      </trkpt>
      <trkpt lat="42.605981016531587" lon="0.657746968790889">
        <ele>2448</ele>
      </trkpt>
      <trkpt lat="42.605953020974994" lon="0.657844031229615">
        <ele>2448</ele>
      </trkpt>
      <trkpt lat="42.605957966297865" lon="0.657959030941129">
        <ele>2447</ele>
      </trkpt>
      <trkpt lat="42.605968024581671" lon="0.658117029815912">
        <ele>2447</ele>
      </trkpt>
      <trkpt lat="42.6059889793396" lon="0.658218031749129">
        <ele>2446</ele>
      </trkpt>
      <trkpt lat="42.6059889793396" lon="0.658230017870665">
        <ele>2446</ele>
      </trkpt>
      <trkpt lat="42.6059889793396" lon="0.658239992335439">
        <ele>2446</ele>
      </trkpt>
      <trkpt lat="42.605987973511219" lon="0.658318027853966">
        <ele>2446</ele>
      </trkpt>
      <trkpt lat="42.606003982946277" lon="0.65835096873343">
        <ele>2446</ele>
      </trkpt>
      <trkpt lat="42.606012029573321" lon="0.658475020900369">
        <ele>2445</ele>
      </trkpt>
      <trkpt lat="42.605985961854458" lon="0.658552972599864">
        <ele>2444</ele>
      </trkpt>
      <trkpt lat="42.605976993218064" lon="0.658570993691683">
        <ele>2442</ele>
      </trkpt>
      <trkpt lat="42.605973975732923" lon="0.658605024218559">
        <ele>2441</ele>
      </trkpt>
      <trkpt lat="42.605939023196697" lon="0.658699991181493">
        <ele>2441</ele>
      </trkpt>
      <trkpt lat="42.605939023196697" lon="0.658699991181493">
        <ele>2441</ele>
      </trkpt>
      <trkpt lat="42.605928964912891" lon="0.658720023930073">
        <ele>2440</ele>
      </trkpt>
      <trkpt lat="42.60590298101306" lon="0.658772997558117">
        <ele>2438</ele>
      </trkpt>
      <trkpt lat="42.605871967971325" lon="0.658768974244595">
        <ele>2436</ele>
      </trkpt>
      <trkpt lat="42.605858976021409" lon="0.658752964809537">
        <ele>2436</ele>
      </trkpt>
      <trkpt lat="42.605854030698538" lon="0.658745002001524">
        <ele>2436</ele>
      </trkpt>
      <trkpt lat="42.605841038748622" lon="0.658861007541418">
        <ele>2436</ele>
      </trkpt>
      <trkpt lat="42.605836009606719" lon="0.658896965906024">
        <ele>2436</ele>
      </trkpt>
      <trkpt lat="42.605820000171661" lon="0.659069968387485">
        <ele>2436</ele>
      </trkpt>
      <trkpt lat="42.6058179885149" lon="0.659103998914361">
        <ele>2436</ele>
      </trkpt>
      <trkpt lat="42.605792004615068" lon="0.659222016111016">
        <ele>2436</ele>
      </trkpt>
      <trkpt lat="42.605785969644785" lon="0.659241965040565">
        <ele>2437</ele>
      </trkpt>
      <trkpt lat="42.605749005451798" lon="0.659460984170437">
        <ele>2437</ele>
      </trkpt>
      <trkpt lat="42.605727966874838" lon="0.65955201163888">
        <ele>2438</ele>
      </trkpt>
      <trkpt lat="42.60573199018836" lon="0.659589981660247">
        <ele>2438</ele>
      </trkpt>
      <trkpt lat="42.605683961883187" lon="0.659685032442212">
        <ele>2437</ele>
      </trkpt>
      <trkpt lat="42.605651021003723" lon="0.659778993576765">
        <ele>2437</ele>
      </trkpt>
      <trkpt lat="42.605634005740285" lon="0.659801037982106">
        <ele>2445</ele>
      </trkpt>
      <trkpt lat="42.605628976598382" lon="0.659826016053557">
        <ele>2446</ele>
      </trkpt>
      <trkpt lat="42.605613972991705" lon="0.659849988296628">
        <ele>2446</ele>
      </trkpt>
      <trkpt lat="42.605554964393377" lon="0.659911008551717">
        <ele>2448</ele>
      </trkpt>
      <trkpt lat="42.605535015463829" lon="0.659954007714987">
        <ele>2448</ele>
      </trkpt>
      <trkpt lat="42.605488998815417" lon="0.660084011033177">
        <ele>2449</ele>
      </trkpt>
      <trkpt lat="42.605519006028771" lon="0.660220971331">
        <ele>2452</ele>
      </trkpt>
      <trkpt lat="42.605505008250475" lon="0.660343011841178">
        <ele>2453</ele>
      </trkpt>
      <trkpt lat="42.60551699437201" lon="0.660493969917297">
        <ele>2457</ele>
      </trkpt>
      <trkpt lat="42.60549402795732" lon="0.660570999607444">
        <ele>2458</ele>
      </trkpt>
      <trkpt lat="42.605496039614081" lon="0.660592960193753">
        <ele>2459</ele>
      </trkpt>
      <trkpt lat="42.605479024350643" lon="0.660596983507276">
        <ele>2460</ele>
      </trkpt>
      <trkpt lat="42.605436025187373" lon="0.66073302179575">
        <ele>2462</ele>
      </trkpt>
      <trkpt lat="42.605403000488877" lon="0.660840980708599">
        <ele>2463</ele>
      </trkpt>
      <trkpt lat="42.6054070238024" lon="0.66086201928556">
        <ele>2463</ele>
      </trkpt>
      <trkpt lat="42.605411969125271" lon="0.661054970696568">
        <ele>2465</ele>
      </trkpt>
      <trkpt lat="42.605389002710581" lon="0.661152033135295">
        <ele>2466</ele>
      </trkpt>
      <trkpt lat="42.605403000488877" lon="0.661236019805074">
        <ele>2467</ele>
      </trkpt>
      <trkpt lat="42.605448011308908" lon="0.661297962069511">
        <ele>2468</ele>
      </trkpt>
      <trkpt lat="42.605459997430444" lon="0.661414973437786">
        <ele>2470</ele>
      </trkpt>
      <trkpt lat="42.605440970510244" lon="0.661533996462822">
        <ele>2471</ele>
      </trkpt>
      <trkpt lat="42.605419009923935" lon="0.661584958434105">
        <ele>2472</ele>
      </trkpt>
      <trkpt lat="42.605399983003736" lon="0.661729965358973">
        <ele>2472</ele>
      </trkpt>
      <trkpt lat="42.605380034074187" lon="0.661838008090854">
        <ele>2472</ele>
      </trkpt>
      <trkpt lat="42.605352038517594" lon="0.661955019459128">
        <ele>2472</ele>
      </trkpt>
      <trkpt lat="42.605314990505576" lon="0.662119975313544">
        <ele>2472</ele>
      </trkpt>
      <trkpt lat="42.605294035747647" lon="0.662321979179978">
        <ele>2472</ele>
      </trkpt>
      <trkpt lat="42.605234021320939" lon="0.662530018016696">
        <ele>2473</ele>
      </trkpt>
      <trkpt lat="42.605221029371023" lon="0.662565976381302">
        <ele>2473</ele>
      </trkpt>
      <trkpt lat="42.605189010500908" lon="0.662706959992647">
        <ele>2472</ele>
      </trkpt>
      <trkpt lat="42.605180041864514" lon="0.662735961377621">
        <ele>2471</ele>
      </trkpt>
      <trkpt lat="42.605141988024116" lon="0.662906030192971">
        <ele>2469</ele>
      </trkpt>
      <trkpt lat="42.605110974982381" lon="0.662994040176272">
        <ele>2467</ele>
      </trkpt>
      <trkpt lat="42.605093037709594" lon="0.663074003532529">
        <ele>2465</ele>
      </trkpt>
      <trkpt lat="42.605084991082549" lon="0.663104010745883">
        <ele>2464</ele>
      </trkpt>
      <trkpt lat="42.605080967769027" lon="0.663104010745883">
        <ele>2462</ele>
      </trkpt>
      <trkpt lat="42.605075016617775" lon="0.663136029615998">
        <ele>2461</ele>
      </trkpt>
      <trkpt lat="42.605081973597407" lon="0.663152961060405">
        <ele>2460</ele>
      </trkpt>
      <trkpt lat="42.605073004961014" lon="0.663210041821003">
        <ele>2458</ele>
      </trkpt>
      <trkpt lat="42.60506696999073" lon="0.663236025720835">
        <ele>2458</ele>
      </trkpt>
      <trkpt lat="42.605053978040814" lon="0.663307020440698">
        <ele>2454</ele>
      </trkpt>
      <trkpt lat="42.60502296499908" lon="0.663396958261728">
        <ele>2453</ele>
      </trkpt>
      <trkpt lat="42.605021959170699" lon="0.663430988788605">
        <ele>2451</ele>
      </trkpt>
      <trkpt lat="42.60502397082746" lon="0.663439035415649">
        <ele>2449</ele>
      </trkpt>
      <trkpt lat="42.60502296499908" lon="0.663441969081759">
        <ele>2449</ele>
      </trkpt>
      <trkpt lat="42.605012990534306" lon="0.663454961031675">
        <ele>2448</ele>
      </trkpt>
      <trkpt lat="42.605003016069531" lon="0.663497038185596">
        <ele>2446</ele>
      </trkpt>
      <trkpt lat="42.604990024119616" lon="0.663567027077079">
        <ele>2446</ele>
      </trkpt>
      <trkpt lat="42.60498097166419" lon="0.66359200514853">
        <ele>2446</ele>
      </trkpt>
      <trkpt lat="42.604998992756009" lon="0.663798032328486">
        <ele>2446</ele>
      </trkpt>
      <trkpt lat="42.604997986927629" lon="0.663860980421305">
        <ele>2446</ele>
      </trkpt>
      <trkpt lat="42.604993963614106" lon="0.663974974304438">
        <ele>2446</ele>
      </trkpt>
      <trkpt lat="42.604993963614106" lon="0.664116041734815">
        <ele>2446</ele>
      </trkpt>
      <trkpt lat="42.605019025504589" lon="0.664319973438978">
        <ele>2447</ele>
      </trkpt>
      <trkpt lat="42.605019025504589" lon="0.664345035329461">
        <ele>2447</ele>
      </trkpt>
      <trkpt lat="42.605021959170699" lon="0.664375964552164">
        <ele>2452</ele>
      </trkpt>
      <trkpt lat="42.605037968605757" lon="0.664461962878704">
        <ele>2453</ele>
      </trkpt>
      <trkpt lat="42.60504400357604" lon="0.664489036425948">
        <ele>2454</ele>
      </trkpt>
      <trkpt lat="42.60504400357604" lon="0.664489036425948">
        <ele>2455</ele>
      </trkpt>
      <trkpt lat="42.605045009404421" lon="0.664528012275696">
        <ele>2458</ele>
      </trkpt>
      <trkpt lat="42.60508700273931" lon="0.664636977016926">
        <ele>2460</ele>
      </trkpt>
      <trkpt lat="42.605174006894231" lon="0.664891032502055">
        <ele>2462</ele>
      </trkpt>
      <trkpt lat="42.605184987187386" lon="0.664948029443622">
        <ele>2464</ele>
      </trkpt>
      <trkpt lat="42.605180963873863" lon="0.664959009736776">
        <ele>2465</ele>
      </trkpt>
      <trkpt lat="42.605170989409089" lon="0.665012989193201">
        <ele>2466</ele>
      </trkpt>
      <trkpt lat="42.60517199523747" lon="0.665039978921413">
        <ele>2466</ele>
      </trkpt>
      <trkpt lat="42.605157997459173" lon="0.665235025808215">
        <ele>2469</ele>
      </trkpt>
      <trkpt lat="42.60515196248889" lon="0.66529001109302">
        <ele>2470</ele>
      </trkpt>
      <trkpt lat="42.605118015781045" lon="0.665372991934419">
        <ele>2472</ele>
      </trkpt>
      <trkpt lat="42.605123966932297" lon="0.665453039109707">
        <ele>2473</ele>
      </trkpt>
      <trkpt lat="42.605123966932297" lon="0.665537025779486">
        <ele>2476</ele>
      </trkpt>
      <trkpt lat="42.605123966932297" lon="0.66556703299284">
        <ele>2476</ele>
      </trkpt>
      <trkpt lat="42.605122039094567" lon="0.665621012449265">
        <ele>2475</ele>
      </trkpt>
      <trkpt lat="42.605157997459173" lon="0.665743974968791">
        <ele>2473</ele>
      </trkpt>
      <trkpt lat="42.60517300106585" lon="0.665811030194163">
        <ele>2473</ele>
      </trkpt>
      <trkpt lat="42.605198984965682" lon="0.66595695912838">
        <ele>2473</ele>
      </trkpt>
      <trkpt lat="42.605226980522275" lon="0.666086040437222">
        <ele>2474</ele>
      </trkpt>
      <trkpt lat="42.605226980522275" lon="0.666113030165434">
        <ele>2474</ele>
      </trkpt>
      <trkpt lat="42.605246007442474" lon="0.666248984634876">
        <ele>2475</ele>
      </trkpt>
      <trkpt lat="42.605291018262506" lon="0.666375970467925">
        <ele>2476</ele>
      </trkpt>
      <trkpt lat="42.605298981070518" lon="0.666499016806483">
        <ele>2477</ele>
      </trkpt>
      <trkpt lat="42.605280037969351" lon="0.666565988212824">
        <ele>2477</ele>
      </trkpt>
      <trkpt lat="42.605280037969351" lon="0.666747037321329">
        <ele>2478</ele>
      </trkpt>
      <trkpt lat="42.605288000777364" lon="0.666882991790771">
        <ele>2480</ele>
      </trkpt>
      <trkpt lat="42.605292024090886" lon="0.666960021480918">
        <ele>2484</ele>
      </trkpt>
      <trkpt lat="42.605291018262506" lon="0.667067980393767">
        <ele>2487</ele>
      </trkpt>
      <trkpt lat="42.605295041576028" lon="0.667154984548688">
        <ele>2490</ele>
      </trkpt>
      <trkpt lat="42.605266962200403" lon="0.66732999868691">
        <ele>2495</ele>
      </trkpt>
      <trkpt lat="42.605255981907248" lon="0.667354976758361">
        <ele>2497</ele>
      </trkpt>
      <trkpt lat="42.605329994112253" lon="0.667452961206436">
        <ele>2499</ele>
      </trkpt>
      <trkpt lat="42.605352038517594" lon="0.667553041130304">
        <ele>2502</ele>
      </trkpt>
      <trkpt lat="42.605381961911917" lon="0.667614983394742">
        <ele>2502</ele>
      </trkpt>
      <trkpt lat="42.605415992438793" lon="0.667723026126623">
        <ele>2503</ele>
      </trkpt>
      <trkpt lat="42.605421021580696" lon="0.667765019461513">
        <ele>2504</ele>
      </trkpt>
      <trkpt lat="42.605441976338625" lon="0.667875995859504">
        <ele>2505</ele>
      </trkpt>
      <trkpt lat="42.605459997430444" lon="0.667994013056159">
        <ele>2506</ele>
      </trkpt>
      <trkpt lat="42.605464020743966" lon="0.668094009160995">
        <ele>2508</ele>
      </trkpt>
      <trkpt lat="42.605445999652147" lon="0.668163998052478">
        <ele>2509</ele>
      </trkpt>
      <trkpt lat="42.605455974116921" lon="0.668271034955978">
        <ele>2509</ele>
      </trkpt>
      <trkpt lat="42.605495033785701" lon="0.668400032445788">
        <ele>2510</ele>
      </trkpt>
      <trkpt lat="42.605499979108572" lon="0.668427022174001">
        <ele>2511</ele>
      </trkpt>
      <trkpt lat="42.605549013242126" lon="0.668548978865147">
        <ele>2512</ele>
      </trkpt>
      <trkpt lat="42.605576002970338" lon="0.668637994676828">
        <ele>2512</ele>
      </trkpt>
      <trkpt lat="42.605619002133608" lon="0.668734973296523">
        <ele>2511</ele>
      </trkpt>
      <trkpt lat="42.605616990476847" lon="0.668757017701864">
        <ele>2513</ele>
      </trkpt>
      <trkpt lat="42.605625037103891" lon="0.668794987723231">
        <ele>2514</ele>
      </trkpt>
      <trkpt lat="42.605639034882188" lon="0.668866988271475">
        <ele>2515</ele>
      </trkpt>
      <trkpt lat="42.605649009346962" lon="0.668880986049771">
        <ele>2516</ele>
      </trkpt>
      <trkpt lat="42.605658983811736" lon="0.668947035446763">
        <ele>2517</ele>
      </trkpt>
      <trkpt lat="42.605668036267161" lon="0.668974025174975">
        <ele>2518</ele>
      </trkpt>
      <trkpt lat="42.605693014338613" lon="0.669045019894838">
        <ele>2519</ele>
      </trkpt>
      <trkpt lat="42.605679016560316" lon="0.66911400295794">
        <ele>2521</ele>
      </trkpt>
      <trkpt lat="42.605674993246794" lon="0.669131018221378">
        <ele>2523</ele>
      </trkpt>
      <trkpt lat="42.605655966326594" lon="0.669219028204679">
        <ele>2524</ele>
      </trkpt>
      <trkpt lat="42.605605004355311" lon="0.669259009882808">
        <ele>2526</ele>
      </trkpt>
      <trkpt lat="42.605598969385028" lon="0.669259009882808">
        <ele>2526</ele>
      </trkpt>
      <trkpt lat="42.605607016012073" lon="0.669333022087812">
        <ele>2528</ele>
      </trkpt>
      <trkpt lat="42.605609027668834" lon="0.669428994879127">
        <ele>2530</ele>
      </trkpt>
      <trkpt lat="42.605570973828435" lon="0.669540977105498">
        <ele>2532</ele>
      </trkpt>
      <trkpt lat="42.605491010472178" lon="0.669640973210335">
        <ele>2538</ele>
      </trkpt>
      <trkpt lat="42.605427978560328" lon="0.669720014557242">
        <ele>2541</ele>
      </trkpt>
      <trkpt lat="42.605411969125271" lon="0.669722026214004">
        <ele>2542</ele>
      </trkpt>
      <trkpt lat="42.605370981618762" lon="0.669738035649061">
        <ele>2544</ele>
      </trkpt>
      <trkpt lat="42.605363018810749" lon="0.669849012047052">
        <ele>2546</ele>
      </trkpt>
      <trkpt lat="42.605348015204072" lon="0.669895028695464">
        <ele>2548</ele>
      </trkpt>
      <trkpt lat="42.605285989120603" lon="0.669949008151889">
        <ele>2550</ele>
      </trkpt>
      <trkpt lat="42.605272997170687" lon="0.669959988445044">
        <ele>2552</ele>
      </trkpt>
      <trkpt lat="42.605211976915598" lon="0.670006005093455">
        <ele>2553</ele>
      </trkpt>
      <trkpt lat="42.605162020772696" lon="0.670129973441362">
        <ele>2558</ele>
      </trkpt>
      <trkpt lat="42.605119021609426" lon="0.670218989253044">
        <ele>2565</ele>
      </trkpt>
      <trkpt lat="42.605096977204084" lon="0.670265005901456">
        <ele>2567</ele>
      </trkpt>
      <trkpt lat="42.605111980810761" lon="0.670356033369899">
        <ele>2569</ele>
      </trkpt>
      <trkpt lat="42.605117009952664" lon="0.670445971190929">
        <ele>2571</ele>
      </trkpt>
      <trkpt lat="42.605074010789394" lon="0.670527024194598">
        <ele>2574</ele>
      </trkpt>
      <trkpt lat="42.605097983032465" lon="0.670625008642673">
        <ele>2577</ele>
      </trkpt>
      <trkpt lat="42.605026988312602" lon="0.670744031667709">
        <ele>2579</ele>
      </trkpt>
      <trkpt lat="42.604984994977713" lon="0.670759035274386">
        <ele>2583</ele>
      </trkpt>
      <trkpt lat="42.605006033554673" lon="0.670828018337488">
        <ele>2584</ele>
      </trkpt>
      <trkpt lat="42.605018019676208" lon="0.670892978087068">
        <ele>2585</ele>
      </trkpt>
      <trkpt lat="42.605004021897912" lon="0.670909993350506">
        <ele>2586</ele>
      </trkpt>
      <trkpt lat="42.604990024119616" lon="0.671012001112103">
        <ele>2588</ele>
      </trkpt>
      <trkpt lat="42.604949958622456" lon="0.671097999438643">
        <ele>2589</ele>
      </trkpt>
      <trkpt lat="42.604887010529637" lon="0.671174023300409">
        <ele>2590</ele>
      </trkpt>
      <trkpt lat="42.604841999709606" lon="0.671345014125109">
        <ele>2593</ele>
      </trkpt>
      <trkpt lat="42.604832025244832" lon="0.671379966661334">
        <ele>2594</ele>
      </trkpt>
      <trkpt lat="42.604799000546336" lon="0.671466970816255">
        <ele>2595</ele>
      </trkpt>
      <trkpt lat="42.60476203635335" lon="0.671582976356149">
        <ele>2597</ele>
      </trkpt>
      <trkpt lat="42.604717025533319" lon="0.671669980511069">
        <ele>2598</ele>
      </trkpt>
      <trkpt lat="42.604717025533319" lon="0.671669980511069">
        <ele>2598</ele>
      </trkpt>
      <trkpt lat="42.604709984734654" lon="0.671766959130764">
        <ele>2599</ele>
      </trkpt>
      <trkpt lat="42.604709984734654" lon="0.671819010749459">
        <ele>2599</ele>
      </trkpt>
      <trkpt lat="42.604685006663203" lon="0.671858992427588">
        <ele>2601</ele>
      </trkpt>
      <trkpt lat="42.604647958651185" lon="0.671893022954464">
        <ele>2602</ele>
      </trkpt>
      <trkpt lat="42.60461300611496" lon="0.671931998804212">
        <ele>2605</ele>
      </trkpt>
      <trkpt lat="42.604590961709619" lon="0.672026965767145">
        <ele>2606</ele>
      </trkpt>
      <trkpt lat="42.604553997516632" lon="0.672087986022234">
        <ele>2608</ele>
      </trkpt>
      <trkpt lat="42.604489037767053" lon="0.672142971307039">
        <ele>2611</ele>
      </trkpt>
      <trkpt lat="42.604406978935003" lon="0.672180019319057">
        <ele>2612</ele>
      </trkpt>
      <trkpt lat="42.604352999478579" lon="0.67222997546196">
        <ele>2614</ele>
      </trkpt>
      <trkpt lat="42.604322992265224" lon="0.672252019867301">
        <ele>2617</ele>
      </trkpt>
      <trkpt lat="42.604241017252207" lon="0.672296024858952">
        <ele>2619</ele>
      </trkpt>
      <trkpt lat="42.60411998257041" lon="0.67235603928566">
        <ele>2622</ele>
      </trkpt>
      <trkpt lat="42.604100033640862" lon="0.672368025407195">
        <ele>2623</ele>
      </trkpt>
      <trkpt lat="42.604040019214153" lon="0.672381017357111">
        <ele>2625</ele>
      </trkpt>
      <trkpt lat="42.604040019214153" lon="0.672381017357111">
        <ele>2627</ele>
      </trkpt>
      <trkpt lat="42.604003977030516" lon="0.672390991821885">
        <ele>2630</ele>
      </trkpt>
      <trkpt lat="42.603946980088949" lon="0.672413036227226">
        <ele>2632</ele>
      </trkpt>
      <trkpt lat="42.603823011741042" lon="0.672457963228226">
        <ele>2635</ele>
      </trkpt>
      <trkpt lat="42.603800967335701" lon="0.67246600985527">
        <ele>2639</ele>
      </trkpt>
      <trkpt lat="42.603789987042546" lon="0.672471961006522">
        <ele>2641</ele>
      </trkpt>
      <trkpt lat="42.603756040334702" lon="0.672492999583483">
        <ele>2643</ele>
      </trkpt>
      <trkpt lat="42.603713041171432" lon="0.672505991533399">
        <ele>2644</ele>
      </trkpt>
      <trkpt lat="42.603673981502652" lon="0.672537004575133">
        <ele>2647</ele>
      </trkpt>
      <trkpt lat="42.603643974289298" lon="0.672560976818204">
        <ele>2648</ele>
      </trkpt>
      <trkpt lat="42.603563005104661" lon="0.67263700067997">
        <ele>2650</ele>
      </trkpt>
      <trkpt lat="42.603550013154745" lon="0.67265703342855">
        <ele>2652</ele>
      </trkpt>
      <trkpt lat="42.603510031476617" lon="0.672666002064943">
        <ele>2654</ele>
      </trkpt>
      <trkpt lat="42.603477006778121" lon="0.672676982358098">
        <ele>2656</ele>
      </trkpt>
      <trkpt lat="42.603457979857922" lon="0.672706989571452">
        <ele>2656</ele>
      </trkpt>
      <trkpt lat="42.603417998179793" lon="0.672775972634554">
        <ele>2655</ele>
      </trkpt>
      <trkpt lat="42.603414980694652" lon="0.672821989282966">
        <ele>2655</ele>
      </trkpt>
      <trkpt lat="42.603429984301329" lon="0.672857025638223">
        <ele>2655</ele>
      </trkpt>
      <trkpt lat="42.603467032313347" lon="0.672885021194816">
        <ele>2655</ele>
      </trkpt>
      <trkpt lat="42.603458985686302" lon="0.672942018136382">
        <ele>2657</ele>
      </trkpt>
      <trkpt lat="42.603434007614851" lon="0.673012007027864">
        <ele>2657</ele>
      </trkpt>
      <trkpt lat="42.603422021493316" lon="0.673078978434205">
        <ele>2657</ele>
      </trkpt>
      <trkpt lat="42.603438030928373" lon="0.673092976212502">
        <ele>2653</ele>
      </trkpt>
      <trkpt lat="42.603426966816187" lon="0.673185009509325">
        <ele>2653</ele>
      </trkpt>
      <trkpt lat="42.603425038978457" lon="0.673211999237537">
        <ele>2653</ele>
      </trkpt>
      <trkpt lat="42.603395031765103" lon="0.67332498729229">
        <ele>2653</ele>
      </trkpt>
      <trkpt lat="42.603385979309678" lon="0.673359017819166">
        <ele>2654</ele>
      </trkpt>
      <trkpt lat="42.603377010673285" lon="0.67339195869863">
        <ele>2655</ele>
      </trkpt>
      <trkpt lat="42.60336896404624" lon="0.673409979790449">
        <ele>2655</ele>
      </trkpt>
      <trkpt lat="42.603356977924705" lon="0.673504024744034">
        <ele>2656</ele>
      </trkpt>
      <trkpt lat="42.603331999853253" lon="0.673606032505631">
        <ele>2657</ele>
      </trkpt>
      <trkpt lat="42.603263016790152" lon="0.673785991966724">
        <ele>2659</ele>
      </trkpt>
      <trkpt lat="42.603201996535063" lon="0.673881964758039">
        <ele>2663</ele>
      </trkpt>
      <trkpt lat="42.603186992928386" lon="0.673897974193096">
        <ele>2663</ele>
      </trkpt>
      <trkpt lat="42.603166038170457" lon="0.673920018598437">
        <ele>2663</ele>
      </trkpt>
      <trkpt lat="42.603166038170457" lon="0.673920018598437">
        <ele>2663</ele>
      </trkpt>
      <trkpt lat="42.60317400097847" lon="0.674002999439836">
        <ele>2663</ele>
      </trkpt>
      <trkpt lat="42.603177018463612" lon="0.674067037180066">
        <ele>2664</ele>
      </trkpt>
      <trkpt lat="42.603191016241908" lon="0.674151023849845">
        <ele>2664</ele>
      </trkpt>
      <trkpt lat="42.603177018463612" lon="0.674203997477889">
        <ele>2666</ele>
      </trkpt>
      <trkpt lat="42.603182969614863" lon="0.674267029389739">
        <ele>2668</ele>
      </trkpt>
      <trkpt lat="42.603166960179806" lon="0.674331989139318">
        <ele>2669</ele>
      </trkpt>
      <trkpt lat="42.603162014856935" lon="0.674411030486226">
        <ele>2670</ele>
      </trkpt>
      <trkpt lat="42.603126978501678" lon="0.674455035477877">
        <ele>2671</ele>
      </trkpt>
      <trkpt lat="42.603126978501678" lon="0.674455035477877">
        <ele>2673</ele>
      </trkpt>
      <trkpt lat="42.603096971288323" lon="0.674499962478876">
        <ele>2675</ele>
      </trkpt>
      <trkpt lat="42.603011978790164" lon="0.674576992169023">
        <ele>2676</ele>
      </trkpt>
      <trkpt lat="42.602971997112036" lon="0.674609011039138">
        <ele>2677</ele>
      </trkpt>
      <trkpt lat="42.602963028475642" lon="0.674625020474195">
        <ele>2679</ele>
      </trkpt>
      <trkpt lat="42.602963028475642" lon="0.674625020474195">
        <ele>2680</ele>
      </trkpt>
      <trkpt lat="42.602918017655611" lon="0.674683023244143">
        <ele>2682</ele>
      </trkpt>
      <trkpt lat="42.602918017655611" lon="0.674683023244143">
        <ele>2684</ele>
      </trkpt>
      <trkpt lat="42.602904019877315" lon="0.674696015194058">
        <ele>2685</ele>
      </trkpt>
      <trkpt lat="42.602889016270638" lon="0.674715964123607">
        <ele>2687</ele>
      </trkpt>
      <trkpt lat="42.602861020714045" lon="0.674762986600399">
        <ele>2689</ele>
      </trkpt>
      <trkpt lat="42.602860014885664" lon="0.674767009913921">
        <ele>2690</ele>
      </trkpt>
      <trkpt lat="42.602852974087" lon="0.674776984378695">
        <ele>2692</ele>
      </trkpt>
      <trkpt lat="42.602797988802195" lon="0.674856025725603">
        <ele>2700</ele>
      </trkpt>
      <trkpt lat="42.602782985195518" lon="0.674938000738621">
        <ele>2701</ele>
      </trkpt>
      <trkpt lat="42.602782985195518" lon="0.674940012395382">
        <ele>2703</ele>
      </trkpt>
      <trkpt lat="42.602776028215885" lon="0.674947975203395">
        <ele>2705</ele>
      </trkpt>
      <trkpt lat="42.602764964103699" lon="0.674971025437117">
        <ele>2707</ele>
      </trkpt>
      <trkpt lat="42.602764964103699" lon="0.674988962709904">
        <ele>2709</ele>
      </trkpt>
      <trkpt lat="42.602777034044266" lon="0.675006983801723">
        <ele>2715</ele>
      </trkpt>
      <trkpt lat="42.602781979367137" lon="0.675063980743289">
        <ele>2714</ele>
      </trkpt>
      <trkpt lat="42.602750966325402" lon="0.67512801848352">
        <ele>2712</ele>
      </trkpt>
      <trkpt lat="42.602735040709376" lon="0.675134975463152">
        <ele>2712</ele>
      </trkpt>
      <trkpt lat="42.602717019617558" lon="0.675135981291533">
        <ele>2711</ele>
      </trkpt>
      <trkpt lat="42.602700004354119" lon="0.675149979069829">
        <ele>2710</ele>
      </trkpt>
      <trkpt lat="42.602683994919062" lon="0.675200019031763">
        <ele>2708</ele>
      </trkpt>
      <trkpt lat="42.602688018232584" lon="0.675224997103214">
        <ele>2706</ele>
      </trkpt>
      <trkpt lat="42.602673014625907" lon="0.675242012366652">
        <ele>2704</ele>
      </trkpt>
      <trkpt lat="42.602648958563805" lon="0.675271013751626">
        <ele>2703</ele>
      </trkpt>
      <trkpt lat="42.602618029341102" lon="0.675295991823077">
        <ele>2701</ele>
      </trkpt>
      <trkpt lat="42.602626997977495" lon="0.675329016521573">
        <ele>2699</ele>
      </trkpt>
      <trkpt lat="42.602632027119398" lon="0.675364974886179">
        <ele>2698</ele>
      </trkpt>
      <trkpt lat="42.602586010470986" lon="0.675397999584675">
        <ele>2696</ele>
      </trkpt>
      <trkpt lat="42.602558014914393" lon="0.675384001806378">
        <ele>2694</ele>
      </trkpt>
      <trkpt lat="42.602531025186181" lon="0.675419038161635">
        <ele>2692</ele>
      </trkpt>
      <trkpt lat="42.602509986609221" lon="0.675418032333255">
        <ele>2691</ele>
      </trkpt>
      <trkpt lat="42.602474028244615" lon="0.675380984321237">
        <ele>2690</ele>
      </trkpt>
      <trkpt lat="42.602451983839273" lon="0.675375033169985">
        <ele>2689</ele>
      </trkpt>
      <trkpt lat="42.602432034909725" lon="0.675402022898197">
        <ele>2687</ele>
      </trkpt>
      <trkpt lat="42.602428011596203" lon="0.675467988476157">
        <ele>2687</ele>
      </trkpt>
      <trkpt lat="42.602421976625919" lon="0.675492966547608">
        <ele>2685</ele>
      </trkpt>
      <trkpt lat="42.602419964969158" lon="0.675525991246104">
        <ele>2684</ele>
      </trkpt>
      <trkpt lat="42.602412002161145" lon="0.675544012337923">
        <ele>2683</ele>
      </trkpt>
      <trkpt lat="42.602408984676003" lon="0.675550969317555">
        <ele>2681</ele>
      </trkpt>
      <trkpt lat="42.602398004382849" lon="0.675569996237755">
        <ele>2680</ele>
      </trkpt>
      <trkpt lat="42.602385012432933" lon="0.675614001229405">
        <ele>2679</ele>
      </trkpt>
      <trkpt lat="42.602350981906056" lon="0.675631016492844">
        <ele>2676</ele>
      </trkpt>
      <trkpt lat="42.602324998006225" lon="0.675594974309206">
        <ele>2675</ele>
      </trkpt>
      <trkpt lat="42.602299014106393" lon="0.675568990409374">
        <ele>2672</ele>
      </trkpt>
      <trkpt lat="42.6022710185498" lon="0.675560021772981">
        <ele>2671</ele>
      </trkpt>
      <trkpt lat="42.602251991629601" lon="0.675604026764631">
        <ele>2670</ele>
      </trkpt>
      <trkpt lat="42.602241011336446" lon="0.675679966807365">
        <ele>2669</ele>
      </trkpt>
      <trkpt lat="42.602220978587866" lon="0.675738975405693">
        <ele>2668</ele>
      </trkpt>
      <trkpt lat="42.602193988859653" lon="0.675779962912202">
        <ele>2667</ele>
      </trkpt>
      <trkpt lat="42.602168004959822" lon="0.675794966518879">
        <ele>2665</ele>
      </trkpt>
      <trkpt lat="42.602135986089706" lon="0.675762025639415">
        <ele>2664</ele>
      </trkpt>
      <trkpt lat="42.602061973884702" lon="0.67577300593257">
        <ele>2663</ele>
      </trkpt>
      <trkpt lat="42.602043030783534" lon="0.675803013145924">
        <ele>2663</ele>
      </trkpt>
      <trkpt lat="42.602028027176857" lon="0.675837965682149">
        <ele>2661</ele>
      </trkpt>
      <trkpt lat="42.601998019963503" lon="0.67590300925076">
        <ele>2658</ele>
      </trkpt>
      <trkpt lat="42.601928031072021" lon="0.675986995920539">
        <ele>2656</ele>
      </trkpt>
      <trkpt lat="42.601915961131454" lon="0.676047010347247">
        <ele>2656</ele>
      </trkpt>
      <trkpt lat="42.601877991110086" lon="0.676113981753588">
        <ele>2655</ele>
      </trkpt>
      <trkpt lat="42.601839015260339" lon="0.676178019493818">
        <ele>2651</ele>
      </trkpt>
      <trkpt lat="42.601812025532126" lon="0.676215989515185">
        <ele>2650</ele>
      </trkpt>
      <trkpt lat="42.601801967248321" lon="0.676245996728539">
        <ele>2646</ele>
      </trkpt>
      <trkpt lat="42.601801967248321" lon="0.676245996728539">
        <ele>2645</ele>
      </trkpt>
      <trkpt lat="42.601815965026617" lon="0.676291007548571">
        <ele>2644</ele>
      </trkpt>
      <trkpt lat="42.601792998611927" lon="0.676351021975279">
        <ele>2643</ele>
      </trkpt>
      <trkpt lat="42.601772965863347" lon="0.676425034180284">
        <ele>2642</ele>
      </trkpt>
      <trkpt lat="42.601766008883715" lon="0.676477001979947">
        <ele>2640</ele>
      </trkpt>
      <trkpt lat="42.601751005277038" lon="0.67656802944839">
        <ele>2639</ele>
      </trkpt>
      <trkpt lat="42.601719992235303" lon="0.676627960056067">
        <ele>2639</ele>
      </trkpt>
      <trkpt lat="42.601689985021949" lon="0.676737008616328">
        <ele>2639</ele>
      </trkpt>
      <trkpt lat="42.601666012778878" lon="0.676800040528178">
        <ele>2637</ele>
      </trkpt>
      <trkpt lat="42.601642040535808" lon="0.676886960864067">
        <ele>2637</ele>
      </trkpt>
      <trkpt lat="42.601625025272369" lon="0.676942029967904">
        <ele>2635</ele>
      </trkpt>
      <trkpt lat="42.601619996130466" lon="0.67702098749578">
        <ele>2634</ele>
      </trkpt>
      <trkpt lat="42.601602980867028" lon="0.67704102024436">
        <ele>2633</ele>
      </trkpt>
      <trkpt lat="42.601600969210267" lon="0.677083013579249">
        <ele>2632</ele>
      </trkpt>
      <trkpt lat="42.601584037765861" lon="0.677129030227661">
        <ele>2630</ele>
      </trkpt>
      <trkpt lat="42.601559981703758" lon="0.677167000249028">
        <ele>2628</ele>
      </trkpt>
      <trkpt lat="42.601549001410604" lon="0.677216034382582">
        <ele>2627</ele>
      </trkpt>
      <trkpt lat="42.601521005854011" lon="0.677263978868723">
        <ele>2627</ele>
      </trkpt>
      <trkpt lat="42.601496027782559" lon="0.677322987467051">
        <ele>2626</ele>
      </trkpt>
      <trkpt lat="42.60143400169909" lon="0.677427006885409">
        <ele>2626</ele>
      </trkpt>
      <trkpt lat="42.601423021405935" lon="0.677442010492086">
        <ele>2626</ele>
      </trkpt>
      <trkpt lat="42.601403994485736" lon="0.677466988563538">
        <ele>2626</ele>
      </trkpt>
      <trkpt lat="42.601359989494085" lon="0.677507976070046">
        <ele>2626</ele>
      </trkpt>
      <trkpt lat="42.601319001987576" lon="0.677541000768542">
        <ele>2626</ele>
      </trkpt>
      <trkpt lat="42.601270973682404" lon="0.67757997661829">
        <ele>2626</ele>
      </trkpt>
      <trkpt lat="42.601256975904107" lon="0.677602021023631">
        <ele>2625</ele>
      </trkpt>
      <trkpt lat="42.601256975904107" lon="0.677602021023631">
        <ele>2624</ele>
      </trkpt>
      <trkpt lat="42.601200984790921" lon="0.677654994651675">
        <ele>2623</ele>
      </trkpt>
      <trkpt lat="42.601143987849355" lon="0.677738981321454">
        <ele>2622</ele>
      </trkpt>
      <trkpt lat="42.601094031706452" lon="0.677719032391906">
        <ele>2621</ele>
      </trkpt>
      <trkpt lat="42.601051032543182" lon="0.677790027111769">
        <ele>2619</ele>
      </trkpt>
      <trkpt lat="42.60098397731781" lon="0.677806036546826">
        <ele>2618</ele>
      </trkpt>
      <trkpt lat="42.600948018953204" lon="0.677834032103419">
        <ele>2616</ele>
      </trkpt>
      <trkpt lat="42.600841987878084" lon="0.677955988794565">
        <ele>2615</ele>
      </trkpt>
      <trkpt lat="42.600728999823332" lon="0.678081968799233">
        <ele>2613</ele>
      </trkpt>
      <trkpt lat="42.600715002045035" lon="0.678097978234291">
        <ele>2609</ele>
      </trkpt>
      <trkpt lat="42.600683989003301" lon="0.678141983225942">
        <ele>2604</ele>
      </trkpt>
      <trkpt lat="42.600664962083101" lon="0.67816000431776">
        <ele>2602</ele>
      </trkpt>
      <trkpt lat="42.600647024810314" lon="0.67818196490407">
        <ele>2600</ele>
      </trkpt>
      <trkpt lat="42.600610982626677" lon="0.678284978494048">
        <ele>2599</ele>
      </trkpt>
      <trkpt lat="42.600565971806645" lon="0.678372988477349">
        <ele>2597</ele>
      </trkpt>
      <trkpt lat="42.600555997341871" lon="0.678407019004226">
        <ele>2595</ele>
      </trkpt>
      <trkpt lat="42.600549040362239" lon="0.678425962105393">
        <ele>2590</ele>
      </trkpt>
      <trkpt lat="42.600537976250052" lon="0.678444989025593">
        <ele>2589</ele>
      </trkpt>
      <trkpt lat="42.60053101927042" lon="0.67845999263227">
        <ele>2587</ele>
      </trkpt>
      <trkpt lat="42.60053101927042" lon="0.67845999263227">
        <ele>2586</ele>
      </trkpt>
      <trkpt lat="42.600505035370588" lon="0.678492011502385">
        <ele>2583</ele>
      </trkpt>
      <trkpt lat="42.600474022328854" lon="0.678487988188863">
        <ele>2581</ele>
      </trkpt>
      <trkpt lat="42.600448038429022" lon="0.678509026765823">
        <ele>2580</ele>
      </trkpt>
      <trkpt lat="42.600420964881778" lon="0.678578009828925">
        <ele>2578</ele>
      </trkpt>
      <trkpt lat="42.600388024002314" lon="0.678583038970828">
        <ele>2576</ele>
      </trkpt>
      <trkpt lat="42.60033898986876" lon="0.678535010665655">
        <ele>2575</ele>
      </trkpt>
      <trkpt lat="42.600300014019012" lon="0.678607011213899">
        <ele>2572</ele>
      </trkpt>
      <trkpt lat="42.600270006805658" lon="0.67865302786231">
        <ele>2571</ele>
      </trkpt>
      <trkpt lat="42.600250979885459" lon="0.6786950211972">
        <ele>2568</ele>
      </trkpt>
      <trkpt lat="42.600237987935543" lon="0.67876199260354">
        <ele>2566</ele>
      </trkpt>
      <trkpt lat="42.600201023742557" lon="0.678826030343771">
        <ele>2565</ele>
      </trkpt>
      <trkpt lat="42.600140003487468" lon="0.678901970386505">
        <ele>2564</ele>
      </trkpt>
      <trkpt lat="42.600098010152578" lon="0.678965002298355">
        <ele>2562</ele>
      </trkpt>
      <trkpt lat="42.600066997110844" lon="0.679000038653612">
        <ele>2561</ele>
      </trkpt>
      <trkpt lat="42.599959038197994" lon="0.679031973704696">
        <ele>2558</ele>
      </trkpt>
      <trkpt lat="42.599911009892821" lon="0.679074972867966">
        <ele>2552</ele>
      </trkpt>
      <trkpt lat="42.599899023771286" lon="0.679085031151772">
        <ele>2551</ele>
      </trkpt>
      <trkpt lat="42.59984496049583" lon="0.679044965654612">
        <ele>2549</ele>
      </trkpt>
      <trkpt lat="42.599801039323211" lon="0.679068015888333">
        <ele>2548</ele>
      </trkpt>
      <trkpt lat="42.599739013239741" lon="0.679049994796515">
        <ele>2545</ele>
      </trkpt>
      <trkpt lat="42.59967296384275" lon="0.679076984524727">
        <ele>2543</ele>
      </trkpt>
      <trkpt lat="42.59962996467948" lon="0.679095005616546">
        <ele>2542</ele>
      </trkpt>
      <trkpt lat="42.599591994658113" lon="0.6791250128299">
        <ele>2540</ele>
      </trkpt>
      <trkpt lat="42.599536003544927" lon="0.679182009771466">
        <ele>2540</ele>
      </trkpt>
      <trkpt lat="42.59950197301805" lon="0.679175974801183">
        <ele>2538</ele>
      </trkpt>
      <trkpt lat="42.599471965804696" lon="0.6791250128299">
        <ele>2536</ele>
      </trkpt>
      <trkpt lat="42.599401976913214" lon="0.679004983976483">
        <ele>2535</ele>
      </trkpt>
      <trkpt lat="42.599388984963298" lon="0.678992997854948">
        <ele>2535</ele>
      </trkpt>
      <trkpt lat="42.599344979971647" lon="0.679014036431909">
        <ele>2534</ele>
      </trkpt>
      <trkpt lat="42.599240960553288" lon="0.678984029218555">
        <ele>2534</ele>
      </trkpt>
      <trkpt lat="42.599211037158966" lon="0.678991992026567">
        <ele>2533</ele>
      </trkpt>
      <trkpt lat="42.599166026338935" lon="0.678930971771479">
        <ele>2531</ele>
      </trkpt>
      <trkpt lat="42.599097965285182" lon="0.67891001701355">
        <ele>2530</ele>
      </trkpt>
      <trkpt lat="42.598996041342616" lon="0.678845979273319">
        <ele>2528</ele>
      </trkpt>
      <trkpt lat="42.598982965573668" lon="0.6788469851017">
        <ele>2528</ele>
      </trkpt>
      <trkpt lat="42.598924962803721" lon="0.678802980110049">
        <ele>2527</ele>
      </trkpt>
      <trkpt lat="42.598886992782354" lon="0.678751012310386">
        <ele>2525</ele>
      </trkpt>
      <trkpt lat="42.598856985569" lon="0.678723016753793">
        <ele>2525</ele>
      </trkpt>
      <trkpt lat="42.59881398640573" lon="0.678699966520071">
        <ele>2526</ele>
      </trkpt>
      <trkpt lat="42.598771993070841" lon="0.678710024803877">
        <ele>2526</ele>
      </trkpt>
      <trkpt lat="42.598779033869505" lon="0.678768027573824">
        <ele>2526</ele>
      </trkpt>
      <trkpt lat="42.598703010007739" lon="0.678745983168483">
        <ele>2524</ele>
      </trkpt>
      <trkpt lat="42.598666967824101" lon="0.678692003712058">
        <ele>2522</ele>
      </trkpt>
      <trkpt lat="42.598636038601398" lon="0.678692003712058">
        <ele>2522</ele>
      </trkpt>
      <trkpt lat="42.598596978932619" lon="0.678700972348452">
        <ele>2521</ele>
      </trkpt>
      <trkpt lat="42.598497988656163" lon="0.678679011762142">
        <ele>2520</ele>
      </trkpt>
      <trkpt lat="42.598466975614429" lon="0.678711030632257">
        <ele>2518</ele>
      </trkpt>
      <trkpt lat="42.598392963409424" lon="0.678698038682342">
        <ele>2518</ele>
      </trkpt>
      <trkpt lat="42.598368991166353" lon="0.678671970963478">
        <ele>2518</ele>
      </trkpt>
      <trkpt lat="42.598307970911264" lon="0.678655039519072">
        <ele>2517</ele>
      </trkpt>
      <trkpt lat="42.598262038081884" lon="0.678664008155465">
        <ele>2517</ele>
      </trkpt>
      <trkpt lat="42.598209986463189" lon="0.678702984005213">
        <ele>2516</ele>
      </trkpt>
      <trkpt lat="42.598171010613441" lon="0.678724022582173">
        <ele>2515</ele>
      </trkpt>
      <trkpt lat="42.598116025328636" lon="0.67876199260354">
        <ele>2515</ele>
      </trkpt>
      <trkpt lat="42.598050981760025" lon="0.678840028122067">
        <ele>2513</ele>
      </trkpt>
      <trkpt lat="42.598006976768374" lon="0.678896019235253">
        <ele>2511</ele>
      </trkpt>
      <trkpt lat="42.598048970103264" lon="0.67897698841989">
        <ele>2510</ele>
      </trkpt>
      <trkpt lat="42.598077971488237" lon="0.679087964817882">
        <ele>2509</ele>
      </trkpt>
      <trkpt lat="42.598095992580056" lon="0.679146973416209">
        <ele>2507</ele>
      </trkpt>
      <trkpt lat="42.598116025328636" lon="0.679205982014537">
        <ele>2505</ele>
      </trkpt>
      <trkpt lat="42.598141003400087" lon="0.679271025583148">
        <ele>2504</ele>
      </trkpt>
      <trkpt lat="42.59821199811995" lon="0.67944997921586">
        <ele>2503</ele>
      </trkpt>
      <trkpt lat="42.598225995898247" lon="0.679488033056259">
        <ele>2498</ele>
      </trkpt>
      <trkpt lat="42.59819095954299" lon="0.6795550044626">
        <ele>2496</ele>
      </trkpt>
      <trkpt lat="42.598130023106933" lon="0.679574031382799">
        <ele>2494</ele>
      </trkpt>
      <trkpt lat="42.59810303337872" lon="0.679571013897657">
        <ele>2492</ele>
      </trkpt>
      <trkpt lat="42.59810496121645" lon="0.679668998345733">
        <ele>2491</ele>
      </trkpt>
      <trkpt lat="42.598131028935313" lon="0.679748961701989">
        <ele>2489</ele>
      </trkpt>
      <trkpt lat="42.598113007843494" lon="0.679829008877277">
        <ele>2487</ele>
      </trkpt>
      <trkpt lat="42.598115019500256" lon="0.67996202968061">
        <ele>2485</ele>
      </trkpt>
      <trkpt lat="42.598113007843494" lon="0.679989019408822">
        <ele>2482</ele>
      </trkpt>
      <trkpt lat="42.598089035600424" lon="0.680039981380105">
        <ele>2481</ele>
      </trkpt>
      <trkpt lat="42.598069002851844" lon="0.680104019120336">
        <ele>2478</ele>
      </trkpt>
      <trkpt lat="42.598051987588406" lon="0.680217007175088">
        <ele>2477</ele>
      </trkpt>
      <trkpt lat="42.598101021721959" lon="0.680260006338358">
        <ele>2475</ele>
      </trkpt>
      <trkpt lat="42.598137985914946" lon="0.680322032421827">
        <ele>2474</ele>
      </trkpt>
      <trkpt lat="42.598161958158016" lon="0.680404007434845">
        <ele>2472</ele>
      </trkpt>
      <trkpt lat="42.598166987299919" lon="0.680432002991438">
        <ele>2472</ele>
      </trkpt>
      <trkpt lat="42.598190037533641" lon="0.680467961356044">
        <ele>2472</ele>
      </trkpt>
      <trkpt lat="42.598202023655176" lon="0.680508026853204">
        <ele>2471</ele>
      </trkpt>
      <trkpt lat="42.598207974806428" lon="0.680566029623151">
        <ele>2470</ele>
      </trkpt>
      <trkpt lat="42.598228007555008" lon="0.680611040443182">
        <ele>2469</ele>
      </trkpt>
      <trkpt lat="42.59823395870626" lon="0.680621014907956">
        <ele>2468</ele>
      </trkpt>
      <trkpt lat="42.598227001726627" lon="0.680640041828156">
        <ele>2467</ele>
      </trkpt>
      <trkpt lat="42.598229013383389" lon="0.680644987151027">
        <ele>2465</ele>
      </trkpt>
      <trkpt lat="42.59818903170526" lon="0.680683963000774">
        <ele>2463</ele>
      </trkpt>
      <trkpt lat="42.598193977028131" lon="0.6806930154562">
        <ele>2463</ele>
      </trkpt>
      <trkpt lat="42.598217027261853" lon="0.68080298602581">
        <ele>2461</ele>
      </trkpt>
      <trkpt lat="42.598228007555008" lon="0.680884961038828">
        <ele>2460</ele>
      </trkpt>
      <trkpt lat="42.598260026425123" lon="0.680956961587071">
        <ele>2456</ele>
      </trkpt>
      <trkpt lat="42.598264971747994" lon="0.68099400959909">
        <ele>2455</ele>
      </trkpt>
      <trkpt lat="42.598293973132968" lon="0.681082019582391">
        <ele>2453</ele>
      </trkpt>
      <trkpt lat="42.598295984789729" lon="0.681127030402422">
        <ele>2452</ele>
      </trkpt>
      <trkpt lat="42.59829699061811" lon="0.68116701208055">
        <ele>2450</ele>
      </trkpt>
      <trkpt lat="42.598287016153336" lon="0.68120900541544">
        <ele>2449</ele>
      </trkpt>
      <trkpt lat="42.598282992839813" lon="0.681263990700245">
        <ele>2448</ele>
      </trkpt>
      <trkpt lat="42.598291961476207" lon="0.681311013177037">
        <ele>2447</ele>
      </trkpt>
      <trkpt lat="42.598304031416774" lon="0.681345965713263">
        <ele>2447</ele>
      </trkpt>
      <trkpt lat="42.598348958417773" lon="0.681418972089887">
        <ele>2447</ele>
      </trkpt>
      <trkpt lat="42.598359016701579" lon="0.681461971253157">
        <ele>2447</ele>
      </trkpt>
      <trkpt lat="42.598396986722946" lon="0.681508993729949">
        <ele>2447</ele>
      </trkpt>
      <trkpt lat="42.598423976451159" lon="0.681531960144639">
        <ele>2447</ele>
      </trkpt>
      <trkpt lat="42.598507963120937" lon="0.68157596513629">
        <ele>2441</ele>
      </trkpt>
      <trkpt lat="42.598498994484544" lon="0.681629022583365">
        <ele>2439</ele>
      </trkpt>
      <trkpt lat="42.598454989492893" lon="0.681673027575016">
        <ele>2437</ele>
      </trkpt>
      <trkpt lat="42.598391035571694" lon="0.681700017303228">
        <ele>2436</ele>
      </trkpt>
      <trkpt lat="42.598308976739645" lon="0.681692976504564">
        <ele>2435</ele>
      </trkpt>
      <trkpt lat="42.598239993676543" lon="0.681757014244795">
        <ele>2433</ele>
      </trkpt>
      <trkpt lat="42.598224990069866" lon="0.68176799453795">
        <ele>2428</ele>
      </trkpt>
      <trkpt lat="42.598205041140318" lon="0.681782998144627">
        <ele>2426</ele>
      </trkpt>
      <trkpt lat="42.598179979249835" lon="0.68183396011591">
        <ele>2425</ele>
      </trkpt>
      <trkpt lat="42.598160030320287" lon="0.681841000914574">
        <ele>2424</ele>
      </trkpt>
      <trkpt lat="42.59814796037972" lon="0.68185399286449">
        <ele>2423</ele>
      </trkpt>
      <trkpt lat="42.59814603254199" lon="0.68185499869287">
        <ele>2421</ele>
      </trkpt>
      <trkpt lat="42.598143015056849" lon="0.681886011734605">
        <ele>2419</ele>
      </trkpt>
      <trkpt lat="42.59812599979341" lon="0.681930016726255">
        <ele>2418</ele>
      </trkpt>
      <trkpt lat="42.59810202755034" lon="0.681965975090861">
        <ele>2416</ele>
      </trkpt>
      <trkpt lat="42.598092975094914" lon="0.682019032537937">
        <ele>2415</ele>
      </trkpt>
      <trkpt lat="42.598037989810109" lon="0.682039987295866">
        <ele>2414</ele>
      </trkpt>
      <trkpt lat="42.597984010353684" lon="0.682115005329251">
        <ele>2412</ele>
      </trkpt>
      <trkpt lat="42.597947968170047" lon="0.682123973965645">
        <ele>2411</ele>
      </trkpt>
      <trkpt lat="42.59789097122848" lon="0.682161021977663">
        <ele>2410</ele>
      </trkpt>
      <trkpt lat="42.597826011478901" lon="0.682187005877495">
        <ele>2409</ele>
      </trkpt>
      <trkpt lat="42.597789969295263" lon="0.682204021140933">
        <ele>2408</ele>
      </trkpt>
      <trkpt lat="42.597829028964043" lon="0.682226987555623">
        <ele>2408</ele>
      </trkpt>
      <trkpt lat="42.59784403257072" lon="0.682250959798694">
        <ele>2408</ele>
      </trkpt>
      <trkpt lat="42.597903963178396" lon="0.682316003367305">
        <ele>2407</ele>
      </trkpt>
      <trkpt lat="42.597914021462202" lon="0.682336036115885">
        <ele>2406</ele>
      </trkpt>
      <trkpt lat="42.59795299731195" lon="0.682395966723561">
        <ele>2406</ele>
      </trkpt>
      <trkpt lat="42.598026003688574" lon="0.682461010292172">
        <ele>2404</ele>
      </trkpt>
      <trkpt lat="42.598042013123631" lon="0.682470984756947">
        <ele>2403</ele>
      </trkpt>
      <trkpt lat="42.59806296788156" lon="0.68254298530519">
        <ele>2402</ele>
      </trkpt>
      <trkpt lat="42.598049975931644" lon="0.682614985853434">
        <ele>2401</ele>
      </trkpt>
      <trkpt lat="42.598003959283233" lon="0.682683968916535">
        <ele>2401</ele>
      </trkpt>
      <trkpt lat="42.597955008968711" lon="0.682762004435062">
        <ele>2400</ele>
      </trkpt>
      <trkpt lat="42.597856018692255" lon="0.682840039953589">
        <ele>2400</ele>
      </trkpt>
      <trkpt lat="42.597773959860206" lon="0.682869963347912">
        <ele>2399</ele>
      </trkpt>
      <trkpt lat="42.597688967362046" lon="0.682918997481465">
        <ele>2399</ele>
      </trkpt>
      <trkpt lat="42.597682010382414" lon="0.682923020794988">
        <ele>2399</ele>
      </trkpt>
      <trkpt lat="42.597592994570732" lon="0.68292997777462">
        <ele>2399</ele>
      </trkpt>
      <trkpt lat="42.597509007900953" lon="0.683009019121528">
        <ele>2399</ele>
      </trkpt>
      <trkpt lat="42.597446981817484" lon="0.683096023276448">
        <ele>2401</ele>
      </trkpt>
      <trkpt lat="42.597446981817484" lon="0.683096023276448">
        <ele>2401</ele>
      </trkpt>
      <trkpt lat="42.59743801318109" lon="0.683103986084461">
        <ele>2403</ele>
      </trkpt>
      <trkpt lat="42.597357966005802" lon="0.683123013004661">
        <ele>2405</ele>
      </trkpt>
      <trkpt lat="42.597271967679262" lon="0.683102980256081">
        <ele>2406</ele>
      </trkpt>
      <trkpt lat="42.59717901237309" lon="0.683155031874776">
        <ele>2408</ele>
      </trkpt>
      <trkpt lat="42.597044985741377" lon="0.683147991076112">
        <ele>2409</ele>
      </trkpt>
      <trkpt lat="42.596969967707992" lon="0.683150002732873">
        <ele>2410</ele>
      </trkpt>
      <trkpt lat="42.596931997686625" lon="0.683141034096479">
        <ele>2412</ele>
      </trkpt>
      <trkpt lat="42.596830995753407" lon="0.683086970821023">
        <ele>2413</ele>
      </trkpt>
      <trkpt lat="42.596762012690306" lon="0.683073978871107">
        <ele>2414</ele>
      </trkpt>
      <trkpt lat="42.59664298966527" lon="0.683018993586302">
        <ele>2415</ele>
      </trkpt>
      <trkpt lat="42.596591021865606" lon="0.682985968887806">
        <ele>2415</ele>
      </trkpt>
      <trkpt lat="42.596523966640234" lon="0.682926038280129">
        <ele>2415</ele>
      </trkpt>
      <trkpt lat="42.59649496525526" lon="0.682909023016691">
        <ele>2416</ele>
      </trkpt>
      <trkpt lat="42.596440985798836" lon="0.682889996096492">
        <ele>2416</ele>
      </trkpt>
      <trkpt lat="42.596346018835902" lon="0.682932995259762">
        <ele>2418</ele>
      </trkpt>
      <trkpt lat="42.59627602994442" lon="0.682977000251412">
        <ele>2419</ele>
      </trkpt>
      <trkpt lat="42.596181984990835" lon="0.683065010234714">
        <ele>2420</ele>
      </trkpt>
      <trkpt lat="42.596168993040919" lon="0.683095017448068">
        <ele>2422</ele>
      </trkpt>
      <trkpt lat="42.596135968342423" lon="0.683266008272767">
        <ele>2423</ele>
      </trkpt>
      <trkpt lat="42.596114007756114" lon="0.683320993557572">
        <ele>2424</ele>
      </trkpt>
      <trkpt lat="42.596129011362791" lon="0.683342032134533">
        <ele>2424</ele>
      </trkpt>
      <trkpt lat="42.596177961677313" lon="0.683384025469422">
        <ele>2424</ele>
      </trkpt>
    </trkseg>
  </trk>

</gpx>