<?xml version="1.0" encoding="utf-8"?><gpx creator="Garmin Desktop App" version="1.1" xsi:schemaLocation="http://www.topografix.com/GPX/1/1 http://www.topografix.com/GPX/1/1/gpx.xsd http://www.garmin.com/xmlschemas/WaypointExtension/v1 http://www8.garmin.com/xmlschemas/WaypointExtensionv1.xsd http://www.garmin.com/xmlschemas/TrackPointExtension/v1 http://www.garmin.com/xmlschemas/TrackPointExtensionv1.xsd http://www.garmin.com/xmlschemas/GpxExtensions/v3 http://www8.garmin.com/xmlschemas/GpxExtensionsv3.xsd http://www.garmin.com/xmlschemas/ActivityExtension/v1 http://www8.garmin.com/xmlschemas/ActivityExtensionv1.xsd http://www.garmin.com/xmlschemas/AdventuresExtensions/v1 http://www8.garmin.com/xmlschemas/AdventuresExtensionv1.xsd http://www.garmin.com/xmlschemas/PressureExtension/v1 http://www.garmin.com/xmlschemas/PressureExtensionv1.xsd http://www.garmin.com/xmlschemas/TripExtensions/v1 http://www.garmin.com/xmlschemas/TripExtensionsv1.xsd http://www.garmin.com/xmlschemas/TripMetaDataExtensions/v1 http://www.garmin.com/xmlschemas/TripMetaDataExtensionsv1.xsd http://www.garmin.com/xmlschemas/ViaPointTransportationModeExtensions/v1 http://www.garmin.com/xmlschemas/ViaPointTransportationModeExtensionsv1.xsd http://www.garmin.com/xmlschemas/CreationTimeExtension/v1 http://www.garmin.com/xmlschemas/CreationTimeExtensionsv1.xsd http://www.garmin.com/xmlschemas/AccelerationExtension/v1 http://www.garmin.com/xmlschemas/AccelerationExtensionv1.xsd http://www.garmin.com/xmlschemas/PowerExtension/v1 http://www.garmin.com/xmlschemas/PowerExtensionv1.xsd http://www.garmin.com/xmlschemas/VideoExtension/v1 http://www.garmin.com/xmlschemas/VideoExtensionv1.xsd" xmlns="http://www.topografix.com/GPX/1/1" xmlns:xsi="http://www.w3.org/2001/XMLSchema-instance" xmlns:wptx1="http://www.garmin.com/xmlschemas/WaypointExtension/v1" xmlns:gpxtrx="http://www.garmin.com/xmlschemas/GpxExtensions/v3" xmlns:gpxtpx="http://www.garmin.com/xmlschemas/TrackPointExtension/v1" xmlns:gpxx="http://www.garmin.com/xmlschemas/GpxExtensions/v3" xmlns:trp="http://www.garmin.com/xmlschemas/TripExtensions/v1" xmlns:adv="http://www.garmin.com/xmlschemas/AdventuresExtensions/v1" xmlns:prs="http://www.garmin.com/xmlschemas/PressureExtension/v1" xmlns:tmd="http://www.garmin.com/xmlschemas/TripMetaDataExtensions/v1" xmlns:vptm="http://www.garmin.com/xmlschemas/ViaPointTransportationModeExtensions/v1" xmlns:ctx="http://www.garmin.com/xmlschemas/CreationTimeExtension/v1" xmlns:gpxacc="http://www.garmin.com/xmlschemas/AccelerationExtension/v1" xmlns:gpxpx="http://www.garmin.com/xmlschemas/PowerExtension/v1" xmlns:vidx1="http://www.garmin.com/xmlschemas/VideoExtension/v1">

  <metadata>
    <link href="http://www.garmin.com">
      <text>Garmin International</text>
    </link>
    <time>2026-05-10T12:45:36Z</time>
    <bounds maxlat="42.644244991242886" maxlon="1.325067998841405" minlat="42.58972599171102" minlon="1.2565409950912" />
  </metadata>

  <trk>
    <name>GR11_29_Tavascan-Areu</name>
    <extensions>
      <gpxx:TrackExtension>
        <gpxx:DisplayColor>DarkRed</gpxx:DisplayColor>
      </gpxx:TrackExtension>
    </extensions>
    <trkseg>
      <trkpt lat="42.644108030945063" lon="1.257223030552268">
        <ele>1110</ele>
      </trkpt>
      <trkpt lat="42.644161004573107" lon="1.257273992523551">
        <ele>1110</ele>
      </trkpt>
      <trkpt lat="42.644136026501656" lon="1.25737901777029">
        <ele>1109</ele>
      </trkpt>
      <trkpt lat="42.644067965447903" lon="1.257483037188649">
        <ele>1105</ele>
      </trkpt>
      <trkpt lat="42.644086992368102" lon="1.257609017193317">
        <ele>1108</ele>
      </trkpt>
      <trkpt lat="42.644116999581456" lon="1.257704989984632">
        <ele>1110</ele>
      </trkpt>
      <trkpt lat="42.64416603371501" lon="1.2578309699893">
        <ele>1111</ele>
      </trkpt>
      <trkpt lat="42.644153963774443" lon="1.257892996072769">
        <ele>1113</ele>
      </trkpt>
      <trkpt lat="42.644152035936713" lon="1.25793700106442">
        <ele>1114</ele>
      </trkpt>
      <trkpt lat="42.644162010401487" lon="1.25802400521934">
        <ele>1116</ele>
      </trkpt>
      <trkpt lat="42.6441699732095" lon="1.258054012432694">
        <ele>1117</ele>
      </trkpt>
      <trkpt lat="42.64416703954339" lon="1.258120983839035">
        <ele>1118</ele>
      </trkpt>
      <trkpt lat="42.644132003188133" lon="1.258133975788951">
        <ele>1120</ele>
      </trkpt>
      <trkpt lat="42.644141977652907" lon="1.258191978558898">
        <ele>1122</ele>
      </trkpt>
      <trkpt lat="42.644163016229868" lon="1.258283006027341">
        <ele>1124</ele>
      </trkpt>
      <trkpt lat="42.644192017614841" lon="1.258335979655385">
        <ele>1126</ele>
      </trkpt>
      <trkpt lat="42.644196040928364" lon="1.258389037102461">
        <ele>1128</ele>
      </trkpt>
      <trkpt lat="42.644210960716009" lon="1.258441004902124">
        <ele>1128</ele>
      </trkpt>
      <trkpt lat="42.644214984029531" lon="1.258461037650704">
        <ele>1129</ele>
      </trkpt>
      <trkpt lat="42.644213978201151" lon="1.258479980751872">
        <ele>1129</ele>
      </trkpt>
      <trkpt lat="42.644198974594474" lon="1.258551981300116">
        <ele>1132</ele>
      </trkpt>
      <trkpt lat="42.644181037321687" lon="1.258619036525488">
        <ele>1134</ele>
      </trkpt>
      <trkpt lat="42.644164022058249" lon="1.25871199183166">
        <ele>1137</ele>
      </trkpt>
      <trkpt lat="42.644192017614841" lon="1.258834032341838">
        <ele>1140</ele>
      </trkpt>
      <trkpt lat="42.644201992079616" lon="1.258921036496759">
        <ele>1143</ele>
      </trkpt>
      <trkpt lat="42.644213978201151" lon="1.258973004296422">
        <ele>1144</ele>
      </trkpt>
      <trkpt lat="42.644207021221519" lon="1.259027989581227">
        <ele>1146</ele>
      </trkpt>
      <trkpt lat="42.644235016778111" lon="1.259091021493077">
        <ele>1147</ele>
      </trkpt>
      <trkpt lat="42.644244991242886" lon="1.259145000949502">
        <ele>1149</ele>
      </trkpt>
      <trkpt lat="42.644191011786461" lon="1.259150030091405">
        <ele>1150</ele>
      </trkpt>
      <trkpt lat="42.644151030108333" lon="1.259158998727799">
        <ele>1152</ele>
      </trkpt>
      <trkpt lat="42.644148012623191" lon="1.259201997891069">
        <ele>1153</ele>
      </trkpt>
      <trkpt lat="42.644153041765094" lon="1.259220018982887">
        <ele>1154</ele>
      </trkpt>
      <trkpt lat="42.644163016229868" lon="1.259276010096073">
        <ele>1156</ele>
      </trkpt>
      <trkpt lat="42.644165027886629" lon="1.259305011481047">
        <ele>1157</ele>
      </trkpt>
      <trkpt lat="42.644161004573107" lon="1.259341975674033">
        <ele>1159</ele>
      </trkpt>
      <trkpt lat="42.644186988472939" lon="1.259402995929122">
        <ele>1160</ele>
      </trkpt>
      <trkpt lat="42.644183970987797" lon="1.259445995092392">
        <ele>1162</ele>
      </trkpt>
      <trkpt lat="42.644181959331036" lon="1.259481031447649">
        <ele>1164</ele>
      </trkpt>
      <trkpt lat="42.64416603371501" lon="1.25948497094214">
        <ele>1164</ele>
      </trkpt>
      <trkpt lat="42.644121022894979" lon="1.259497040882707">
        <ele>1166</ele>
      </trkpt>
      <trkpt lat="42.64408397488296" lon="1.25948203727603">
        <ele>1167</ele>
      </trkpt>
      <trkpt lat="42.644065031781793" lon="1.25948203727603">
        <ele>1167</ele>
      </trkpt>
      <trkpt lat="42.644043993204832" lon="1.259477008134127">
        <ele>1168</ele>
      </trkpt>
      <trkpt lat="42.644011974334717" lon="1.259459992870688">
        <ele>1169</ele>
      </trkpt>
      <trkpt lat="42.643990013748407" lon="1.259443983435631">
        <ele>1170</ele>
      </trkpt>
      <trkpt lat="42.643934022635221" lon="1.259392015635967">
        <ele>1171</ele>
      </trkpt>
      <trkpt lat="42.643899992108345" lon="1.259368965402246">
        <ele>1172</ele>
      </trkpt>
      <trkpt lat="42.643902003765106" lon="1.259369971230626">
        <ele>1172</ele>
      </trkpt>
      <trkpt lat="42.643879959359765" lon="1.259353961795569">
        <ele>1172</ele>
      </trkpt>
      <trkpt lat="42.643855987116694" lon="1.25933300703764">
        <ele>1173</ele>
      </trkpt>
      <trkpt lat="42.64384500682354" lon="1.259322026744485">
        <ele>1173</ele>
      </trkpt>
      <trkpt lat="42.643784992396832" lon="1.259286990389228">
        <ele>1174</ele>
      </trkpt>
      <trkpt lat="42.643692037090659" lon="1.259244997054339">
        <ele>1177</ele>
      </trkpt>
      <trkpt lat="42.643623976036906" lon="1.25918498262763">
        <ele>1178</ele>
      </trkpt>
      <trkpt lat="42.643547030165792" lon="1.259148018434644">
        <ele>1181</ele>
      </trkpt>
      <trkpt lat="42.643401017412543" lon="1.259100995957851">
        <ele>1188</ele>
      </trkpt>
      <trkpt lat="42.643356006592512" lon="1.259056990966201">
        <ele>1189</ele>
      </trkpt>
      <trkpt lat="42.643349971622229" lon="1.259049028158188">
        <ele>1189</ele>
      </trkpt>
      <trkpt lat="42.643349971622229" lon="1.259049028158188">
        <ele>1189</ele>
      </trkpt>
      <trkpt lat="42.643337985500693" lon="1.259051961824298">
        <ele>1190</ele>
      </trkpt>
      <trkpt lat="42.643261039629579" lon="1.25903301872313">
        <ele>1194</ele>
      </trkpt>
      <trkpt lat="42.643175963312387" lon="1.259030001237989">
        <ele>1199</ele>
      </trkpt>
      <trkpt lat="42.643138999119401" lon="1.259026983752847">
        <ele>1201</ele>
      </trkpt>
      <trkpt lat="42.643015030771494" lon="1.25901298597455">
        <ele>1205</ele>
      </trkpt>
      <trkpt lat="42.6428799983114" lon="1.258985996246338">
        <ele>1211</ele>
      </trkpt>
      <trkpt lat="42.642844961956143" lon="1.258961018174887">
        <ele>1211</ele>
      </trkpt>
      <trkpt lat="42.642829036340117" lon="1.259008040651679">
        <ele>1214</ele>
      </trkpt>
      <trkpt lat="42.642786037176847" lon="1.258956994861364">
        <ele>1214</ele>
      </trkpt>
      <trkpt lat="42.642721999436617" lon="1.25894702039659">
        <ele>1216</ele>
      </trkpt>
      <trkpt lat="42.642680006101727" lon="1.258922964334488">
        <ele>1217</ele>
      </trkpt>
      <trkpt lat="42.642626026645303" lon="1.258973004296422">
        <ele>1223</ele>
      </trkpt>
      <trkpt lat="42.642582021653652" lon="1.258978033438325">
        <ele>1225</ele>
      </trkpt>
      <trkpt lat="42.642542039975524" lon="1.258979039266706">
        <ele>1227</ele>
      </trkpt>
      <trkpt lat="42.642499040812254" lon="1.258949032053351">
        <ele>1228</ele>
      </trkpt>
      <trkpt lat="42.642417987808585" lon="1.258928999304771">
        <ele>1231</ele>
      </trkpt>
      <trkpt lat="42.642352022230625" lon="1.258921958506107">
        <ele>1232</ele>
      </trkpt>
      <trkpt lat="42.642346993088722" lon="1.258980967104435">
        <ele>1235</ele>
      </trkpt>
      <trkpt lat="42.642353028059006" lon="1.259045004844666">
        <ele>1237</ele>
      </trkpt>
      <trkpt lat="42.64234003610909" lon="1.259080041199923">
        <ele>1239</ele>
      </trkpt>
      <trkpt lat="42.642306005582213" lon="1.25907501205802">
        <ele>1239</ele>
      </trkpt>
      <trkpt lat="42.642267029732466" lon="1.259065959602594">
        <ele>1240</ele>
      </trkpt>
      <trkpt lat="42.64221497811377" lon="1.259062020108104">
        <ele>1241</ele>
      </trkpt>
      <trkpt lat="42.642156975343823" lon="1.259007034823299">
        <ele>1241</ele>
      </trkpt>
      <trkpt lat="42.642102995887399" lon="1.258993959054351">
        <ele>1243</ele>
      </trkpt>
      <trkpt lat="42.642054967582226" lon="1.258981972932816">
        <ele>1245</ele>
      </trkpt>
      <trkpt lat="42.642005011439323" lon="1.25896998681128">
        <ele>1246</ele>
      </trkpt>
      <trkpt lat="42.641981039196253" lon="1.2589689809829">
        <ele>1247</ele>
      </trkpt>
      <trkpt lat="42.641938040032983" lon="1.258967975154519">
        <ele>1249</ele>
      </trkpt>
      <trkpt lat="42.641909038648009" lon="1.259034024551511">
        <ele>1253</ele>
      </trkpt>
      <trkpt lat="42.641832008957863" lon="1.259047016501427">
        <ele>1258</ele>
      </trkpt>
      <trkpt lat="42.641819017007947" lon="1.259037964046001">
        <ele>1258</ele>
      </trkpt>
      <trkpt lat="42.641768977046013" lon="1.25898901373148">
        <ele>1258</ele>
      </trkpt>
      <trkpt lat="42.641723966225982" lon="1.258971998468041">
        <ele>1260</ele>
      </trkpt>
      <trkpt lat="42.641714997589588" lon="1.25896998681128">
        <ele>1260</ele>
      </trkpt>
      <trkpt lat="42.641682978719473" lon="1.258962024003267">
        <ele>1262</ele>
      </trkpt>
      <trkpt lat="42.641636962071061" lon="1.258939979597926">
        <ele>1263</ele>
      </trkpt>
      <trkpt lat="42.641621958464384" lon="1.258939979597926">
        <ele>1264</ele>
      </trkpt>
      <trkpt lat="42.641621958464384" lon="1.258939979597926">
        <ele>1264</ele>
      </trkpt>
      <trkpt lat="42.641620030626655" lon="1.258936040103436">
        <ele>1264</ele>
      </trkpt>
      <trkpt lat="42.641616007313132" lon="1.258934028446674">
        <ele>1264</ele>
      </trkpt>
      <trkpt lat="42.641601003706455" lon="1.258921958506107">
        <ele>1264</ele>
      </trkpt>
      <trkpt lat="42.641524979844689" lon="1.258874014019966">
        <ele>1265</ele>
      </trkpt>
      <trkpt lat="42.641491033136845" lon="1.25886001624167">
        <ele>1266</ele>
      </trkpt>
      <trkpt lat="42.641406040638685" lon="1.258819028735161">
        <ele>1270</ele>
      </trkpt>
      <trkpt lat="42.641347032040358" lon="1.258791033178568">
        <ele>1273</ele>
      </trkpt>
      <trkpt lat="42.641318030655384" lon="1.258788015693426">
        <ele>1274</ele>
      </trkpt>
      <trkpt lat="42.641251981258392" lon="1.258740993216634">
        <ele>1276</ele>
      </trkpt>
      <trkpt lat="42.641210993751884" lon="1.258746022358537">
        <ele>1277</ele>
      </trkpt>
      <trkpt lat="42.641205964609981" lon="1.258852975443006">
        <ele>1282</ele>
      </trkpt>
      <trkpt lat="42.641196995973587" lon="1.258888011798263">
        <ele>1284</ele>
      </trkpt>
      <trkpt lat="42.641175035387278" lon="1.258881976827979">
        <ele>1284</ele>
      </trkpt>
      <trkpt lat="42.641107980161905" lon="1.258872002363205">
        <ele>1287</ele>
      </trkpt>
      <trkpt lat="42.641104962676764" lon="1.258939979597926">
        <ele>1290</ele>
      </trkpt>
      <trkpt lat="42.641100017353892" lon="1.258983984589577">
        <ele>1292</ele>
      </trkpt>
      <trkpt lat="42.641080990433693" lon="1.258963029831648">
        <ele>1292</ele>
      </trkpt>
      <trkpt lat="42.641033967956901" lon="1.258939979597926">
        <ele>1293</ele>
      </trkpt>
      <trkpt lat="42.640971019864082" lon="1.258923970162869">
        <ele>1295</ele>
      </trkpt>
      <trkpt lat="42.640945035964251" lon="1.258902009576559">
        <ele>1295</ele>
      </trkpt>
      <trkpt lat="42.640887033194304" lon="1.258866973221302">
        <ele>1296</ele>
      </trkpt>
      <trkpt lat="42.640841016545892" lon="1.258827997371554">
        <ele>1296</ele>
      </trkpt>
      <trkpt lat="42.640791982412338" lon="1.25881802290678">
        <ele>1298</ele>
      </trkpt>
      <trkpt lat="42.640744037926197" lon="1.258771000429988">
        <ele>1300</ele>
      </trkpt>
      <trkpt lat="42.640673965215683" lon="1.258706040680409">
        <ele>1303</ele>
      </trkpt>
      <trkpt lat="42.640673965215683" lon="1.258706040680409">
        <ele>1303</ele>
      </trkpt>
      <trkpt lat="42.640604982152581" lon="1.258639991283417">
        <ele>1307</ele>
      </trkpt>
      <trkpt lat="42.640528036281466" lon="1.258557010442019">
        <ele>1308</ele>
      </trkpt>
      <trkpt lat="42.640499034896493" lon="1.258537983521819">
        <ele>1308</ele>
      </trkpt>
      <trkpt lat="42.640447989106178" lon="1.258482998237014">
        <ele>1309</ele>
      </trkpt>
      <trkpt lat="42.640400966629386" lon="1.258449973538518">
        <ele>1310</ele>
      </trkpt>
      <trkpt lat="42.640311028808355" lon="1.258380990475416">
        <ele>1311</ele>
      </trkpt>
      <trkpt lat="42.640251014381647" lon="1.258298009634018">
        <ele>1309</ele>
      </trkpt>
      <trkpt lat="42.640251014381647" lon="1.258298009634018">
        <ele>1309</ele>
      </trkpt>
      <trkpt lat="42.640217989683151" lon="1.258246963843703">
        <ele>1307</ele>
      </trkpt>
      <trkpt lat="42.640158981084824" lon="1.25819499604404">
        <ele>1308</ele>
      </trkpt>
      <trkpt lat="42.640099972486496" lon="1.258145961910486">
        <ele>1309</ele>
      </trkpt>
      <trkpt lat="42.640044987201691" lon="1.258093994110823">
        <ele>1310</ele>
      </trkpt>
      <trkpt lat="42.640009028837085" lon="1.258063986897469">
        <ele>1311</ele>
      </trkpt>
      <trkpt lat="42.639937028288841" lon="1.258004978299141">
        <ele>1312</ele>
      </trkpt>
      <trkpt lat="42.639823034405708" lon="1.257912022992969">
        <ele>1313</ele>
      </trkpt>
      <trkpt lat="42.639726977795362" lon="1.257848991081119">
        <ele>1314</ele>
      </trkpt>
      <trkpt lat="42.639688001945615" lon="1.257798029109836">
        <ele>1314</ele>
      </trkpt>
      <trkpt lat="42.639594040811062" lon="1.257704989984632">
        <ele>1312</ele>
      </trkpt>
      <trkpt lat="42.639481974765658" lon="1.257610023021698">
        <ele>1314</ele>
      </trkpt>
      <trkpt lat="42.63941902667284" lon="1.257541961967945">
        <ele>1315</ele>
      </trkpt>
      <trkpt lat="42.639338979497552" lon="1.257485970854759">
        <ele>1315</ele>
      </trkpt>
      <trkpt lat="42.639280976727605" lon="1.257454035803676">
        <ele>1316</ele>
      </trkpt>
      <trkpt lat="42.639196990057826" lon="1.257364014163613">
        <ele>1315</ele>
      </trkpt>
      <trkpt lat="42.639168994501233" lon="1.257344987243414">
        <ele>1316</ele>
      </trkpt>
      <trkpt lat="42.639099005609751" lon="1.257330989465118">
        <ele>1319</ele>
      </trkpt>
      <trkpt lat="42.63903102837503" lon="1.257317997515202">
        <ele>1320</ele>
      </trkpt>
      <trkpt lat="42.638962967321277" lon="1.25727198086679">
        <ele>1319</ele>
      </trkpt>
      <trkpt lat="42.638907982036471" lon="1.257240967825055">
        <ele>1319</ele>
      </trkpt>
      <trkpt lat="42.638811003416777" lon="1.257179025560617">
        <ele>1319</ele>
      </trkpt>
      <trkpt lat="42.638761969283223" lon="1.257157986983657">
        <ele>1321</ele>
      </trkpt>
      <trkpt lat="42.638723999261856" lon="1.257130997255445">
        <ele>1322</ele>
      </trkpt>
      <trkpt lat="42.638610005378723" lon="1.257028989493847">
        <ele>1322</ele>
      </trkpt>
      <trkpt lat="42.638591984286904" lon="1.257019015029073">
        <ele>1322</ele>
      </trkpt>
      <trkpt lat="42.638524007052183" lon="1.256999988108873">
        <ele>1323</ele>
      </trkpt>
      <trkpt lat="42.638466004282236" lon="1.256961012259126">
        <ele>1325</ele>
      </trkpt>
      <trkpt lat="42.638440020382404" lon="1.256947014480829">
        <ele>1325</ele>
      </trkpt>
      <trkpt lat="42.63838998042047" lon="1.256899992004037">
        <ele>1326</ele>
      </trkpt>
      <trkpt lat="42.638370031490922" lon="1.256894962862134">
        <ele>1326</ele>
      </trkpt>
      <trkpt lat="42.638340024277568" lon="1.25688599422574">
        <ele>1326</ele>
      </trkpt>
      <trkpt lat="42.638276992365718" lon="1.256879037246108">
        <ele>1329</ele>
      </trkpt>
      <trkpt lat="42.638276992365718" lon="1.256879037246108">
        <ele>1329</ele>
      </trkpt>
      <trkpt lat="42.638272969052196" lon="1.256878031417728">
        <ele>1330</ele>
      </trkpt>
      <trkpt lat="42.638175990432501" lon="1.256810976192355">
        <ele>1333</ele>
      </trkpt>
      <trkpt lat="42.638112036511302" lon="1.256758002564311">
        <ele>1334</ele>
      </trkpt>
      <trkpt lat="42.638082029297948" lon="1.256725983694196">
        <ele>1335</ele>
      </trkpt>
      <trkpt lat="42.638058979064226" lon="1.256707040593028">
        <ele>1336</ele>
      </trkpt>
      <trkpt lat="42.638032995164394" lon="1.256665969267488">
        <ele>1336</ele>
      </trkpt>
      <trkpt lat="42.638003993779421" lon="1.256634034216404">
        <ele>1336</ele>
      </trkpt>
      <trkpt lat="42.638003993779421" lon="1.256634034216404">
        <ele>1336</ele>
      </trkpt>
      <trkpt lat="42.638003993779421" lon="1.256634034216404">
        <ele>1336</ele>
      </trkpt>
      <trkpt lat="42.637943979352713" lon="1.25660503283143">
        <ele>1338</ele>
      </trkpt>
      <trkpt lat="42.63793702237308" lon="1.256596986204386">
        <ele>1338</ele>
      </trkpt>
      <trkpt lat="42.63793702237308" lon="1.256593968719244">
        <ele>1338</ele>
      </trkpt>
      <trkpt lat="42.637919001281261" lon="1.256576031446457">
        <ele>1338</ele>
      </trkpt>
      <trkpt lat="42.63785001821816" lon="1.2565409950912">
        <ele>1339</ele>
      </trkpt>
      <trkpt lat="42.637886982411146" lon="1.256654988974333">
        <ele>1342</ele>
      </trkpt>
      <trkpt lat="42.637895029038191" lon="1.256664963439107">
        <ele>1342</ele>
      </trkpt>
      <trkpt lat="42.637900980189443" lon="1.256677033379674">
        <ele>1342</ele>
      </trkpt>
      <trkpt lat="42.637950014322996" lon="1.256789015606046">
        <ele>1341</ele>
      </trkpt>
      <trkpt lat="42.637944985181093" lon="1.256827991455793">
        <ele>1342</ele>
      </trkpt>
      <trkpt lat="42.637960994616151" lon="1.256913989782333">
        <ele>1343</ele>
      </trkpt>
      <trkpt lat="42.637967029586434" lon="1.256994036957622">
        <ele>1343</ele>
      </trkpt>
      <trkpt lat="42.637941967695951" lon="1.2570780236274">
        <ele>1344</ele>
      </trkpt>
      <trkpt lat="42.637942973524332" lon="1.257079029455781">
        <ele>1344</ele>
      </trkpt>
      <trkpt lat="42.637876002117991" lon="1.257082968950272">
        <ele>1346</ele>
      </trkpt>
      <trkpt lat="42.637825962156057" lon="1.257067965343595">
        <ele>1347</ele>
      </trkpt>
      <trkpt lat="42.637755973264575" lon="1.257052039727569">
        <ele>1348</ele>
      </trkpt>
      <trkpt lat="42.637711968272924" lon="1.257052961736918">
        <ele>1349</ele>
      </trkpt>
      <trkpt lat="42.637707022950053" lon="1.257054973393679">
        <ele>1349</ele>
      </trkpt>
      <trkpt lat="42.637666035443544" lon="1.257037036120892">
        <ele>1349</ele>
      </trkpt>
      <trkpt lat="42.637587999925017" lon="1.25699202530086">
        <ele>1351</ele>
      </trkpt>
      <trkpt lat="42.637545000761747" lon="1.257022032514215">
        <ele>1353</ele>
      </trkpt>
      <trkpt lat="42.637535026296973" lon="1.257043993100524">
        <ele>1354</ele>
      </trkpt>
      <trkpt lat="42.637491021305323" lon="1.257062014192343">
        <ele>1356</ele>
      </trkpt>
      <trkpt lat="42.637409968301654" lon="1.257052039727569">
        <ele>1360</ele>
      </trkpt>
      <trkpt lat="42.637385996058583" lon="1.257119011133909">
        <ele>1363</ele>
      </trkpt>
      <trkpt lat="42.637373004108667" lon="1.257149018347263">
        <ele>1364</ele>
      </trkpt>
      <trkpt lat="42.637326987460256" lon="1.257153963670135">
        <ele>1367</ele>
      </trkpt>
      <trkpt lat="42.63729396276176" lon="1.257179025560617">
        <ele>1369</ele>
      </trkpt>
      <trkpt lat="42.637263033539057" lon="1.257212972268462">
        <ele>1371</ele>
      </trkpt>
      <trkpt lat="42.637187009677291" lon="1.257240967825055">
        <ele>1373</ele>
      </trkpt>
      <trkpt lat="42.63716597110033" lon="1.257286984473467">
        <ele>1375</ele>
      </trkpt>
      <trkpt lat="42.637140993028879" lon="1.257354039698839">
        <ele>1377</ele>
      </trkpt>
      <trkpt lat="42.637136969715357" lon="1.257397038862109">
        <ele>1379</ele>
      </trkpt>
      <trkpt lat="42.637135041877627" lon="1.257402990013361">
        <ele>1379</ele>
      </trkpt>
      <trkpt lat="42.637125989422202" lon="1.257430985569954">
        <ele>1380</ele>
      </trkpt>
      <trkpt lat="42.637124983593822" lon="1.257506003603339">
        <ele>1383</ele>
      </trkpt>
      <trkpt lat="42.637120960280299" lon="1.257571969181299">
        <ele>1385</ele>
      </trkpt>
      <trkpt lat="42.637116014957428" lon="1.25763600692153">
        <ele>1387</ele>
      </trkpt>
      <trkpt lat="42.637112997472286" lon="1.25769903883338">
        <ele>1390</ele>
      </trkpt>
      <trkpt lat="42.637109979987144" lon="1.257708007469773">
        <ele>1390</ele>
      </trkpt>
      <trkpt lat="42.637091958895326" lon="1.257739020511508">
        <ele>1391</ele>
      </trkpt>
      <trkpt lat="42.637048959732056" lon="1.257758969441056">
        <ele>1393</ele>
      </trkpt>
      <trkpt lat="42.63699003495276" lon="1.257763998582959">
        <ele>1394</ele>
      </trkpt>
      <trkpt lat="42.636943012475967" lon="1.257782019674778">
        <ele>1395</ele>
      </trkpt>
      <trkpt lat="42.636876963078976" lon="1.257796017453075">
        <ele>1395</ele>
      </trkpt>
      <trkpt lat="42.636869000270963" lon="1.257800040766597">
        <ele>1395</ele>
      </trkpt>
      <trkpt lat="42.636800017207861" lon="1.257835999131203">
        <ele>1397</ele>
      </trkpt>
      <trkpt lat="42.63675601221621" lon="1.257843961939216">
        <ele>1397</ele>
      </trkpt>
      <trkpt lat="42.636717958375812" lon="1.257878998294473">
        <ele>1398</ele>
      </trkpt>
      <trkpt lat="42.636684011667967" lon="1.257929960265756">
        <ele>1399</ele>
      </trkpt>
      <trkpt lat="42.636683005839586" lon="1.257971031591296">
        <ele>1401</ele>
      </trkpt>
      <trkpt lat="42.636682000011206" lon="1.257971031591296">
        <ele>1401</ele>
      </trkpt>
      <trkpt lat="42.636680994182825" lon="1.257968014106154">
        <ele>1401</ele>
      </trkpt>
      <trkpt lat="42.636678982526064" lon="1.257971031591296">
        <ele>1401</ele>
      </trkpt>
      <trkpt lat="42.636479996144772" lon="1.258273031562567">
        <ele>1414</ele>
      </trkpt>
      <trkpt lat="42.636403972283006" lon="1.25828099437058">
        <ele>1415</ele>
      </trkpt>
      <trkpt lat="42.636333983391523" lon="1.258272025734186">
        <ele>1416</ele>
      </trkpt>
      <trkpt lat="42.636285033077002" lon="1.258299015462399">
        <ele>1418</ele>
      </trkpt>
      <trkpt lat="42.636225018650293" lon="1.258285017684102">
        <ele>1419</ele>
      </trkpt>
      <trkpt lat="42.63615402393043" lon="1.25830102711916">
        <ele>1422</ele>
      </trkpt>
      <trkpt lat="42.636144971475005" lon="1.258371016010642">
        <ele>1425</ele>
      </trkpt>
      <trkpt lat="42.636129967868328" lon="1.25838803127408">
        <ele>1426</ele>
      </trkpt>
      <trkpt lat="42.636127034202218" lon="1.258462965488434">
        <ele>1430</ele>
      </trkpt>
      <trkpt lat="42.636128040030599" lon="1.25849699601531">
        <ele>1432</ele>
      </trkpt>
      <trkpt lat="42.636128040030599" lon="1.258534966036677">
        <ele>1434</ele>
      </trkpt>
      <trkpt lat="42.636112030595541" lon="1.258551981300116">
        <ele>1435</ele>
      </trkpt>
      <trkpt lat="42.636114964261651" lon="1.258553992956877">
        <ele>1435</ele>
      </trkpt>
      <trkpt lat="42.636021003127098" lon="1.25860302709043">
        <ele>1441</ele>
      </trkpt>
      <trkpt lat="42.635970963165164" lon="1.25864895991981">
        <ele>1448</ele>
      </trkpt>
      <trkpt lat="42.635869961231947" lon="1.258741999045014">
        <ele>1454</ele>
      </trkpt>
      <trkpt lat="42.635863004252315" lon="1.258751973509789">
        <ele>1454</ele>
      </trkpt>
      <trkpt lat="42.635864010080695" lon="1.258755996823311">
        <ele>1454</ele>
      </trkpt>
      <trkpt lat="42.635861998423934" lon="1.25875398516655">
        <ele>1454</ele>
      </trkpt>
      <trkpt lat="42.635856969282031" lon="1.258772006258369">
        <ele>1455</ele>
      </trkpt>
      <trkpt lat="42.635856969282031" lon="1.258772006258369">
        <ele>1455</ele>
      </trkpt>
      <trkpt lat="42.63574699871242" lon="1.25926997512579">
        <ele>1477</ele>
      </trkpt>
      <trkpt lat="42.635777005925775" lon="1.259401990100741">
        <ele>1481</ele>
      </trkpt>
      <trkpt lat="42.635760996490717" lon="1.259434008970857">
        <ele>1483</ele>
      </trkpt>
      <trkpt lat="42.635733000934124" lon="1.25948203727603">
        <ele>1485</ele>
      </trkpt>
      <trkpt lat="42.635700982064009" lon="1.259467033669353">
        <ele>1484</ele>
      </trkpt>
      <trkpt lat="42.635657982900739" lon="1.259466027840972">
        <ele>1482</ele>
      </trkpt>
      <trkpt lat="42.635635016486049" lon="1.259486982598901">
        <ele>1482</ele>
      </trkpt>
      <trkpt lat="42.635569972917438" lon="1.259554037824273">
        <ele>1482</ele>
      </trkpt>
      <trkpt lat="42.635495038703084" lon="1.259644981473684">
        <ele>1482</ele>
      </trkpt>
      <trkpt lat="42.635411974042654" lon="1.259701978415251">
        <ele>1482</ele>
      </trkpt>
      <trkpt lat="42.635384984314442" lon="1.259714970365167">
        <ele>1481</ele>
      </trkpt>
      <trkpt lat="42.635332010686398" lon="1.259784959256649">
        <ele>1485</ele>
      </trkpt>
      <trkpt lat="42.635313989594579" lon="1.259801974520087">
        <ele>1486</ele>
      </trkpt>
      <trkpt lat="42.635310972109437" lon="1.259801974520087">
        <ele>1486</ele>
      </trkpt>
      <trkpt lat="42.63510100543499" lon="1.259844973683357">
        <ele>1493</ele>
      </trkpt>
      <trkpt lat="42.635078961029649" lon="1.259887972846627">
        <ele>1496</ele>
      </trkpt>
      <trkpt lat="42.63503797352314" lon="1.259901970624924">
        <ele>1497</ele>
      </trkpt>
      <trkpt lat="42.635038979351521" lon="1.259908005595207">
        <ele>1497</ele>
      </trkpt>
      <trkpt lat="42.634977037087083" lon="1.259928038343787">
        <ele>1498</ele>
      </trkpt>
      <trkpt lat="42.634930014610291" lon="1.25995603390038">
        <ele>1500</ele>
      </trkpt>
      <trkpt lat="42.634926997125149" lon="1.259967014193535">
        <ele>1501</ele>
      </trkpt>
      <trkpt lat="42.634889027103782" lon="1.259966008365154">
        <ele>1501</ele>
      </trkpt>
      <trkpt lat="42.634848039597273" lon="1.260033985599876">
        <ele>1505</ele>
      </trkpt>
      <trkpt lat="42.63482297770679" lon="1.26004496589303">
        <ele>1505</ele>
      </trkpt>
      <trkpt lat="42.634721975773573" lon="1.26017002388835">
        <ele>1511</ele>
      </trkpt>
      <trkpt lat="42.634661039337516" lon="1.260260967537761">
        <ele>1515</ele>
      </trkpt>
      <trkpt lat="42.634580992162228" lon="1.260286029428244">
        <ele>1514</ele>
      </trkpt>
      <trkpt lat="42.634476972743869" lon="1.260387031361461">
        <ele>1515</ele>
      </trkpt>
      <trkpt lat="42.634441014379263" lon="1.260411003604531">
        <ele>1515</ele>
      </trkpt>
      <trkpt lat="42.634371025487781" lon="1.260464983060956">
        <ele>1518</ele>
      </trkpt>
      <trkpt lat="42.634345963597298" lon="1.260483004152775">
        <ele>1520</ele>
      </trkpt>
      <trkpt lat="42.634338000789285" lon="1.260484009981155">
        <ele>1520</ele>
      </trkpt>
      <trkpt lat="42.634259965270758" lon="1.260613007470965">
        <ele>1524</ele>
      </trkpt>
      <trkpt lat="42.634180001914501" lon="1.260706968605518">
        <ele>1526</ele>
      </trkpt>
      <trkpt lat="42.634153012186289" lon="1.260760026052594">
        <ele>1527</ele>
      </trkpt>
      <trkpt lat="42.634090986102819" lon="1.260907966643572">
        <ele>1532</ele>
      </trkpt>
      <trkpt lat="42.633939022198319" lon="1.261024978011847">
        <ele>1531</ele>
      </trkpt>
      <trkpt lat="42.633867021650076" lon="1.261146012693644">
        <ele>1535</ele>
      </trkpt>
      <trkpt lat="42.633847994729877" lon="1.261242991313338">
        <ele>1538</ele>
      </trkpt>
      <trkpt lat="42.633842965587974" lon="1.261265035718679">
        <ele>1539</ele>
      </trkpt>
      <trkpt lat="42.633836008608341" lon="1.261269981041551">
        <ele>1539</ele>
      </trkpt>
      <trkpt lat="42.633827039971948" lon="1.261291019618511">
        <ele>1540</ele>
      </trkpt>
      <trkpt lat="42.633808013051748" lon="1.261299988254905">
        <ele>1540</ele>
      </trkpt>
      <trkpt lat="42.633794015273452" lon="1.261343993246555">
        <ele>1540</ele>
      </trkpt>
      <trkpt lat="42.633726960048079" lon="1.261426974087954">
        <ele>1539</ele>
      </trkpt>
      <trkpt lat="42.633681027218699" lon="1.26141800545156">
        <ele>1537</ele>
      </trkpt>
      <trkpt lat="42.633664011955261" lon="1.261407025158405">
        <ele>1537</ele>
      </trkpt>
      <trkpt lat="42.633611960336566" lon="1.261429991573095">
        <ele>1537</ele>
      </trkpt>
      <trkpt lat="42.633577007800341" lon="1.261420017108321">
        <ele>1536</ele>
      </trkpt>
      <trkpt lat="42.63351196423173" lon="1.261366037651897">
        <ele>1536</ele>
      </trkpt>
      <trkpt lat="42.633481035009027" lon="1.261315997689962">
        <ele>1535</ele>
      </trkpt>
      <trkpt lat="42.633399982005358" lon="1.261252965778112">
        <ele>1536</ele>
      </trkpt>
      <trkpt lat="42.633315995335579" lon="1.261214995756745">
        <ele>1536</ele>
      </trkpt>
      <trkpt lat="42.633269978687167" lon="1.261251959949732">
        <ele>1537</ele>
      </trkpt>
      <trkpt lat="42.63323100283742" lon="1.26130904071033">
        <ele>1537</ele>
      </trkpt>
      <trkpt lat="42.633089013397694" lon="1.261381041258574">
        <ele>1537</ele>
      </trkpt>
      <trkpt lat="42.633006032556295" lon="1.26139503903687">
        <ele>1538</ele>
      </trkpt>
      <trkpt lat="42.632935037836432" lon="1.261403001844883">
        <ele>1539</ele>
      </trkpt>
      <trkpt lat="42.632920034229755" lon="1.26139797270298">
        <ele>1539</ele>
      </trkpt>
      <trkpt lat="42.632838981226087" lon="1.261363020166755">
        <ele>1538</ele>
      </trkpt>
      <trkpt lat="42.632749965414405" lon="1.261326977983117">
        <ele>1539</ele>
      </trkpt>
      <trkpt lat="42.632680982351303" lon="1.261327983811498">
        <ele>1542</ele>
      </trkpt>
      <trkpt lat="42.632613005116582" lon="1.261350028216839">
        <ele>1544</ele>
      </trkpt>
      <trkpt lat="42.632551984861493" lon="1.261334018781781">
        <ele>1545</ele>
      </trkpt>
      <trkpt lat="42.632454000413418" lon="1.261350028216839">
        <ele>1546</ele>
      </trkpt>
      <trkpt lat="42.632320979610085" lon="1.261453041806817">
        <ele>1545</ele>
      </trkpt>
      <trkpt lat="42.632236992940307" lon="1.261505009606481">
        <ele>1544</ele>
      </trkpt>
      <trkpt lat="42.632154012098908" lon="1.261562006548047">
        <ele>1542</ele>
      </trkpt>
      <trkpt lat="42.632061978802085" lon="1.261626966297627">
        <ele>1542</ele>
      </trkpt>
      <trkpt lat="42.632055021822453" lon="1.261634007096291">
        <ele>1542</ele>
      </trkpt>
      <trkpt lat="42.631959971040487" lon="1.261681029573083">
        <ele>1542</ele>
      </trkpt>
      <trkpt lat="42.631930969655514" lon="1.261706007644534">
        <ele>1541</ele>
      </trkpt>
      <trkpt lat="42.631808007135987" lon="1.261770967394114">
        <ele>1537</ele>
      </trkpt>
      <trkpt lat="42.631788980215788" lon="1.261780019849539">
        <ele>1537</ele>
      </trkpt>
      <trkpt lat="42.631788980215788" lon="1.261780019849539">
        <ele>1537</ele>
      </trkpt>
      <trkpt lat="42.631794009357691" lon="1.261775996536017">
        <ele>1537</ele>
      </trkpt>
      <trkpt lat="42.631787974387407" lon="1.261765016242862">
        <ele>1536</ele>
      </trkpt>
      <trkpt lat="42.631742041558027" lon="1.261791000142694">
        <ele>1537</ele>
      </trkpt>
      <trkpt lat="42.631693007424474" lon="1.261839028447866">
        <ele>1539</ele>
      </trkpt>
      <trkpt lat="42.631613966077566" lon="1.261866018176079">
        <ele>1538</ele>
      </trkpt>
      <trkpt lat="42.631543977186084" lon="1.26182503066957">
        <ele>1537</ele>
      </trkpt>
      <trkpt lat="42.631526039913297" lon="1.261809021234512">
        <ele>1538</ele>
      </trkpt>
      <trkpt lat="42.631438029929996" lon="1.261798040941358">
        <ele>1537</ele>
      </trkpt>
      <trkpt lat="42.631357982754707" lon="1.261850008741021">
        <ele>1534</ele>
      </trkpt>
      <trkpt lat="42.631292017176747" lon="1.261885967105627">
        <ele>1532</ele>
      </trkpt>
      <trkpt lat="42.631176011636853" lon="1.261880015954375">
        <ele>1532</ele>
      </trkpt>
      <trkpt lat="42.631115997210145" lon="1.261823019012809">
        <ele>1529</ele>
      </trkpt>
      <trkpt lat="42.631094958633184" lon="1.261795023456216">
        <ele>1529</ele>
      </trkpt>
      <trkpt lat="42.631059000268579" lon="1.261740960180759">
        <ele>1529</ele>
      </trkpt>
      <trkpt lat="42.631032010540366" lon="1.261671977117658">
        <ele>1528</ele>
      </trkpt>
      <trkpt lat="42.630994040518999" lon="1.261681029573083">
        <ele>1531</ele>
      </trkpt>
      <trkpt lat="42.630894966423512" lon="1.261701984331012">
        <ele>1533</ele>
      </trkpt>
      <trkpt lat="42.630864959210157" lon="1.261730985715985">
        <ele>1533</ele>
      </trkpt>
      <trkpt lat="42.63082698918879" lon="1.261780019849539">
        <ele>1532</ele>
      </trkpt>
      <trkpt lat="42.630799999460578" lon="1.261802986264229">
        <ele>1532</ele>
      </trkpt>
      <trkpt lat="42.630776027217507" lon="1.261826958507299">
        <ele>1531</ele>
      </trkpt>
      <trkpt lat="42.630776027217507" lon="1.261826958507299">
        <ele>1531</ele>
      </trkpt>
      <trkpt lat="42.630763035267591" lon="1.261826036497951">
        <ele>1530</ele>
      </trkpt>
      <trkpt lat="42.630640994757414" lon="1.261918991804123">
        <ele>1528</ele>
      </trkpt>
      <trkpt lat="42.630595983937383" lon="1.261957967653871">
        <ele>1529</ele>
      </trkpt>
      <trkpt lat="42.630492970347404" lon="1.262044971808791">
        <ele>1523</ele>
      </trkpt>
      <trkpt lat="42.630386017262936" lon="1.262258039787412">
        <ele>1527</ele>
      </trkpt>
      <trkpt lat="42.630355004221201" lon="1.262283017858863">
        <ele>1528</ele>
      </trkpt>
      <trkpt lat="42.630347041413188" lon="1.262284023687244">
        <ele>1528</ele>
      </trkpt>
      <trkpt lat="42.630283003672957" lon="1.262153014540672">
        <ele>1527</ele>
      </trkpt>
      <trkpt lat="42.630242016166449" lon="1.262004990130663">
        <ele>1527</ele>
      </trkpt>
      <trkpt lat="42.630229024216533" lon="1.261960985139012">
        <ele>1527</ele>
      </trkpt>
      <trkpt lat="42.63020102865994" lon="1.26182796433568">
        <ele>1526</ele>
      </trkpt>
      <trkpt lat="42.630199017003179" lon="1.261777002364397">
        <ele>1526</ele>
      </trkpt>
      <trkpt lat="42.630192982032895" lon="1.261756969615817">
        <ele>1527</ele>
      </trkpt>
      <trkpt lat="42.630104972049594" lon="1.261640964075923">
        <ele>1535</ele>
      </trkpt>
      <trkpt lat="42.630059961229563" lon="1.261578015983105">
        <ele>1533</ele>
      </trkpt>
      <trkpt lat="42.630044035613537" lon="1.261515989899635">
        <ele>1530</ele>
      </trkpt>
      <trkpt lat="42.630036994814873" lon="1.261462010443211">
        <ele>1529</ele>
      </trkpt>
      <trkpt lat="42.63005199842155" lon="1.261303005740047">
        <ele>1528</ele>
      </trkpt>
      <trkpt lat="42.630050992593169" lon="1.261281967163086">
        <ele>1529</ele>
      </trkpt>
      <trkpt lat="42.630040012300014" lon="1.261222958564758">
        <ele>1530</ele>
      </trkpt>
      <trkpt lat="42.630043029785156" lon="1.261151963844895">
        <ele>1529</ele>
      </trkpt>
      <trkpt lat="42.630040012300014" lon="1.26103000715375">
        <ele>1530</ele>
      </trkpt>
      <trkpt lat="42.630058033391833" lon="1.26090201549232">
        <ele>1530</ele>
      </trkpt>
      <trkpt lat="42.630080999806523" lon="1.260739993304014">
        <ele>1530</ele>
      </trkpt>
      <trkpt lat="42.630162974819541" lon="1.260575959458947">
        <ele>1529</ele>
      </trkpt>
      <trkpt lat="42.630213014781475" lon="1.260332968086004">
        <ele>1529</ele>
      </trkpt>
      <trkpt lat="42.63020496815443" lon="1.260141022503376">
        <ele>1529</ele>
      </trkpt>
      <trkpt lat="42.630214020609856" lon="1.259969025850296">
        <ele>1526</ele>
      </trkpt>
      <trkpt lat="42.630188036710024" lon="1.259843967854977">
        <ele>1525</ele>
      </trkpt>
      <trkpt lat="42.630123998969793" lon="1.259659985080361">
        <ele>1524</ele>
      </trkpt>
      <trkpt lat="42.630103966221213" lon="1.259593013674021">
        <ele>1523</ele>
      </trkpt>
      <trkpt lat="42.630030959844589" lon="1.259476002305746">
        <ele>1522</ele>
      </trkpt>
      <trkpt lat="42.630016962066293" lon="1.259445995092392">
        <ele>1522</ele>
      </trkpt>
      <trkpt lat="42.629990978166461" lon="1.259406013414264">
        <ele>1522</ele>
      </trkpt>
      <trkpt lat="42.629970023408532" lon="1.25937600620091">
        <ele>1522</ele>
      </trkpt>
      <trkpt lat="42.629895005375147" lon="1.259271986782551">
        <ele>1522</ele>
      </trkpt>
      <trkpt lat="42.629804983735085" lon="1.259236028417945">
        <ele>1523</ele>
      </trkpt>
      <trkpt lat="42.629699036478996" lon="1.259157992899418">
        <ele>1522</ele>
      </trkpt>
      <trkpt lat="42.629681015387177" lon="1.25914097763598">
        <ele>1521</ele>
      </trkpt>
      <trkpt lat="42.629543971270323" lon="1.259117005392909">
        <ele>1522</ele>
      </trkpt>
      <trkpt lat="42.629465013742447" lon="1.259106025099754">
        <ele>1522</ele>
      </trkpt>
      <trkpt lat="42.62943098321557" lon="1.259108958765864">
        <ele>1523</ele>
      </trkpt>
      <trkpt lat="42.629380021244287" lon="1.259113987907767">
        <ele>1524</ele>
      </trkpt>
      <trkpt lat="42.629315983504057" lon="1.259121028706431">
        <ele>1525</ele>
      </trkpt>
      <trkpt lat="42.629292011260986" lon="1.259125974029303">
        <ele>1526</ele>
      </trkpt>
      <trkpt lat="42.629256974905729" lon="1.259106025099754">
        <ele>1525</ele>
      </trkpt>
      <trkpt lat="42.629141975194216" lon="1.259111976251006">
        <ele>1528</ele>
      </trkpt>
      <trkpt lat="42.629058994352818" lon="1.259121028706431">
        <ele>1528</ele>
      </trkpt>
      <trkpt lat="42.629001997411251" lon="1.259124968200922">
        <ele>1528</ele>
      </trkpt>
      <trkpt lat="42.628925973549485" lon="1.259133014827967">
        <ele>1527</ele>
      </trkpt>
      <trkpt lat="42.628792030736804" lon="1.259156987071037">
        <ele>1528</ele>
      </trkpt>
      <trkpt lat="42.628726987168193" lon="1.259167967364192">
        <ele>1528</ele>
      </trkpt>
      <trkpt lat="42.62863403186202" lon="1.259188000112772">
        <ele>1527</ele>
      </trkpt>
      <trkpt lat="42.628524983301759" lon="1.259260000661016">
        <ele>1526</ele>
      </trkpt>
      <trkpt lat="42.628492964431643" lon="1.259267963469029">
        <ele>1525</ele>
      </trkpt>
      <trkpt lat="42.628448037430644" lon="1.259281961247325">
        <ele>1524</ele>
      </trkpt>
      <trkpt lat="42.628400009125471" lon="1.25929000787437">
        <ele>1522</ele>
      </trkpt>
      <trkpt lat="42.628265982493758" lon="1.259279027581215">
        <ele>1522</ele>
      </trkpt>
      <trkpt lat="42.628265982493758" lon="1.259279027581215">
        <ele>1522</ele>
      </trkpt>
      <trkpt lat="42.628271011635661" lon="1.25929000787437">
        <ele>1522</ele>
      </trkpt>
      <trkpt lat="42.628243016079068" lon="1.259300988167524">
        <ele>1523</ele>
      </trkpt>
      <trkpt lat="42.62820596806705" lon="1.259296964854002">
        <ele>1522</ele>
      </trkpt>
      <trkpt lat="42.628151988610625" lon="1.259306017309427">
        <ele>1520</ele>
      </trkpt>
      <trkpt lat="42.628092980012298" lon="1.259304005652666">
        <ele>1518</ele>
      </trkpt>
      <trkpt lat="42.628066996112466" lon="1.259402995929122">
        <ele>1519</ele>
      </trkpt>
      <trkpt lat="42.628044029697776" lon="1.259439960122109">
        <ele>1518</ele>
      </trkpt>
      <trkpt lat="42.627941016107798" lon="1.259577004238963">
        <ele>1518</ele>
      </trkpt>
      <trkpt lat="42.627887036651373" lon="1.259618997573853">
        <ele>1519</ele>
      </trkpt>
      <trkpt lat="42.627783017233014" lon="1.25967800617218">
        <ele>1522</ele>
      </trkpt>
      <trkpt lat="42.627758961170912" lon="1.259682029485703">
        <ele>1522</ele>
      </trkpt>
      <trkpt lat="42.627659970894456" lon="1.259736008942127">
        <ele>1520</ele>
      </trkpt>
      <trkpt lat="42.627652008086443" lon="1.259745983406901">
        <ele>1519</ele>
      </trkpt>
      <trkpt lat="42.627622000873089" lon="1.2597840372473">
        <ele>1519</ele>
      </trkpt>
      <trkpt lat="42.627601968124509" lon="1.259837010875344">
        <ele>1520</ele>
      </trkpt>
      <trkpt lat="42.627531979233027" lon="1.259911023080349">
        <ele>1519</ele>
      </trkpt>
      <trkpt lat="42.627481017261744" lon="1.259882021695375">
        <ele>1518</ele>
      </trkpt>
      <trkpt lat="42.627439023926854" lon="1.259847991168499">
        <ele>1518</ele>
      </trkpt>
      <trkpt lat="42.627299968153238" lon="1.259845979511738">
        <ele>1516</ele>
      </trkpt>
      <trkpt lat="42.627300973981619" lon="1.25984899699688">
        <ele>1517</ele>
      </trkpt>
      <trkpt lat="42.627252023667097" lon="1.259868023917079">
        <ele>1516</ele>
      </trkpt>
      <trkpt lat="42.627205001190305" lon="1.259882021695375">
        <ele>1515</ele>
      </trkpt>
      <trkpt lat="42.627144986763597" lon="1.259889984503388">
        <ele>1516</ele>
      </trkpt>
      <trkpt lat="42.627117997035384" lon="1.259885961189866">
        <ele>1516</ele>
      </trkpt>
      <trkpt lat="42.627045996487141" lon="1.259819995611906">
        <ele>1516</ele>
      </trkpt>
      <trkpt lat="42.627013977617025" lon="1.259713964536786">
        <ele>1514</ele>
      </trkpt>
      <trkpt lat="42.627006014809012" lon="1.259690998122096">
        <ele>1515</ele>
      </trkpt>
      <trkpt lat="42.626997968181968" lon="1.259637018665671">
        <ele>1515</ele>
      </trkpt>
      <trkpt lat="42.6269790250808" lon="1.25957096926868">
        <ele>1517</ele>
      </trkpt>
      <trkpt lat="42.626924039795995" lon="1.259435014799237">
        <ele>1519</ele>
      </trkpt>
      <trkpt lat="42.626861007884145" lon="1.259348010644317">
        <ele>1522</ele>
      </trkpt>
      <trkpt lat="42.626817002892494" lon="1.259292019531131">
        <ele>1523</ele>
      </trkpt>
      <trkpt lat="42.626757994294167" lon="1.259207027032971">
        <ele>1523</ele>
      </trkpt>
      <trkpt lat="42.626746008172631" lon="1.259195962920785">
        <ele>1524</ele>
      </trkpt>
      <trkpt lat="42.626677025109529" lon="1.259079035371542">
        <ele>1525</ele>
      </trkpt>
      <trkpt lat="42.626618016511202" lon="1.258958000689745">
        <ele>1526</ele>
      </trkpt>
      <trkpt lat="42.626561019569635" lon="1.258837971836329">
        <ele>1527</ele>
      </trkpt>
      <trkpt lat="42.626478960737586" lon="1.258761025965214">
        <ele>1530</ele>
      </trkpt>
      <trkpt lat="42.6264229696244" lon="1.258678967133164">
        <ele>1532</ele>
      </trkpt>
      <trkpt lat="42.626417018473148" lon="1.258654994890094">
        <ele>1531</ele>
      </trkpt>
      <trkpt lat="42.626311993226409" lon="1.258511999621987">
        <ele>1532</ele>
      </trkpt>
      <trkpt lat="42.62629296630621" lon="1.258494984358549">
        <ele>1532</ele>
      </trkpt>
      <trkpt lat="42.626266982406378" lon="1.258455002680421">
        <ele>1532</ele>
      </trkpt>
      <trkpt lat="42.626193976029754" lon="1.258318964391947">
        <ele>1533</ele>
      </trkpt>
      <trkpt lat="42.626123987138271" lon="1.258285017684102">
        <ele>1533</ele>
      </trkpt>
      <trkpt lat="42.626061039045453" lon="1.258268002420664">
        <ele>1533</ele>
      </trkpt>
      <trkpt lat="42.625994989648461" lon="1.258246041834354">
        <ele>1535</ele>
      </trkpt>
      <trkpt lat="42.62588300742209" lon="1.258156020194292">
        <ele>1535</ele>
      </trkpt>
      <trkpt lat="42.625762978568673" lon="1.258159037679434">
        <ele>1536</ele>
      </trkpt>
      <trkpt lat="42.625696007162333" lon="1.258207987993956">
        <ele>1537</ele>
      </trkpt>
      <trkpt lat="42.625633981078863" lon="1.258231960237026">
        <ele>1536</ele>
      </trkpt>
      <trkpt lat="42.625573966652155" lon="1.258266996592283">
        <ele>1537</ele>
      </trkpt>
      <trkpt lat="42.62549601495266" lon="1.258303038775921">
        <ele>1538</ele>
      </trkpt>
      <trkpt lat="42.625438012182713" lon="1.258294992148876">
        <ele>1538</ele>
      </trkpt>
      <trkpt lat="42.625353019684553" lon="1.258251992985606">
        <ele>1538</ele>
      </trkpt>
      <trkpt lat="42.625305997207761" lon="1.258248975500464">
        <ele>1538</ele>
      </trkpt>
      <trkpt lat="42.625284036621451" lon="1.258228020742536">
        <ele>1537</ele>
      </trkpt>
      <trkpt lat="42.625159984454513" lon="1.258113021031022">
        <ele>1536</ele>
      </trkpt>
      <trkpt lat="42.625135006383061" lon="1.258093994110823">
        <ele>1535</ele>
      </trkpt>
      <trkpt lat="42.625101981684566" lon="1.258091982454062">
        <ele>1536</ele>
      </trkpt>
      <trkpt lat="42.625014977529645" lon="1.258060969412327">
        <ele>1535</ele>
      </trkpt>
      <trkpt lat="42.624885980039835" lon="1.257995003834367">
        <ele>1535</ele>
      </trkpt>
      <trkpt lat="42.62485396116972" lon="1.257986035197973">
        <ele>1535</ele>
      </trkpt>
      <trkpt lat="42.624824037775397" lon="1.257977988570929">
        <ele>1535</ele>
      </trkpt>
      <trkpt lat="42.624779026955366" lon="1.257974971085787">
        <ele>1535</ele>
      </trkpt>
      <trkpt lat="42.624738961458206" lon="1.257970025762916">
        <ele>1535</ele>
      </trkpt>
      <trkpt lat="42.624694034457207" lon="1.257954016327858">
        <ele>1534</ele>
      </trkpt>
      <trkpt lat="42.624571993947029" lon="1.257948987185955">
        <ele>1533</ele>
      </trkpt>
      <trkpt lat="42.624546010047197" lon="1.2579380068928">
        <ele>1532</ele>
      </trkpt>
      <trkpt lat="42.624410977587104" lon="1.257920991629362">
        <ele>1531</ele>
      </trkpt>
      <trkpt lat="42.624387005344033" lon="1.257913028821349">
        <ele>1531</ele>
      </trkpt>
      <trkpt lat="42.62429497204721" lon="1.257933983579278">
        <ele>1531</ele>
      </trkpt>
      <trkpt lat="42.624151976779103" lon="1.258005984127522">
        <ele>1530</ele>
      </trkpt>
      <trkpt lat="42.624048963189125" lon="1.258119978010654">
        <ele>1532</ele>
      </trkpt>
      <trkpt lat="42.624042006209493" lon="1.25813196413219">
        <ele>1533</ele>
      </trkpt>
      <trkpt lat="42.624004958197474" lon="1.258156020194292">
        <ele>1533</ele>
      </trkpt>
      <trkpt lat="42.623937986791134" lon="1.258222991600633">
        <ele>1532</ele>
      </trkpt>
      <trkpt lat="42.623805971816182" lon="1.258286023512483">
        <ele>1533</ele>
      </trkpt>
      <trkpt lat="42.623728020116687" lon="1.25825903378427">
        <ele>1533</ele>
      </trkpt>
      <trkpt lat="42.623617965728045" lon="1.258230032399297">
        <ele>1536</ele>
      </trkpt>
      <trkpt lat="42.623472958803177" lon="1.25828200019896">
        <ele>1536</ele>
      </trkpt>
      <trkpt lat="42.623362988233566" lon="1.258326005190611">
        <ele>1536</ele>
      </trkpt>
      <trkpt lat="42.623242037370801" lon="1.258384007960558">
        <ele>1535</ele>
      </trkpt>
      <trkpt lat="42.6231540273875" lon="1.258484004065394">
        <ele>1537</ele>
      </trkpt>
      <trkpt lat="42.62307196855545" lon="1.258608978241682">
        <ele>1537</ele>
      </trkpt>
      <trkpt lat="42.623059982433915" lon="1.258629010990262">
        <ele>1537</ele>
      </trkpt>
      <trkpt lat="42.623002985492349" lon="1.258768988773227">
        <ele>1538</ele>
      </trkpt>
      <trkpt lat="42.622912041842937" lon="1.258974010124803">
        <ele>1537</ele>
      </trkpt>
      <trkpt lat="42.622849009931087" lon="1.259086998179555">
        <ele>1537</ele>
      </trkpt>
      <trkpt lat="42.62274700216949" lon="1.259252037853003">
        <ele>1537</ele>
      </trkpt>
      <trkpt lat="42.622713977470994" lon="1.259340969845653">
        <ele>1536</ele>
      </trkpt>
      <trkpt lat="42.622633008286357" lon="1.259477008134127">
        <ele>1533</ele>
      </trkpt>
      <trkpt lat="42.622621022164822" lon="1.259508021175861">
        <ele>1533</ele>
      </trkpt>
      <trkpt lat="42.622613981366158" lon="1.259544985368848">
        <ele>1533</ele>
      </trkpt>
      <trkpt lat="42.622538041323423" lon="1.259750006720424">
        <ele>1532</ele>
      </trkpt>
      <trkpt lat="42.622528988867998" lon="1.259770961478353">
        <ele>1532</ele>
      </trkpt>
      <trkpt lat="42.6224460080266" lon="1.259909011423588">
        <ele>1532</ele>
      </trkpt>
      <trkpt lat="42.622384987771511" lon="1.260052006691694">
        <ele>1534</ele>
      </trkpt>
      <trkpt lat="42.622365038841963" lon="1.260117972269654">
        <ele>1534</ele>
      </trkpt>
      <trkpt lat="42.62234098277986" lon="1.260153008624911">
        <ele>1534</ele>
      </trkpt>
      <trkpt lat="42.622216008603573" lon="1.260296003893018">
        <ele>1532</ele>
      </trkpt>
      <trkpt lat="42.622170997783542" lon="1.26036498695612">
        <ele>1531</ele>
      </trkpt>
      <trkpt lat="42.622148031368852" lon="1.260411003604531">
        <ele>1531</ele>
      </trkpt>
      <trkpt lat="42.622117018327117" lon="1.260436987504363">
        <ele>1529</ele>
      </trkpt>
      <trkpt lat="42.622062033042312" lon="1.260508988052607">
        <ele>1530</ele>
      </trkpt>
      <trkpt lat="42.621959019452333" lon="1.260535977780819">
        <ele>1528</ele>
      </trkpt>
      <trkpt lat="42.621920965611935" lon="1.260573025792837">
        <ele>1528</ele>
      </trkpt>
      <trkpt lat="42.621825998649001" lon="1.260617030784488">
        <ele>1527</ele>
      </trkpt>
      <trkpt lat="42.621809989213943" lon="1.260637985542417">
        <ele>1528</ele>
      </trkpt>
      <trkpt lat="42.621747041121125" lon="1.260684002190828">
        <ele>1527</ele>
      </trkpt>
      <trkpt lat="42.621662970632315" lon="1.260767988860607">
        <ele>1528</ele>
      </trkpt>
      <trkpt lat="42.621600022539496" lon="1.260849041864276">
        <ele>1529</ele>
      </trkpt>
      <trkpt lat="42.621491979807615" lon="1.260968986898661">
        <ele>1529</ele>
      </trkpt>
      <trkpt lat="42.621435988694429" lon="1.261035958305001">
        <ele>1528</ele>
      </trkpt>
      <trkpt lat="42.621320988982916" lon="1.261170990765095">
        <ele>1528</ele>
      </trkpt>
      <trkpt lat="42.621238008141518" lon="1.261312980204821">
        <ele>1528</ele>
      </trkpt>
      <trkpt lat="42.621229961514473" lon="1.26133200712502">
        <ele>1528</ele>
      </trkpt>
      <trkpt lat="42.621212024241686" lon="1.261415993794799">
        <ele>1529</ele>
      </trkpt>
      <trkpt lat="42.621235996484756" lon="1.261643981561065">
        <ele>1527</ele>
      </trkpt>
      <trkpt lat="42.621232978999615" lon="1.261840034276247">
        <ele>1524</ele>
      </trkpt>
      <trkpt lat="42.621235996484756" lon="1.261962996795774">
        <ele>1522</ele>
      </trkpt>
      <trkpt lat="42.621230967342854" lon="1.261985963210464">
        <ele>1521</ele>
      </trkpt>
      <trkpt lat="42.621184028685093" lon="1.262032985687256">
        <ele>1519</ele>
      </trkpt>
      <trkpt lat="42.621133988723159" lon="1.262077996507287">
        <ele>1518</ele>
      </trkpt>
      <trkpt lat="42.621015971526504" lon="1.262156032025814">
        <ele>1516</ele>
      </trkpt>
      <trkpt lat="42.620974984019995" lon="1.262206993997097">
        <ele>1515</ele>
      </trkpt>
      <trkpt lat="42.620841041207314" lon="1.262329034507275">
        <ele>1513</ele>
      </trkpt>
      <trkpt lat="42.620834000408649" lon="1.262331968173385">
        <ele>1513</ele>
      </trkpt>
      <trkpt lat="42.620777003467083" lon="1.262370022013784">
        <ele>1511</ele>
      </trkpt>
      <trkpt lat="42.620723024010658" lon="1.262362981215119">
        <ele>1509</ele>
      </trkpt>
      <trkpt lat="42.62055697850883" lon="1.262432970106602">
        <ele>1506</ele>
      </trkpt>
      <trkpt lat="42.620425969362259" lon="1.262516034767032">
        <ele>1504</ele>
      </trkpt>
      <trkpt lat="42.620381964370608" lon="1.262540007010102">
        <ele>1503</ele>
      </trkpt>
      <trkpt lat="42.620364027097821" lon="1.262562973424792">
        <ele>1504</ele>
      </trkpt>
      <trkpt lat="42.620271993800998" lon="1.262617036700249">
        <ele>1503</ele>
      </trkpt>
      <trkpt lat="42.62016898021102" lon="1.262687025591731">
        <ele>1503</ele>
      </trkpt>
      <trkpt lat="42.620117012411356" lon="1.262702029198408">
        <ele>1502</ele>
      </trkpt>
      <trkpt lat="42.619994971901178" lon="1.262809988111258">
        <ele>1503</ele>
      </trkpt>
      <trkpt lat="42.619952978566289" lon="1.262868996709585">
        <ele>1503</ele>
      </trkpt>
      <trkpt lat="42.619857005774975" lon="1.262924987822771">
        <ele>1502</ele>
      </trkpt>
      <trkpt lat="42.61978198774159" lon="1.262997994199395">
        <ele>1503</ele>
      </trkpt>
      <trkpt lat="42.619699006900191" lon="1.263054991140962">
        <ele>1501</ele>
      </trkpt>
      <trkpt lat="42.61958702467382" lon="1.263205027207732">
        <ele>1500</ele>
      </trkpt>
      <trkpt lat="42.61954503133893" lon="1.263250960037112">
        <ele>1499</ele>
      </trkpt>
      <trkpt lat="42.619484011083841" lon="1.263357996940613">
        <ele>1497</ele>
      </trkpt>
      <trkpt lat="42.61937596835196" lon="1.263461010530591">
        <ele>1494</ele>
      </trkpt>
      <trkpt lat="42.619261974468827" lon="1.263581961393356">
        <ele>1492</ele>
      </trkpt>
      <trkpt lat="42.619098024442792" lon="1.263667037710547">
        <ele>1489</ele>
      </trkpt>
      <trkpt lat="42.619055025279522" lon="1.263706013560295">
        <ele>1488</ele>
      </trkpt>
      <trkpt lat="42.619035998359323" lon="1.263725962489843">
        <ele>1487</ele>
      </trkpt>
      <trkpt lat="42.618982018902898" lon="1.263805003836751">
        <ele>1485</ele>
      </trkpt>
      <trkpt lat="42.618904989212751" lon="1.263902988284826">
        <ele>1484</ele>
      </trkpt>
      <trkpt lat="42.618854027241468" lon="1.263942969962955">
        <ele>1484</ele>
      </trkpt>
      <trkpt lat="42.618838017806411" lon="1.263967026025057">
        <ele>1484</ele>
      </trkpt>
      <trkpt lat="42.618702985346317" lon="1.264067022129893">
        <ele>1482</ele>
      </trkpt>
      <trkpt lat="42.618564013391733" lon="1.264118989929557">
        <ele>1480</ele>
      </trkpt>
      <trkpt lat="42.618506010621786" lon="1.264113038778305">
        <ele>1481</ele>
      </trkpt>
      <trkpt lat="42.618477009236813" lon="1.264083031564951">
        <ele>1481</ele>
      </trkpt>
      <trkpt lat="42.618425041437149" lon="1.264047995209694">
        <ele>1482</ele>
      </trkpt>
      <trkpt lat="42.618391010910273" lon="1.264043971896172">
        <ele>1483</ele>
      </trkpt>
      <trkpt lat="42.618382964283228" lon="1.264040032401681">
        <ele>1482</ele>
      </trkpt>
      <trkpt lat="42.618382964283228" lon="1.264040032401681">
        <ele>1482</ele>
      </trkpt>
      <trkpt lat="42.618194036185741" lon="1.264069033786655">
        <ele>1483</ele>
      </trkpt>
      <trkpt lat="42.618057997897267" lon="1.264129970222712">
        <ele>1483</ele>
      </trkpt>
      <trkpt lat="42.617967976257205" lon="1.264234995469451">
        <ele>1483</ele>
      </trkpt>
      <trkpt lat="42.617962025105953" lon="1.264237007126212">
        <ele>1483</ele>
      </trkpt>
      <trkpt lat="42.617797991260886" lon="1.264306996017695">
        <ele>1481</ele>
      </trkpt>
      <trkpt lat="42.61776396073401" lon="1.264345971867442">
        <ele>1482</ele>
      </trkpt>
      <trkpt lat="42.617619959637523" lon="1.264454014599323">
        <ele>1481</ele>
      </trkpt>
      <trkpt lat="42.617543013766408" lon="1.264517968520522">
        <ele>1483</ele>
      </trkpt>
      <trkpt lat="42.617429019883275" lon="1.264605978503823">
        <ele>1483</ele>
      </trkpt>
      <trkpt lat="42.617332963272929" lon="1.264666998758912">
        <ele>1482</ele>
      </trkpt>
      <trkpt lat="42.617285018786788" lon="1.264719972386956">
        <ele>1482</ele>
      </trkpt>
      <trkpt lat="42.617199020460248" lon="1.264874031767249">
        <ele>1482</ele>
      </trkpt>
      <trkpt lat="42.617186028510332" lon="1.2648990098387">
        <ele>1482</ele>
      </trkpt>
      <trkpt lat="42.617106987163424" lon="1.264981990680099">
        <ele>1480</ele>
      </trkpt>
      <trkpt lat="42.617103969678283" lon="1.264980984851718">
        <ele>1480</ele>
      </trkpt>
      <trkpt lat="42.617045966908336" lon="1.265088021755219">
        <ele>1479</ele>
      </trkpt>
      <trkpt lat="42.617040015757084" lon="1.265102019533515">
        <ele>1479</ele>
      </trkpt>
      <trkpt lat="42.616972038522363" lon="1.265292037278414">
        <ele>1478</ele>
      </trkpt>
      <trkpt lat="42.616944964975119" lon="1.265527987852693">
        <ele>1476</ele>
      </trkpt>
      <trkpt lat="42.616950999945402" lon="1.265699984505773">
        <ele>1477</ele>
      </trkpt>
      <trkpt lat="42.61694798246026" lon="1.265948005020618">
        <ele>1474</ele>
      </trkpt>
      <trkpt lat="42.616938007995486" lon="1.266113966703415">
        <ele>1471</ele>
      </trkpt>
      <trkpt lat="42.616969021037221" lon="1.266250004991889">
        <ele>1468</ele>
      </trkpt>
      <trkpt lat="42.616978995501995" lon="1.26627397723496">
        <ele>1467</ele>
      </trkpt>
      <trkpt lat="42.61701101437211" lon="1.26633700914681">
        <ele>1466</ele>
      </trkpt>
      <trkpt lat="42.617045966908336" lon="1.26638000831008">
        <ele>1465</ele>
      </trkpt>
      <trkpt lat="42.617085026577115" lon="1.266452008858323">
        <ele>1464</ele>
      </trkpt>
      <trkpt lat="42.617192985489964" lon="1.266612019389868">
        <ele>1464</ele>
      </trkpt>
      <trkpt lat="42.617286024615169" lon="1.266707992181182">
        <ele>1464</ele>
      </trkpt>
      <trkpt lat="42.617328017950058" lon="1.266745962202549">
        <ele>1463</ele>
      </trkpt>
      <trkpt lat="42.617453997954726" lon="1.266884012147784">
        <ele>1460</ele>
      </trkpt>
      <trkpt lat="42.617565980181098" lon="1.267053997144103">
        <ele>1459</ele>
      </trkpt>
      <trkpt lat="42.617623982951045" lon="1.267165979370475">
        <ele>1457</ele>
      </trkpt>
      <trkpt lat="42.617726996541023" lon="1.267277961596847">
        <ele>1458</ele>
      </trkpt>
      <trkpt lat="42.6177420001477" lon="1.267297994345427">
        <ele>1457</ele>
      </trkpt>
      <trkpt lat="42.617787010967731" lon="1.267332024872303">
        <ele>1459</ele>
      </trkpt>
      <trkpt lat="42.617866974323988" lon="1.267418023198843">
        <ele>1461</ele>
      </trkpt>
      <trkpt lat="42.617878960445523" lon="1.267437972128391">
        <ele>1461</ele>
      </trkpt>
      <trkpt lat="42.617916008457541" lon="1.267493963241577">
        <ele>1461</ele>
      </trkpt>
      <trkpt lat="42.617942998185754" lon="1.267554983496666">
        <ele>1461</ele>
      </trkpt>
      <trkpt lat="42.61797602288425" lon="1.267630001530051">
        <ele>1461</ele>
      </trkpt>
      <trkpt lat="42.617984991520643" lon="1.267662020400167">
        <ele>1460</ele>
      </trkpt>
      <trkpt lat="42.618071995675564" lon="1.267751036211848">
        <ele>1461</ele>
      </trkpt>
      <trkpt lat="42.618124969303608" lon="1.267849020659924">
        <ele>1459</ele>
      </trkpt>
      <trkpt lat="42.618186995387077" lon="1.268053036183119">
        <ele>1458</ele>
      </trkpt>
      <trkpt lat="42.618237035349011" lon="1.268159989267588">
        <ele>1459</ele>
      </trkpt>
      <trkpt lat="42.618252960965037" lon="1.268283035606146">
        <ele>1456</ele>
      </trkpt>
      <trkpt lat="42.618267964571714" lon="1.268388982862234">
        <ele>1457</ele>
      </trkpt>
      <trkpt lat="42.618212979286909" lon="1.268430976197124">
        <ele>1459</ele>
      </trkpt>
      <trkpt lat="42.618182972073555" lon="1.26844204030931">
        <ele>1460</ele>
      </trkpt>
      <trkpt lat="42.618099991232157" lon="1.268438016995788">
        <ele>1461</ele>
      </trkpt>
      <trkpt lat="42.618031008169055" lon="1.268419995903969">
        <ele>1460</ele>
      </trkpt>
      <trkpt lat="42.617905028164387" lon="1.268394012004137">
        <ele>1460</ele>
      </trkpt>
      <trkpt lat="42.6178939640522" lon="1.268395017832518">
        <ele>1460</ele>
      </trkpt>
      <trkpt lat="42.6177420001477" lon="1.268370961770415">
        <ele>1459</ele>
      </trkpt>
      <trkpt lat="42.61761199682951" lon="1.268394012004137">
        <ele>1461</ele>
      </trkpt>
      <trkpt lat="42.617519041523337" lon="1.268400968983769">
        <ele>1459</ele>
      </trkpt>
      <trkpt lat="42.617486016824841" lon="1.268405998125672">
        <ele>1459</ele>
      </trkpt>
      <trkpt lat="42.617486016824841" lon="1.268407003954053">
        <ele>1459</ele>
      </trkpt>
      <trkpt lat="42.617448968812823" lon="1.268409015610814">
        <ele>1458</ele>
      </trkpt>
      <trkpt lat="42.617433965206146" lon="1.268413038924336">
        <ele>1458</ele>
      </trkpt>
      <trkpt lat="42.61737797409296" lon="1.268421001732349">
        <ele>1459</ele>
      </trkpt>
      <trkpt lat="42.617222992703319" lon="1.268499037250876">
        <ele>1459</ele>
      </trkpt>
      <trkpt lat="42.617095001041889" lon="1.268544970080257">
        <ele>1459</ele>
      </trkpt>
      <trkpt lat="42.616959968581796" lon="1.268584029749036">
        <ele>1459</ele>
      </trkpt>
      <trkpt lat="42.616913029924035" lon="1.268600961193442">
        <ele>1458</ele>
      </trkpt>
      <trkpt lat="42.616814039647579" lon="1.268656030297279">
        <ele>1458</ele>
      </trkpt>
      <trkpt lat="42.61675301939249" lon="1.268685031682253">
        <ele>1457</ele>
      </trkpt>
      <trkpt lat="42.616725023835897" lon="1.268706992268562">
        <ele>1457</ele>
      </trkpt>
      <trkpt lat="42.616684036329389" lon="1.268738005310297">
        <ele>1457</ele>
      </trkpt>
      <trkpt lat="42.616660986095667" lon="1.268753008916974">
        <ele>1456</ele>
      </trkpt>
      <trkpt lat="42.61647499166429" lon="1.268746973946691">
        <ele>1456</ele>
      </trkpt>
      <trkpt lat="42.61638798750937" lon="1.268781004473567">
        <ele>1458</ele>
      </trkpt>
      <trkpt lat="42.616257984191179" lon="1.268773963674903">
        <ele>1457</ele>
      </trkpt>
      <trkpt lat="42.616207022219896" lon="1.268787961453199">
        <ele>1457</ele>
      </trkpt>
      <trkpt lat="42.616164023056626" lon="1.268828026950359">
        <ele>1459</ele>
      </trkpt>
      <trkpt lat="42.616026978939772" lon="1.268847975879908">
        <ele>1458</ele>
      </trkpt>
      <trkpt lat="42.616010969504714" lon="1.268850993365049">
        <ele>1458</ele>
      </trkpt>
      <trkpt lat="42.61589496396482" lon="1.268858034163714">
        <ele>1459</ele>
      </trkpt>
      <trkpt lat="42.615841990336776" lon="1.268859962001443">
        <ele>1459</ele>
      </trkpt>
      <trkpt lat="42.615776024758816" lon="1.268819980323315">
        <ele>1458</ele>
      </trkpt>
      <trkpt lat="42.615754986181855" lon="1.268820986151695">
        <ele>1458</ele>
      </trkpt>
      <trkpt lat="42.615631017833948" lon="1.268830038607121">
        <ele>1459</ele>
      </trkpt>
      <trkpt lat="42.615596987307072" lon="1.26883196644485">
        <ele>1459</ele>
      </trkpt>
      <trkpt lat="42.61554803699255" lon="1.268870020285249">
        <ele>1460</ele>
      </trkpt>
      <trkpt lat="42.61550503782928" lon="1.268876977264881">
        <ele>1459</ele>
      </trkpt>
      <trkpt lat="42.61539900675416" lon="1.268905978649855">
        <ele>1462</ele>
      </trkpt>
      <trkpt lat="42.615392971783876" lon="1.268906984478235">
        <ele>1462</ele>
      </trkpt>
      <trkpt lat="42.615357013419271" lon="1.268908996134996">
        <ele>1463</ele>
      </trkpt>
      <trkpt lat="42.615334969013929" lon="1.268907990306616">
        <ele>1463</ele>
      </trkpt>
      <trkpt lat="42.615289036184549" lon="1.268932968378067">
        <ele>1464</ele>
      </trkpt>
      <trkpt lat="42.615265985950828" lon="1.268953001126647">
        <ele>1465</ele>
      </trkpt>
      <trkpt lat="42.615246037021279" lon="1.268989965319634">
        <ele>1465</ele>
      </trkpt>
      <trkpt lat="42.615222986787558" lon="1.268999017775059">
        <ele>1465</ele>
      </trkpt>
      <trkpt lat="42.615146040916443" lon="1.269031036645174">
        <ele>1466</ele>
      </trkpt>
      <trkpt lat="42.615085020661354" lon="1.269075963646174">
        <ele>1468</ele>
      </trkpt>
      <trkpt lat="42.615037998184562" lon="1.269192975014448">
        <ele>1469</ele>
      </trkpt>
      <trkpt lat="42.615001033991575" lon="1.269271010532975">
        <ele>1470</ele>
      </trkpt>
      <trkpt lat="42.614962980151176" lon="1.269362038001418">
        <ele>1472</ele>
      </trkpt>
      <trkpt lat="42.614933978766203" lon="1.269404031336308">
        <ele>1472</ele>
      </trkpt>
      <trkpt lat="42.614898020401597" lon="1.269480977207422">
        <ele>1472</ele>
      </trkpt>
      <trkpt lat="42.614874970167875" lon="1.26958298496902">
        <ele>1472</ele>
      </trkpt>
      <trkpt lat="42.614831971004605" lon="1.269713994115591">
        <ele>1473</ele>
      </trkpt>
      <trkpt lat="42.614802969619632" lon="1.269781971350312">
        <ele>1473</ele>
      </trkpt>
      <trkpt lat="42.614744966849685" lon="1.269900994375348">
        <ele>1473</ele>
      </trkpt>
      <trkpt lat="42.614727029576898" lon="1.269921027123928">
        <ele>1473</ele>
      </trkpt>
      <trkpt lat="42.614666009321809" lon="1.270009959116578">
        <ele>1474</ele>
      </trkpt>
      <trkpt lat="42.614584034308791" lon="1.270111966878176">
        <ele>1476</ele>
      </trkpt>
      <trkpt lat="42.614540029317141" lon="1.270186984911561">
        <ele>1477</ele>
      </trkpt>
      <trkpt lat="42.614528965204954" lon="1.270215986296535">
        <ele>1478</ele>
      </trkpt>
      <trkpt lat="42.614487977698445" lon="1.270289998501539">
        <ele>1479</ele>
      </trkpt>
      <trkpt lat="42.614407008513808" lon="1.270344983786345">
        <ele>1480</ele>
      </trkpt>
      <trkpt lat="42.614317992702127" lon="1.270484961569309">
        <ele>1481</ele>
      </trkpt>
      <trkpt lat="42.614307012408972" lon="1.270504994317889">
        <ele>1481</ele>
      </trkpt>
      <trkpt lat="42.614258984103799" lon="1.270595015957952">
        <ele>1480</ele>
      </trkpt>
      <trkpt lat="42.614259989932179" lon="1.270620999857783">
        <ele>1481</ele>
      </trkpt>
      <trkpt lat="42.614224031567574" lon="1.270728036761284">
        <ele>1481</ele>
      </trkpt>
      <trkpt lat="42.614211039617658" lon="1.270772041752935">
        <ele>1481</ele>
      </trkpt>
      <trkpt lat="42.614203998818994" lon="1.270802970975637">
        <ele>1481</ele>
      </trkpt>
      <trkpt lat="42.614199975505471" lon="1.270843036472797">
        <ele>1482</ele>
      </trkpt>
      <trkpt lat="42.614179020747542" lon="1.270917970687151">
        <ele>1483</ele>
      </trkpt>
      <trkpt lat="42.614160999655724" lon="1.270995000377297">
        <ele>1484</ele>
      </trkpt>
      <trkpt lat="42.614141972735524" lon="1.271125003695488">
        <ele>1487</ele>
      </trkpt>
      <trkpt lat="42.614112971350551" lon="1.271238997578621">
        <ele>1488</ele>
      </trkpt>
      <trkpt lat="42.614079024642706" lon="1.271333964541555">
        <ele>1489</ele>
      </trkpt>
      <trkpt lat="42.614070978015661" lon="1.271345028653741">
        <ele>1489</ele>
      </trkpt>
      <trkpt lat="42.614050023257732" lon="1.27136598341167">
        <ele>1488</ele>
      </trkpt>
      <trkpt lat="42.613962013274431" lon="1.271401019766927">
        <ele>1486</ele>
      </trkpt>
      <trkpt lat="42.613897975534201" lon="1.27160201780498">
        <ele>1488</ele>
      </trkpt>
      <trkpt lat="42.613838966935873" lon="1.271668989211321">
        <ele>1488</ele>
      </trkpt>
      <trkpt lat="42.613825974985957" lon="1.271690027788281">
        <ele>1489</ele>
      </trkpt>
      <trkpt lat="42.613779036328197" lon="1.271778959780932">
        <ele>1488</ele>
      </trkpt>
      <trkpt lat="42.613768978044391" lon="1.271807961165905">
        <ele>1488</ele>
      </trkpt>
      <trkpt lat="42.613675016909838" lon="1.272000996395946">
        <ele>1487</ele>
      </trkpt>
      <trkpt lat="42.613601004704833" lon="1.272141980007291">
        <ele>1486</ele>
      </trkpt>
      <trkpt lat="42.613523975014687" lon="1.27231196500361">
        <ele>1485</ele>
      </trkpt>
      <trkpt lat="42.613554988056421" lon="1.272368961945176">
        <ele>1486</ele>
      </trkpt>
      <trkpt lat="42.61357200331986" lon="1.27248102799058">
        <ele>1488</ele>
      </trkpt>
      <trkpt lat="42.613605028018355" lon="1.272617988288403">
        <ele>1489</ele>
      </trkpt>
      <trkpt lat="42.613605028018355" lon="1.272768024355173">
        <ele>1489</ele>
      </trkpt>
      <trkpt lat="42.613609973341227" lon="1.272831978276372">
        <ele>1489</ele>
      </trkpt>
      <trkpt lat="42.61361600831151" lon="1.272875983268023">
        <ele>1489</ele>
      </trkpt>
      <trkpt lat="42.613612990826368" lon="1.273070024326444">
        <ele>1490</ele>
      </trkpt>
      <trkpt lat="42.613590024411678" lon="1.27325501292944">
        <ele>1490</ele>
      </trkpt>
      <trkpt lat="42.613589018583298" lon="1.273386022076011">
        <ele>1492</ele>
      </trkpt>
      <trkpt lat="42.613589018583298" lon="1.273559024557471">
        <ele>1493</ele>
      </trkpt>
      <trkpt lat="42.613576026633382" lon="1.27374803647399">
        <ele>1494</ele>
      </trkpt>
      <trkpt lat="42.613564040511847" lon="1.273952974006534">
        <ele>1495</ele>
      </trkpt>
      <trkpt lat="42.613566974177957" lon="1.274148020893335">
        <ele>1497</ele>
      </trkpt>
      <trkpt lat="42.613580971956253" lon="1.27422203309834">
        <ele>1497</ele>
      </trkpt>
      <trkpt lat="42.613603016361594" lon="1.274312976747751">
        <ele>1498</ele>
      </trkpt>
      <trkpt lat="42.613607039675117" lon="1.274361005052924">
        <ele>1498</ele>
      </trkpt>
      <trkpt lat="42.613652972504497" lon="1.274474998936057">
        <ele>1500</ele>
      </trkpt>
      <trkpt lat="42.61368197388947" lon="1.274537025019527">
        <ele>1500</ele>
      </trkpt>
      <trkpt lat="42.613737965002656" lon="1.274718996137381">
        <ele>1501</ele>
      </trkpt>
      <trkpt lat="42.613780964165926" lon="1.274911025539041">
        <ele>1503</ele>
      </trkpt>
      <trkpt lat="42.613790016621351" lon="1.274952013045549">
        <ele>1503</ele>
      </trkpt>
      <trkpt lat="42.613807031884789" lon="1.275106994435191">
        <ele>1505</ele>
      </trkpt>
      <trkpt lat="42.613804014399648" lon="1.275275973603129">
        <ele>1506</ele>
      </trkpt>
      <trkpt lat="42.613803008571267" lon="1.275313021615148">
        <ele>1507</ele>
      </trkpt>
      <trkpt lat="42.613835027441382" lon="1.275511002168059">
        <ele>1509</ele>
      </trkpt>
      <trkpt lat="42.613865034654737" lon="1.275676963850856">
        <ele>1511</ele>
      </trkpt>
      <trkpt lat="42.613866040483117" lon="1.275872010737658">
        <ele>1513</ele>
      </trkpt>
      <trkpt lat="42.613851958885789" lon="1.276018023490906">
        <ele>1513</ele>
      </trkpt>
      <trkpt lat="42.613824969157577" lon="1.276205023750663">
        <ele>1515</ele>
      </trkpt>
      <trkpt lat="42.613789010792971" lon="1.276425970718265">
        <ele>1516</ele>
      </trkpt>
      <trkpt lat="42.613757997751236" lon="1.27660701982677">
        <ele>1517</ele>
      </trkpt>
      <trkpt lat="42.613718016073108" lon="1.276783961802721">
        <ele>1518</ele>
      </trkpt>
      <trkpt lat="42.61363796889782" lon="1.276966016739607">
        <ele>1520</ele>
      </trkpt>
      <trkpt lat="42.61357300914824" lon="1.277117980644107">
        <ele>1521</ele>
      </trkpt>
      <trkpt lat="42.61353000998497" lon="1.277277991175652">
        <ele>1522</ele>
      </trkpt>
      <trkpt lat="42.613506037741899" lon="1.277465997263789">
        <ele>1524</ele>
      </trkpt>
      <trkpt lat="42.61348600499332" lon="1.277641011402011">
        <ele>1525</ele>
      </trkpt>
      <trkpt lat="42.613473013043404" lon="1.277818959206343">
        <ele>1526</ele>
      </trkpt>
      <trkpt lat="42.613496985286474" lon="1.278020963072777">
        <ele>1527</ele>
      </trkpt>
      <trkpt lat="42.613583989441395" lon="1.278183991089463">
        <ele>1527</ele>
      </trkpt>
      <trkpt lat="42.613596981391311" lon="1.278207963332534">
        <ele>1527</ele>
      </trkpt>
      <trkpt lat="42.613716004416347" lon="1.278362022712827">
        <ele>1528</ele>
      </trkpt>
      <trkpt lat="42.613792028278112" lon="1.278558997437358">
        <ele>1529</ele>
      </trkpt>
      <trkpt lat="42.613841984421015" lon="1.278767958283424">
        <ele>1530</ele>
      </trkpt>
      <trkpt lat="42.613895041868091" lon="1.278953030705452">
        <ele>1532</ele>
      </trkpt>
      <trkpt lat="42.613912979140878" lon="1.279026037082076">
        <ele>1532</ele>
      </trkpt>
      <trkpt lat="42.613908033818007" lon="1.279060989618301">
        <ele>1532</ele>
      </trkpt>
      <trkpt lat="42.613846007734537" lon="1.279140030965209">
        <ele>1532</ele>
      </trkpt>
      <trkpt lat="42.613664036616683" lon="1.279243966564536">
        <ele>1533</ele>
      </trkpt>
      <trkpt lat="42.613592036068439" lon="1.279452005401254">
        <ele>1535</ele>
      </trkpt>
      <trkpt lat="42.613495979458094" lon="1.279624002054334">
        <ele>1535</ele>
      </trkpt>
      <trkpt lat="42.613408975303173" lon="1.279789041727781">
        <ele>1536</ele>
      </trkpt>
      <trkpt lat="42.613396989181638" lon="1.279812008142471">
        <ele>1536</ele>
      </trkpt>
      <trkpt lat="42.613281989470124" lon="1.279930025339127">
        <ele>1536</ele>
      </trkpt>
      <trkpt lat="42.61316497810185" lon="1.279845032840967">
        <ele>1536</ele>
      </trkpt>
      <trkpt lat="42.61314301751554" lon="1.279818965122104">
        <ele>1536</ele>
      </trkpt>
      <trkpt lat="42.613080991432071" lon="1.279654009267688">
        <ele>1537</ele>
      </trkpt>
      <trkpt lat="42.612977977842093" lon="1.279456028714776">
        <ele>1537</ele>
      </trkpt>
      <trkpt lat="42.612849986180663" lon="1.279343040660024">
        <ele>1540</ele>
      </trkpt>
      <trkpt lat="42.612800030037761" lon="1.279330970719457">
        <ele>1541</ele>
      </trkpt>
      <trkpt lat="42.612729035317898" lon="1.279354020953178">
        <ele>1542</ele>
      </trkpt>
      <trkpt lat="42.612701039761305" lon="1.279366007074714">
        <ele>1542</ele>
      </trkpt>
      <trkpt lat="42.612668015062809" lon="1.27937899902463">
        <ele>1542</ele>
      </trkpt>
      <trkpt lat="42.612543040886521" lon="1.27944496460259">
        <ele>1544</ele>
      </trkpt>
      <trkpt lat="42.612399039790034" lon="1.279440019279718">
        <ele>1546</ele>
      </trkpt>
      <trkpt lat="42.612258978188038" lon="1.27938000485301">
        <ele>1547</ele>
      </trkpt>
      <trkpt lat="42.612202987074852" lon="1.279368018731475">
        <ele>1548</ele>
      </trkpt>
      <trkpt lat="42.612151019275188" lon="1.279367012903094">
        <ele>1549</ele>
      </trkpt>
      <trkpt lat="42.612002994865179" lon="1.279312027618289">
        <ele>1551</ele>
      </trkpt>
      <trkpt lat="42.611911967396736" lon="1.279291994869709">
        <ele>1552</ele>
      </trkpt>
      <trkpt lat="42.611722033470869" lon="1.279176995158196">
        <ele>1553</ele>
      </trkpt>
      <trkpt lat="42.611604016274214" lon="1.279046991840005">
        <ele>1554</ele>
      </trkpt>
      <trkpt lat="42.61151198297739" lon="1.278911959379911">
        <ele>1556</ele>
      </trkpt>
      <trkpt lat="42.611407963559031" lon="1.278737029060721">
        <ele>1557</ele>
      </trkpt>
      <trkpt lat="42.611322971060872" lon="1.27858598716557">
        <ele>1558</ele>
      </trkpt>
      <trkpt lat="42.611246025189757" lon="1.278383983299136">
        <ele>1559</ele>
      </trkpt>
      <trkpt lat="42.611221969127655" lon="1.278182985261083">
        <ele>1561</ele>
      </trkpt>
      <trkpt lat="42.611220963299274" lon="1.278168987482786">
        <ele>1561</ele>
      </trkpt>
      <trkpt lat="42.611203026026487" lon="1.277975030243397">
        <ele>1562</ele>
      </trkpt>
      <trkpt lat="42.611173018813133" lon="1.277780989184976">
        <ele>1564</ele>
      </trkpt>
      <trkpt lat="42.611142005771399" lon="1.277622990310192">
        <ele>1565</ele>
      </trkpt>
      <trkpt lat="42.611116021871567" lon="1.277388967573643">
        <ele>1567</ele>
      </trkpt>
      <trkpt lat="42.611056007444859" lon="1.277160979807377">
        <ele>1568</ele>
      </trkpt>
      <trkpt lat="42.610938996076584" lon="1.277022007852793">
        <ele>1569</ele>
      </trkpt>
      <trkpt lat="42.610818967223167" lon="1.276936009526253">
        <ele>1571</ele>
      </trkpt>
      <trkpt lat="42.610800024122" lon="1.276923017576337">
        <ele>1572</ele>
      </trkpt>
      <trkpt lat="42.610748978331685" lon="1.276890998706222">
        <ele>1572</ele>
      </trkpt>
      <trkpt lat="42.610599026083946" lon="1.276784967631102">
        <ele>1574</ele>
      </trkpt>
      <trkpt lat="42.610486960038543" lon="1.276698969304562">
        <ele>1575</ele>
      </trkpt>
      <trkpt lat="42.610470028594136" lon="1.276680026203394">
        <ele>1575</ele>
      </trkpt>
      <trkpt lat="42.610429963096976" lon="1.276640966534615">
        <ele>1576</ele>
      </trkpt>
      <trkpt lat="42.610319992527366" lon="1.276496965438128">
        <ele>1577</ele>
      </trkpt>
      <trkpt lat="42.610259978100657" lon="1.276437034830451">
        <ele>1578</ele>
      </trkpt>
      <trkpt lat="42.610125029459596" lon="1.276318011805415">
        <ele>1579</ele>
      </trkpt>
      <trkpt lat="42.610002988949418" lon="1.276236958801746">
        <ele>1581</ele>
      </trkpt>
      <trkpt lat="42.609874997287989" lon="1.27613696269691">
        <ele>1582</ele>
      </trkpt>
      <trkpt lat="42.609755974262953" lon="1.276066973805428">
        <ele>1584</ele>
      </trkpt>
      <trkpt lat="42.609709035605192" lon="1.27602799795568">
        <ele>1584</ele>
      </trkpt>
      <trkpt lat="42.6096429862082" lon="1.275973012670875">
        <ele>1585</ele>
      </trkpt>
      <trkpt lat="42.609634017571807" lon="1.276078037917614">
        <ele>1588</ele>
      </trkpt>
      <trkpt lat="42.609633011743426" lon="1.276078037917614">
        <ele>1588</ele>
      </trkpt>
      <trkpt lat="42.609713980928063" lon="1.276170993223786">
        <ele>1587</ele>
      </trkpt>
      <trkpt lat="42.609765026718378" lon="1.276252968236804">
        <ele>1590</ele>
      </trkpt>
      <trkpt lat="42.609806014224887" lon="1.27637199126184">
        <ele>1591</ele>
      </trkpt>
      <trkpt lat="42.609826968982816" lon="1.276486990973353">
        <ele>1597</ele>
      </trkpt>
      <trkpt lat="42.609838033095002" lon="1.276612970978022">
        <ele>1601</ele>
      </trkpt>
      <trkpt lat="42.609896035864949" lon="1.276696035638452">
        <ele>1600</ele>
      </trkpt>
      <trkpt lat="42.609908021986485" lon="1.276816986501217">
        <ele>1605</ele>
      </trkpt>
      <trkpt lat="42.609924031421542" lon="1.276944978162646">
        <ele>1607</ele>
      </trkpt>
      <trkpt lat="42.609971975907683" lon="1.277185035869479">
        <ele>1613</ele>
      </trkpt>
      <trkpt lat="42.610080018639565" lon="1.277384022250772">
        <ele>1613</ele>
      </trkpt>
      <trkpt lat="42.610081024467945" lon="1.277633970603347">
        <ele>1619</ele>
      </trkpt>
      <trkpt lat="42.610022015869617" lon="1.277729021385312">
        <ele>1622</ele>
      </trkpt>
      <trkpt lat="42.609937023371458" lon="1.277684010565281">
        <ele>1627</ele>
      </trkpt>
      <trkpt lat="42.60985798202455" lon="1.277750981971622">
        <ele>1630</ele>
      </trkpt>
      <trkpt lat="42.609762009233236" lon="1.277721980586648">
        <ele>1633</ele>
      </trkpt>
      <trkpt lat="42.609765026718378" lon="1.27759700641036">
        <ele>1633</ele>
      </trkpt>
      <trkpt lat="42.609673999249935" lon="1.27761703915894">
        <ele>1639</ele>
      </trkpt>
      <trkpt lat="42.609506025910378" lon="1.277728015556932">
        <ele>1645</ele>
      </trkpt>
      <trkpt lat="42.609411980956793" lon="1.277743019163609">
        <ele>1650</ele>
      </trkpt>
      <trkpt lat="42.609279965981841" lon="1.27796396613121">
        <ele>1646</ele>
      </trkpt>
      <trkpt lat="42.609237972646952" lon="1.278105033561587">
        <ele>1646</ele>
      </trkpt>
      <trkpt lat="42.609092965722084" lon="1.278279041871429">
        <ele>1646</ele>
      </trkpt>
      <trkpt lat="42.609044015407562" lon="1.278398986905813">
        <ele>1644</ele>
      </trkpt>
      <trkpt lat="42.608879981562495" lon="1.278551034629345">
        <ele>1648</ele>
      </trkpt>
      <trkpt lat="42.608784008771181" lon="1.278544999659061">
        <ele>1654</ele>
      </trkpt>
      <trkpt lat="42.608689963817596" lon="1.278610965237021">
        <ele>1659</ele>
      </trkpt>
      <trkpt lat="42.608598014339805" lon="1.278652036562562">
        <ele>1662</ele>
      </trkpt>
      <trkpt lat="42.608456024900079" lon="1.278809029608965">
        <ele>1665</ele>
      </trkpt>
      <trkpt lat="42.60837497189641" lon="1.27888698130846">
        <ele>1667</ele>
      </trkpt>
      <trkpt lat="42.608285034075379" lon="1.278960993513465">
        <ele>1671</ele>
      </trkpt>
      <trkpt lat="42.608203981071711" lon="1.279032994061709">
        <ele>1674</ele>
      </trkpt>
      <trkpt lat="42.608070038259029" lon="1.279260981827974">
        <ele>1683</ele>
      </trkpt>
      <trkpt lat="42.608047993853688" lon="1.279381010681391">
        <ele>1686</ele>
      </trkpt>
      <trkpt lat="42.607954032719135" lon="1.279342034831643">
        <ele>1689</ele>
      </trkpt>
      <trkpt lat="42.607870968058705" lon="1.279285959899426">
        <ele>1692</ele>
      </trkpt>
      <trkpt lat="42.60779301635921" lon="1.279354020953178">
        <ele>1696</ele>
      </trkpt>
      <trkpt lat="42.607736019417644" lon="1.279449993744493">
        <ele>1699</ele>
      </trkpt>
      <trkpt lat="42.607640968635678" lon="1.279387967661023">
        <ele>1701</ele>
      </trkpt>
      <trkpt lat="42.607609033584595" lon="1.279256958514452">
        <ele>1705</ele>
      </trkpt>
      <trkpt lat="42.607570979744196" lon="1.279368018731475">
        <ele>1708</ele>
      </trkpt>
      <trkpt lat="42.607424966990948" lon="1.279532974585891">
        <ele>1712</ele>
      </trkpt>
      <trkpt lat="42.607337040826678" lon="1.279648980125785">
        <ele>1715</ele>
      </trkpt>
      <trkpt lat="42.60725699365139" lon="1.27987302839756">
        <ele>1719</ele>
      </trkpt>
      <trkpt lat="42.607173006981611" lon="1.279934970661998">
        <ele>1722</ele>
      </trkpt>
      <trkpt lat="42.607146017253399" lon="1.280051982030273">
        <ele>1726</ele>
      </trkpt>
      <trkpt lat="42.607219023630023" lon="1.280134040862322">
        <ele>1724</ele>
      </trkpt>
      <trkpt lat="42.607168983668089" lon="1.280243005603552">
        <ele>1726</ele>
      </trkpt>
      <trkpt lat="42.60697796009481" lon="1.280220039188862">
        <ele>1732</ele>
      </trkpt>
      <trkpt lat="42.60689196176827" lon="1.28025901503861">
        <ele>1737</ele>
      </trkpt>
      <trkpt lat="42.606940995901823" lon="1.280370997264981">
        <ele>1737</ele>
      </trkpt>
      <trkpt lat="42.606945019215345" lon="1.280498988926411">
        <ele>1739</ele>
      </trkpt>
      <trkpt lat="42.606837982311845" lon="1.280487002804875">
        <ele>1743</ele>
      </trkpt>
      <trkpt lat="42.606793977320194" lon="1.280598985031247">
        <ele>1745</ele>
      </trkpt>
      <trkpt lat="42.606703033670783" lon="1.280594961717725">
        <ele>1747</ele>
      </trkpt>
      <trkpt lat="42.606609994545579" lon="1.280636033043265">
        <ele>1752</ele>
      </trkpt>
      <trkpt lat="42.60650597512722" lon="1.280599990859628">
        <ele>1754</ele>
      </trkpt>
      <trkpt lat="42.606517961248755" lon="1.28073200583458">
        <ele>1758</ele>
      </trkpt>
      <trkpt lat="42.606513015925884" lon="1.280859997496009">
        <ele>1762</ele>
      </trkpt>
      <trkpt lat="42.606571018695831" lon="1.280953958630562">
        <ele>1762</ele>
      </trkpt>
      <trkpt lat="42.60658803395927" lon="1.28107700496912">
        <ele>1762</ele>
      </trkpt>
      <trkpt lat="42.60656800121069" lon="1.281201979145408">
        <ele>1766</ele>
      </trkpt>
      <trkpt lat="42.606509998440742" lon="1.281313961371779">
        <ele>1769</ele>
      </trkpt>
      <trkpt lat="42.606500023975968" lon="1.281436001881957">
        <ele>1779</ele>
      </trkpt>
      <trkpt lat="42.606319980695844" lon="1.2815270293504">
        <ele>1782</ele>
      </trkpt>
      <trkpt lat="42.606133986264467" lon="1.281583020463586">
        <ele>1789</ele>
      </trkpt>
      <trkpt lat="42.60605201125145" lon="1.281509008258581">
        <ele>1790</ele>
      </trkpt>
      <trkpt lat="42.605959977954626" lon="1.28152996301651">
        <ele>1795</ele>
      </trkpt>
      <trkpt lat="42.605868028476834" lon="1.281490987166762">
        <ele>1799</ele>
      </trkpt>
      <trkpt lat="42.605810025706887" lon="1.281394008547068">
        <ele>1798</ele>
      </trkpt>
      <trkpt lat="42.605740036815405" lon="1.281518982723355">
        <ele>1804</ele>
      </trkpt>
      <trkpt lat="42.605654960498214" lon="1.281470032408834">
        <ele>1810</ele>
      </trkpt>
      <trkpt lat="42.605614978820086" lon="1.281599029898644">
        <ele>1813</ele>
      </trkpt>
      <trkpt lat="42.605616990476847" lon="1.281863981857896">
        <ele>1820</ele>
      </trkpt>
      <trkpt lat="42.605664012953639" lon="1.281969007104635">
        <ele>1819</ele>
      </trkpt>
      <trkpt lat="42.6056660246104" lon="1.282093981280923">
        <ele>1821</ele>
      </trkpt>
      <trkpt lat="42.605573991313577" lon="1.282100016251206">
        <ele>1823</ele>
      </trkpt>
      <trkpt lat="42.60562595911324" lon="1.282208980992436">
        <ele>1827</ele>
      </trkpt>
      <trkpt lat="42.605702988803387" lon="1.282320963218808">
        <ele>1831</ele>
      </trkpt>
      <trkpt lat="42.605702988803387" lon="1.282320963218808">
        <ele>1831</ele>
      </trkpt>
      <trkpt lat="42.605897029861808" lon="1.282368991523981">
        <ele>1832</ele>
      </trkpt>
      <trkpt lat="42.606146978214383" lon="1.282505029812455">
        <ele>1835</ele>
      </trkpt>
      <trkpt lat="42.606272036209702" lon="1.282580969855189">
        <ele>1835</ele>
      </trkpt>
      <trkpt lat="42.60641603730619" lon="1.282646013423801">
        <ele>1837</ele>
      </trkpt>
      <trkpt lat="42.606557020917535" lon="1.282747015357018">
        <ele>1839</ele>
      </trkpt>
      <trkpt lat="42.606684006750584" lon="1.282809041440487">
        <ele>1840</ele>
      </trkpt>
      <trkpt lat="42.606798000633717" lon="1.282865032553673">
        <ele>1841</ele>
      </trkpt>
      <trkpt lat="42.606833958998322" lon="1.282885987311602">
        <ele>1841</ele>
      </trkpt>
      <trkpt lat="42.606888022273779" lon="1.282910965383053">
        <ele>1842</ele>
      </trkpt>
      <trkpt lat="42.606975026428699" lon="1.282957987859845">
        <ele>1843</ele>
      </trkpt>
      <trkpt lat="42.607121039181948" lon="1.283037029206753">
        <ele>1846</ele>
      </trkpt>
      <trkpt lat="42.607136964797974" lon="1.283039962872863">
        <ele>1846</ele>
      </trkpt>
      <trkpt lat="42.607260011136532" lon="1.283067036420107">
        <ele>1847</ele>
      </trkpt>
      <trkpt lat="42.607452962547541" lon="1.283125039190054">
        <ele>1849</ele>
      </trkpt>
      <trkpt lat="42.607612973079085" lon="1.283219000324607">
        <ele>1849</ele>
      </trkpt>
      <trkpt lat="42.607765020802617" lon="1.283345986157656">
        <ele>1852</ele>
      </trkpt>
      <trkpt lat="42.607835009694099" lon="1.283430978655815">
        <ele>1853</ele>
      </trkpt>
      <trkpt lat="42.607952021062374" lon="1.28354899585247">
        <ele>1853</ele>
      </trkpt>
      <trkpt lat="42.607955038547516" lon="1.283619990572333">
        <ele>1854</ele>
      </trkpt>
      <trkpt lat="42.607930982485414" lon="1.283625019714236">
        <ele>1854</ele>
      </trkpt>
      <trkpt lat="42.607857976108789" lon="1.28354799002409">
        <ele>1856</ele>
      </trkpt>
      <trkpt lat="42.607830986380577" lon="1.283530974760652">
        <ele>1856</ele>
      </trkpt>
      <trkpt lat="42.60768698528409" lon="1.28344296477735">
        <ele>1858</ele>
      </trkpt>
      <trkpt lat="42.607654966413975" lon="1.28343902528286">
        <ele>1859</ele>
      </trkpt>
      <trkpt lat="42.607579026371241" lon="1.283413963392377">
        <ele>1859</ele>
      </trkpt>
      <trkpt lat="42.607451034709811" lon="1.28337599337101">
        <ele>1859</ele>
      </trkpt>
      <trkpt lat="42.607318013906479" lon="1.283410023897886">
        <ele>1861</ele>
      </trkpt>
      <trkpt lat="42.607251964509487" lon="1.283414969220758">
        <ele>1861</ele>
      </trkpt>
      <trkpt lat="42.607101006433368" lon="1.283387979492545">
        <ele>1861</ele>
      </trkpt>
      <trkpt lat="42.606951976194978" lon="1.283394014462829">
        <ele>1861</ele>
      </trkpt>
      <trkpt lat="42.60680302977562" lon="1.283360989764333">
        <ele>1861</ele>
      </trkpt>
      <trkpt lat="42.606661040335894" lon="1.283324025571346">
        <ele>1862</ele>
      </trkpt>
      <trkpt lat="42.606602031737566" lon="1.283318996429443">
        <ele>1863</ele>
      </trkpt>
      <trkpt lat="42.606519972905517" lon="1.28329100087285">
        <ele>1864</ele>
      </trkpt>
      <trkpt lat="42.606455013155937" lon="1.283278008922935">
        <ele>1865</ele>
      </trkpt>
      <trkpt lat="42.606329033151269" lon="1.283220006152988">
        <ele>1867</ele>
      </trkpt>
      <trkpt lat="42.606162987649441" lon="1.283163009211421">
        <ele>1868</ele>
      </trkpt>
      <trkpt lat="42.606143960729241" lon="1.28316099755466">
        <ele>1869</ele>
      </trkpt>
      <trkpt lat="42.606088975444436" lon="1.283157980069518">
        <ele>1869</ele>
      </trkpt>
      <trkpt lat="42.606027033179998" lon="1.283157980069518">
        <ele>1871</ele>
      </trkpt>
      <trkpt lat="42.605995014309883" lon="1.283159991726279">
        <ele>1871</ele>
      </trkpt>
      <trkpt lat="42.60585998184979" lon="1.283155968412757">
        <ele>1873</ele>
      </trkpt>
      <trkpt lat="42.605736013501883" lon="1.283146999776363">
        <ele>1874</ele>
      </trkpt>
      <trkpt lat="42.605698965489864" lon="1.283154962584376">
        <ele>1874</ele>
      </trkpt>
      <trkpt lat="42.605653032660484" lon="1.283144988119602">
        <ele>1874</ele>
      </trkpt>
      <trkpt lat="42.605611961334944" lon="1.283136019483209">
        <ele>1873</ele>
      </trkpt>
      <trkpt lat="42.605479024350643" lon="1.28318203613162">
        <ele>1876</ele>
      </trkpt>
      <trkpt lat="42.605372993275523" lon="1.283301981166005">
        <ele>1878</ele>
      </trkpt>
      <trkpt lat="42.605337034910917" lon="1.283308016136289">
        <ele>1876</ele>
      </trkpt>
      <trkpt lat="42.605280037969351" lon="1.283317990601063">
        <ele>1876</ele>
      </trkpt>
      <trkpt lat="42.605138970538974" lon="1.283271973952651">
        <ele>1880</ele>
      </trkpt>
      <trkpt lat="42.605081973597407" lon="1.283235009759665">
        <ele>1881</ele>
      </trkpt>
      <trkpt lat="42.604945013299584" lon="1.283102994784713">
        <ele>1882</ele>
      </trkpt>
      <trkpt lat="42.604857003316283" lon="1.283037029206753">
        <ele>1884</ele>
      </trkpt>
      <trkpt lat="42.604794977232814" lon="1.282971985638142">
        <ele>1884</ele>
      </trkpt>
      <trkpt lat="42.604710990563035" lon="1.282844999805093">
        <ele>1885</ele>
      </trkpt>
      <trkpt lat="42.604641001671553" lon="1.28270803950727">
        <ele>1886</ele>
      </trkpt>
      <trkpt lat="42.604531031101942" lon="1.282535959035158">
        <ele>1889</ele>
      </trkpt>
      <trkpt lat="42.604475961998105" lon="1.282355999574065">
        <ele>1891</ele>
      </trkpt>
      <trkpt lat="42.604431034997106" lon="1.282228007912636">
        <ele>1892</ele>
      </trkpt>
      <trkpt lat="42.60439901612699" lon="1.282037990167737">
        <ele>1894</ele>
      </trkpt>
      <trkpt lat="42.604364985600114" lon="1.281825006008148">
        <ele>1895</ele>
      </trkpt>
      <trkpt lat="42.604364985600114" lon="1.281811008229852">
        <ele>1895</ele>
      </trkpt>
      <trkpt lat="42.604346964508295" lon="1.281696008518338">
        <ele>1896</ele>
      </trkpt>
      <trkpt lat="42.604321986436844" lon="1.281488975510001">
        <ele>1898</ele>
      </trkpt>
      <trkpt lat="42.604306982830167" lon="1.281364001333714">
        <ele>1899</ele>
      </trkpt>
      <trkpt lat="42.604283010587096" lon="1.281278003007174">
        <ele>1900</ele>
      </trkpt>
      <trkpt lat="42.604260966181755" lon="1.281068958342075">
        <ele>1902</ele>
      </trkpt>
      <trkpt lat="42.604224001988769" lon="1.280924035236239">
        <ele>1904</ele>
      </trkpt>
      <trkpt lat="42.60418301448226" lon="1.280729994177818">
        <ele>1906</ele>
      </trkpt>
      <trkpt lat="42.604155018925667" lon="1.28064701333642">
        <ele>1907</ele>
      </trkpt>
      <trkpt lat="42.604058040305972" lon="1.280506029725075">
        <ele>1908</ele>
      </trkpt>
      <trkpt lat="42.603927031159401" lon="1.280394969508052">
        <ele>1910</ele>
      </trkpt>
      <trkpt lat="42.603827035054564" lon="1.280327998101711">
        <ele>1911</ele>
      </trkpt>
      <trkpt lat="42.603703988716006" lon="1.280230013653636">
        <ele>1913</ele>
      </trkpt>
      <trkpt lat="42.60364699177444" lon="1.280190031975508">
        <ele>1915</ele>
      </trkpt>
      <trkpt lat="42.603568034246564" lon="1.280086012557149">
        <ele>1914</ele>
      </trkpt>
      <trkpt lat="42.603459991514683" lon="1.279978975653648">
        <ele>1916</ele>
      </trkpt>
      <trkpt lat="42.603406012058258" lon="1.280022980645299">
        <ele>1916</ele>
      </trkpt>
      <trkpt lat="42.603394025936723" lon="1.280053993687034">
        <ele>1916</ele>
      </trkpt>
      <trkpt lat="42.603383967652917" lon="1.280220039188862">
        <ele>1917</ele>
      </trkpt>
      <trkpt lat="42.603382961824536" lon="1.280395975336433">
        <ele>1918</ele>
      </trkpt>
      <trkpt lat="42.60338899679482" lon="1.280620023608208">
        <ele>1921</ele>
      </trkpt>
      <trkpt lat="42.6033900026232" lon="1.280731000006199">
        <ele>1921</ele>
      </trkpt>
      <trkpt lat="42.603377010673285" lon="1.280875001102686">
        <ele>1922</ele>
      </trkpt>
      <trkpt lat="42.603365024551749" lon="1.281079016625881">
        <ele>1923</ele>
      </trkpt>
      <trkpt lat="42.60332596488297" lon="1.281270962208509">
        <ele>1924</ele>
      </trkpt>
      <trkpt lat="42.60328103788197" lon="1.281423009932041">
        <ele>1925</ele>
      </trkpt>
      <trkpt lat="42.603296963497996" lon="1.281458968296647">
        <ele>1926</ele>
      </trkpt>
      <trkpt lat="42.603313978761435" lon="1.281502973288298">
        <ele>1926</ele>
      </trkpt>
      <trkpt lat="42.603357983753085" lon="1.281572040170431">
        <ele>1928</ele>
      </trkpt>
      <trkpt lat="42.603391008451581" lon="1.281657032668591">
        <ele>1929</ele>
      </trkpt>
      <trkpt lat="42.603397965431213" lon="1.281695002689958">
        <ele>1929</ele>
      </trkpt>
      <trkpt lat="42.603380028158426" lon="1.281837997958064">
        <ele>1931</ele>
      </trkpt>
      <trkpt lat="42.603356977924705" lon="1.281870016828179">
        <ele>1931</ele>
      </trkpt>
      <trkpt lat="42.603327976539731" lon="1.281902035698295">
        <ele>1932</ele>
      </trkpt>
      <trkpt lat="42.603294029831886" lon="1.281925002112985">
        <ele>1932</ele>
      </trkpt>
      <trkpt lat="42.603278020396829" lon="1.282050982117653">
        <ele>1934</ele>
      </trkpt>
      <trkpt lat="42.603258993476629" lon="1.282155001536012">
        <ele>1936</ele>
      </trkpt>
      <trkpt lat="42.603250024840236" lon="1.282261032611132">
        <ele>1937</ele>
      </trkpt>
      <trkpt lat="42.603244995698333" lon="1.282271007075906">
        <ele>1937</ele>
      </trkpt>
      <trkpt lat="42.603193027898669" lon="1.282369997352362">
        <ele>1940</ele>
      </trkpt>
      <trkpt lat="42.603117004036903" lon="1.282435962930322">
        <ele>1941</ele>
      </trkpt>
      <trkpt lat="42.603095965459943" lon="1.282465970143676">
        <ele>1942</ele>
      </trkpt>
      <trkpt lat="42.603042991831899" lon="1.282563032582402">
        <ele>1944</ele>
      </trkpt>
      <trkpt lat="42.603005021810532" lon="1.282679038122296">
        <ele>1945</ele>
      </trkpt>
      <trkpt lat="42.603009967133403" lon="1.282792026177049">
        <ele>1947</ele>
      </trkpt>
      <trkpt lat="42.603007033467293" lon="1.282855980098248">
        <ele>1948</ele>
      </trkpt>
      <trkpt lat="42.603022959083319" lon="1.282984977588058">
        <ele>1950</ele>
      </trkpt>
      <trkpt lat="42.603029999881983" lon="1.283081034198403">
        <ele>1951</ele>
      </trkpt>
      <trkpt lat="42.60304500348866" lon="1.283223023638129">
        <ele>1953</ele>
      </trkpt>
      <trkpt lat="42.603055983781815" lon="1.283271973952651">
        <ele>1954</ele>
      </trkpt>
      <trkpt lat="42.603052966296673" lon="1.283300975337625">
        <ele>1955</ele>
      </trkpt>
      <trkpt lat="42.603040980175138" lon="1.283402983099222">
        <ele>1956</ele>
      </trkpt>
      <trkpt lat="42.603012984618545" lon="1.283494010567665">
        <ele>1958</ele>
      </trkpt>
      <trkpt lat="42.603012984618545" lon="1.283546984195709">
        <ele>1959</ele>
      </trkpt>
      <trkpt lat="42.603018013760448" lon="1.283656032755971">
        <ele>1962</ele>
      </trkpt>
      <trkpt lat="42.602992029860616" lon="1.283776983618736">
        <ele>1964</ele>
      </trkpt>
      <trkpt lat="42.602970991283655" lon="1.283893994987011">
        <ele>1966</ele>
      </trkpt>
      <trkpt lat="42.602976020425558" lon="1.284000026062131">
        <ele>1968</ele>
      </trkpt>
      <trkpt lat="42.602987000718713" lon="1.284043025225401">
        <ele>1969</ele>
      </trkpt>
      <trkpt lat="42.60298197157681" lon="1.284178979694843">
        <ele>1972</ele>
      </trkpt>
      <trkpt lat="42.60302203707397" lon="1.284292973577976">
        <ele>1974</ele>
      </trkpt>
      <trkpt lat="42.603019019588828" lon="1.284356005489826">
        <ele>1975</ele>
      </trkpt>
      <trkpt lat="42.602956993505359" lon="1.284489026293159">
        <ele>1976</ele>
      </trkpt>
      <trkpt lat="42.602915000170469" lon="1.284660017117858">
        <ele>1977</ele>
      </trkpt>
      <trkpt lat="42.602848028764129" lon="1.284804018214345">
        <ele>1976</ele>
      </trkpt>
      <trkpt lat="42.60283000767231" lon="1.284875012934208">
        <ele>1977</ele>
      </trkpt>
      <trkpt lat="42.60280704125762" lon="1.284907031804323">
        <ele>1977</ele>
      </trkpt>
      <trkpt lat="42.602763036265969" lon="1.285048015415669">
        <ele>1979</ele>
      </trkpt>
      <trkpt lat="42.602751972153783" lon="1.285069976001978">
        <ele>1979</ele>
      </trkpt>
      <trkpt lat="42.602731017395854" lon="1.285106018185616">
        <ele>1979</ele>
      </trkpt>
      <trkpt lat="42.602667985484004" lon="1.285285977646709">
        <ele>1979</ele>
      </trkpt>
      <trkpt lat="42.602643007412553" lon="1.285350015386939">
        <ele>1979</ele>
      </trkpt>
      <trkpt lat="42.602617023512721" lon="1.285392008721829">
        <ele>1979</ele>
      </trkpt>
      <trkpt lat="42.602587016299367" lon="1.285471972078085">
        <ele>1980</ele>
      </trkpt>
      <trkpt lat="42.602575030177832" lon="1.285544978454709">
        <ele>1982</ele>
      </trkpt>
      <trkpt lat="42.602537982165813" lon="1.285633994266391">
        <ele>1983</ele>
      </trkpt>
      <trkpt lat="42.602490037679672" lon="1.285733990371227">
        <ele>1985</ele>
      </trkpt>
      <trkpt lat="42.602473022416234" lon="1.285814037546516">
        <ele>1986</ele>
      </trkpt>
      <trkpt lat="42.602447038516402" lon="1.285855025053024">
        <ele>1987</ele>
      </trkpt>
      <trkpt lat="42.602418959140778" lon="1.285902969539166">
        <ele>1988</ele>
      </trkpt>
      <trkpt lat="42.602378977462649" lon="1.286001959815621">
        <ele>1988</ele>
      </trkpt>
      <trkpt lat="42.602313011884689" lon="1.286145960912108">
        <ele>1989</ele>
      </trkpt>
      <trkpt lat="42.602279987186193" lon="1.286201030015945">
        <ele>1989</ele>
      </trkpt>
      <trkpt lat="42.602244028821588" lon="1.286251991987228">
        <ele>1988</ele>
      </trkpt>
      <trkpt lat="42.602229025214911" lon="1.286293985322118">
        <ele>1989</ele>
      </trkpt>
      <trkpt lat="42.602189965546131" lon="1.286386018618941">
        <ele>1990</ele>
      </trkpt>
      <trkpt lat="42.602183008566499" lon="1.286442009732127">
        <ele>1991</ele>
      </trkpt>
      <trkpt lat="42.602160964161158" lon="1.286538988351822">
        <ele>1994</ele>
      </trkpt>
      <trkpt lat="42.602126011624932" lon="1.286587016656995">
        <ele>1995</ele>
      </trkpt>
      <trkpt lat="42.602118970826268" lon="1.286595985293388">
        <ele>1995</ele>
      </trkpt>
      <trkpt lat="42.602059040218592" lon="1.28664099611342">
        <ele>1997</ele>
      </trkpt>
      <trkpt lat="42.601981004700065" lon="1.286696987226605">
        <ele>1999</ele>
      </trkpt>
      <trkpt lat="42.601933982223272" lon="1.28676999360323">
        <ele>2001</ele>
      </trkpt>
      <trkpt lat="42.601885031908751" lon="1.286846017464995">
        <ele>2003</ele>
      </trkpt>
      <trkpt lat="42.601857036352158" lon="1.286907037720084">
        <ele>2004</ele>
      </trkpt>
      <trkpt lat="42.601811019703746" lon="1.28698498941958">
        <ele>2006</ele>
      </trkpt>
      <trkpt lat="42.601787969470024" lon="1.287064030766487">
        <ele>2009</ele>
      </trkpt>
      <trkpt lat="42.601787969470024" lon="1.287119016051292">
        <ele>2011</ele>
      </trkpt>
      <trkpt lat="42.601775983348489" lon="1.287155980244279">
        <ele>2012</ele>
      </trkpt>
      <trkpt lat="42.601835997775197" lon="1.28719998523593">
        <ele>2015</ele>
      </trkpt>
      <trkpt lat="42.601810013875365" lon="1.287275003269315">
        <ele>2016</ele>
      </trkpt>
      <trkpt lat="42.601762991398573" lon="1.287304004654288">
        <ele>2017</ele>
      </trkpt>
      <trkpt lat="42.601707000285387" lon="1.2873500213027">
        <ele>2019</ele>
      </trkpt>
      <trkpt lat="42.601631982252002" lon="1.287376005202532">
        <ele>2021</ele>
      </trkpt>
      <trkpt lat="42.601564005017281" lon="1.287402994930744">
        <ele>2022</ele>
      </trkpt>
      <trkpt lat="42.601535003632307" lon="1.287440964952111">
        <ele>2024</ele>
      </trkpt>
      <trkpt lat="42.601500973105431" lon="1.287503996863961">
        <ele>2026</ele>
      </trkpt>
      <trkpt lat="42.601504996418953" lon="1.287529980763793">
        <ele>2027</ele>
      </trkpt>
      <trkpt lat="42.601572973653674" lon="1.287541966885328">
        <ele>2029</ele>
      </trkpt>
      <trkpt lat="42.601608010008931" lon="1.287554958835244">
        <ele>2029</ele>
      </trkpt>
      <trkpt lat="42.601636005565524" lon="1.287612961605191">
        <ele>2031</ele>
      </trkpt>
      <trkpt lat="42.601641034707427" lon="1.287637017667294">
        <ele>2032</ele>
      </trkpt>
      <trkpt lat="42.601631982252002" lon="1.287683034315705">
        <ele>2033</ele>
      </trkpt>
      <trkpt lat="42.601588983088732" lon="1.287741959095001">
        <ele>2034</ele>
      </trkpt>
      <trkpt lat="42.601584037765861" lon="1.287752017378807">
        <ele>2035</ele>
      </trkpt>
      <trkpt lat="42.601588983088732" lon="1.287832986563444">
        <ele>2037</ele>
      </trkpt>
      <trkpt lat="42.601530980318785" lon="1.287901969626546">
        <ele>2039</ele>
      </trkpt>
      <trkpt lat="42.601455040276051" lon="1.287941029295325">
        <ele>2041</ele>
      </trkpt>
      <trkpt lat="42.60139100253582" lon="1.288013029843569">
        <ele>2043</ele>
      </trkpt>
      <trkpt lat="42.601385973393917" lon="1.288052005693317">
        <ele>2044</ele>
      </trkpt>
      <trkpt lat="42.601417992264032" lon="1.288140015676618">
        <ele>2047</ele>
      </trkpt>
      <trkpt lat="42.601441964507103" lon="1.2882100045681">
        <ele>2048</ele>
      </trkpt>
      <trkpt lat="42.601478006690741" lon="1.288280999287963">
        <ele>2051</ele>
      </trkpt>
      <trkpt lat="42.601512037217617" lon="1.288343025371432">
        <ele>2053</ele>
      </trkpt>
      <trkpt lat="42.601553024724126" lon="1.288409996777773">
        <ele>2055</ele>
      </trkpt>
      <trkpt lat="42.601571967825294" lon="1.288475040346384">
        <ele>2057</ele>
      </trkpt>
      <trkpt lat="42.601604992523789" lon="1.288522984832525">
        <ele>2058</ele>
      </trkpt>
      <trkpt lat="42.601584037765861" lon="1.288567995652556">
        <ele>2059</ele>
      </trkpt>
      <trkpt lat="42.601528968662024" lon="1.288621975108981">
        <ele>2061</ele>
      </trkpt>
      <trkpt lat="42.601475995033979" lon="1.288649970665574">
        <ele>2062</ele>
      </trkpt>
      <trkpt lat="42.601355966180563" lon="1.288713002577424">
        <ele>2064</ele>
      </trkpt>
      <trkpt lat="42.601356972008944" lon="1.288786008954048">
        <ele>2067</ele>
      </trkpt>
      <trkpt lat="42.601401982828975" lon="1.288824984803796">
        <ele>2068</ele>
      </trkpt>
      <trkpt lat="42.601465014740825" lon="1.288907965645194">
        <ele>2071</ele>
      </trkpt>
      <trkpt lat="42.601546989753842" lon="1.288949958980084">
        <ele>2073</ele>
      </trkpt>
      <trkpt lat="42.601600969210267" lon="1.288973009213805">
        <ele>2075</ele>
      </trkpt>
      <trkpt lat="42.601693002507091" lon="1.288993963971734">
        <ele>2077</ele>
      </trkpt>
      <trkpt lat="42.601701971143484" lon="1.288992036134005">
        <ele>2077</ele>
      </trkpt>
      <trkpt lat="42.601756034418941" lon="1.28900402225554">
        <ele>2078</ele>
      </trkpt>
      <trkpt lat="42.601719992235303" lon="1.289029000326991">
        <ele>2079</ele>
      </trkpt>
      <trkpt lat="42.601656960323453" lon="1.289097983390093">
        <ele>2081</ele>
      </trkpt>
      <trkpt lat="42.601680010557175" lon="1.289170989766717">
        <ele>2085</ele>
      </trkpt>
      <trkpt lat="42.601736001670361" lon="1.289216000586748">
        <ele>2087</ele>
      </trkpt>
      <trkpt lat="42.601823005825281" lon="1.289237961173058">
        <ele>2089</ele>
      </trkpt>
      <trkpt lat="42.601832980290055" lon="1.289251958951354">
        <ele>2090</ele>
      </trkpt>
      <trkpt lat="42.601797021925449" lon="1.289280960336328">
        <ele>2090</ele>
      </trkpt>
      <trkpt lat="42.601771038025618" lon="1.289301998913288">
        <ele>2091</ele>
      </trkpt>
      <trkpt lat="42.601683028042316" lon="1.289333011955023">
        <ele>2093</ele>
      </trkpt>
      <trkpt lat="42.601676993072033" lon="1.289335023611784">
        <ele>2093</ele>
      </trkpt>
      <trkpt lat="42.601593006402254" lon="1.289401995018125">
        <ele>2096</ele>
      </trkpt>
      <trkpt lat="42.601522011682391" lon="1.289440970867872">
        <ele>2097</ele>
      </trkpt>
      <trkpt lat="42.60145403444767" lon="1.289510037750006">
        <ele>2100</ele>
      </trkpt>
      <trkpt lat="42.601388990879059" lon="1.289570974186063">
        <ele>2101</ele>
      </trkpt>
      <trkpt lat="42.601350015029311" lon="1.289630988612771">
        <ele>2104</ele>
      </trkpt>
      <trkpt lat="42.601307015866041" lon="1.289686979725957">
        <ele>2107</ele>
      </trkpt>
      <trkpt lat="42.60126200504601" lon="1.289708018302918">
        <ele>2108</ele>
      </trkpt>
      <trkpt lat="42.601202996447682" lon="1.289753029122949">
        <ele>2111</ele>
      </trkpt>
      <trkpt lat="42.601138958707452" lon="1.289813965559006">
        <ele>2113</ele>
      </trkpt>
      <trkpt lat="42.601096965372562" lon="1.289879009127617">
        <ele>2115</ele>
      </trkpt>
      <trkpt lat="42.601065030321479" lon="1.28993097692728">
        <ele>2117</ele>
      </trkpt>
      <trkpt lat="42.60104700922966" lon="1.289996020495892">
        <ele>2120</ele>
      </trkpt>
      <trkpt lat="42.601006021723151" lon="1.290047988295555">
        <ele>2121</ele>
      </trkpt>
      <trkpt lat="42.600958999246359" lon="1.290114959701896">
        <ele>2123</ele>
      </trkpt>
      <trkpt lat="42.600899990648031" lon="1.29018503241241">
        <ele>2126</ele>
      </trkpt>
      <trkpt lat="42.600852968171239" lon="1.290241023525596">
        <ele>2128</ele>
      </trkpt>
      <trkpt lat="42.600841987878084" lon="1.290262984111905">
        <ele>2129</ele>
      </trkpt>
      <trkpt lat="42.60076898150146" lon="1.290310006588697">
        <ele>2131</ele>
      </trkpt>
      <trkpt lat="42.600767975673079" lon="1.290387036278844">
        <ele>2134</ele>
      </trkpt>
      <trkpt lat="42.600752972066402" lon="1.290448978543282">
        <ele>2136</ele>
      </trkpt>
      <trkpt lat="42.600734028965235" lon="1.290527014061809">
        <ele>2139</ele>
      </trkpt>
      <trkpt lat="42.600717013701797" lon="1.290561966598034">
        <ele>2140</ele>
      </trkpt>
      <trkpt lat="42.6007030159235" lon="1.290601026266813">
        <ele>2142</ele>
      </trkpt>
      <trkpt lat="42.600691029801965" lon="1.290684007108212">
        <ele>2145</ele>
      </trkpt>
      <trkpt lat="42.600666973739862" lon="1.290772017091513">
        <ele>2148</ele>
      </trkpt>
      <trkpt lat="42.60063897818327" lon="1.290842005982995">
        <ele>2150</ele>
      </trkpt>
      <trkpt lat="42.600578963756561" lon="1.290882993489504">
        <ele>2151</ele>
      </trkpt>
      <trkpt lat="42.600590027868748" lon="1.290930015966296">
        <ele>2153</ele>
      </trkpt>
      <trkpt lat="42.600559014827013" lon="1.290998999029398">
        <ele>2156</ele>
      </trkpt>
      <trkpt lat="42.600514004006982" lon="1.291051972657442">
        <ele>2158</ele>
      </trkpt>
      <trkpt lat="42.600462958216667" lon="1.291092038154602">
        <ele>2159</ele>
      </trkpt>
      <trkpt lat="42.600428005680442" lon="1.291119027882814">
        <ele>2160</ele>
      </trkpt>
      <trkpt lat="42.600371008738875" lon="1.291222041472793">
        <ele>2164</ele>
      </trkpt>
      <trkpt lat="42.600307976827025" lon="1.291291024535894">
        <ele>2166</ele>
      </trkpt>
      <trkpt lat="42.600266989320517" lon="1.291327988728881">
        <ele>2167</ele>
      </trkpt>
      <trkpt lat="42.600238993763924" lon="1.291337963193655">
        <ele>2167</ele>
      </trkpt>
      <trkpt lat="42.60018995963037" lon="1.29141298122704">
        <ele>2169</ele>
      </trkpt>
      <trkpt lat="42.600177973508835" lon="1.291477018967271">
        <ele>2171</ele>
      </trkpt>
      <trkpt lat="42.600149977952242" lon="1.291547007858753">
        <ele>2173</ele>
      </trkpt>
      <trkpt lat="42.600134974345565" lon="1.291638035327196">
        <ele>2176</ele>
      </trkpt>
      <trkpt lat="42.60010102763772" lon="1.291724033653736">
        <ele>2178</ele>
      </trkpt>
      <trkpt lat="42.600083006545901" lon="1.291759992018342">
        <ele>2179</ele>
      </trkpt>
      <trkpt lat="42.600059034302831" lon="1.291827969253063">
        <ele>2181</ele>
      </trkpt>
      <trkpt lat="42.600023997947574" lon="1.291896030306816">
        <ele>2183</ele>
      </trkpt>
      <trkpt lat="42.600010000169277" lon="1.29196803085506">
        <ele>2184</ele>
      </trkpt>
      <trkpt lat="42.599970018491149" lon="1.292027961462736">
        <ele>2186</ele>
      </trkpt>
      <trkpt lat="42.599947974085808" lon="1.292084036394954">
        <ele>2187</ele>
      </trkpt>
      <trkpt lat="42.599854012951255" lon="1.2921869661659">
        <ele>2190</ele>
      </trkpt>
      <trkpt lat="42.599831968545914" lon="1.292225020006299">
        <ele>2191</ele>
      </trkpt>
      <trkpt lat="42.599748987704515" lon="1.292320992797613">
        <ele>2194</ele>
      </trkpt>
      <trkpt lat="42.599711017683148" lon="1.29237899556756">
        <ele>2195</ele>
      </trkpt>
      <trkpt lat="42.599653014913201" lon="1.292471028864384">
        <ele>2197</ele>
      </trkpt>
      <trkpt lat="42.599628958851099" lon="1.292502963915467">
        <ele>2198</ele>
      </trkpt>
      <trkpt lat="42.599575985223055" lon="1.29257102496922">
        <ele>2199</ele>
      </trkpt>
      <trkpt lat="42.599530974403024" lon="1.292620981112123">
        <ele>2200</ele>
      </trkpt>
      <trkpt lat="42.599514964967966" lon="1.292640008032322">
        <ele>2201</ele>
      </trkpt>
      <trkpt lat="42.599523011595011" lon="1.292641013860703">
        <ele>2201</ele>
      </trkpt>
      <trkpt lat="42.599524017423391" lon="1.292645037174225">
        <ele>2201</ele>
      </trkpt>
      <trkpt lat="42.599524017423391" lon="1.292645037174225">
        <ele>2201</ele>
      </trkpt>
      <trkpt lat="42.599450005218387" lon="1.292703039944172">
        <ele>2203</ele>
      </trkpt>
      <trkpt lat="42.599355038255453" lon="1.292732963338494">
        <ele>2204</ele>
      </trkpt>
      <trkpt lat="42.599282031878829" lon="1.29276598803699">
        <ele>2206</ele>
      </trkpt>
      <trkpt lat="42.599209025502205" lon="1.29280898720026">
        <ele>2209</ele>
      </trkpt>
      <trkpt lat="42.599160997197032" lon="1.292845029383898">
        <ele>2210</ele>
      </trkpt>
      <trkpt lat="42.599065024405718" lon="1.292887022718787">
        <ele>2212</ele>
      </trkpt>
      <trkpt lat="42.598972991108894" lon="1.292931027710438">
        <ele>2215</ele>
      </trkpt>
      <trkpt lat="42.598973996937275" lon="1.292931027710438">
        <ele>2215</ele>
      </trkpt>
      <trkpt lat="42.598895039409399" lon="1.29300101660192">
        <ele>2216</ele>
      </trkpt>
      <trkpt lat="42.598832007497549" lon="1.293053990229964">
        <ele>2217</ele>
      </trkpt>
      <trkpt lat="42.598722958937287" lon="1.293106963858008">
        <ele>2219</ele>
      </trkpt>
      <trkpt lat="42.598667973652482" lon="1.29312900826335">
        <ele>2219</ele>
      </trkpt>
      <trkpt lat="42.598516009747982" lon="1.293222969397903">
        <ele>2221</ele>
      </trkpt>
      <trkpt lat="42.598400004208088" lon="1.293286001309753">
        <ele>2221</ele>
      </trkpt>
      <trkpt lat="42.598280981183052" lon="1.293349033221602">
        <ele>2222</ele>
      </trkpt>
      <trkpt lat="42.598170004785061" lon="1.293411981314421">
        <ele>2224</ele>
      </trkpt>
      <trkpt lat="42.598149972036481" lon="1.293419022113085">
        <ele>2225</ele>
      </trkpt>
      <trkpt lat="42.59805902838707" lon="1.293465038761497">
        <ele>2226</ele>
      </trkpt>
      <trkpt lat="42.598002031445503" lon="1.29349404014647">
        <ele>2227</ele>
      </trkpt>
      <trkpt lat="42.597899017855525" lon="1.293543996289372">
        <ele>2228</ele>
      </trkpt>
      <trkpt lat="42.597755016759038" lon="1.29358297213912">
        <ele>2229</ele>
      </trkpt>
      <trkpt lat="42.597659965977073" lon="1.293648015707731">
        <ele>2230</ele>
      </trkpt>
      <trkpt lat="42.597623001784086" lon="1.293678022921085">
        <ele>2231</ele>
      </trkpt>
      <trkpt lat="42.597514037042856" lon="1.293761003762484">
        <ele>2232</ele>
      </trkpt>
      <trkpt lat="42.597402976825833" lon="1.293879020959139">
        <ele>2234</ele>
      </trkpt>
      <trkpt lat="42.597396019846201" lon="1.293886983767152">
        <ele>2234</ele>
      </trkpt>
      <trkpt lat="42.597384033724666" lon="1.294041965156794">
        <ele>2235</ele>
      </trkpt>
      <trkpt lat="42.597383027896285" lon="1.294050011783838">
        <ele>2235</ele>
      </trkpt>
      <trkpt lat="42.597360983490944" lon="1.294099967926741">
        <ele>2236</ele>
      </trkpt>
      <trkpt lat="42.597362995147705" lon="1.29416098818183">
        <ele>2236</ele>
      </trkpt>
      <trkpt lat="42.597362995147705" lon="1.29416098818183">
        <ele>2236</ele>
      </trkpt>
      <trkpt lat="42.597371963784099" lon="1.29416098818183">
        <ele>2236</ele>
      </trkpt>
      <trkpt lat="42.597371963784099" lon="1.294167023152113">
        <ele>2236</ele>
      </trkpt>
      <trkpt lat="42.59737397544086" lon="1.294170040637255">
        <ele>2236</ele>
      </trkpt>
      <trkpt lat="42.597356960177422" lon="1.294208010658622">
        <ele>2237</ele>
      </trkpt>
      <trkpt lat="42.597271967679262" lon="1.294359974563122">
        <ele>2239</ele>
      </trkpt>
      <trkpt lat="42.597196027636528" lon="1.294542029500008">
        <ele>2239</ele>
      </trkpt>
      <trkpt lat="42.597193010151386" lon="1.294572958722711">
        <ele>2239</ele>
      </trkpt>
      <trkpt lat="42.59718001820147" lon="1.294788038358092">
        <ele>2238</ele>
      </trkpt>
      <trkpt lat="42.597153028473258" lon="1.294959029182792">
        <ele>2239</ele>
      </trkpt>
      <trkpt lat="42.597138024866581" lon="1.295004040002823">
        <ele>2239</ele>
      </trkpt>
      <trkpt lat="42.597080022096634" lon="1.295187016949058">
        <ele>2237</ele>
      </trkpt>
      <trkpt lat="42.597083039581776" lon="1.295186011120677">
        <ele>2237</ele>
      </trkpt>
      <trkpt lat="42.597082033753395" lon="1.295201014727354">
        <ele>2237</ele>
      </trkpt>
      <trkpt lat="42.597069041803479" lon="1.295295981690288">
        <ele>2238</ele>
      </trkpt>
      <trkpt lat="42.597041968256235" lon="1.29536597058177">
        <ele>2239</ele>
      </trkpt>
      <trkpt lat="42.596929986029863" lon="1.295576021075249">
        <ele>2237</ele>
      </trkpt>
      <trkpt lat="42.59674902074039" lon="1.295807026326656">
        <ele>2234</ele>
      </trkpt>
      <trkpt lat="42.596732005476952" lon="1.295839967206121">
        <ele>2234</ele>
      </trkpt>
      <trkpt lat="42.596649024635553" lon="1.295958990231156">
        <ele>2232</ele>
      </trkpt>
      <trkpt lat="42.596538970246911" lon="1.296067032963038">
        <ele>2232</ele>
      </trkpt>
      <trkpt lat="42.596497982740402" lon="1.29609402269125">
        <ele>2232</ele>
      </trkpt>
      <trkpt lat="42.596317017450929" lon="1.296286974102259">
        <ele>2231</ele>
      </trkpt>
      <trkpt lat="42.5961699988693" lon="1.296451007947326">
        <ele>2230</ele>
      </trkpt>
      <trkpt lat="42.596052987501025" lon="1.296544969081879">
        <ele>2230</ele>
      </trkpt>
      <trkpt lat="42.595946034416556" lon="1.296773040667176">
        <ele>2225</ele>
      </trkpt>
      <trkpt lat="42.5958919711411" lon="1.296834982931614">
        <ele>2224</ele>
      </trkpt>
      <trkpt lat="42.595794992521405" lon="1.296936990693212">
        <ele>2223</ele>
      </trkpt>
      <trkpt lat="42.595746964216232" lon="1.296963980421424">
        <ele>2223</ele>
      </trkpt>
      <trkpt lat="42.595721986144781" lon="1.296973032876849">
        <ele>2223</ele>
      </trkpt>
      <trkpt lat="42.595554012805223" lon="1.297123990952969">
        <ele>2222</ele>
      </trkpt>
      <trkpt lat="42.59541898034513" lon="1.297293975949287">
        <ele>2221</ele>
      </trkpt>
      <trkpt lat="42.595382016152143" lon="1.29736396484077">
        <ele>2219</ele>
      </trkpt>
      <trkpt lat="42.595306998118758" lon="1.297464966773987">
        <ele>2217</ele>
      </trkpt>
      <trkpt lat="42.595254024490714" lon="1.297520035877824">
        <ele>2215</ele>
      </trkpt>
      <trkpt lat="42.595238015055656" lon="1.29753696732223">
        <ele>2215</ele>
      </trkpt>
      <trkpt lat="42.595174983143806" lon="1.297597987577319">
        <ele>2214</ele>
      </trkpt>
      <trkpt lat="42.595045985653996" lon="1.297722961753607">
        <ele>2213</ele>
      </trkpt>
      <trkpt lat="42.594887986779213" lon="1.297864029183984">
        <ele>2211</ele>
      </trkpt>
      <trkpt lat="42.594807017594576" lon="1.297953967005014">
        <ele>2209</ele>
      </trkpt>
      <trkpt lat="42.594724036753178" lon="1.298087993636727">
        <ele>2205</ele>
      </trkpt>
      <trkpt lat="42.594695035368204" lon="1.298126969486475">
        <ele>2204</ele>
      </trkpt>
      <trkpt lat="42.594673996791244" lon="1.298159994184971">
        <ele>2203</ele>
      </trkpt>
      <trkpt lat="42.594594033434987" lon="1.298225959762931">
        <ele>2202</ele>
      </trkpt>
      <trkpt lat="42.594443997368217" lon="1.29835001192987">
        <ele>2200</ele>
      </trkpt>
      <trkpt lat="42.594351964071393" lon="1.298402985557914">
        <ele>2198</ele>
      </trkpt>
      <trkpt lat="42.594312988221645" lon="1.298454031348229">
        <ele>2196</ele>
      </trkpt>
      <trkpt lat="42.594274012371898" lon="1.298511028289795">
        <ele>2194</ele>
      </trkpt>
      <trkpt lat="42.594098998233676" lon="1.298677995800972">
        <ele>2190</ele>
      </trkpt>
      <trkpt lat="42.594001013785601" lon="1.298801964148879">
        <ele>2188</ele>
      </trkpt>
      <trkpt lat="42.593867992982268" lon="1.299005979672074">
        <ele>2183</ele>
      </trkpt>
      <trkpt lat="42.593813007697463" lon="1.299096001312137">
        <ele>2181</ele>
      </trkpt>
      <trkpt lat="42.593752993270755" lon="1.299220975488424">
        <ele>2178</ele>
      </trkpt>
      <trkpt lat="42.593718040734529" lon="1.299285013228655">
        <ele>2176</ele>
      </trkpt>
      <trkpt lat="42.593593988567591" lon="1.299474025145173">
        <ele>2171</ele>
      </trkpt>
      <trkpt lat="42.593482006341219" lon="1.299559017643333">
        <ele>2168</ele>
      </trkpt>
      <trkpt lat="42.59344001300633" lon="1.299619032070041">
        <ele>2166</ele>
      </trkpt>
      <trkpt lat="42.59339701384306" lon="1.299648033455014">
        <ele>2165</ele>
      </trkpt>
      <trkpt lat="42.59324898943305" lon="1.299802009016275">
        <ele>2160</ele>
      </trkpt>
      <trkpt lat="42.593238009139895" lon="1.299818018451333">
        <ele>2160</ele>
      </trkpt>
      <trkpt lat="42.593103982508183" lon="1.299978028982878">
        <ele>2156</ele>
      </trkpt>
      <trkpt lat="42.592984037473798" lon="1.299999989569187">
        <ele>2154</ele>
      </trkpt>
      <trkpt lat="42.592901978641748" lon="1.299988003447652">
        <ele>2153</ele>
      </trkpt>
      <trkpt lat="42.592863002792001" lon="1.299975011497736">
        <ele>2152</ele>
      </trkpt>
      <trkpt lat="42.592767030000687" lon="1.299928994849324">
        <ele>2150</ele>
      </trkpt>
      <trkpt lat="42.592668039724231" lon="1.299858000129461">
        <ele>2147</ele>
      </trkpt>
      <trkpt lat="42.592553962022066" lon="1.299802009016275">
        <ele>2144</ele>
      </trkpt>
      <trkpt lat="42.592422030866146" lon="1.299722967669368">
        <ele>2142</ele>
      </trkpt>
      <trkpt lat="42.592335026711226" lon="1.299676029011607">
        <ele>2141</ele>
      </trkpt>
      <trkpt lat="42.592197982594371" lon="1.299579972401261">
        <ele>2138</ele>
      </trkpt>
      <trkpt lat="42.592142997309566" lon="1.299557005986571">
        <ele>2136</ele>
      </trkpt>
      <trkpt lat="42.592018023133278" lon="1.299485005438328">
        <ele>2132</ele>
      </trkpt>
      <trkpt lat="42.591890031471848" lon="1.299406969919801">
        <ele>2130</ele>
      </trkpt>
      <trkpt lat="42.591839991509914" lon="1.299375034868717">
        <ele>2129</ele>
      </trkpt>
      <trkpt lat="42.591682998463511" lon="1.299326000735164">
        <ele>2125</ele>
      </trkpt>
      <trkpt lat="42.591560035943985" lon="1.299310997128487">
        <ele>2121</ele>
      </trkpt>
      <trkpt lat="42.591419974341989" lon="1.299271015450358">
        <ele>2119</ele>
      </trkpt>
      <trkpt lat="42.591345962136984" lon="1.2992740329355">
        <ele>2118</ele>
      </trkpt>
      <trkpt lat="42.591297011822462" lon="1.299285013228655">
        <ele>2117</ele>
      </trkpt>
      <trkpt lat="42.591150999069214" lon="1.299270009621978">
        <ele>2115</ele>
      </trkpt>
      <trkpt lat="42.590984031558037" lon="1.299271015450358">
        <ele>2114</ele>
      </trkpt>
      <trkpt lat="42.590857967734337" lon="1.29929699935019">
        <ele>2113</ele>
      </trkpt>
      <trkpt lat="42.590854028239846" lon="1.299376962706447">
        <ele>2109</ele>
      </trkpt>
      <trkpt lat="42.590885041281581" lon="1.299416022375226">
        <ele>2108</ele>
      </trkpt>
      <trkpt lat="42.590932985767722" lon="1.299462039023638">
        <ele>2106</ele>
      </trkpt>
      <trkpt lat="42.591080004349351" lon="1.299585001543164">
        <ele>2100</ele>
      </trkpt>
      <trkpt lat="42.591253006830812" lon="1.299721961840987">
        <ele>2098</ele>
      </trkpt>
      <trkpt lat="42.591290976852179" lon="1.299772001802921">
        <ele>2096</ele>
      </trkpt>
      <trkpt lat="42.59140295907855" lon="1.29991902038455">
        <ele>2092</ele>
      </trkpt>
      <trkpt lat="42.59146498516202" lon="1.299977023154497">
        <ele>2092</ele>
      </trkpt>
      <trkpt lat="42.591532040387392" lon="1.300063021481037">
        <ele>2092</ele>
      </trkpt>
      <trkpt lat="42.591618960723281" lon="1.30021900869906">
        <ele>2090</ele>
      </trkpt>
      <trkpt lat="42.59165701456368" lon="1.300319004803896">
        <ele>2088</ele>
      </trkpt>
      <trkpt lat="42.591717028990388" lon="1.300415983423591">
        <ele>2086</ele>
      </trkpt>
      <trkpt lat="42.591735972091556" lon="1.3004569709301">
        <ele>2085</ele>
      </trkpt>
      <trkpt lat="42.591828005388379" lon="1.300613963976502">
        <ele>2082</ele>
      </trkpt>
      <trkpt lat="42.591885002329946" lon="1.300738016143441">
        <ele>2079</ele>
      </trkpt>
      <trkpt lat="42.59195800870657" lon="1.300880005583167">
        <ele>2075</ele>
      </trkpt>
      <trkpt lat="42.592036966234446" lon="1.301012020558119">
        <ele>2072</ele>
      </trkpt>
      <trkpt lat="42.592079965397716" lon="1.301176976412535">
        <ele>2068</ele>
      </trkpt>
      <trkpt lat="42.592134028673172" lon="1.301407981663942">
        <ele>2065</ele>
      </trkpt>
      <trkpt lat="42.592155989259481" lon="1.301513006910682">
        <ele>2065</ele>
      </trkpt>
      <trkpt lat="42.592136040329933" lon="1.301535973325372">
        <ele>2063</ele>
      </trkpt>
      <trkpt lat="42.592090023681521" lon="1.301485011354089">
        <ele>2061</ele>
      </trkpt>
      <trkpt lat="42.592012993991375" lon="1.301418039947748">
        <ele>2059</ele>
      </trkpt>
      <trkpt lat="42.591892965137959" lon="1.301363976672292">
        <ele>2055</ele>
      </trkpt>
      <trkpt lat="42.591846026480198" lon="1.301346039399505">
        <ele>2053</ele>
      </trkpt>
      <trkpt lat="42.591848038136959" lon="1.301381997764111">
        <ele>2052</ele>
      </trkpt>
      <trkpt lat="42.591880979016423" lon="1.30148702301085">
        <ele>2051</ele>
      </trkpt>
      <trkpt lat="42.591839991509914" lon="1.301614008843899">
        <ele>2045</ele>
      </trkpt>
      <trkpt lat="42.59180998429656" lon="1.301623983308673">
        <ele>2044</ele>
      </trkpt>
      <trkpt lat="42.59180998429656" lon="1.301649967208505">
        <ele>2043</ele>
      </trkpt>
      <trkpt lat="42.591795986518264" lon="1.301898993551731">
        <ele>2037</ele>
      </trkpt>
      <trkpt lat="42.591785006225109" lon="1.302105020731688">
        <ele>2032</ele>
      </trkpt>
      <trkpt lat="42.591802021488547" lon="1.302194036543369">
        <ele>2031</ele>
      </trkpt>
      <trkpt lat="42.591817025095224" lon="1.302314987406135">
        <ele>2029</ele>
      </trkpt>
      <trkpt lat="42.591816019266844" lon="1.302316999062896">
        <ele>2029</ele>
      </trkpt>
      <trkpt lat="42.591818030923605" lon="1.302316999062896">
        <ele>2029</ele>
      </trkpt>
      <trkpt lat="42.591818030923605" lon="1.302316999062896">
        <ele>2029</ele>
      </trkpt>
      <trkpt lat="42.591817025095224" lon="1.30232403986156">
        <ele>2029</ele>
      </trkpt>
      <trkpt lat="42.591819036751986" lon="1.302429987117648">
        <ele>2027</ele>
      </trkpt>
      <trkpt lat="42.591815013438463" lon="1.302530989050865">
        <ele>2025</ele>
      </trkpt>
      <trkpt lat="42.591784000396729" lon="1.30279703065753">
        <ele>2022</ele>
      </trkpt>
      <trkpt lat="42.591761033982038" lon="1.302937008440495">
        <ele>2019</ele>
      </trkpt>
      <trkpt lat="42.59176597930491" lon="1.302998028695583">
        <ele>2018</ele>
      </trkpt>
      <trkpt lat="42.59180897846818" lon="1.30305896513164">
        <ele>2019</ele>
      </trkpt>
      <trkpt lat="42.591826999559999" lon="1.3032509945333">
        <ele>2014</ele>
      </trkpt>
      <trkpt lat="42.591838985681534" lon="1.303341016173363">
        <ele>2012</ele>
      </trkpt>
      <trkpt lat="42.591882990673184" lon="1.303428020328283">
        <ele>2011</ele>
      </trkpt>
      <trkpt lat="42.591914003714919" lon="1.303476970642805">
        <ele>2010</ele>
      </trkpt>
      <trkpt lat="42.591953985393047" lon="1.303581995889545">
        <ele>2008</ele>
      </trkpt>
      <trkpt lat="42.592000002041459" lon="1.303745023906231">
        <ele>2003</ele>
      </trkpt>
      <trkpt lat="42.592037972062826" lon="1.303869998082519">
        <ele>2001</ele>
      </trkpt>
      <trkpt lat="42.592051969841123" lon="1.303968988358975">
        <ele>1998</ele>
      </trkpt>
      <trkpt lat="42.592093963176012" lon="1.304115001112223">
        <ele>1995</ele>
      </trkpt>
      <trkpt lat="42.592155989259481" lon="1.304189013317227">
        <ele>1994</ele>
      </trkpt>
      <trkpt lat="42.592251962050796" lon="1.304307030513883">
        <ele>1990</ele>
      </trkpt>
      <trkpt lat="42.592283980920911" lon="1.304340977221727">
        <ele>1989</ele>
      </trkpt>
      <trkpt lat="42.592377020046115" lon="1.30445203743875">
        <ele>1986</ele>
      </trkpt>
      <trkpt lat="42.592435022816062" lon="1.304490007460117">
        <ele>1984</ele>
      </trkpt>
      <trkpt lat="42.592483973130584" lon="1.304532000795007">
        <ele>1983</ele>
      </trkpt>
      <trkpt lat="42.592477016150951" lon="1.304613975808024">
        <ele>1978</ele>
      </trkpt>
      <trkpt lat="42.592420019209385" lon="1.304629985243082">
        <ele>1977</ele>
      </trkpt>
      <trkpt lat="42.592271994799376" lon="1.30468899384141">
        <ele>1974</ele>
      </trkpt>
      <trkpt lat="42.592176022008061" lon="1.304751019924879">
        <ele>1971</ele>
      </trkpt>
      <trkpt lat="42.592161018401384" lon="1.30475202575326">
        <ele>1971</ele>
      </trkpt>
      <trkpt lat="42.59208801202476" lon="1.304760994389653">
        <ele>1969</ele>
      </trkpt>
      <trkpt lat="42.59195800870657" lon="1.304786978289485">
        <ele>1964</ele>
      </trkpt>
      <trkpt lat="42.591897994279861" lon="1.30479502491653">
        <ele>1961</ele>
      </trkpt>
      <trkpt lat="42.591877961531281" lon="1.304794019088149">
        <ele>1961</ele>
      </trkpt>
      <trkpt lat="42.591859018430114" lon="1.304879011586309">
        <ele>1956</ele>
      </trkpt>
      <trkpt lat="42.591891959309578" lon="1.305004991590977">
        <ele>1950</ele>
      </trkpt>
      <trkpt lat="42.591914003714919" lon="1.30505402572453">
        <ele>1948</ele>
      </trkpt>
      <trkpt lat="42.591930013149977" lon="1.30507699213922">
        <ele>1947</ele>
      </trkpt>
      <trkpt lat="42.591853989288211" lon="1.305123008787632">
        <ele>1943</ele>
      </trkpt>
      <trkpt lat="42.591800009831786" lon="1.305151004344225">
        <ele>1942</ele>
      </trkpt>
      <trkpt lat="42.591728009283543" lon="1.30511999130249">
        <ele>1941</ele>
      </trkpt>
      <trkpt lat="42.591665983200073" lon="1.30514002405107">
        <ele>1938</ele>
      </trkpt>
      <trkpt lat="42.591632036492229" lon="1.305137006565929">
        <ele>1937</ele>
      </trkpt>
      <trkpt lat="42.591535979881883" lon="1.305142035707831">
        <ele>1934</ele>
      </trkpt>
      <trkpt lat="42.591417962685227" lon="1.305109011009336">
        <ele>1931</ele>
      </trkpt>
      <trkpt lat="42.591393990442157" lon="1.305126026272774">
        <ele>1930</ele>
      </trkpt>
      <trkpt lat="42.591462973505259" lon="1.305244965478778">
        <ele>1927</ele>
      </trkpt>
      <trkpt lat="42.5914850179106" lon="1.305305985733867">
        <ele>1925</ele>
      </trkpt>
      <trkpt lat="42.59150899015367" lon="1.305338004603982">
        <ele>1924</ele>
      </trkpt>
      <trkpt lat="42.591454004868865" lon="1.30539701320231">
        <ele>1920</ele>
      </trkpt>
      <trkpt lat="42.591345040127635" lon="1.305387960746884">
        <ele>1919</ele>
      </trkpt>
      <trkpt lat="42.591275973245502" lon="1.30539701320231">
        <ele>1917</ele>
      </trkpt>
      <trkpt lat="42.591215958818793" lon="1.305474964901805">
        <ele>1914</ele>
      </trkpt>
      <trkpt lat="42.591197015717626" lon="1.305512012913823">
        <ele>1913</ele>
      </trkpt>
      <trkpt lat="42.591215958818793" lon="1.305583007633686">
        <ele>1910</ele>
      </trkpt>
      <trkpt lat="42.591216964647174" lon="1.305606979876757">
        <ele>1910</ele>
      </trkpt>
      <trkpt lat="42.591312015429139" lon="1.305706975981593">
        <ele>1904</ele>
      </trkpt>
      <trkpt lat="42.591412011533976" lon="1.305788028985262">
        <ele>1899</ele>
      </trkpt>
      <trkpt lat="42.59146498516202" lon="1.305848965421319">
        <ele>1896</ele>
      </trkpt>
      <trkpt lat="42.591491974890232" lon="1.305873021483421">
        <ele>1895</ele>
      </trkpt>
      <trkpt lat="42.591608986258507" lon="1.305929012596607">
        <ele>1892</ele>
      </trkpt>
      <trkpt lat="42.591695990413427" lon="1.30593404173851">
        <ele>1889</ele>
      </trkpt>
      <trkpt lat="42.591718034818769" lon="1.305954996496439">
        <ele>1888</ele>
      </trkpt>
      <trkpt lat="42.591797998175025" lon="1.306004030629993">
        <ele>1886</ele>
      </trkpt>
      <trkpt lat="42.59182901121676" lon="1.306037977337837">
        <ele>1885</ele>
      </trkpt>
      <trkpt lat="42.591807972639799" lon="1.306081982329488">
        <ele>1882</ele>
      </trkpt>
      <trkpt lat="42.591801015660167" lon="1.306098997592926">
        <ele>1881</ele>
      </trkpt>
      <trkpt lat="42.59180897846818" lon="1.306126993149519">
        <ele>1880</ele>
      </trkpt>
      <trkpt lat="42.591780982911587" lon="1.306168986484408">
        <ele>1877</ele>
      </trkpt>
      <trkpt lat="42.591721974313259" lon="1.306208968162537">
        <ele>1875</ele>
      </trkpt>
      <trkpt lat="42.591677969321609" lon="1.306248027831316">
        <ele>1874</ele>
      </trkpt>
      <trkpt lat="42.591561041772366" lon="1.306365039199591">
        <ele>1868</ele>
      </trkpt>
      <trkpt lat="42.591487029567361" lon="1.30647299811244">
        <ele>1865</ele>
      </trkpt>
      <trkpt lat="42.591448975726962" lon="1.306518008932471">
        <ele>1864</ele>
      </trkpt>
      <trkpt lat="42.591345040127635" lon="1.306661004200578">
        <ele>1861</ele>
      </trkpt>
      <trkpt lat="42.591359037905931" lon="1.306672990322113">
        <ele>1860</ele>
      </trkpt>
      <trkpt lat="42.59140295907855" lon="1.306677013635635">
        <ele>1858</ele>
      </trkpt>
      <trkpt lat="42.591459034010768" lon="1.306693023070693">
        <ele>1855</ele>
      </trkpt>
      <trkpt lat="42.591459034010768" lon="1.306693023070693">
        <ele>1855</ele>
      </trkpt>
      <trkpt lat="42.591575961560011" lon="1.306754965335131">
        <ele>1850</ele>
      </trkpt>
      <trkpt lat="42.591632958501577" lon="1.306768963113427">
        <ele>1849</ele>
      </trkpt>
      <trkpt lat="42.591714011505246" lon="1.3068169914186">
        <ele>1846</ele>
      </trkpt>
      <trkpt lat="42.591745024546981" lon="1.306854961439967">
        <ele>1844</ele>
      </trkpt>
      <trkpt lat="42.591764973476529" lon="1.306862002238631">
        <ele>1844</ele>
      </trkpt>
      <trkpt lat="42.591905035078526" lon="1.306983036920428">
        <ele>1838</ele>
      </trkpt>
      <trkpt lat="42.591941999271512" lon="1.307055959478021">
        <ele>1836</ele>
      </trkpt>
      <trkpt lat="42.59195901453495" lon="1.307090995833278">
        <ele>1835</ele>
      </trkpt>
      <trkpt lat="42.591972006484866" lon="1.307122008875012">
        <ele>1833</ele>
      </trkpt>
      <trkpt lat="42.591973012313247" lon="1.30713801831007">
        <ele>1833</ele>
      </trkpt>
      <trkpt lat="42.592064961791039" lon="1.307277996093035">
        <ele>1829</ele>
      </trkpt>
      <trkpt lat="42.592049958184361" lon="1.307301968336105">
        <ele>1827</ele>
      </trkpt>
      <trkpt lat="42.592058004811406" lon="1.307317977771163">
        <ele>1827</ele>
      </trkpt>
      <trkpt lat="42.592054987326264" lon="1.307359971106052">
        <ele>1824</ele>
      </trkpt>
      <trkpt lat="42.592048030346632" lon="1.307383021339774">
        <ele>1823</ele>
      </trkpt>
      <trkpt lat="42.591903023421764" lon="1.307458961382508">
        <ele>1818</ele>
      </trkpt>
      <trkpt lat="42.591774025931954" lon="1.307499026879668">
        <ele>1816</ele>
      </trkpt>
      <trkpt lat="42.591642010957003" lon="1.307584019377828">
        <ele>1812</ele>
      </trkpt>
      <trkpt lat="42.591674029827118" lon="1.30761100910604">
        <ele>1811</ele>
      </trkpt>
      <trkpt lat="42.591684004291892" lon="1.307613020762801">
        <ele>1811</ele>
      </trkpt>
      <trkpt lat="42.591811995953321" lon="1.307690972462297">
        <ele>1807</ele>
      </trkpt>
      <trkpt lat="42.591912997886539" lon="1.307793986052275">
        <ele>1803</ele>
      </trkpt>
      <trkpt lat="42.592029003426433" lon="1.307903034612536">
        <ele>1799</ele>
      </trkpt>
      <trkpt lat="42.592070996761322" lon="1.307988027110696">
        <ele>1796</ele>
      </trkpt>
      <trkpt lat="42.591978963464499" lon="1.307990038767457">
        <ele>1795</ele>
      </trkpt>
      <trkpt lat="42.591900005936623" lon="1.308004958555102">
        <ele>1794</ele>
      </trkpt>
      <trkpt lat="42.59178701788187" lon="1.308091962710023">
        <ele>1790</ele>
      </trkpt>
      <trkpt lat="42.591704959049821" lon="1.308137979358435">
        <ele>1788</ele>
      </trkpt>
      <trkpt lat="42.591661037877202" lon="1.308115012943745">
        <ele>1789</ele>
      </trkpt>
      <trkpt lat="42.59150798432529" lon="1.308113001286984">
        <ele>1792</ele>
      </trkpt>
      <trkpt lat="42.591489041224122" lon="1.308146025985479">
        <ele>1791</ele>
      </trkpt>
      <trkpt lat="42.591363983228803" lon="1.308451965451241">
        <ele>1781</ele>
      </trkpt>
      <trkpt lat="42.591331964358687" lon="1.308583980426192">
        <ele>1776</ele>
      </trkpt>
      <trkpt lat="42.591360965743661" lon="1.308565959334374">
        <ele>1776</ele>
      </trkpt>
      <trkpt lat="42.591439001262188" lon="1.308538969606161">
        <ele>1775</ele>
      </trkpt>
      <trkpt lat="42.591527011245489" lon="1.308518014848232">
        <ele>1774</ele>
      </trkpt>
      <trkpt lat="42.591608986258507" lon="1.308522038161755">
        <ele>1773</ele>
      </trkpt>
      <trkpt lat="42.591604040935636" lon="1.308550033718348">
        <ele>1772</ele>
      </trkpt>
      <trkpt lat="42.591595994308591" lon="1.308586997911334">
        <ele>1770</ele>
      </trkpt>
      <trkpt lat="42.591592976823449" lon="1.308586997911334">
        <ele>1770</ele>
      </trkpt>
      <trkpt lat="42.591580990701914" lon="1.308605019003153">
        <ele>1770</ele>
      </trkpt>
      <trkpt lat="42.59148602373898" lon="1.308751031756401">
        <ele>1766</ele>
      </trkpt>
      <trkpt lat="42.591394996270537" lon="1.308966027572751">
        <ele>1759</ele>
      </trkpt>
      <trkpt lat="42.591328024864197" lon="1.309157973155379">
        <ele>1754</ele>
      </trkpt>
      <trkpt lat="42.591304974630475" lon="1.309206001460552">
        <ele>1752</ele>
      </trkpt>
      <trkpt lat="42.591304974630475" lon="1.309238020330668">
        <ele>1751</ele>
      </trkpt>
      <trkpt lat="42.59133699350059" lon="1.309186974540353">
        <ele>1752</ele>
      </trkpt>
      <trkpt lat="42.591470014303923" lon="1.309184962883592">
        <ele>1748</ele>
      </trkpt>
      <trkpt lat="42.591477977111936" lon="1.309229973703623">
        <ele>1747</ele>
      </trkpt>
      <trkpt lat="42.591416034847498" lon="1.30933097563684">
        <ele>1744</ele>
      </trkpt>
      <trkpt lat="42.591328024864197" lon="1.309457961469889">
        <ele>1741</ele>
      </trkpt>
      <trkpt lat="42.591219982132316" lon="1.309638004750013">
        <ele>1738</ele>
      </trkpt>
      <trkpt lat="42.591083021834493" lon="1.309712016955018">
        <ele>1738</ele>
      </trkpt>
      <trkpt lat="42.591017978265882" lon="1.309772031381726">
        <ele>1736</ele>
      </trkpt>
      <trkpt lat="42.590957963839173" lon="1.30984503775835">
        <ele>1734</ele>
      </trkpt>
      <trkpt lat="42.59088302962482" lon="1.309927012771368">
        <ele>1731</ele>
      </trkpt>
      <trkpt lat="42.590752020478249" lon="1.309992978349328">
        <ele>1729</ele>
      </trkpt>
      <trkpt lat="42.590707009658217" lon="1.310029020532966">
        <ele>1728</ele>
      </trkpt>
      <trkpt lat="42.590588992461562" lon="1.310122981667519">
        <ele>1725</ele>
      </trkpt>
      <trkpt lat="42.59056200273335" lon="1.310144020244479">
        <ele>1725</ele>
      </trkpt>
      <trkpt lat="42.590566026046872" lon="1.310143014416099">
        <ele>1725</ele>
      </trkpt>
      <trkpt lat="42.590557979419827" lon="1.310160029679537">
        <ele>1724</ele>
      </trkpt>
      <trkpt lat="42.590535013005137" lon="1.310204034671187">
        <ele>1722</ele>
      </trkpt>
      <trkpt lat="42.590531995519996" lon="1.310306964442134">
        <ele>1720</ele>
      </trkpt>
      <trkpt lat="42.59052000939846" lon="1.310545010492206">
        <ele>1716</ele>
      </trkpt>
      <trkpt lat="42.590546999126673" lon="1.310608964413405">
        <ele>1715</ele>
      </trkpt>
      <trkpt lat="42.590615982189775" lon="1.310875006020069">
        <ele>1711</ele>
      </trkpt>
      <trkpt lat="42.590611036866903" lon="1.310890009626746">
        <ele>1711</ele>
      </trkpt>
      <trkpt lat="42.590611036866903" lon="1.310890009626746">
        <ele>1711</ele>
      </trkpt>
      <trkpt lat="42.590558985248208" lon="1.310901995748282">
        <ele>1711</ele>
      </trkpt>
      <trkpt lat="42.590376008301973" lon="1.311019007116556">
        <ele>1709</ele>
      </trkpt>
      <trkpt lat="42.590367961674929" lon="1.311021018773317">
        <ele>1709</ele>
      </trkpt>
      <trkpt lat="42.590204011648893" lon="1.311024036258459">
        <ele>1710</ele>
      </trkpt>
      <trkpt lat="42.590204011648893" lon="1.311024036258459">
        <ele>1710</ele>
      </trkpt>
      <trkpt lat="42.590204011648893" lon="1.311023030430079">
        <ele>1710</ele>
      </trkpt>
      <trkpt lat="42.590109966695309" lon="1.310943989083171">
        <ele>1708</ele>
      </trkpt>
      <trkpt lat="42.59002598002553" lon="1.310924040153623">
        <ele>1706</ele>
      </trkpt>
      <trkpt lat="42.589993961155415" lon="1.311007020995021">
        <ele>1706</ele>
      </trkpt>
      <trkpt lat="42.589936964213848" lon="1.311079021543264">
        <ele>1708</ele>
      </trkpt>
      <trkpt lat="42.589777959510684" lon="1.311096036806703">
        <ele>1707</ele>
      </trkpt>
      <trkpt lat="42.589748036116362" lon="1.311096958816052">
        <ele>1706</ele>
      </trkpt>
      <trkpt lat="42.589730015024543" lon="1.311096958816052">
        <ele>1707</ele>
      </trkpt>
      <trkpt lat="42.58972599171102" lon="1.311097964644432">
        <ele>1707</ele>
      </trkpt>
      <trkpt lat="42.58972599171102" lon="1.311097964644432">
        <ele>1707</ele>
      </trkpt>
      <trkpt lat="42.589743006974459" lon="1.31119703873992">
        <ele>1706</ele>
      </trkpt>
      <trkpt lat="42.589764967560768" lon="1.311375992372632">
        <ele>1710</ele>
      </trkpt>
      <trkpt lat="42.589779971167445" lon="1.31139200180769">
        <ele>1709</ele>
      </trkpt>
      <trkpt lat="42.589779971167445" lon="1.311390995979309">
        <ele>1709</ele>
      </trkpt>
      <trkpt lat="42.589785000309348" lon="1.31139200180769">
        <ele>1709</ele>
      </trkpt>
      <trkpt lat="42.589834034442902" lon="1.311448998749256">
        <ele>1709</ele>
      </trkpt>
      <trkpt lat="42.589946016669273" lon="1.311643961817026">
        <ele>1704</ele>
      </trkpt>
      <trkpt lat="42.590037966147065" lon="1.311830040067434">
        <ele>1701</ele>
      </trkpt>
      <trkpt lat="42.590079959481955" lon="1.312042018398643">
        <ele>1697</ele>
      </trkpt>
      <trkpt lat="42.590122958645225" lon="1.312064984813333">
        <ele>1695</ele>
      </trkpt>
      <trkpt lat="42.590180961415172" lon="1.312094992026687">
        <ele>1692</ele>
      </trkpt>
      <trkpt lat="42.590184984728694" lon="1.312149977311492">
        <ele>1690</ele>
      </trkpt>
      <trkpt lat="42.590209040790796" lon="1.312207980081439">
        <ele>1688</ele>
      </trkpt>
      <trkpt lat="42.590275006368756" lon="1.312298001721501">
        <ele>1685</ele>
      </trkpt>
      <trkpt lat="42.59030400775373" lon="1.312399003654718">
        <ele>1681</ele>
      </trkpt>
      <trkpt lat="42.590303001925349" lon="1.312416018918157">
        <ele>1681</ele>
      </trkpt>
      <trkpt lat="42.590351030230522" lon="1.312544010579586">
        <ele>1677</ele>
      </trkpt>
      <trkpt lat="42.590349018573761" lon="1.312623973935843">
        <ele>1676</ele>
      </trkpt>
      <trkpt lat="42.590368967503309" lon="1.312699997797608">
        <ele>1673</ele>
      </trkpt>
      <trkpt lat="42.590428981930017" lon="1.312800999730825">
        <ele>1670</ele>
      </trkpt>
      <trkpt lat="42.590424036607146" lon="1.31302303634584">
        <ele>1667</ele>
      </trkpt>
      <trkpt lat="42.590392017737031" lon="1.313150022178888">
        <ele>1666</ele>
      </trkpt>
      <trkpt lat="42.590324962511659" lon="1.313354037702084">
        <ele>1664</ele>
      </trkpt>
      <trkpt lat="42.5903279799968" lon="1.313568027690053">
        <ele>1661</ele>
      </trkpt>
      <trkpt lat="42.590371984988451" lon="1.313607003539801">
        <ele>1660</ele>
      </trkpt>
      <trkpt lat="42.590437028557062" lon="1.313555035740137">
        <ele>1658</ele>
      </trkpt>
      <trkpt lat="42.590448008850217" lon="1.313596023246646">
        <ele>1657</ele>
      </trkpt>
      <trkpt lat="42.590452032163739" lon="1.313619995489717">
        <ele>1656</ele>
      </trkpt>
      <trkpt lat="42.590425964444876" lon="1.313806995749474">
        <ele>1652</ele>
      </trkpt>
      <trkpt lat="42.59039101190865" lon="1.313866004347801">
        <ele>1652</ele>
      </trkpt>
      <trkpt lat="42.590346001088619" lon="1.314022997394204">
        <ele>1649</ele>
      </trkpt>
      <trkpt lat="42.590322028845549" lon="1.31409902125597">
        <ele>1647</ele>
      </trkpt>
      <trkpt lat="42.590311970561743" lon="1.314117964357138">
        <ele>1647</ele>
      </trkpt>
      <trkpt lat="42.590295039117336" lon="1.31416498683393">
        <ele>1646</ele>
      </trkpt>
      <trkpt lat="42.590296966955066" lon="1.31425098516047">
        <ele>1641</ele>
      </trkpt>
      <trkpt lat="42.590457983314991" lon="1.31414202041924">
        <ele>1637</ele>
      </trkpt>
      <trkpt lat="42.590552028268576" lon="1.314029032364488">
        <ele>1635</ele>
      </trkpt>
      <trkpt lat="42.590583963319659" lon="1.313987039029598">
        <ele>1635</ele>
      </trkpt>
      <trkpt lat="42.590622017160058" lon="1.313933981582522">
        <ele>1634</ele>
      </trkpt>
      <trkpt lat="42.590706003829837" lon="1.314011011272669">
        <ele>1632</ele>
      </trkpt>
      <trkpt lat="42.590823015198112" lon="1.314024003222585">
        <ele>1626</ele>
      </trkpt>
      <trkpt lat="42.590836007148027" lon="1.314046969637275">
        <ele>1625</ele>
      </trkpt>
      <trkpt lat="42.590850004926324" lon="1.314079994335771">
        <ele>1623</ele>
      </trkpt>
      <trkpt lat="42.590856961905956" lon="1.314089968800545">
        <ele>1623</ele>
      </trkpt>
      <trkpt lat="42.590869031846523" lon="1.314205974340439">
        <ele>1620</ele>
      </trkpt>
      <trkpt lat="42.590786973014474" lon="1.314290966838598">
        <ele>1617</ele>
      </trkpt>
      <trkpt lat="42.590771969407797" lon="1.314312005415559">
        <ele>1616</ele>
      </trkpt>
      <trkpt lat="42.59075503796339" lon="1.314331032335758">
        <ele>1615</ele>
      </trkpt>
      <trkpt lat="42.590698041021824" lon="1.314446032047272">
        <ele>1613</ele>
      </trkpt>
      <trkpt lat="42.590684965252876" lon="1.314475033432245">
        <ele>1613</ele>
      </trkpt>
      <trkpt lat="42.59067197330296" lon="1.314507974311709">
        <ele>1612</ele>
      </trkpt>
      <trkpt lat="42.590677002444863" lon="1.314534964039922">
        <ele>1611</ele>
      </trkpt>
      <trkpt lat="42.590645989403129" lon="1.314610987901688">
        <ele>1609</ele>
      </trkpt>
      <trkpt lat="42.590630985796452" lon="1.314629008993506">
        <ele>1609</ele>
      </trkpt>
      <trkpt lat="42.590617993846536" lon="1.314758006483316">
        <ele>1604</ele>
      </trkpt>
      <trkpt lat="42.590576000511646" lon="1.31480997428298">
        <ele>1603</ele>
      </trkpt>
      <trkpt lat="42.590501988306642" lon="1.314907036721706">
        <ele>1600</ele>
      </trkpt>
      <trkpt lat="42.590505005791783" lon="1.314924973994494">
        <ele>1599</ele>
      </trkpt>
      <trkpt lat="42.59052000939846" lon="1.314966967329383">
        <ele>1597</ele>
      </trkpt>
      <trkpt lat="42.590491008013487" lon="1.315005021169782">
        <ele>1596</ele>
      </trkpt>
      <trkpt lat="42.59041297249496" lon="1.315155979245901">
        <ele>1591</ele>
      </trkpt>
      <trkpt lat="42.590448008850217" lon="1.315179029479623">
        <ele>1590</ele>
      </trkpt>
      <trkpt lat="42.590593015775084" lon="1.315182968974114">
        <ele>1585</ele>
      </trkpt>
      <trkpt lat="42.590643977746367" lon="1.315177017822862">
        <ele>1584</ele>
      </trkpt>
      <trkpt lat="42.590687982738018" lon="1.315172994509339">
        <ele>1583</ele>
      </trkpt>
      <trkpt lat="42.590845981612802" lon="1.315137958154082">
        <ele>1579</ele>
      </trkpt>
      <trkpt lat="42.590966010466218" lon="1.315156985074282">
        <ele>1576</ele>
      </trkpt>
      <trkpt lat="42.590984031558037" lon="1.315160002559423">
        <ele>1575</ele>
      </trkpt>
      <trkpt lat="42.590996017679572" lon="1.315168971195817">
        <ele>1575</ele>
      </trkpt>
      <trkpt lat="42.591075981035829" lon="1.315223034471273">
        <ele>1573</ele>
      </trkpt>
      <trkpt lat="42.591214030981064" lon="1.315286988392472">
        <ele>1571</ele>
      </trkpt>
      <trkpt lat="42.591215036809444" lon="1.315294029191136">
        <ele>1570</ele>
      </trkpt>
      <trkpt lat="42.591172037646174" lon="1.315343985334039">
        <ele>1567</ele>
      </trkpt>
      <trkpt lat="42.591173965483904" lon="1.315342979505658">
        <ele>1567</ele>
      </trkpt>
      <trkpt lat="42.591173965483904" lon="1.315342979505658">
        <ele>1567</ele>
      </trkpt>
      <trkpt lat="42.591340010985732" lon="1.315401988103986">
        <ele>1565</ele>
      </trkpt>
      <trkpt lat="42.591342022642493" lon="1.315448004752398">
        <ele>1563</ele>
      </trkpt>
      <trkpt lat="42.591342022642493" lon="1.315448004752398">
        <ele>1563</ele>
      </trkpt>
      <trkpt lat="42.591342022642493" lon="1.315448004752398">
        <ele>1563</ele>
      </trkpt>
      <trkpt lat="42.591342022642493" lon="1.315448004752398">
        <ele>1563</ele>
      </trkpt>
      <trkpt lat="42.591333976015449" lon="1.315441969782114">
        <ele>1563</ele>
      </trkpt>
      <trkpt lat="42.591330958530307" lon="1.315444987267256">
        <ele>1562</ele>
      </trkpt>
      <trkpt lat="42.591268010437489" lon="1.315555963665247">
        <ele>1556</ele>
      </trkpt>
      <trkpt lat="42.591267004609108" lon="1.315565016120672">
        <ele>1556</ele>
      </trkpt>
      <trkpt lat="42.591281002387404" lon="1.315599968656898">
        <ele>1554</ele>
      </trkpt>
      <trkpt lat="42.591324001550674" lon="1.315627964213491">
        <ele>1552</ele>
      </trkpt>
      <trkpt lat="42.591344034299254" lon="1.315637016668916">
        <ele>1552</ele>
      </trkpt>
      <trkpt lat="42.591353002935648" lon="1.315637016668916">
        <ele>1552</ele>
      </trkpt>
      <trkpt lat="42.59140295907855" lon="1.315671969205141">
        <ele>1550</ele>
      </trkpt>
      <trkpt lat="42.591474037617445" lon="1.315795015543699">
        <ele>1542</ele>
      </trkpt>
      <trkpt lat="42.591503961011767" lon="1.315883025527">
        <ele>1538</ele>
      </trkpt>
      <trkpt lat="42.591493986546993" lon="1.315880008041859">
        <ele>1538</ele>
      </trkpt>
      <trkpt lat="42.5914659909904" lon="1.315900040790439">
        <ele>1537</ele>
      </trkpt>
      <trkpt lat="42.591451993212104" lon="1.315910015255213">
        <ele>1537</ele>
      </trkpt>
      <trkpt lat="42.591436989605427" lon="1.315927030518651">
        <ele>1536</ele>
      </trkpt>
      <trkpt lat="42.591449981555343" lon="1.315946979448199">
        <ele>1535</ele>
      </trkpt>
      <trkpt lat="42.591516030952334" lon="1.315998025238514">
        <ele>1531</ele>
      </trkpt>
      <trkpt lat="42.591546960175037" lon="1.316020991653204">
        <ele>1530</ele>
      </trkpt>
      <trkpt lat="42.591573027893901" lon="1.316029038280249">
        <ele>1530</ele>
      </trkpt>
      <trkpt lat="42.591590965166688" lon="1.316044963896275">
        <ele>1529</ele>
      </trkpt>
      <trkpt lat="42.591590965166688" lon="1.316073965281248">
        <ele>1528</ele>
      </trkpt>
      <trkpt lat="42.591555006802082" lon="1.316101038828492">
        <ele>1526</ele>
      </trkpt>
      <trkpt lat="42.591509995982051" lon="1.316132973879576">
        <ele>1524</ele>
      </trkpt>
      <trkpt lat="42.591559030115604" lon="1.316230036318302">
        <ele>1519</ele>
      </trkpt>
      <trkpt lat="42.591573027893901" lon="1.316258031874895">
        <ele>1517</ele>
      </trkpt>
      <trkpt lat="42.591559030115604" lon="1.316271023824811">
        <ele>1517</ele>
      </trkpt>
      <trkpt lat="42.591517036780715" lon="1.316309999674559">
        <ele>1515</ele>
      </trkpt>
      <trkpt lat="42.591530028730631" lon="1.316326009109616">
        <ele>1514</ele>
      </trkpt>
      <trkpt lat="42.59157101623714" lon="1.316368002444506">
        <ele>1511</ele>
      </trkpt>
      <trkpt lat="42.591559030115604" lon="1.316424999386072">
        <ele>1509</ele>
      </trkpt>
      <trkpt lat="42.59168098680675" lon="1.316444026306272">
        <ele>1507</ele>
      </trkpt>
      <trkpt lat="42.591665983200073" lon="1.316481996327639">
        <ele>1505</ele>
      </trkpt>
      <trkpt lat="42.591656008735299" lon="1.31650697439909">
        <ele>1503</ele>
      </trkpt>
      <trkpt lat="42.591647040098906" lon="1.316559026017785">
        <ele>1500</ele>
      </trkpt>
      <trkpt lat="42.591664977371693" lon="1.316601019352675">
        <ele>1497</ele>
      </trkpt>
      <trkpt lat="42.591729015111923" lon="1.316594984382391">
        <ele>1498</ele>
      </trkpt>
      <trkpt lat="42.591843008995056" lon="1.316676959395409">
        <ele>1494</ele>
      </trkpt>
      <trkpt lat="42.591782994568348" lon="1.316748959943652">
        <ele>1491</ele>
      </trkpt>
      <trkpt lat="42.591751981526613" lon="1.316792964935303">
        <ele>1489</ele>
      </trkpt>
      <trkpt lat="42.591758016496897" lon="1.316806962713599">
        <ele>1488</ele>
      </trkpt>
      <trkpt lat="42.591803027316928" lon="1.316810986027122">
        <ele>1487</ele>
      </trkpt>
      <trkpt lat="42.591871004551649" lon="1.316880974918604">
        <ele>1484</ele>
      </trkpt>
      <trkpt lat="42.591941999271512" lon="1.317012989893556">
        <ele>1478</ele>
      </trkpt>
      <trkpt lat="42.591918027028441" lon="1.317050037905574">
        <ele>1476</ele>
      </trkpt>
      <trkpt lat="42.591881984844804" lon="1.31706302985549">
        <ele>1475</ele>
      </trkpt>
      <trkpt lat="42.591845020651817" lon="1.317163025960326">
        <ele>1472</ele>
      </trkpt>
      <trkpt lat="42.591943005099893" lon="1.31721499375999">
        <ele>1468</ele>
      </trkpt>
      <trkpt lat="42.591989021748304" lon="1.317284982651472">
        <ele>1465</ele>
      </trkpt>
      <trkpt lat="42.591997990384698" lon="1.317292023450136">
        <ele>1465</ele>
      </trkpt>
      <trkpt lat="42.592040989547968" lon="1.31736796349287">
        <ele>1462</ele>
      </trkpt>
      <trkpt lat="42.592041995376348" lon="1.317428983747959">
        <ele>1460</ele>
      </trkpt>
      <trkpt lat="42.591978963464499" lon="1.317438958212733">
        <ele>1459</ele>
      </trkpt>
      <trkpt lat="42.591991033405066" lon="1.317465025931597">
        <ele>1458</ele>
      </trkpt>
      <trkpt lat="42.592016011476517" lon="1.317485980689526">
        <ele>1457</ele>
      </trkpt>
      <trkpt lat="42.592083988711238" lon="1.317569967359304">
        <ele>1454</ele>
      </trkpt>
      <trkpt lat="42.592104021459818" lon="1.317596035078168">
        <ele>1454</ele>
      </trkpt>
      <trkpt lat="42.59213000535965" lon="1.317636016756296">
        <ele>1453</ele>
      </trkpt>
      <trkpt lat="42.592189013957977" lon="1.317804995924234">
        <ele>1450</ele>
      </trkpt>
      <trkpt lat="42.592246010899544" lon="1.317993002012372">
        <ele>1446</ele>
      </trkpt>
      <trkpt lat="42.592374002560973" lon="1.318071037530899">
        <ele>1446</ele>
      </trkpt>
      <trkpt lat="42.592444997280836" lon="1.318097021430731">
        <ele>1443</ele>
      </trkpt>
      <trkpt lat="42.592479027807713" lon="1.318100038915873">
        <ele>1442</ele>
      </trkpt>
      <trkpt lat="42.592525966465473" lon="1.318206992000341">
        <ele>1437</ele>
      </trkpt>
      <trkpt lat="42.592526972293854" lon="1.318216966465116">
        <ele>1437</ele>
      </trkpt>
      <trkpt lat="42.592520015314221" lon="1.318258037790656">
        <ele>1435</ele>
      </trkpt>
      <trkpt lat="42.592541975900531" lon="1.31833297200501">
        <ele>1432</ele>
      </trkpt>
      <trkpt lat="42.592601990327239" lon="1.318349987268448">
        <ele>1431</ele>
      </trkpt>
      <trkpt lat="42.59258296340704" lon="1.318394998088479">
        <ele>1429</ele>
      </trkpt>
      <trkpt lat="42.592578018084168" lon="1.318402038887143">
        <ele>1429</ele>
      </trkpt>
      <trkpt lat="42.592542981728911" lon="1.318443026393652">
        <ele>1428</ele>
      </trkpt>
      <trkpt lat="42.592654963955283" lon="1.318463981151581">
        <ele>1425</ele>
      </trkpt>
      <trkpt lat="42.592811034992337" lon="1.318496000021696">
        <ele>1421</ele>
      </trkpt>
      <trkpt lat="42.592794019728899" lon="1.318537993356586">
        <ele>1420</ele>
      </trkpt>
      <trkpt lat="42.592740040272474" lon="1.318602031096816">
        <ele>1418</ele>
      </trkpt>
      <trkpt lat="42.592654963955283" lon="1.31865399889648">
        <ele>1417</ele>
      </trkpt>
      <trkpt lat="42.592658987268806" lon="1.318706972524524">
        <ele>1415</ele>
      </trkpt>
      <trkpt lat="42.592786978930235" lon="1.318794982507825">
        <ele>1409</ele>
      </trkpt>
      <trkpt lat="42.592813968658447" lon="1.318790959194303">
        <ele>1409</ele>
      </trkpt>
      <trkpt lat="42.592855039983988" lon="1.318791965022683">
        <ele>1409</ele>
      </trkpt>
      <trkpt lat="42.592869037762284" lon="1.318810991942883">
        <ele>1408</ele>
      </trkpt>
      <trkpt lat="42.592768035829067" lon="1.318883998319507">
        <ele>1405</ele>
      </trkpt>
      <trkpt lat="42.592778010293841" lon="1.31888902746141">
        <ele>1405</ele>
      </trkpt>
      <trkpt lat="42.592897033318877" lon="1.31893202662468">
        <ele>1402</ele>
      </trkpt>
      <trkpt lat="42.59284196421504" lon="1.318996986374259">
        <ele>1399</ele>
      </trkpt>
      <trkpt lat="42.592823021113873" lon="1.31902196444571">
        <ele>1398</ele>
      </trkpt>
      <trkpt lat="42.592797037214041" lon="1.319055994972587">
        <ele>1397</ele>
      </trkpt>
      <trkpt lat="42.592742973938584" lon="1.319077033549547">
        <ele>1395</ele>
      </trkpt>
      <trkpt lat="42.592678014189005" lon="1.319093964993954">
        <ele>1394</ele>
      </trkpt>
      <trkpt lat="42.592633003368974" lon="1.319101005792618">
        <ele>1393</ele>
      </trkpt>
      <trkpt lat="42.592562008649111" lon="1.319122966378927">
        <ele>1391</ele>
      </trkpt>
      <trkpt lat="42.59243099950254" lon="1.319194966927171">
        <ele>1390</ele>
      </trkpt>
      <trkpt lat="42.59240903891623" lon="1.319220028817654">
        <ele>1389</ele>
      </trkpt>
      <trkpt lat="42.59236796759069" lon="1.319297980517149">
        <ele>1388</ele>
      </trkpt>
      <trkpt lat="42.592308036983013" lon="1.31947098299861">
        <ele>1386</ele>
      </trkpt>
      <trkpt lat="42.592313988134265" lon="1.319585982710123">
        <ele>1382</ele>
      </trkpt>
      <trkpt lat="42.592315999791026" lon="1.319624958559871">
        <ele>1381</ele>
      </trkpt>
      <trkpt lat="42.592353969812393" lon="1.319811036810279">
        <ele>1377</ele>
      </trkpt>
      <trkpt lat="42.592380959540606" lon="1.319942967966199">
        <ele>1374</ele>
      </trkpt>
      <trkpt lat="42.592406021431088" lon="1.320074982941151">
        <ele>1371</ele>
      </trkpt>
      <trkpt lat="42.592418007552624" lon="1.320151006802917">
        <ele>1369</ele>
      </trkpt>
      <trkpt lat="42.592421025037766" lon="1.320199035108089">
        <ele>1368</ele>
      </trkpt>
      <trkpt lat="42.592434016987681" lon="1.320339012891054">
        <ele>1366</ele>
      </trkpt>
      <trkpt lat="42.592452960088849" lon="1.320473039522767">
        <ele>1363</ele>
      </trkpt>
      <trkpt lat="42.592469975352287" lon="1.320571023970842">
        <ele>1360</ele>
      </trkpt>
      <trkpt lat="42.592478021979332" lon="1.320628020912409">
        <ele>1359</ele>
      </trkpt>
      <trkpt lat="42.592491013929248" lon="1.32067596539855">
        <ele>1357</ele>
      </trkpt>
      <trkpt lat="42.592511968687177" lon="1.320844022557139">
        <ele>1352</ele>
      </trkpt>
      <trkpt lat="42.592510040849447" lon="1.320975031703711">
        <ele>1348</ele>
      </trkpt>
      <trkpt lat="42.592504005879164" lon="1.321009984239936">
        <ele>1348</ele>
      </trkpt>
      <trkpt lat="42.592487996444106" lon="1.321178963407874">
        <ele>1345</ele>
      </trkpt>
      <trkpt lat="42.592480033636093" lon="1.321217017248273">
        <ele>1344</ele>
      </trkpt>
      <trkpt lat="42.592481039464474" lon="1.321253981441259">
        <ele>1343</ele>
      </trkpt>
      <trkpt lat="42.592484978958964" lon="1.321370992809534">
        <ele>1340</ele>
      </trkpt>
      <trkpt lat="42.592501994222403" lon="1.32140401750803">
        <ele>1340</ele>
      </trkpt>
      <trkpt lat="42.592543987557292" lon="1.321473000571132">
        <ele>1339</ele>
      </trkpt>
      <trkpt lat="42.59258103556931" lon="1.321543995290995">
        <ele>1338</ele>
      </trkpt>
      <trkpt lat="42.592547005042434" lon="1.321597974747419">
        <ele>1337</ele>
      </trkpt>
      <trkpt lat="42.592526972293854" lon="1.321610966697335">
        <ele>1335</ele>
      </trkpt>
      <trkpt lat="42.592466035857797" lon="1.321624964475632">
        <ele>1333</ele>
      </trkpt>
      <trkpt lat="42.592455977573991" lon="1.321652960032225">
        <ele>1332</ele>
      </trkpt>
      <trkpt lat="42.592393029481173" lon="1.321721021085978">
        <ele>1329</ele>
      </trkpt>
      <trkpt lat="42.592352963984013" lon="1.321831997483969">
        <ele>1325</ele>
      </trkpt>
      <trkpt lat="42.592347012832761" lon="1.321852030232549">
        <ele>1324</ele>
      </trkpt>
      <trkpt lat="42.592319017276168" lon="1.321922019124031">
        <ele>1322</ele>
      </trkpt>
      <trkpt lat="42.592307031154633" lon="1.321950014680624">
        <ele>1321</ele>
      </trkpt>
      <trkpt lat="42.592219021171331" lon="1.322113964706659">
        <ele>1316</ele>
      </trkpt>
      <trkpt lat="42.592154983431101" lon="1.32224396802485">
        <ele>1311</ele>
      </trkpt>
      <trkpt lat="42.592139979824424" lon="1.322287973016501">
        <ele>1310</ele>
      </trkpt>
      <trkpt lat="42.592147020623088" lon="1.32235100492835">
        <ele>1308</ele>
      </trkpt>
      <trkpt lat="42.592142997309566" lon="1.32248000241816">
        <ele>1306</ele>
      </trkpt>
      <trkpt lat="42.592120030894876" lon="1.322670020163059">
        <ele>1301</ele>
      </trkpt>
      <trkpt lat="42.592111984267831" lon="1.322726011276245">
        <ele>1300</ele>
      </trkpt>
      <trkpt lat="42.59210997261107" lon="1.322799017652869">
        <ele>1298</ele>
      </trkpt>
      <trkpt lat="42.59210703894496" lon="1.322868000715971">
        <ele>1296</ele>
      </trkpt>
      <trkpt lat="42.59208801202476" lon="1.322948969900608">
        <ele>1294</ele>
      </trkpt>
      <trkpt lat="42.592015005648136" lon="1.323118032887578">
        <ele>1291</ele>
      </trkpt>
      <trkpt lat="42.592009976506233" lon="1.323151979595423">
        <ele>1290</ele>
      </trkpt>
      <trkpt lat="42.592035960406065" lon="1.323281982913613">
        <ele>1288</ele>
      </trkpt>
      <trkpt lat="42.592046018689871" lon="1.323294974863529">
        <ele>1287</ele>
      </trkpt>
      <trkpt lat="42.592091029509902" lon="1.323303021490574">
        <ele>1286</ele>
      </trkpt>
      <trkpt lat="42.592106033116579" lon="1.323320958763361">
        <ele>1285</ele>
      </trkpt>
      <trkpt lat="42.592050964012742" lon="1.323452973738313">
        <ele>1284</ele>
      </trkpt>
      <trkpt lat="42.592051969841123" lon="1.323552969843149">
        <ele>1282</ele>
      </trkpt>
      <trkpt lat="42.592051969841123" lon="1.323552969843149">
        <ele>1282</ele>
      </trkpt>
      <trkpt lat="42.591990027576685" lon="1.323628993704915">
        <ele>1280</ele>
      </trkpt>
      <trkpt lat="42.591962032020092" lon="1.323655983433127">
        <ele>1278</ele>
      </trkpt>
      <trkpt lat="42.591911992058158" lon="1.323671992868185">
        <ele>1276</ele>
      </trkpt>
      <trkpt lat="42.591879973188043" lon="1.323625976219773">
        <ele>1278</ele>
      </trkpt>
      <trkpt lat="42.591865975409746" lon="1.323623964563012">
        <ele>1277</ele>
      </trkpt>
      <trkpt lat="42.591865975409746" lon="1.323629999533296">
        <ele>1277</ele>
      </trkpt>
      <trkpt lat="42.591878967359662" lon="1.323646008968353">
        <ele>1276</ele>
      </trkpt>
      <trkpt lat="42.591893970966339" lon="1.323666041716933">
        <ele>1275</ele>
      </trkpt>
      <trkpt lat="42.591847032308578" lon="1.323708035051823">
        <ele>1272</ele>
      </trkpt>
      <trkpt lat="42.591834040358663" lon="1.323737036436796">
        <ele>1270</ele>
      </trkpt>
      <trkpt lat="42.591896988451481" lon="1.323820017278194">
        <ele>1268</ele>
      </trkpt>
      <trkpt lat="42.591917021200061" lon="1.323870979249477">
        <ele>1268</ele>
      </trkpt>
      <trkpt lat="42.591893970966339" lon="1.323892017826438">
        <ele>1267</ele>
      </trkpt>
      <trkpt lat="42.591848038136959" lon="1.323849018663168">
        <ele>1265</ele>
      </trkpt>
      <trkpt lat="42.591819036751986" lon="1.323865028098226">
        <ele>1264</ele>
      </trkpt>
      <trkpt lat="42.591846026480198" lon="1.323948008939624">
        <ele>1262</ele>
      </trkpt>
      <trkpt lat="42.591854995116591" lon="1.323966030031443">
        <ele>1261</ele>
      </trkpt>
      <trkpt lat="42.591876033693552" lon="1.324039036408067">
        <ele>1260</ele>
      </trkpt>
      <trkpt lat="42.591874022036791" lon="1.324040964245796">
        <ele>1260</ele>
      </trkpt>
      <trkpt lat="42.591918027028441" lon="1.324116988107562">
        <ele>1260</ele>
      </trkpt>
      <trkpt lat="42.591926995664835" lon="1.324131991714239">
        <ele>1260</ele>
      </trkpt>
      <trkpt lat="42.591853989288211" lon="1.324103996157646">
        <ele>1259</ele>
      </trkpt>
      <trkpt lat="42.591759022325277" lon="1.32406703196466">
        <ele>1258</ele>
      </trkpt>
      <trkpt lat="42.591691967099905" lon="1.324033001437783">
        <ele>1257</ele>
      </trkpt>
      <trkpt lat="42.591651985421777" lon="1.323998970910907">
        <ele>1257</ele>
      </trkpt>
      <trkpt lat="42.591631030663848" lon="1.323992013931274">
        <ele>1257</ele>
      </trkpt>
      <trkpt lat="42.591626001521945" lon="1.323958989232779">
        <ele>1257</ele>
      </trkpt>
      <trkpt lat="42.591530028730631" lon="1.323834015056491">
        <ele>1259</ele>
      </trkpt>
      <trkpt lat="42.591479988768697" lon="1.32383300922811">
        <ele>1258</ele>
      </trkpt>
      <trkpt lat="42.591367000713944" lon="1.324042975902557">
        <ele>1253</ele>
      </trkpt>
      <trkpt lat="42.591275973245502" lon="1.324228970333934">
        <ele>1251</ele>
      </trkpt>
      <trkpt lat="42.591154016554356" lon="1.324522001668811">
        <ele>1249</ele>
      </trkpt>
      <trkpt lat="42.591042034327984" lon="1.324851997196674">
        <ele>1246</ele>
      </trkpt>
      <trkpt lat="42.590995011851192" lon="1.325067998841405">
        <ele>1247</ele>
      </trkpt>
    </trkseg>
  </trk>

</gpx>