<?xml version="1.0" encoding="utf-8"?><gpx creator="Garmin Desktop App" version="1.1" xsi:schemaLocation="http://www.topografix.com/GPX/1/1 http://www.topografix.com/GPX/1/1/gpx.xsd http://www.garmin.com/xmlschemas/WaypointExtension/v1 http://www8.garmin.com/xmlschemas/WaypointExtensionv1.xsd http://www.garmin.com/xmlschemas/TrackPointExtension/v1 http://www.garmin.com/xmlschemas/TrackPointExtensionv1.xsd http://www.garmin.com/xmlschemas/GpxExtensions/v3 http://www8.garmin.com/xmlschemas/GpxExtensionsv3.xsd http://www.garmin.com/xmlschemas/ActivityExtension/v1 http://www8.garmin.com/xmlschemas/ActivityExtensionv1.xsd http://www.garmin.com/xmlschemas/AdventuresExtensions/v1 http://www8.garmin.com/xmlschemas/AdventuresExtensionv1.xsd http://www.garmin.com/xmlschemas/PressureExtension/v1 http://www.garmin.com/xmlschemas/PressureExtensionv1.xsd http://www.garmin.com/xmlschemas/TripExtensions/v1 http://www.garmin.com/xmlschemas/TripExtensionsv1.xsd http://www.garmin.com/xmlschemas/TripMetaDataExtensions/v1 http://www.garmin.com/xmlschemas/TripMetaDataExtensionsv1.xsd http://www.garmin.com/xmlschemas/ViaPointTransportationModeExtensions/v1 http://www.garmin.com/xmlschemas/ViaPointTransportationModeExtensionsv1.xsd http://www.garmin.com/xmlschemas/CreationTimeExtension/v1 http://www.garmin.com/xmlschemas/CreationTimeExtensionsv1.xsd http://www.garmin.com/xmlschemas/AccelerationExtension/v1 http://www.garmin.com/xmlschemas/AccelerationExtensionv1.xsd http://www.garmin.com/xmlschemas/PowerExtension/v1 http://www.garmin.com/xmlschemas/PowerExtensionv1.xsd http://www.garmin.com/xmlschemas/VideoExtension/v1 http://www.garmin.com/xmlschemas/VideoExtensionv1.xsd" xmlns="http://www.topografix.com/GPX/1/1" xmlns:xsi="http://www.w3.org/2001/XMLSchema-instance" xmlns:wptx1="http://www.garmin.com/xmlschemas/WaypointExtension/v1" xmlns:gpxtrx="http://www.garmin.com/xmlschemas/GpxExtensions/v3" xmlns:gpxtpx="http://www.garmin.com/xmlschemas/TrackPointExtension/v1" xmlns:gpxx="http://www.garmin.com/xmlschemas/GpxExtensions/v3" xmlns:trp="http://www.garmin.com/xmlschemas/TripExtensions/v1" xmlns:adv="http://www.garmin.com/xmlschemas/AdventuresExtensions/v1" xmlns:prs="http://www.garmin.com/xmlschemas/PressureExtension/v1" xmlns:tmd="http://www.garmin.com/xmlschemas/TripMetaDataExtensions/v1" xmlns:vptm="http://www.garmin.com/xmlschemas/ViaPointTransportationModeExtensions/v1" xmlns:ctx="http://www.garmin.com/xmlschemas/CreationTimeExtension/v1" xmlns:gpxacc="http://www.garmin.com/xmlschemas/AccelerationExtension/v1" xmlns:gpxpx="http://www.garmin.com/xmlschemas/PowerExtension/v1" xmlns:vidx1="http://www.garmin.com/xmlschemas/VideoExtension/v1">

  <metadata>
    <link href="http://www.garmin.com">
      <text>Garmin International</text>
    </link>
    <time>2026-05-10T12:46:00Z</time>
    <bounds maxlat="42.597925001755357" maxlon="1.519133029505611" minlat="42.568017030134797" minlon="1.429895013570786" />
  </metadata>

  <trk>
    <name>GR11_31_Baiau-Arans</name>
    <extensions>
      <gpxx:TrackExtension>
        <gpxx:DisplayColor>Yellow</gpxx:DisplayColor>
      </gpxx:TrackExtension>
    </extensions>
    <trkseg>
      <trkpt lat="42.597400965169072" lon="1.429895013570786">
        <ele>2502</ele>
      </trkpt>
      <trkpt lat="42.597409011796117" lon="1.429956033825874">
        <ele>2502</ele>
      </trkpt>
      <trkpt lat="42.597407000139356" lon="1.429967014119029">
        <ele>2502</ele>
      </trkpt>
      <trkpt lat="42.597369030117989" lon="1.430063992738724">
        <ele>2502</ele>
      </trkpt>
      <trkpt lat="42.597354026511312" lon="1.430114032700658">
        <ele>2501</ele>
      </trkpt>
      <trkpt lat="42.597348997369409" lon="1.430164994671941">
        <ele>2501</ele>
      </trkpt>
      <trkpt lat="42.597290994599462" lon="1.430268008261919">
        <ele>2500</ele>
      </trkpt>
      <trkpt lat="42.597297029569745" lon="1.430288041010499">
        <ele>2500</ele>
      </trkpt>
      <trkpt lat="42.597323013469577" lon="1.430318970233202">
        <ele>2501</ele>
      </trkpt>
      <trkpt lat="42.597316978499293" lon="1.430449979379773">
        <ele>2500</ele>
      </trkpt>
      <trkpt lat="42.597427032887936" lon="1.430494990199804">
        <ele>2502</ele>
      </trkpt>
      <trkpt lat="42.597457962110639" lon="1.43055098131299">
        <ele>2503</ele>
      </trkpt>
      <trkpt lat="42.597454022616148" lon="1.430627005174756">
        <ele>2503</ele>
      </trkpt>
      <trkpt lat="42.597462991252542" lon="1.430677967146039">
        <ele>2503</ele>
      </trkpt>
      <trkpt lat="42.597492998465896" lon="1.430804030969739">
        <ele>2502</ele>
      </trkpt>
      <trkpt lat="42.597557036206126" lon="1.430883994325995">
        <ele>2501</ele>
      </trkpt>
      <trkpt lat="42.597601963207126" lon="1.431037969887257">
        <ele>2499</ele>
      </trkpt>
      <trkpt lat="42.597627025097609" lon="1.431074012070894">
        <ele>2499</ele>
      </trkpt>
      <trkpt lat="42.597643034532666" lon="1.431089015677571">
        <ele>2499</ele>
      </trkpt>
      <trkpt lat="42.597685027867556" lon="1.431107958778739">
        <ele>2499</ele>
      </trkpt>
      <trkpt lat="42.597748981788754" lon="1.431126985698938">
        <ele>2499</ele>
      </trkpt>
      <trkpt lat="42.597790975123644" lon="1.43119303509593">
        <ele>2498</ele>
      </trkpt>
      <trkpt lat="42.597850989550352" lon="1.431269980967045">
        <ele>2496</ele>
      </trkpt>
      <trkpt lat="42.597862975671887" lon="1.431309040635824">
        <ele>2495</ele>
      </trkpt>
      <trkpt lat="42.597903041169047" lon="1.431319015100598">
        <ele>2495</ele>
      </trkpt>
      <trkpt lat="42.597914021462202" lon="1.431351033970714">
        <ele>2494</ele>
      </trkpt>
      <trkpt lat="42.597925001755357" lon="1.431461004540324">
        <ele>2491</ele>
      </trkpt>
      <trkpt lat="42.59788803756237" lon="1.431513978168368">
        <ele>2490</ele>
      </trkpt>
      <trkpt lat="42.59780396707356" lon="1.43162302672863">
        <ele>2487</ele>
      </trkpt>
      <trkpt lat="42.597805978730321" lon="1.431725034490228">
        <ele>2484</ele>
      </trkpt>
      <trkpt lat="42.597831962630153" lon="1.431765016168356">
        <ele>2484</ele>
      </trkpt>
      <trkpt lat="42.597831962630153" lon="1.431765016168356">
        <ele>2484</ele>
      </trkpt>
      <trkpt lat="42.597759962081909" lon="1.432014964520931">
        <ele>2485</ele>
      </trkpt>
      <trkpt lat="42.597763985395432" lon="1.432058969512582">
        <ele>2486</ele>
      </trkpt>
      <trkpt lat="42.597705982625484" lon="1.432232977822423">
        <ele>2488</ele>
      </trkpt>
      <trkpt lat="42.597693996503949" lon="1.43226801417768">
        <ele>2488</ele>
      </trkpt>
      <trkpt lat="42.597643034532666" lon="1.43231101334095">
        <ele>2487</ele>
      </trkpt>
      <trkpt lat="42.597606992349029" lon="1.432362981140614">
        <ele>2486</ele>
      </trkpt>
      <trkpt lat="42.597559969872236" lon="1.432387037202716">
        <ele>2485</ele>
      </trkpt>
      <trkpt lat="42.597426027059555" lon="1.432460965588689">
        <ele>2483</ele>
      </trkpt>
      <trkpt lat="42.597336005419493" lon="1.432623993605375">
        <ele>2484</ele>
      </trkpt>
      <trkpt lat="42.597257969900966" lon="1.432693982496858">
        <ele>2485</ele>
      </trkpt>
      <trkpt lat="42.597164008766413" lon="1.432780986651778">
        <ele>2485</ele>
      </trkpt>
      <trkpt lat="42.597140958532691" lon="1.432794984430075">
        <ele>2485</ele>
      </trkpt>
      <trkpt lat="42.597127966582775" lon="1.432817028835416">
        <ele>2485</ele>
      </trkpt>
      <trkpt lat="42.59707298129797" lon="1.432872014120221">
        <ele>2486</ele>
      </trkpt>
      <trkpt lat="42.596984971314669" lon="1.432876037433744">
        <ele>2485</ele>
      </trkpt>
      <trkpt lat="42.596938032656908" lon="1.432877965271473">
        <ele>2485</ele>
      </trkpt>
      <trkpt lat="42.596869971603155" lon="1.432866984978318">
        <ele>2486</ele>
      </trkpt>
      <trkpt lat="42.596811968833208" lon="1.432899003848434">
        <ele>2487</ele>
      </trkpt>
      <trkpt lat="42.596755977720022" lon="1.432896992191672">
        <ele>2488</ele>
      </trkpt>
      <trkpt lat="42.596720019355416" lon="1.432917024940252">
        <ele>2490</ele>
      </trkpt>
      <trkpt lat="42.596688000485301" lon="1.432895986363292">
        <ele>2490</ele>
      </trkpt>
      <trkpt lat="42.596658999100327" lon="1.432853993028402">
        <ele>2490</ele>
      </trkpt>
      <trkpt lat="42.596567971631885" lon="1.432764977216721">
        <ele>2490</ele>
      </trkpt>
      <trkpt lat="42.596507035195827" lon="1.432707980275154">
        <ele>2490</ele>
      </trkpt>
      <trkpt lat="42.596434028819203" lon="1.432645032182336">
        <ele>2490</ele>
      </trkpt>
      <trkpt lat="42.596393963322043" lon="1.432656012475491">
        <ele>2491</ele>
      </trkpt>
      <trkpt lat="42.596336966380477" lon="1.432647965848446">
        <ele>2491</ele>
      </trkpt>
      <trkpt lat="42.596253985539079" lon="1.432688031345606">
        <ele>2492</ele>
      </trkpt>
      <trkpt lat="42.596200006082654" lon="1.432739999145269">
        <ele>2494</ele>
      </trkpt>
      <trkpt lat="42.596200006082654" lon="1.432739999145269">
        <ele>2494</ele>
      </trkpt>
      <trkpt lat="42.596156001091003" lon="1.432776041328907">
        <ele>2496</ele>
      </trkpt>
      <trkpt lat="42.596110990270972" lon="1.432860027998686">
        <ele>2498</ele>
      </trkpt>
      <trkpt lat="42.596096992492676" lon="1.432902021333575">
        <ele>2500</ele>
      </trkpt>
      <trkpt lat="42.59608400054276" lon="1.432919958606362">
        <ele>2500</ele>
      </trkpt>
      <trkpt lat="42.596095986664295" lon="1.432950971648097">
        <ele>2502</ele>
      </trkpt>
      <trkpt lat="42.596097998321056" lon="1.432965975254774">
        <ele>2502</ele>
      </trkpt>
      <trkpt lat="42.596099004149437" lon="1.433080974966288">
        <ele>2507</ele>
      </trkpt>
      <trkpt lat="42.596101015806198" lon="1.433223970234394">
        <ele>2512</ele>
      </trkpt>
      <trkpt lat="42.596091963350773" lon="1.433273004367948">
        <ele>2513</ele>
      </trkpt>
      <trkpt lat="42.596086012199521" lon="1.433313991874456">
        <ele>2515</ele>
      </trkpt>
      <trkpt lat="42.596086012199521" lon="1.433313991874456">
        <ele>2515</ele>
      </trkpt>
      <trkpt lat="42.596086012199521" lon="1.433313991874456">
        <ele>2515</ele>
      </trkpt>
      <trkpt lat="42.596078971400857" lon="1.433336958289146">
        <ele>2515</ele>
      </trkpt>
      <trkpt lat="42.596092969179153" lon="1.43344902433455">
        <ele>2520</ele>
      </trkpt>
      <trkpt lat="42.596082994714379" lon="1.433503003790975">
        <ele>2521</ele>
      </trkpt>
      <trkpt lat="42.596096992492676" lon="1.433544997125864">
        <ele>2524</ele>
      </trkpt>
      <trkpt lat="42.596095986664295" lon="1.433552959933877">
        <ele>2524</ele>
      </trkpt>
      <trkpt lat="42.596097998321056" lon="1.433561006560922">
        <ele>2524</ele>
      </trkpt>
      <trkpt lat="42.596095986664295" lon="1.433552959933877">
        <ele>2524</ele>
      </trkpt>
      <trkpt lat="42.596096992492676" lon="1.433610040694475">
        <ele>2526</ele>
      </trkpt>
      <trkpt lat="42.596096992492676" lon="1.433610040694475">
        <ele>2526</ele>
      </trkpt>
      <trkpt lat="42.596096992492676" lon="1.433610040694475">
        <ele>2526</ele>
      </trkpt>
      <trkpt lat="42.596121970564127" lon="1.433702996000648">
        <ele>2531</ele>
      </trkpt>
      <trkpt lat="42.596121970564127" lon="1.433702996000648">
        <ele>2531</ele>
      </trkpt>
      <trkpt lat="42.596131023019552" lon="1.433739960193634">
        <ele>2532</ele>
      </trkpt>
      <trkpt lat="42.596139991655946" lon="1.433786982670426">
        <ele>2534</ele>
      </trkpt>
      <trkpt lat="42.596148960292339" lon="1.433811960741878">
        <ele>2535</ele>
      </trkpt>
      <trkpt lat="42.596148960292339" lon="1.433845991268754">
        <ele>2536</ele>
      </trkpt>
      <trkpt lat="42.596158012747765" lon="1.433869963511825">
        <ele>2537</ele>
      </trkpt>
      <trkpt lat="42.596157006919384" lon="1.433864012360573">
        <ele>2537</ele>
      </trkpt>
      <trkpt lat="42.596157006919384" lon="1.433871975168586">
        <ele>2537</ele>
      </trkpt>
      <trkpt lat="42.596179973334074" lon="1.433914974331856">
        <ele>2539</ele>
      </trkpt>
      <trkpt lat="42.596226995810866" lon="1.434197025373578">
        <ele>2548</ele>
      </trkpt>
      <trkpt lat="42.596234958618879" lon="1.434211023151875">
        <ele>2549</ele>
      </trkpt>
      <trkpt lat="42.596231019124389" lon="1.434362987056375">
        <ele>2552</ele>
      </trkpt>
      <trkpt lat="42.596224984154105" lon="1.434386959299445">
        <ele>2553</ele>
      </trkpt>
      <trkpt lat="42.596217021346092" lon="1.434445967897773">
        <ele>2554</ele>
      </trkpt>
      <trkpt lat="42.596189025789499" lon="1.434556022286415">
        <ele>2557</ele>
      </trkpt>
      <trkpt lat="42.596162036061287" lon="1.434601033106446">
        <ele>2558</ele>
      </trkpt>
      <trkpt lat="42.596139991655946" lon="1.434625005349517">
        <ele>2559</ele>
      </trkpt>
      <trkpt lat="42.596115013584495" lon="1.434666998684406">
        <ele>2560</ele>
      </trkpt>
      <trkpt lat="42.59610797278583" lon="1.434688037261367">
        <ele>2560</ele>
      </trkpt>
      <trkpt lat="42.596088023856282" lon="1.434816028922796">
        <ele>2560</ele>
      </trkpt>
      <trkpt lat="42.59608400054276" lon="1.434837989509106">
        <ele>2560</ele>
      </trkpt>
      <trkpt lat="42.596076959744096" lon="1.434887023642659">
        <ele>2560</ele>
      </trkpt>
      <trkpt lat="42.596058016642928" lon="1.434981990605593">
        <ele>2560</ele>
      </trkpt>
      <trkpt lat="42.596051981672645" lon="1.435046028345823">
        <ele>2560</ele>
      </trkpt>
      <trkpt lat="42.596068996936083" lon="1.435157004743815">
        <ele>2560</ele>
      </trkpt>
      <trkpt lat="42.596081988885999" lon="1.435229005292058">
        <ele>2560</ele>
      </trkpt>
      <trkpt lat="42.596073020249605" lon="1.435325983911753">
        <ele>2560</ele>
      </trkpt>
      <trkpt lat="42.596068996936083" lon="1.435366971418262">
        <ele>2560</ele>
      </trkpt>
      <trkpt lat="42.596065979450941" lon="1.435532011091709">
        <ele>2560</ele>
      </trkpt>
      <trkpt lat="42.596039995551109" lon="1.435625972226262">
        <ele>2560</ele>
      </trkpt>
      <trkpt lat="42.596076959744096" lon="1.435711970552802">
        <ele>2560</ele>
      </trkpt>
      <trkpt lat="42.596086012199521" lon="1.435734014958143">
        <ele>2560</ele>
      </trkpt>
      <trkpt lat="42.596078971400857" lon="1.435767961665988">
        <ele>2560</ele>
      </trkpt>
      <trkpt lat="42.59604200720787" lon="1.435795035213232">
        <ele>2560</ele>
      </trkpt>
      <trkpt lat="42.596002025529742" lon="1.435780031606555">
        <ele>2560</ele>
      </trkpt>
      <trkpt lat="42.596002025529742" lon="1.435780031606555">
        <ele>2560</ele>
      </trkpt>
      <trkpt lat="42.595969000831246" lon="1.435839040204883">
        <ele>2561</ele>
      </trkpt>
      <trkpt lat="42.595919966697693" lon="1.435850020498037">
        <ele>2562</ele>
      </trkpt>
      <trkpt lat="42.59588903747499" lon="1.435891008004546">
        <ele>2563</ele>
      </trkpt>
      <trkpt lat="42.595858024433255" lon="1.435960996896029">
        <ele>2564</ele>
      </trkpt>
      <trkpt lat="42.595844026654959" lon="1.436011958867312">
        <ele>2566</ele>
      </trkpt>
      <trkpt lat="42.595854001119733" lon="1.43611497245729">
        <ele>2567</ele>
      </trkpt>
      <trkpt lat="42.595854001119733" lon="1.436120001599193">
        <ele>2567</ele>
      </trkpt>
      <trkpt lat="42.595849977806211" lon="1.436171969398856">
        <ele>2568</ele>
      </trkpt>
      <trkpt lat="42.595817036926746" lon="1.436166018247604">
        <ele>2568</ele>
      </trkpt>
      <trkpt lat="42.595808990299702" lon="1.436126958578825">
        <ele>2568</ele>
      </trkpt>
      <trkpt lat="42.595787029713392" lon="1.436058981344104">
        <ele>2568</ele>
      </trkpt>
      <trkpt lat="42.595754005014896" lon="1.43602897413075">
        <ele>2568</ele>
      </trkpt>
      <trkpt lat="42.595689967274666" lon="1.435946999117732">
        <ele>2569</ele>
      </trkpt>
      <trkpt lat="42.59563397616148" lon="1.435906011611223">
        <ele>2571</ele>
      </trkpt>
      <trkpt lat="42.595602963119745" lon="1.435902994126082">
        <ele>2572</ele>
      </trkpt>
      <trkpt lat="42.595516964793205" lon="1.435884973034263">
        <ele>2574</ele>
      </trkpt>
      <trkpt lat="42.595460973680019" lon="1.435844991356134">
        <ele>2576</ele>
      </trkpt>
      <trkpt lat="42.595443958416581" lon="1.435824958607554">
        <ele>2576</ele>
      </trkpt>
      <trkpt lat="42.595403976738453" lon="1.435783971101046">
        <ele>2577</ele>
      </trkpt>
      <trkpt lat="42.595363995060325" lon="1.43574801273644">
        <ele>2578</ele>
      </trkpt>
      <trkpt lat="42.595352008938789" lon="1.43572797998786">
        <ele>2578</ele>
      </trkpt>
      <trkpt lat="42.595347985625267" lon="1.435738960281014">
        <ele>2578</ele>
      </trkpt>
      <trkpt lat="42.595344968140125" lon="1.435753963887692">
        <ele>2578</ele>
      </trkpt>
      <trkpt lat="42.595302974805236" lon="1.435719011351466">
        <ele>2578</ele>
      </trkpt>
      <trkpt lat="42.595274979248643" lon="1.435696966946125">
        <ele>2579</ele>
      </trkpt>
      <trkpt lat="42.595239020884037" lon="1.435667965561152">
        <ele>2579</ele>
      </trkpt>
      <trkpt lat="42.595239020884037" lon="1.435667965561152">
        <ele>2579</ele>
      </trkpt>
      <trkpt lat="42.595239020884037" lon="1.435667965561152">
        <ele>2579</ele>
      </trkpt>
      <trkpt lat="42.595155034214258" lon="1.435758993029594">
        <ele>2580</ele>
      </trkpt>
      <trkpt lat="42.595116980373859" lon="1.43581498414278">
        <ele>2581</ele>
      </trkpt>
      <trkpt lat="42.595112035050988" lon="1.435868041589856">
        <ele>2581</ele>
      </trkpt>
      <trkpt lat="42.595057971775532" lon="1.435930989682674">
        <ele>2582</ele>
      </trkpt>
      <trkpt lat="42.595056965947151" lon="1.435937024652958">
        <ele>2582</ele>
      </trkpt>
      <trkpt lat="42.595016984269023" lon="1.436053030192852">
        <ele>2585</ele>
      </trkpt>
      <trkpt lat="42.595006003975868" lon="1.436073984950781">
        <ele>2585</ele>
      </trkpt>
      <trkpt lat="42.594984965398908" lon="1.436150008812547">
        <ele>2587</ele>
      </trkpt>
      <trkpt lat="42.594992006197572" lon="1.436214968562126">
        <ele>2588</ele>
      </trkpt>
      <trkpt lat="42.594979014247656" lon="1.43626500852406">
        <ele>2589</ele>
      </trkpt>
      <trkpt lat="42.594979014247656" lon="1.43626500852406">
        <ele>2589</ele>
      </trkpt>
      <trkpt lat="42.594967028126121" lon="1.436320999637246">
        <ele>2591</ele>
      </trkpt>
      <trkpt lat="42.594957975670695" lon="1.436386965215206">
        <ele>2593</ele>
      </trkpt>
      <trkpt lat="42.594957975670695" lon="1.436386965215206">
        <ele>2593</ele>
      </trkpt>
      <trkpt lat="42.594957975670695" lon="1.436386965215206">
        <ele>2593</ele>
      </trkpt>
      <trkpt lat="42.594948001205921" lon="1.436400962993503">
        <ele>2593</ele>
      </trkpt>
      <trkpt lat="42.594934003427625" lon="1.436441028490663">
        <ele>2594</ele>
      </trkpt>
      <trkpt lat="42.594901984557509" lon="1.436492996290326">
        <ele>2596</ele>
      </trkpt>
      <trkpt lat="42.594860997051001" lon="1.436573965474963">
        <ele>2599</ele>
      </trkpt>
      <trkpt lat="42.594838030636311" lon="1.436601961031556">
        <ele>2601</ele>
      </trkpt>
      <trkpt lat="42.594817997887731" lon="1.436614030972123">
        <ele>2601</ele>
      </trkpt>
      <trkpt lat="42.594810035079718" lon="1.436622999608517">
        <ele>2602</ele>
      </trkpt>
      <trkpt lat="42.594752032309771" lon="1.436687037348747">
        <ele>2605</ele>
      </trkpt>
      <trkpt lat="42.59473099373281" lon="1.436750991269946">
        <ele>2607</ele>
      </trkpt>
      <trkpt lat="42.594690006226301" lon="1.436765994876623">
        <ele>2609</ele>
      </trkpt>
      <trkpt lat="42.594638038426638" lon="1.436786027625203">
        <ele>2611</ele>
      </trkpt>
      <trkpt lat="42.594600990414619" lon="1.436807988211513">
        <ele>2613</ele>
      </trkpt>
      <trkpt lat="42.594595039263368" lon="1.436872025951743">
        <ele>2615</ele>
      </trkpt>
      <trkpt lat="42.594575006514788" lon="1.43688996322453">
        <ele>2616</ele>
      </trkpt>
      <trkpt lat="42.594569977372885" lon="1.436902033165097">
        <ele>2616</ele>
      </trkpt>
      <trkpt lat="42.594532007351518" lon="1.436915025115013">
        <ele>2618</ele>
      </trkpt>
      <trkpt lat="42.594492025673389" lon="1.436913013458252">
        <ele>2619</ele>
      </trkpt>
      <trkpt lat="42.594449026510119" lon="1.436921982094646">
        <ele>2622</ele>
      </trkpt>
      <trkpt lat="42.594433017075062" lon="1.436924999579787">
        <ele>2622</ele>
      </trkpt>
      <trkpt lat="42.594421030953526" lon="1.436924999579787">
        <ele>2623</ele>
      </trkpt>
      <trkpt lat="42.594375014305115" lon="1.436932040378451">
        <ele>2625</ele>
      </trkpt>
      <trkpt lat="42.594324974343181" lon="1.43693002872169">
        <ele>2627</ele>
      </trkpt>
      <trkpt lat="42.594306031242013" lon="1.43692902289331">
        <ele>2628</ele>
      </trkpt>
      <trkpt lat="42.594224978238344" lon="1.436907984316349">
        <ele>2631</ele>
      </trkpt>
      <trkpt lat="42.594155995175242" lon="1.436937991529703">
        <ele>2635</ele>
      </trkpt>
      <trkpt lat="42.594095980748534" lon="1.436963975429535">
        <ele>2638</ele>
      </trkpt>
      <trkpt lat="42.594066979363561" lon="1.436984008178115">
        <ele>2640</ele>
      </trkpt>
      <trkpt lat="42.594053987413645" lon="1.43699498847127">
        <ele>2641</ele>
      </trkpt>
      <trkpt lat="42.594030015170574" lon="1.437021978199482">
        <ele>2643</ele>
      </trkpt>
      <trkpt lat="42.594014005735517" lon="1.43706195987761">
        <ele>2646</ele>
      </trkpt>
      <trkpt lat="42.593996990472078" lon="1.437086015939713">
        <ele>2648</ele>
      </trkpt>
      <trkpt lat="42.593983998522162" lon="1.437090039253235">
        <ele>2648</ele>
      </trkpt>
      <trkpt lat="42.593951979652047" lon="1.437095990404487">
        <ele>2650</ele>
      </trkpt>
      <trkpt lat="42.593958014622331" lon="1.437096996232867">
        <ele>2650</ele>
      </trkpt>
      <trkpt lat="42.593948962166905" lon="1.437099007889628">
        <ele>2651</ele>
      </trkpt>
      <trkpt lat="42.593949967995286" lon="1.437103031203151">
        <ele>2651</ele>
      </trkpt>
      <trkpt lat="42.593907974660397" lon="1.437113005667925">
        <ele>2653</ele>
      </trkpt>
      <trkpt lat="42.593875033780932" lon="1.437117028981447">
        <ele>2655</ele>
      </trkpt>
      <trkpt lat="42.593873022124171" lon="1.437122980132699">
        <ele>2656</ele>
      </trkpt>
      <trkpt lat="42.593872016295791" lon="1.437134966254234">
        <ele>2656</ele>
      </trkpt>
      <trkpt lat="42.59387000463903" lon="1.437150975689292">
        <ele>2657</ele>
      </trkpt>
      <trkpt lat="42.593865981325507" lon="1.437149969860911">
        <ele>2657</ele>
      </trkpt>
      <trkpt lat="42.59384997189045" lon="1.437161033973098">
        <ele>2658</ele>
      </trkpt>
      <trkpt lat="42.593772020190954" lon="1.437200009822846">
        <ele>2663</ele>
      </trkpt>
      <trkpt lat="42.593752993270755" lon="1.437215013429523">
        <ele>2665</ele>
      </trkpt>
      <trkpt lat="42.593749975785613" lon="1.437210990116">
        <ele>2664</ele>
      </trkpt>
      <trkpt lat="42.593726003542542" lon="1.437223982065916">
        <ele>2666</ele>
      </trkpt>
      <trkpt lat="42.593709994107485" lon="1.437233034521341">
        <ele>2667</ele>
      </trkpt>
      <trkpt lat="42.593686021864414" lon="1.437246026471257">
        <ele>2668</ele>
      </trkpt>
      <trkpt lat="42.593588959425688" lon="1.437300005927682">
        <ele>2674</ele>
      </trkpt>
      <trkpt lat="42.593573033809662" lon="1.437305035069585">
        <ele>2675</ele>
      </trkpt>
      <trkpt lat="42.593553001061082" lon="1.437309980392456">
        <ele>2676</ele>
      </trkpt>
      <trkpt lat="42.593537997454405" lon="1.437311992049217">
        <ele>2676</ele>
      </trkpt>
      <trkpt lat="42.593512013554573" lon="1.437315009534359">
        <ele>2677</ele>
      </trkpt>
      <trkpt lat="42.593430038541555" lon="1.437291959300637">
        <ele>2679</ele>
      </trkpt>
      <trkpt lat="42.593399025499821" lon="1.437299000099301">
        <ele>2680</ele>
      </trkpt>
      <trkpt lat="42.593392990529537" lon="1.43729598261416">
        <ele>2680</ele>
      </trkpt>
      <trkpt lat="42.593392990529537" lon="1.43729598261416">
        <ele>2680</ele>
      </trkpt>
      <trkpt lat="42.593383016064763" lon="1.43729698844254">
        <ele>2680</ele>
      </trkpt>
      <trkpt lat="42.593383016064763" lon="1.43729698844254">
        <ele>2680</ele>
      </trkpt>
      <trkpt lat="42.593383016064763" lon="1.43729698844254">
        <ele>2680</ele>
      </trkpt>
      <trkpt lat="42.593360971659422" lon="1.437305035069585">
        <ele>2681</ele>
      </trkpt>
      <trkpt lat="42.593338005244732" lon="1.437312997877598">
        <ele>2682</ele>
      </trkpt>
      <trkpt lat="42.593320989981294" lon="1.437325989827514">
        <ele>2683</ele>
      </trkpt>
      <trkpt lat="42.593320989981294" lon="1.437325989827514">
        <ele>2683</ele>
      </trkpt>
      <trkpt lat="42.593320989981294" lon="1.437325989827514">
        <ele>2683</ele>
      </trkpt>
      <trkpt lat="42.593320989981294" lon="1.437325989827514">
        <ele>2683</ele>
      </trkpt>
      <trkpt lat="42.593320989981294" lon="1.437325989827514">
        <ele>2683</ele>
      </trkpt>
      <trkpt lat="42.59331101551652" lon="1.43736002035439">
        <ele>2685</ele>
      </trkpt>
      <trkpt lat="42.593296011909842" lon="1.437376029789448">
        <ele>2686</ele>
      </trkpt>
      <trkpt lat="42.593297017738223" lon="1.437379969283938">
        <ele>2686</ele>
      </trkpt>
      <trkpt lat="42.593296011909842" lon="1.437376029789448">
        <ele>2686</ele>
      </trkpt>
      <trkpt lat="42.593282014131546" lon="1.437378963455558">
        <ele>2686</ele>
      </trkpt>
      <trkpt lat="42.593275979161263" lon="1.437376029789448">
        <ele>2686</ele>
      </trkpt>
      <trkpt lat="42.593261981382966" lon="1.437421040609479">
        <ele>2689</ele>
      </trkpt>
      <trkpt lat="42.59322501718998" lon="1.437447024509311">
        <ele>2691</ele>
      </trkpt>
      <trkpt lat="42.59322501718998" lon="1.437447024509311">
        <ele>2691</ele>
      </trkpt>
      <trkpt lat="42.593223005533218" lon="1.437451969832182">
        <ele>2692</ele>
      </trkpt>
      <trkpt lat="42.59318201802671" lon="1.437470996752381">
        <ele>2694</ele>
      </trkpt>
      <trkpt lat="42.593144970014691" lon="1.43753101117909">
        <ele>2699</ele>
      </trkpt>
      <trkpt lat="42.593128960579634" lon="1.437547020614147">
        <ele>2700</ele>
      </trkpt>
      <trkpt lat="42.593128038570285" lon="1.437546014785767">
        <ele>2700</ele>
      </trkpt>
      <trkpt lat="42.593116974458098" lon="1.437569987028837">
        <ele>2702</ele>
      </trkpt>
      <trkpt lat="42.593116974458098" lon="1.437569987028837">
        <ele>2702</ele>
      </trkpt>
      <trkpt lat="42.593089984729886" lon="1.437613992020488">
        <ele>2706</ele>
      </trkpt>
      <trkpt lat="42.593087973073125" lon="1.437608962878585">
        <ele>2706</ele>
      </trkpt>
      <trkpt lat="42.593083027750254" lon="1.437628995627165">
        <ele>2708</ele>
      </trkpt>
      <trkpt lat="42.593073975294828" lon="1.437649028375745">
        <ele>2709</ele>
      </trkpt>
      <trkpt lat="42.593071041628718" lon="1.437651040032506">
        <ele>2710</ele>
      </trkpt>
      <trkpt lat="42.593068024143577" lon="1.437649028375745">
        <ele>2710</ele>
      </trkpt>
      <trkpt lat="42.593043968081474" lon="1.437702002003789">
        <ele>2715</ele>
      </trkpt>
      <trkpt lat="42.593037011101842" lon="1.437711976468563">
        <ele>2716</ele>
      </trkpt>
      <trkpt lat="42.593037011101842" lon="1.437711976468563">
        <ele>2716</ele>
      </trkpt>
      <trkpt lat="42.59303298778832" lon="1.437715999782085">
        <ele>2716</ele>
      </trkpt>
      <trkpt lat="42.593038016930223" lon="1.437713988125324">
        <ele>2716</ele>
      </trkpt>
      <trkpt lat="42.593023013323545" lon="1.437748018652201">
        <ele>2719</ele>
      </trkpt>
      <trkpt lat="42.593023013323545" lon="1.437748018652201">
        <ele>2719</ele>
      </trkpt>
      <trkpt lat="42.593023013323545" lon="1.437748018652201">
        <ele>2719</ele>
      </trkpt>
      <trkpt lat="42.593012033030391" lon="1.43776603974402">
        <ele>2720</ele>
      </trkpt>
      <trkpt lat="42.593009015545249" lon="1.437793029472232">
        <ele>2722</ele>
      </trkpt>
      <trkpt lat="42.592999963089824" lon="1.437808033078909">
        <ele>2724</ele>
      </trkpt>
      <trkpt lat="42.592999963089824" lon="1.437808033078909">
        <ele>2724</ele>
      </trkpt>
      <trkpt lat="42.592999963089824" lon="1.437808033078909">
        <ele>2724</ele>
      </trkpt>
      <trkpt lat="42.593004992231727" lon="1.437844997271895">
        <ele>2727</ele>
      </trkpt>
      <trkpt lat="42.593003986403346" lon="1.437838040292263">
        <ele>2726</ele>
      </trkpt>
      <trkpt lat="42.593003986403346" lon="1.437838040292263">
        <ele>2726</ele>
      </trkpt>
      <trkpt lat="42.593014966696501" lon="1.437889002263546">
        <ele>2730</ele>
      </trkpt>
      <trkpt lat="42.593023013323545" lon="1.437935018911958">
        <ele>2734</ele>
      </trkpt>
      <trkpt lat="42.593023013323545" lon="1.437935018911958">
        <ele>2734</ele>
      </trkpt>
      <trkpt lat="42.593023013323545" lon="1.437935018911958">
        <ele>2734</ele>
      </trkpt>
      <trkpt lat="42.593028964474797" lon="1.437971983104944">
        <ele>2737</ele>
      </trkpt>
      <trkpt lat="42.593026030808687" lon="1.438016993924975">
        <ele>2741</ele>
      </trkpt>
      <trkpt lat="42.593019995838404" lon="1.43811103887856">
        <ele>2749</ele>
      </trkpt>
      <trkpt lat="42.593008009716868" lon="1.438163006678224">
        <ele>2752</ele>
      </trkpt>
      <trkpt lat="42.59301002137363" lon="1.438163006678224">
        <ele>2752</ele>
      </trkpt>
      <trkpt lat="42.593014966696501" lon="1.438265014439821">
        <ele>2761</ele>
      </trkpt>
      <trkpt lat="42.59294698946178" lon="1.438379008322954">
        <ele>2766</ele>
      </trkpt>
      <trkpt lat="42.59277599863708" lon="1.438807994127274">
        <ele>2777</ele>
      </trkpt>
      <trkpt lat="42.592766024172306" lon="1.438831966370344">
        <ele>2776</ele>
      </trkpt>
      <trkpt lat="42.592665022239089" lon="1.438991976901889">
        <ele>2772</ele>
      </trkpt>
      <trkpt lat="42.592565026134253" lon="1.439091973006725">
        <ele>2768</ele>
      </trkpt>
      <trkpt lat="42.592495959252119" lon="1.439196998253465">
        <ele>2766</ele>
      </trkpt>
      <trkpt lat="42.592442985624075" lon="1.439242009073496">
        <ele>2764</ele>
      </trkpt>
      <trkpt lat="42.592371990904212" lon="1.439320966601372">
        <ele>2761</ele>
      </trkpt>
      <trkpt lat="42.592313988134265" lon="1.439353991299868">
        <ele>2759</ele>
      </trkpt>
      <trkpt lat="42.592236958444118" lon="1.439334964379668">
        <ele>2756</ele>
      </trkpt>
      <trkpt lat="42.592178033664823" lon="1.439342005178332">
        <ele>2755</ele>
      </trkpt>
      <trkpt lat="42.592082982882857" lon="1.439360026270151">
        <ele>2751</ele>
      </trkpt>
      <trkpt lat="42.592015005648136" lon="1.439394978806377">
        <ele>2749</ele>
      </trkpt>
      <trkpt lat="42.591929007321596" lon="1.439414005726576">
        <ele>2747</ele>
      </trkpt>
      <trkpt lat="42.591900005936623" lon="1.439432026818395">
        <ele>2746</ele>
      </trkpt>
      <trkpt lat="42.591856000944972" lon="1.439454993233085">
        <ele>2745</ele>
      </trkpt>
      <trkpt lat="42.591775031760335" lon="1.439420040696859">
        <ele>2742</ele>
      </trkpt>
      <trkpt lat="42.591754999011755" lon="1.439406964927912">
        <ele>2741</ele>
      </trkpt>
      <trkpt lat="42.591673023998737" lon="1.439348040148616">
        <ele>2738</ele>
      </trkpt>
      <trkpt lat="42.591644022613764" lon="1.439289031550288">
        <ele>2736</ele>
      </trkpt>
      <trkpt lat="42.591595994308591" lon="1.439247960224748">
        <ele>2734</ele>
      </trkpt>
      <trkpt lat="42.591567998751998" lon="1.439248966053128">
        <ele>2733</ele>
      </trkpt>
      <trkpt lat="42.591562969610095" lon="1.439242009073496">
        <ele>2732</ele>
      </trkpt>
      <trkpt lat="42.591533968225121" lon="1.439194986596704">
        <ele>2730</ele>
      </trkpt>
      <trkpt lat="42.5914659909904" lon="1.43916598521173">
        <ele>2726</ele>
      </trkpt>
      <trkpt lat="42.5914659909904" lon="1.43916598521173">
        <ele>2726</ele>
      </trkpt>
      <trkpt lat="42.591425003483891" lon="1.439195992425084">
        <ele>2725</ele>
      </trkpt>
      <trkpt lat="42.591375969350338" lon="1.439193980768323">
        <ele>2723</ele>
      </trkpt>
      <trkpt lat="42.591318972408772" lon="1.439063977450132">
        <ele>2719</ele>
      </trkpt>
      <trkpt lat="42.591279996559024" lon="1.439047968015075">
        <ele>2718</ele>
      </trkpt>
      <trkpt lat="42.591215958818793" lon="1.438970016315579">
        <ele>2715</ele>
      </trkpt>
      <trkpt lat="42.591172959655523" lon="1.438951995223761">
        <ele>2714</ele>
      </trkpt>
      <trkpt lat="42.591117974370718" lon="1.438941014930606">
        <ele>2712</ele>
      </trkpt>
      <trkpt lat="42.59105896577239" lon="1.438879994675517">
        <ele>2710</ele>
      </trkpt>
      <trkpt lat="42.5910359993577" lon="1.43884495832026">
        <ele>2709</ele>
      </trkpt>
      <trkpt lat="42.591009009629488" lon="1.438829032704234">
        <ele>2708</ele>
      </trkpt>
      <trkpt lat="42.591009009629488" lon="1.438829032704234">
        <ele>2708</ele>
      </trkpt>
      <trkpt lat="42.591000963002443" lon="1.438830960541964">
        <ele>2708</ele>
      </trkpt>
      <trkpt lat="42.590977996587753" lon="1.438822997733951">
        <ele>2707</ele>
      </trkpt>
      <trkpt lat="42.590959975495934" lon="1.438800031319261">
        <ele>2706</ele>
      </trkpt>
      <trkpt lat="42.590856961905956" lon="1.438758037984371">
        <ele>2703</ele>
      </trkpt>
      <trkpt lat="42.590836007148027" lon="1.438654018566012">
        <ele>2700</ele>
      </trkpt>
      <trkpt lat="42.590835001319647" lon="1.438616970553994">
        <ele>2700</ele>
      </trkpt>
      <trkpt lat="42.590823015198112" lon="1.438504988327622">
        <ele>2698</ele>
      </trkpt>
      <trkpt lat="42.590813962742686" lon="1.438461989164352">
        <ele>2697</ele>
      </trkpt>
      <trkpt lat="42.590768029913306" lon="1.438453020527959">
        <ele>2695</ele>
      </trkpt>
      <trkpt lat="42.590753026306629" lon="1.438431981950998">
        <ele>2695</ele>
      </trkpt>
      <trkpt lat="42.590656969696283" lon="1.438423013314605">
        <ele>2692</ele>
      </trkpt>
      <trkpt lat="42.590641966089606" lon="1.43841203302145">
        <ele>2691</ele>
      </trkpt>
      <trkpt lat="42.590623022988439" lon="1.438419995829463">
        <ele>2691</ele>
      </trkpt>
      <trkpt lat="42.59056200273335" lon="1.438443968072534">
        <ele>2690</ele>
      </trkpt>
      <trkpt lat="42.590429987758398" lon="1.438389988616109">
        <ele>2685</ele>
      </trkpt>
      <trkpt lat="42.590315993875265" lon="1.438373979181051">
        <ele>2681</ele>
      </trkpt>
      <trkpt lat="42.590298978611827" lon="1.438360987231135">
        <ele>2681</ele>
      </trkpt>
      <trkpt lat="42.590251034125686" lon="1.438313964754343">
        <ele>2678</ele>
      </trkpt>
      <trkpt lat="42.590157995000482" lon="1.43823903053999">
        <ele>2674</ele>
      </trkpt>
      <trkpt lat="42.590157995000482" lon="1.43823903053999">
        <ele>2674</ele>
      </trkpt>
      <trkpt lat="42.59015497751534" lon="1.438234001398087">
        <ele>2673</ele>
      </trkpt>
      <trkpt lat="42.590139973908663" lon="1.438225032761693">
        <ele>2673</ele>
      </trkpt>
      <trkpt lat="42.590100998058915" lon="1.4381970372051">
        <ele>2671</ele>
      </trkpt>
      <trkpt lat="42.590078031644225" lon="1.438212962821126">
        <ele>2671</ele>
      </trkpt>
      <trkpt lat="42.590078031644225" lon="1.438212962821126">
        <ele>2671</ele>
      </trkpt>
      <trkpt lat="42.590070990845561" lon="1.438205000013113">
        <ele>2670</ele>
      </trkpt>
      <trkpt lat="42.590042995288968" lon="1.438179016113281">
        <ele>2669</ele>
      </trkpt>
      <trkpt lat="42.589977029711008" lon="1.438102992251515">
        <ele>2666</ele>
      </trkpt>
      <trkpt lat="42.589972000569105" lon="1.438095029443502">
        <ele>2666</ele>
      </trkpt>
      <trkpt lat="42.589921038597822" lon="1.438063010573387">
        <ele>2664</ele>
      </trkpt>
      <trkpt lat="42.589882984757423" lon="1.438053958117962">
        <ele>2664</ele>
      </trkpt>
      <trkpt lat="42.589838979765773" lon="1.438034009188414">
        <ele>2663</ele>
      </trkpt>
      <trkpt lat="42.589721968397498" lon="1.438030991703272">
        <ele>2662</ele>
      </trkpt>
      <trkpt lat="42.58968198671937" lon="1.438017999753356">
        <ele>2661</ele>
      </trkpt>
      <trkpt lat="42.589619038626552" lon="1.437988998368383">
        <ele>2660</ele>
      </trkpt>
      <trkpt lat="42.589522982016206" lon="1.437911968678236">
        <ele>2657</ele>
      </trkpt>
      <trkpt lat="42.589489035308361" lon="1.437894031405449">
        <ele>2656</ele>
      </trkpt>
      <trkpt lat="42.589438995346427" lon="1.437872992828488">
        <ele>2656</ele>
      </trkpt>
      <trkpt lat="42.589331036433578" lon="1.4378119725734">
        <ele>2653</ele>
      </trkpt>
      <trkpt lat="42.589244032278657" lon="1.437751036137343">
        <ele>2651</ele>
      </trkpt>
      <trkpt lat="42.589167002588511" lon="1.437700996175408">
        <ele>2648</ele>
      </trkpt>
      <trkpt lat="42.589081004261971" lon="1.437631007283926">
        <ele>2645</ele>
      </trkpt>
      <trkpt lat="42.589056026190519" lon="1.437623966485262">
        <ele>2644</ele>
      </trkpt>
      <trkpt lat="42.589056026190519" lon="1.437623966485262">
        <ele>2644</ele>
      </trkpt>
      <trkpt lat="42.589041022583842" lon="1.437608962878585">
        <ele>2644</ele>
      </trkpt>
      <trkpt lat="42.589004980400205" lon="1.437568981200457">
        <ele>2642</ele>
      </trkpt>
      <trkpt lat="42.588938008993864" lon="1.437524976208806">
        <ele>2641</ele>
      </trkpt>
      <trkpt lat="42.588921999558806" lon="1.437509972602129">
        <ele>2641</ele>
      </trkpt>
      <trkpt lat="42.588910013437271" lon="1.437506033107638">
        <ele>2641</ele>
      </trkpt>
      <trkpt lat="42.588869025930762" lon="1.437503015622497">
        <ele>2641</ele>
      </trkpt>
      <trkpt lat="42.588859973475337" lon="1.437494968995452">
        <ele>2641</ele>
      </trkpt>
      <trkpt lat="42.588813034817576" lon="1.437480971217156">
        <ele>2640</ele>
      </trkpt>
      <trkpt lat="42.588813034817576" lon="1.437480971217156">
        <ele>2640</ele>
      </trkpt>
      <trkpt lat="42.588742962107062" lon="1.437507038936019">
        <ele>2641</ele>
      </trkpt>
      <trkpt lat="42.588674984872341" lon="1.437508966773748">
        <ele>2641</ele>
      </trkpt>
      <trkpt lat="42.588578006252646" lon="1.437534028664231">
        <ele>2641</ele>
      </trkpt>
      <trkpt lat="42.588466024026275" lon="1.437569987028837">
        <ele>2641</ele>
      </trkpt>
      <trkpt lat="42.588427970185876" lon="1.437589013949037">
        <ele>2641</ele>
      </trkpt>
      <trkpt lat="42.588317999616265" lon="1.437663026154041">
        <ele>2641</ele>
      </trkpt>
      <trkpt lat="42.588267037644982" lon="1.437697978690267">
        <ele>2641</ele>
      </trkpt>
      <trkpt lat="42.588161006569862" lon="1.437754975631833">
        <ele>2640</ele>
      </trkpt>
      <trkpt lat="42.588068973273039" lon="1.437829993665218">
        <ele>2640</ele>
      </trkpt>
      <trkpt lat="42.58804801851511" lon="1.437820019200444">
        <ele>2640</ele>
      </trkpt>
      <trkpt lat="42.587990015745163" lon="1.437842985615134">
        <ele>2640</ele>
      </trkpt>
      <trkpt lat="42.587960008531809" lon="1.437872992828488">
        <ele>2640</ele>
      </trkpt>
      <trkpt lat="42.587924972176552" lon="1.437892019748688">
        <ele>2640</ele>
      </trkpt>
      <trkpt lat="42.587861018255353" lon="1.437909035012126">
        <ele>2640</ele>
      </trkpt>
      <trkpt lat="42.587819024920464" lon="1.437900988385081">
        <ele>2640</ele>
      </trkpt>
      <trkpt lat="42.587733026593924" lon="1.437803003937006">
        <ele>2640</ele>
      </trkpt>
      <trkpt lat="42.587733026593924" lon="1.437803003937006">
        <ele>2640</ele>
      </trkpt>
      <trkpt lat="42.587690027430654" lon="1.437739972025156">
        <ele>2640</ele>
      </trkpt>
      <trkpt lat="42.587594976648688" lon="1.437654979526997">
        <ele>2640</ele>
      </trkpt>
      <trkpt lat="42.587499003857374" lon="1.437456998974085">
        <ele>2640</ele>
      </trkpt>
      <trkpt lat="42.587473019957542" lon="1.437421040609479">
        <ele>2640</ele>
      </trkpt>
      <trkpt lat="42.587400013580918" lon="1.437312997877598">
        <ele>2640</ele>
      </trkpt>
      <trkpt lat="42.587387021631002" lon="1.437271004542708">
        <ele>2640</ele>
      </trkpt>
      <trkpt lat="42.58736195974052" lon="1.437210990116">
        <ele>2640</ele>
      </trkpt>
      <trkpt lat="42.587342010810971" lon="1.437151981517673">
        <ele>2640</ele>
      </trkpt>
      <trkpt lat="42.587328013032675" lon="1.437120968475938">
        <ele>2640</ele>
      </trkpt>
      <trkpt lat="42.587314015254378" lon="1.43710101954639">
        <ele>2640</ele>
      </trkpt>
      <trkpt lat="42.587290965020657" lon="1.437062965705991">
        <ele>2640</ele>
      </trkpt>
      <trkpt lat="42.587262969464064" lon="1.43701502121985">
        <ele>2640</ele>
      </trkpt>
      <trkpt lat="42.587263975292444" lon="1.437026001513004">
        <ele>2640</ele>
      </trkpt>
      <trkpt lat="42.587235979735851" lon="1.43697302788496">
        <ele>2640</ele>
      </trkpt>
      <trkpt lat="42.587201027199626" lon="1.436917036771774">
        <ele>2640</ele>
      </trkpt>
      <trkpt lat="42.58718803524971" lon="1.436880994588137">
        <ele>2641</ele>
      </trkpt>
      <trkpt lat="42.587158028036356" lon="1.436828020960093">
        <ele>2642</ele>
      </trkpt>
      <trkpt lat="42.587067000567913" lon="1.436751997098327">
        <ele>2643</ele>
      </trkpt>
      <trkpt lat="42.587033975869417" lon="1.436704974621534">
        <ele>2644</ele>
      </trkpt>
      <trkpt lat="42.58699500001967" lon="1.43667102791369">
        <ele>2643</ele>
      </trkpt>
      <trkpt lat="42.586959041655064" lon="1.436632974073291">
        <ele>2643</ele>
      </trkpt>
      <trkpt lat="42.58692903444171" lon="1.436613025143743">
        <ele>2642</ele>
      </trkpt>
      <trkpt lat="42.586884023621678" lon="1.436599027365446">
        <ele>2641</ele>
      </trkpt>
      <trkpt lat="42.586712026968598" lon="1.436577988788486">
        <ele>2638</ele>
      </trkpt>
      <trkpt lat="42.586555033922195" lon="1.43654496408999">
        <ele>2636</ele>
      </trkpt>
      <trkpt lat="42.586412960663438" lon="1.436505988240242">
        <ele>2631</ele>
      </trkpt>
      <trkpt lat="42.586263008415699" lon="1.43648000434041">
        <ele>2626</ele>
      </trkpt>
      <trkpt lat="42.586099980399013" lon="1.436445973813534">
        <ele>2623</ele>
      </trkpt>
      <trkpt lat="42.585952039808035" lon="1.436410015448928">
        <ele>2622</ele>
      </trkpt>
      <trkpt lat="42.585840979591012" lon="1.436339020729065">
        <ele>2622</ele>
      </trkpt>
      <trkpt lat="42.585739977657795" lon="1.436304990202189">
        <ele>2622</ele>
      </trkpt>
      <trkpt lat="42.585701001808047" lon="1.436299961060286">
        <ele>2621</ele>
      </trkpt>
      <trkpt lat="42.585679963231087" lon="1.436297027394176">
        <ele>2621</ele>
      </trkpt>
      <trkpt lat="42.58562003262341" lon="1.436258973553777">
        <ele>2620</ele>
      </trkpt>
      <trkpt lat="42.58557896129787" lon="1.436232989653945">
        <ele>2619</ele>
      </trkpt>
      <trkpt lat="42.585566975176334" lon="1.436229972168803">
        <ele>2619</ele>
      </trkpt>
      <trkpt lat="42.585543002933264" lon="1.436227038502693">
        <ele>2618</ele>
      </trkpt>
      <trkpt lat="42.585507966578007" lon="1.436227038502693">
        <ele>2617</ele>
      </trkpt>
      <trkpt lat="42.585504027083516" lon="1.43622100353241">
        <ele>2617</ele>
      </trkpt>
      <trkpt lat="42.5854910351336" lon="1.436216980218887">
        <ele>2617</ele>
      </trkpt>
      <trkpt lat="42.5854910351336" lon="1.436216980218887">
        <ele>2617</ele>
      </trkpt>
      <trkpt lat="42.58549296297133" lon="1.436223015189171">
        <ele>2617</ele>
      </trkpt>
      <trkpt lat="42.585455998778343" lon="1.436252016574144">
        <ele>2616</ele>
      </trkpt>
      <trkpt lat="42.585370000451803" lon="1.436283029615879">
        <ele>2615</ele>
      </trkpt>
      <trkpt lat="42.585370000451803" lon="1.436283029615879">
        <ele>2615</ele>
      </trkpt>
      <trkpt lat="42.585370000451803" lon="1.436283029615879">
        <ele>2615</ele>
      </trkpt>
      <trkpt lat="42.585360025987029" lon="1.43628504127264">
        <ele>2615</ele>
      </trkpt>
      <trkpt lat="42.58536203764379" lon="1.436285963281989">
        <ele>2615</ele>
      </trkpt>
      <trkpt lat="42.58536203764379" lon="1.436285963281989">
        <ele>2615</ele>
      </trkpt>
      <trkpt lat="42.585347034037113" lon="1.436281017959118">
        <ele>2614</ele>
      </trkpt>
      <trkpt lat="42.585331024602056" lon="1.436274982988834">
        <ele>2614</ele>
      </trkpt>
      <trkpt lat="42.585295988246799" lon="1.436260985210538">
        <ele>2612</ele>
      </trkpt>
      <trkpt lat="42.585287019610405" lon="1.436258973553777">
        <ele>2612</ele>
      </trkpt>
      <trkpt lat="42.585286013782024" lon="1.436254028230906">
        <ele>2612</ele>
      </trkpt>
      <trkpt lat="42.585161961615086" lon="1.436199964955449">
        <ele>2608</ele>
      </trkpt>
      <trkpt lat="42.585069006308913" lon="1.436117989942431">
        <ele>2605</ele>
      </trkpt>
      <trkpt lat="42.585029024630785" lon="1.436089994385839">
        <ele>2604</ele>
      </trkpt>
      <trkpt lat="42.585029024630785" lon="1.436089994385839">
        <ele>2604</ele>
      </trkpt>
      <trkpt lat="42.585016032680869" lon="1.436104997992516">
        <ele>2605</ele>
      </trkpt>
      <trkpt lat="42.584995999932289" lon="1.436108015477657">
        <ele>2604</ele>
      </trkpt>
      <trkpt lat="42.584887035191059" lon="1.436089994385839">
        <ele>2603</ele>
      </trkpt>
      <trkpt lat="42.584853004664183" lon="1.436079014092684">
        <ele>2603</ele>
      </trkpt>
      <trkpt lat="42.584853004664183" lon="1.436079014092684">
        <ele>2603</ele>
      </trkpt>
      <trkpt lat="42.584850993007421" lon="1.436078008264303">
        <ele>2603</ele>
      </trkpt>
      <trkpt lat="42.58484504185617" lon="1.436074990779162">
        <ele>2603</ele>
      </trkpt>
      <trkpt lat="42.58484504185617" lon="1.436074990779162">
        <ele>2603</ele>
      </trkpt>
      <trkpt lat="42.58484504185617" lon="1.436073984950781">
        <ele>2603</ele>
      </trkpt>
      <trkpt lat="42.584844036027789" lon="1.436073984950781">
        <ele>2603</ele>
      </trkpt>
      <trkpt lat="42.584844036027789" lon="1.436077002435923">
        <ele>2603</ele>
      </trkpt>
      <trkpt lat="42.584816040471196" lon="1.436057975515723">
        <ele>2602</ele>
      </trkpt>
      <trkpt lat="42.584771029651165" lon="1.435955967754126">
        <ele>2599</ele>
      </trkpt>
      <trkpt lat="42.584770023822784" lon="1.435955967754126">
        <ele>2599</ele>
      </trkpt>
      <trkpt lat="42.584747979417443" lon="1.435865024104714">
        <ele>2597</ele>
      </trkpt>
      <trkpt lat="42.584693999961019" lon="1.435767961665988">
        <ele>2594</ele>
      </trkpt>
      <trkpt lat="42.584669021889567" lon="1.435716999694705">
        <ele>2593</ele>
      </trkpt>
      <trkpt lat="42.584595009684563" lon="1.435570986941457">
        <ele>2590</ele>
      </trkpt>
      <trkpt lat="42.584537006914616" lon="1.435456993058324">
        <ele>2587</ele>
      </trkpt>
      <trkpt lat="42.584512028843164" lon="1.435288013890386">
        <ele>2586</ele>
      </trkpt>
      <trkpt lat="42.584510017186403" lon="1.435272004455328">
        <ele>2586</ele>
      </trkpt>
      <trkpt lat="42.58450398221612" lon="1.435148036107421">
        <ele>2588</ele>
      </trkpt>
      <trkpt lat="42.584488978609443" lon="1.435117023065686">
        <ele>2589</ele>
      </trkpt>
      <trkpt lat="42.584479004144669" lon="1.43506295979023">
        <ele>2590</ele>
      </trkpt>
      <trkpt lat="42.584462994709611" lon="1.4350610319525">
        <ele>2590</ele>
      </trkpt>
      <trkpt lat="42.584428964182734" lon="1.435044016689062">
        <ele>2589</ele>
      </trkpt>
      <trkpt lat="42.584380013868213" lon="1.435000011697412">
        <ele>2589</ele>
      </trkpt>
      <trkpt lat="42.584260990843177" lon="1.434970004484057">
        <ele>2586</ele>
      </trkpt>
      <trkpt lat="42.584055969491601" lon="1.434898003935814">
        <ele>2576</ele>
      </trkpt>
      <trkpt lat="42.583927977830172" lon="1.434814017266035">
        <ele>2572</ele>
      </trkpt>
      <trkpt lat="42.583889001980424" lon="1.434775041416287">
        <ele>2572</ele>
      </trkpt>
      <trkpt lat="42.583886990323663" lon="1.434763977304101">
        <ele>2572</ele>
      </trkpt>
      <trkpt lat="42.58387902751565" lon="1.434708992019296">
        <ele>2573</ele>
      </trkpt>
      <trkpt lat="42.583752041682601" lon="1.43467303365469">
        <ele>2569</ele>
      </trkpt>
      <trkpt lat="42.583699990063906" lon="1.43465400673449">
        <ele>2567</ele>
      </trkpt>
      <trkpt lat="42.583657996729016" lon="1.43463296815753">
        <ele>2566</ele>
      </trkpt>
      <trkpt lat="42.583625977858901" lon="1.434603966772556">
        <ele>2565</ele>
      </trkpt>
      <trkpt lat="42.583566969260573" lon="1.434572031721473">
        <ele>2564</ele>
      </trkpt>
      <trkpt lat="42.58349597454071" lon="1.434476980939508">
        <ele>2564</ele>
      </trkpt>
      <trkpt lat="42.583489017561078" lon="1.434477986767888">
        <ele>2563</ele>
      </trkpt>
      <trkpt lat="42.583460016176105" lon="1.434467006474733">
        <ele>2562</ele>
      </trkpt>
      <trkpt lat="42.583420034497976" lon="1.434427024796605">
        <ele>2561</ele>
      </trkpt>
      <trkpt lat="42.58336597122252" lon="1.434368016198278">
        <ele>2561</ele>
      </trkpt>
      <trkpt lat="42.583359014242887" lon="1.434361981227994">
        <ele>2560</ele>
      </trkpt>
      <trkpt lat="42.583268992602825" lon="1.434253016486764">
        <ele>2558</ele>
      </trkpt>
      <trkpt lat="42.583204032853246" lon="1.434195013716817">
        <ele>2556</ele>
      </trkpt>
      <trkpt lat="42.583177965134382" lon="1.434168023988605">
        <ele>2555</ele>
      </trkpt>
      <trkpt lat="42.583145024254918" lon="1.434141034260392">
        <ele>2554</ele>
      </trkpt>
      <trkpt lat="42.583094984292984" lon="1.434041038155556">
        <ele>2552</ele>
      </trkpt>
      <trkpt lat="42.58302197791636" lon="1.434061992913485">
        <ele>2548</ele>
      </trkpt>
      <trkpt lat="42.582946959882975" lon="1.434085965156555">
        <ele>2542</ele>
      </trkpt>
      <trkpt lat="42.582874959334731" lon="1.434127036482096">
        <ele>2537</ele>
      </trkpt>
      <trkpt lat="42.582854004576802" lon="1.434122007340193">
        <ele>2536</ele>
      </trkpt>
      <trkpt lat="42.582834977656603" lon="1.433981023728848">
        <ele>2536</ele>
      </trkpt>
      <trkpt lat="42.582815028727055" lon="1.433952022343874">
        <ele>2535</ele>
      </trkpt>
      <trkpt lat="42.582802958786488" lon="1.433891002088785">
        <ele>2535</ele>
      </trkpt>
      <trkpt lat="42.582744034007192" lon="1.433844985440373">
        <ele>2532</ele>
      </trkpt>
      <trkpt lat="42.582704974338412" lon="1.433835010975599">
        <ele>2530</ele>
      </trkpt>
      <trkpt lat="42.582684019580483" lon="1.433848002925515">
        <ele>2529</ele>
      </trkpt>
      <trkpt lat="42.582630040124059" lon="1.433855965733528">
        <ele>2526</ele>
      </trkpt>
      <trkpt lat="42.582628028467298" lon="1.433851020410657">
        <ele>2526</ele>
      </trkpt>
      <trkpt lat="42.582563990727067" lon="1.4338159840554">
        <ele>2523</ele>
      </trkpt>
      <trkpt lat="42.582562984898686" lon="1.433658991008997">
        <ele>2525</ele>
      </trkpt>
      <trkpt lat="42.582561979070306" lon="1.433641975745559">
        <ele>2525</ele>
      </trkpt>
      <trkpt lat="42.582545969635248" lon="1.433570981025696">
        <ele>2525</ele>
      </trkpt>
      <trkpt lat="42.582488972693682" lon="1.433513984084129">
        <ele>2523</ele>
      </trkpt>
      <trkpt lat="42.58241998963058" lon="1.433460004627705">
        <ele>2518</ele>
      </trkpt>
      <trkpt lat="42.582404986023903" lon="1.433482971042395">
        <ele>2517</ele>
      </trkpt>
      <trkpt lat="42.582371039316058" lon="1.433560000732541">
        <ele>2514</ele>
      </trkpt>
      <trkpt lat="42.582348994910717" lon="1.433553965762258">
        <ele>2512</ele>
      </trkpt>
      <trkpt lat="42.582301972433925" lon="1.433460004627705">
        <ele>2509</ele>
      </trkpt>
      <trkpt lat="42.5822479929775" lon="1.433296976611018">
        <ele>2505</ele>
      </trkpt>
      <trkpt lat="42.582228966057301" lon="1.433270992711186">
        <ele>2503</ele>
      </trkpt>
      <trkpt lat="42.582169035449624" lon="1.433280967175961">
        <ele>2498</ele>
      </trkpt>
      <trkpt lat="42.582187978550792" lon="1.433202009648085">
        <ele>2498</ele>
      </trkpt>
      <trkpt lat="42.582200970500708" lon="1.433168984949589">
        <ele>2499</ele>
      </trkpt>
      <trkpt lat="42.58220499381423" lon="1.433124979957938">
        <ele>2499</ele>
      </trkpt>
      <trkpt lat="42.582207005470991" lon="1.433100001886487">
        <ele>2499</ele>
      </trkpt>
      <trkpt lat="42.582200970500708" lon="1.433051973581314">
        <ele>2498</ele>
      </trkpt>
      <trkpt lat="42.582155959680676" lon="1.432934962213039">
        <ele>2495</ele>
      </trkpt>
      <trkpt lat="42.582110026851296" lon="1.432832032442093">
        <ele>2492</ele>
      </trkpt>
      <trkpt lat="42.582085970789194" lon="1.432752991095185">
        <ele>2490</ele>
      </trkpt>
      <trkpt lat="42.582082031294703" lon="1.4326779730618">
        <ele>2490</ele>
      </trkpt>
      <trkpt lat="42.582073984667659" lon="1.432633968070149">
        <ele>2489</ele>
      </trkpt>
      <trkpt lat="42.582065016031265" lon="1.432574959471822">
        <ele>2489</ele>
      </trkpt>
      <trkpt lat="42.582056969404221" lon="1.432549981400371">
        <ele>2488</ele>
      </trkpt>
      <trkpt lat="42.581955967471004" lon="1.432517040520906">
        <ele>2479</ele>
      </trkpt>
      <trkpt lat="42.581940963864326" lon="1.432534977793694">
        <ele>2478</ele>
      </trkpt>
      <trkpt lat="42.581864017993212" lon="1.432599015533924">
        <ele>2474</ele>
      </trkpt>
      <trkpt lat="42.581848008558154" lon="1.432642014697194">
        <ele>2473</ele>
      </trkpt>
      <trkpt lat="42.581800986081362" lon="1.432693982496858">
        <ele>2471</ele>
      </trkpt>
      <trkpt lat="42.581714987754822" lon="1.43276397138834">
        <ele>2466</ele>
      </trkpt>
      <trkpt lat="42.581649022176862" lon="1.432792972773314">
        <ele>2463</ele>
      </trkpt>
      <trkpt lat="42.581621026620269" lon="1.432818034663796">
        <ele>2461</ele>
      </trkpt>
      <trkpt lat="42.581563023850322" lon="1.432994976639748">
        <ele>2457</ele>
      </trkpt>
      <trkpt lat="42.581533016636968" lon="1.433040993288159">
        <ele>2456</ele>
      </trkpt>
      <trkpt lat="42.581478031352162" lon="1.433181976899505">
        <ele>2455</ele>
      </trkpt>
      <trkpt lat="42.581430003046989" lon="1.433379035443068">
        <ele>2453</ele>
      </trkpt>
      <trkpt lat="42.581393038854003" lon="1.433495962992311">
        <ele>2450</ele>
      </trkpt>
      <trkpt lat="42.581360014155507" lon="1.433595037087798">
        <ele>2448</ele>
      </trkpt>
      <trkpt lat="42.581350961700082" lon="1.433641975745559">
        <ele>2447</ele>
      </trkpt>
      <trkpt lat="42.581336963921785" lon="1.433687992393971">
        <ele>2446</ele>
      </trkpt>
      <trkpt lat="42.581306034699082" lon="1.433797040954232">
        <ele>2443</ele>
      </trkpt>
      <trkpt lat="42.581250965595245" lon="1.433786982670426">
        <ele>2440</ele>
      </trkpt>
      <trkpt lat="42.581204026937485" lon="1.433880021795631">
        <ele>2437</ele>
      </trkpt>
      <trkpt lat="42.581197991967201" lon="1.433873986825347">
        <ele>2437</ele>
      </trkpt>
      <trkpt lat="42.581168990582228" lon="1.433830987662077">
        <ele>2437</ele>
      </trkpt>
      <trkpt lat="42.581126997247338" lon="1.433797040954232">
        <ele>2436</ele>
      </trkpt>
      <trkpt lat="42.581101013347507" lon="1.433798968791962">
        <ele>2435</ele>
      </trkpt>
      <trkpt lat="42.581010991707444" lon="1.433813972398639">
        <ele>2433</ele>
      </trkpt>
      <trkpt lat="42.580990958958864" lon="1.433871975168586">
        <ele>2432</ele>
      </trkpt>
      <trkpt lat="42.580972015857697" lon="1.433909023180604">
        <ele>2431</ele>
      </trkpt>
      <trkpt lat="42.580905966460705" lon="1.433980017900467">
        <ele>2428</ele>
      </trkpt>
      <trkpt lat="42.580836983397603" lon="1.434134999290109">
        <ele>2424</ele>
      </trkpt>
      <trkpt lat="42.580821979790926" lon="1.434166012331843">
        <ele>2424</ele>
      </trkpt>
      <trkpt lat="42.580820973962545" lon="1.434204988181591">
        <ele>2423</ele>
      </trkpt>
      <trkpt lat="42.58080898784101" lon="1.434259973466396">
        <ele>2423</ele>
      </trkpt>
      <trkpt lat="42.580849975347519" lon="1.434302972629666">
        <ele>2422</ele>
      </trkpt>
      <trkpt lat="42.580842012539506" lon="1.434449991211295">
        <ele>2419</ele>
      </trkpt>
      <trkpt lat="42.580837989225984" lon="1.434472035616636">
        <ele>2419</ele>
      </trkpt>
      <trkpt lat="42.580818962305784" lon="1.434594998136163">
        <ele>2416</ele>
      </trkpt>
      <trkpt lat="42.580760037526488" lon="1.43467403948307">
        <ele>2414</ele>
      </trkpt>
      <trkpt lat="42.580757020041347" lon="1.434686025604606">
        <ele>2414</ele>
      </trkpt>
      <trkpt lat="42.580772023648024" lon="1.434764983132482">
        <ele>2412</ele>
      </trkpt>
      <trkpt lat="42.580792978405952" lon="1.434791972860694">
        <ele>2412</ele>
      </trkpt>
      <trkpt lat="42.580793984234333" lon="1.434822985902429">
        <ele>2411</ele>
      </trkpt>
      <trkpt lat="42.580758025869727" lon="1.434901021420956">
        <ele>2409</ele>
      </trkpt>
      <trkpt lat="42.580750985071063" lon="1.434918958693743">
        <ele>2408</ele>
      </trkpt>
      <trkpt lat="42.580732963979244" lon="1.434958018362522">
        <ele>2407</ele>
      </trkpt>
      <trkpt lat="42.580701028928161" lon="1.435057008638978">
        <ele>2404</ele>
      </trkpt>
      <trkpt lat="42.580714020878077" lon="1.435128003358841">
        <ele>2403</ele>
      </trkpt>
      <trkpt lat="42.58072198368609" lon="1.435178965330124">
        <ele>2402</ele>
      </trkpt>
      <trkpt lat="42.580731958150864" lon="1.435220958665013">
        <ele>2400</ele>
      </trkpt>
      <trkpt lat="42.580735981464386" lon="1.435264041647315">
        <ele>2399</ele>
      </trkpt>
      <trkpt lat="42.580748973414302" lon="1.43529899418354">
        <ele>2398</ele>
      </trkpt>
      <trkpt lat="42.580747967585921" lon="1.435363031923771">
        <ele>2397</ele>
      </trkpt>
      <trkpt lat="42.580761965364218" lon="1.435382980853319">
        <ele>2396</ele>
      </trkpt>
      <trkpt lat="42.580754002556205" lon="1.435465039685369">
        <ele>2394</ele>
      </trkpt>
      <trkpt lat="42.580720977857709" lon="1.435624966397882">
        <ele>2389</ele>
      </trkpt>
      <trkpt lat="42.580691976472735" lon="1.435742983594537">
        <ele>2387</ele>
      </trkpt>
      <trkpt lat="42.58065702393651" lon="1.435802998021245">
        <ele>2386</ele>
      </trkpt>
      <trkpt lat="42.58065601810813" lon="1.43594398163259">
        <ele>2382</ele>
      </trkpt>
      <trkpt lat="42.580650988966227" lon="1.436010031029582">
        <ele>2380</ele>
      </trkpt>
      <trkpt lat="42.580644031986594" lon="1.436167024075985">
        <ele>2377</ele>
      </trkpt>
      <trkpt lat="42.580612013116479" lon="1.436261991038919">
        <ele>2375</ele>
      </trkpt>
      <trkpt lat="42.580653000622988" lon="1.4363700337708">
        <ele>2371</ele>
      </trkpt>
      <trkpt lat="42.580623999238014" lon="1.436445973813534">
        <ele>2369</ele>
      </trkpt>
      <trkpt lat="42.580591980367899" lon="1.436524009332061">
        <ele>2367</ele>
      </trkpt>
      <trkpt lat="42.580587035045028" lon="1.436576982960105">
        <ele>2365</ele>
      </trkpt>
      <trkpt lat="42.580591980367899" lon="1.436601961031556">
        <ele>2364</ele>
      </trkpt>
      <trkpt lat="42.580603966489434" lon="1.436624005436897">
        <ele>2363</ele>
      </trkpt>
      <trkpt lat="42.580658029764891" lon="1.436644960194826">
        <ele>2362</ele>
      </trkpt>
      <trkpt lat="42.580662975087762" lon="1.436697011813521">
        <ele>2360</ele>
      </trkpt>
      <trkpt lat="42.580653000622988" lon="1.436729030683637">
        <ele>2359</ele>
      </trkpt>
      <trkpt lat="42.58061402477324" lon="1.436775969341397">
        <ele>2357</ele>
      </trkpt>
      <trkpt lat="42.58059298619628" lon="1.436799019575119">
        <ele>2356</ele>
      </trkpt>
      <trkpt lat="42.580542024224997" lon="1.436852999031544">
        <ele>2354</ele>
      </trkpt>
      <trkpt lat="42.580510005354881" lon="1.436861967667937">
        <ele>2353</ele>
      </trkpt>
      <trkpt lat="42.580483015626669" lon="1.436892980709672">
        <ele>2351</ele>
      </trkpt>
      <trkpt lat="42.580416966229677" lon="1.436907984316349">
        <ele>2350</ele>
      </trkpt>
      <trkpt lat="42.580328034237027" lon="1.43699599429965">
        <ele>2346</ele>
      </trkpt>
      <trkpt lat="42.580310013145208" lon="1.437043016776443">
        <ele>2345</ele>
      </trkpt>
      <trkpt lat="42.580276988446712" lon="1.437088027596474">
        <ele>2343</ele>
      </trkpt>
      <trkpt lat="42.580237006768584" lon="1.437119040638208">
        <ele>2343</ele>
      </trkpt>
      <trkpt lat="42.580208005383611" lon="1.437191963195801">
        <ele>2340</ele>
      </trkpt>
      <trkpt lat="42.58018596097827" lon="1.437275027856231">
        <ele>2337</ele>
      </trkpt>
      <trkpt lat="42.580161988735199" lon="1.437307968735695">
        <ele>2336</ele>
      </trkpt>
      <trkpt lat="42.580171963199973" lon="1.437393967062235">
        <ele>2333</ele>
      </trkpt>
      <trkpt lat="42.58018302731216" lon="1.437464961782098">
        <ele>2330</ele>
      </trkpt>
      <trkpt lat="42.580158971250057" lon="1.437602005898953">
        <ele>2326</ele>
      </trkpt>
      <trkpt lat="42.580130975693464" lon="1.437606029212475">
        <ele>2325</ele>
      </trkpt>
      <trkpt lat="42.580105997622013" lon="1.437619021162391">
        <ele>2325</ele>
      </trkpt>
      <trkpt lat="42.580032991245389" lon="1.437708958983421">
        <ele>2322</ele>
      </trkpt>
      <trkpt lat="42.579998960718513" lon="1.437755981460214">
        <ele>2320</ele>
      </trkpt>
      <trkpt lat="42.579984962940216" lon="1.437781965360045">
        <ele>2320</ele>
      </trkpt>
      <trkpt lat="42.579981023445725" lon="1.437804009765387">
        <ele>2319</ele>
      </trkpt>
      <trkpt lat="42.579979011788964" lon="1.437813984230161">
        <ele>2319</ele>
      </trkpt>
      <trkpt lat="42.579946992918849" lon="1.437943987548351">
        <ele>2315</ele>
      </trkpt>
      <trkpt lat="42.579956967383623" lon="1.43809100612998">
        <ele>2311</ele>
      </trkpt>
      <trkpt lat="42.579939030110836" lon="1.438136016950011">
        <ele>2309</ele>
      </trkpt>
      <trkpt lat="42.57992503233254" lon="1.438251016661525">
        <ele>2306</ele>
      </trkpt>
      <trkpt lat="42.579917991533875" lon="1.438258979469538">
        <ele>2306</ele>
      </trkpt>
      <trkpt lat="42.57992503233254" lon="1.438373979181051">
        <ele>2304</ele>
      </trkpt>
      <trkpt lat="42.579926960170269" lon="1.438402980566025">
        <ele>2303</ele>
      </trkpt>
      <trkpt lat="42.579926960170269" lon="1.438402980566025">
        <ele>2303</ele>
      </trkpt>
      <trkpt lat="42.579926960170269" lon="1.438408009707928">
        <ele>2303</ele>
      </trkpt>
      <trkpt lat="42.579908017069101" lon="1.438462994992733">
        <ele>2301</ele>
      </trkpt>
      <trkpt lat="42.579920003190637" lon="1.438502976670861">
        <ele>2300</ele>
      </trkpt>
      <trkpt lat="42.579912040382624" lon="1.438527032732964">
        <ele>2300</ele>
      </trkpt>
      <trkpt lat="42.579931989312172" lon="1.438620993867517">
        <ele>2297</ele>
      </trkpt>
      <trkpt lat="42.579913968220353" lon="1.438663993030787">
        <ele>2296</ele>
      </trkpt>
      <trkpt lat="42.579900976270437" lon="1.438717972487211">
        <ele>2295</ele>
      </trkpt>
      <trkpt lat="42.579899970442057" lon="1.43886499106884">
        <ele>2291</ele>
      </trkpt>
      <trkpt lat="42.579895025119185" lon="1.438874965533614">
        <ele>2290</ele>
      </trkpt>
      <trkpt lat="42.579883961006999" lon="1.438892986625433">
        <ele>2290</ele>
      </trkpt>
      <trkpt lat="42.579892007634044" lon="1.438985019922257">
        <ele>2287</ele>
      </trkpt>
      <trkpt lat="42.579900976270437" lon="1.439051991328597">
        <ele>2286</ele>
      </trkpt>
      <trkpt lat="42.57988303899765" lon="1.439222982153297">
        <ele>2281</ele>
      </trkpt>
      <trkpt lat="42.57990600541234" lon="1.439409982413054">
        <ele>2280</ele>
      </trkpt>
      <trkpt lat="42.579935006797314" lon="1.43959597684443">
        <ele>2280</ele>
      </trkpt>
      <trkpt lat="42.579984040930867" lon="1.439824970439076">
        <ele>2279</ele>
      </trkpt>
      <trkpt lat="42.580015975981951" lon="1.439967965707183">
        <ele>2278</ele>
      </trkpt>
      <trkpt lat="42.580043971538544" lon="1.440120013430715">
        <ele>2275</ele>
      </trkpt>
      <trkpt lat="42.580071967095137" lon="1.440360993146896">
        <ele>2272</ele>
      </trkpt>
      <trkpt lat="42.58007800206542" lon="1.440413966774941">
        <ele>2271</ele>
      </trkpt>
      <trkpt lat="42.580117983743548" lon="1.440594010055065">
        <ele>2269</ele>
      </trkpt>
      <trkpt lat="42.580139022320509" lon="1.440698029473424">
        <ele>2268</ele>
      </trkpt>
      <trkpt lat="42.580127036198974" lon="1.44094998948276">
        <ele>2266</ele>
      </trkpt>
      <trkpt lat="42.580082025378942" lon="1.441234974190593">
        <ele>2264</ele>
      </trkpt>
      <trkpt lat="42.580068027600646" lon="1.441432032734156">
        <ele>2261</ele>
      </trkpt>
      <trkpt lat="42.580072972923517" lon="1.441577039659023">
        <ele>2260</ele>
      </trkpt>
      <trkpt lat="42.580029973760247" lon="1.441842997446656">
        <ele>2260</ele>
      </trkpt>
      <trkpt lat="42.580030979588628" lon="1.441968977451325">
        <ele>2260</ele>
      </trkpt>
      <trkpt lat="42.580012958496809" lon="1.442093029618263">
        <ele>2260</ele>
      </trkpt>
      <trkpt lat="42.580017987638712" lon="1.442104009911418">
        <ele>2260</ele>
      </trkpt>
      <trkpt lat="42.579999966546893" lon="1.442160001024604">
        <ele>2260</ele>
      </trkpt>
      <trkpt lat="42.579998038709164" lon="1.442176010459662">
        <ele>2260</ele>
      </trkpt>
      <trkpt lat="42.579998038709164" lon="1.442187996581197">
        <ele>2260</ele>
      </trkpt>
      <trkpt lat="42.580001978203654" lon="1.442250022664666">
        <ele>2260</ele>
      </trkpt>
      <trkpt lat="42.580030979588628" lon="1.442382959648967">
        <ele>2260</ele>
      </trkpt>
      <trkpt lat="42.580051012337208" lon="1.442655958235264">
        <ele>2259</ele>
      </trkpt>
      <trkpt lat="42.580046989023685" lon="1.442699041217566">
        <ele>2258</ele>
      </trkpt>
      <trkpt lat="42.580056041479111" lon="1.442800965160132">
        <ele>2257</ele>
      </trkpt>
      <trkpt lat="42.580045983195305" lon="1.443002969026566">
        <ele>2253</ele>
      </trkpt>
      <trkpt lat="42.580036008730531" lon="1.443109000101686">
        <ele>2251</ele>
      </trkpt>
      <trkpt lat="42.580045983195305" lon="1.44314001314342">
        <ele>2250</ele>
      </trkpt>
      <trkpt lat="42.580038020387292" lon="1.443321984261274">
        <ele>2249</ele>
      </trkpt>
      <trkpt lat="42.580030979588628" lon="1.443395996466279">
        <ele>2249</ele>
      </trkpt>
      <trkpt lat="42.58005696348846" lon="1.443519964814186">
        <ele>2247</ele>
      </trkpt>
      <trkpt lat="42.580094011500478" lon="1.443668995052576">
        <ele>2245</ele>
      </trkpt>
      <trkpt lat="42.580107003450394" lon="1.443767985329032">
        <ele>2245</ele>
      </trkpt>
      <trkpt lat="42.58014396764338" lon="1.443887008354068">
        <ele>2245</ele>
      </trkpt>
      <trkpt lat="42.580165006220341" lon="1.443993039429188">
        <ele>2245</ele>
      </trkpt>
      <trkpt lat="42.58020599372685" lon="1.444004019722343">
        <ele>2244</ele>
      </trkpt>
      <trkpt lat="42.58020599372685" lon="1.444004019722343">
        <ele>2244</ele>
      </trkpt>
      <trkpt lat="42.580217979848385" lon="1.444156989455223">
        <ele>2245</ele>
      </trkpt>
      <trkpt lat="42.580234995111823" lon="1.444262014701963">
        <ele>2245</ele>
      </trkpt>
      <trkpt lat="42.580225020647049" lon="1.444365028291941">
        <ele>2244</ele>
      </trkpt>
      <trkpt lat="42.580217979848385" lon="1.444525038823485">
        <ele>2239</ele>
      </trkpt>
      <trkpt lat="42.58020599372685" lon="1.444560997188091">
        <ele>2238</ele>
      </trkpt>
      <trkpt lat="42.580198030918837" lon="1.444603996351361">
        <ele>2236</ele>
      </trkpt>
      <trkpt lat="42.580204987898469" lon="1.444684965535998">
        <ele>2233</ele>
      </trkpt>
      <trkpt lat="42.580202976241708" lon="1.444746991619468">
        <ele>2230</ele>
      </trkpt>
      <trkpt lat="42.580198030918837" lon="1.444865008816123">
        <ele>2226</ele>
      </trkpt>
      <trkpt lat="42.580201970413327" lon="1.44496601074934">
        <ele>2224</ele>
      </trkpt>
      <trkpt lat="42.58022602647543" lon="1.445022001862526">
        <ele>2224</ele>
      </trkpt>
      <trkpt lat="42.580217979848385" lon="1.445100959390402">
        <ele>2225</ele>
      </trkpt>
      <trkpt lat="42.580216974020004" lon="1.445170026272535">
        <ele>2226</ele>
      </trkpt>
      <trkpt lat="42.580228038132191" lon="1.445244960486889">
        <ele>2227</ele>
      </trkpt>
      <trkpt lat="42.580233989283442" lon="1.445317966863513">
        <ele>2228</ele>
      </trkpt>
      <trkpt lat="42.580255027860403" lon="1.445339005440474">
        <ele>2228</ele>
      </trkpt>
      <trkpt lat="42.580265002325177" lon="1.445343028753996">
        <ele>2228</ele>
      </trkpt>
      <trkpt lat="42.580265002325177" lon="1.445351997390389">
        <ele>2228</ele>
      </trkpt>
      <trkpt lat="42.580289980396628" lon="1.445529023185372">
        <ele>2229</ele>
      </trkpt>
      <trkpt lat="42.580300038680434" lon="1.44563103094697">
        <ele>2227</ele>
      </trkpt>
      <trkpt lat="42.580309007316828" lon="1.445725997909904">
        <ele>2226</ele>
      </trkpt>
      <trkpt lat="42.580333985388279" lon="1.445838985964656">
        <ele>2225</ele>
      </trkpt>
      <trkpt lat="42.58033499121666" lon="1.445920038968325">
        <ele>2224</ele>
      </trkpt>
      <trkpt lat="42.580345971509814" lon="1.446192031726241">
        <ele>2222</ele>
      </trkpt>
      <trkpt lat="42.580376984551549" lon="1.446418007835746">
        <ele>2221</ele>
      </trkpt>
      <trkpt lat="42.580392993986607" lon="1.446452960371971">
        <ele>2220</ele>
      </trkpt>
      <trkpt lat="42.580383019521832" lon="1.446516998112202">
        <ele>2220</ele>
      </trkpt>
      <trkpt lat="42.580359969288111" lon="1.446595033630729">
        <ele>2220</ele>
      </trkpt>
      <trkpt lat="42.580340020358562" lon="1.446805000305176">
        <ele>2220</ele>
      </trkpt>
      <trkpt lat="42.580369021743536" lon="1.446896027773619">
        <ele>2220</ele>
      </trkpt>
      <trkpt lat="42.580342032015324" lon="1.447111023589969">
        <ele>2220</ele>
      </trkpt>
      <trkpt lat="42.580351000651717" lon="1.44722199998796">
        <ele>2220</ele>
      </trkpt>
      <trkpt lat="42.580396011471748" lon="1.447338005527854">
        <ele>2220</ele>
      </trkpt>
      <trkpt lat="42.580384025350213" lon="1.44745702855289">
        <ele>2220</ele>
      </trkpt>
      <trkpt lat="42.580383019521832" lon="1.447547972202301">
        <ele>2220</ele>
      </trkpt>
      <trkpt lat="42.580396011471748" lon="1.447571022436023">
        <ele>2220</ele>
      </trkpt>
      <trkpt lat="42.580401962623" lon="1.447599017992616">
        <ele>2220</ele>
      </trkpt>
      <trkpt lat="42.580409003421664" lon="1.447618966922164">
        <ele>2220</ele>
      </trkpt>
      <trkpt lat="42.580429036170244" lon="1.447677975520492">
        <ele>2220</ele>
      </trkpt>
      <trkpt lat="42.580410009250045" lon="1.447847038507462">
        <ele>2220</ele>
      </trkpt>
      <trkpt lat="42.580407997593284" lon="1.447860030457377">
        <ele>2220</ele>
      </trkpt>
      <trkpt lat="42.580380002036691" lon="1.447906969115138">
        <ele>2220</ele>
      </trkpt>
      <trkpt lat="42.580363992601633" lon="1.447920966893435">
        <ele>2220</ele>
      </trkpt>
      <trkpt lat="42.580333985388279" lon="1.447951979935169">
        <ele>2220</ele>
      </trkpt>
      <trkpt lat="42.58031495846808" lon="1.448003025725484">
        <ele>2220</ele>
      </trkpt>
      <trkpt lat="42.580267013981938" lon="1.448111990466714">
        <ele>2220</ele>
      </trkpt>
      <trkpt lat="42.580241030082107" lon="1.448127999901772">
        <ele>2220</ele>
      </trkpt>
      <trkpt lat="42.580217979848385" lon="1.448191031813622">
        <ele>2220</ele>
      </trkpt>
      <trkpt lat="42.580167017877102" lon="1.448304019868374">
        <ele>2221</ele>
      </trkpt>
      <trkpt lat="42.580160982906818" lon="1.448316005989909">
        <ele>2221</ele>
      </trkpt>
      <trkpt lat="42.580160982906818" lon="1.448315000161529">
        <ele>2221</ele>
      </trkpt>
      <trkpt lat="42.580124018713832" lon="1.44836101680994">
        <ele>2222</ele>
      </trkpt>
      <trkpt lat="42.580123012885451" lon="1.448371997103095">
        <ele>2222</ele>
      </trkpt>
      <trkpt lat="42.580099040642381" lon="1.448474004864693">
        <ele>2224</ele>
      </trkpt>
      <trkpt lat="42.580051012337208" lon="1.448613982647657">
        <ele>2225</ele>
      </trkpt>
      <trkpt lat="42.580043971538544" lon="1.448629992082715">
        <ele>2226</ele>
      </trkpt>
      <trkpt lat="42.580043971538544" lon="1.448629992082715">
        <ele>2226</ele>
      </trkpt>
      <trkpt lat="42.580041037872434" lon="1.448628986254334">
        <ele>2226</ele>
      </trkpt>
      <trkpt lat="42.580019999295473" lon="1.448656981810927">
        <ele>2226</ele>
      </trkpt>
      <trkpt lat="42.58001396432519" lon="1.448700986802578">
        <ele>2226</ele>
      </trkpt>
      <trkpt lat="42.58001203648746" lon="1.44881003536284">
        <ele>2227</ele>
      </trkpt>
      <trkpt lat="42.580017987638712" lon="1.448871977627277">
        <ele>2227</ele>
      </trkpt>
      <trkpt lat="42.580027040094137" lon="1.448973985388875">
        <ele>2227</ele>
      </trkpt>
      <trkpt lat="42.580030979588628" lon="1.449043974280357">
        <ele>2227</ele>
      </trkpt>
      <trkpt lat="42.580031985417008" lon="1.449123015627265">
        <ele>2226</ele>
      </trkpt>
      <trkpt lat="42.580004995688796" lon="1.449222005903721">
        <ele>2225</ele>
      </trkpt>
      <trkpt lat="42.580004995688796" lon="1.449229968711734">
        <ele>2225</ele>
      </trkpt>
      <trkpt lat="42.579987980425358" lon="1.44932703115046">
        <ele>2225</ele>
      </trkpt>
      <trkpt lat="42.579985968768597" lon="1.449358966201544">
        <ele>2225</ele>
      </trkpt>
      <trkpt lat="42.579986974596977" lon="1.449475977569819">
        <ele>2223</ele>
      </trkpt>
      <trkpt lat="42.579979011788964" lon="1.449515959247947">
        <ele>2222</ele>
      </trkpt>
      <trkpt lat="42.579980017617345" lon="1.449559964239597">
        <ele>2221</ele>
      </trkpt>
      <trkpt lat="42.579994015395641" lon="1.449601035565138">
        <ele>2220</ele>
      </trkpt>
      <trkpt lat="42.579999966546893" lon="1.449734978377819">
        <ele>2215</ele>
      </trkpt>
      <trkpt lat="42.580021005123854" lon="1.449762973934412">
        <ele>2214</ele>
      </trkpt>
      <trkpt lat="42.58001497015357" lon="1.449831034988165">
        <ele>2212</ele>
      </trkpt>
      <trkpt lat="42.579998038709164" lon="1.449893983080983">
        <ele>2210</ele>
      </trkpt>
      <trkpt lat="42.580002984032035" lon="1.449938993901014">
        <ele>2208</ele>
      </trkpt>
      <trkpt lat="42.580028967931867" lon="1.449991967529059">
        <ele>2207</ele>
      </trkpt>
      <trkpt lat="42.580025028437376" lon="1.450019041076303">
        <ele>2206</ele>
      </trkpt>
      <trkpt lat="42.580004995688796" lon="1.450088024139404">
        <ele>2204</ele>
      </trkpt>
      <trkpt lat="42.579998038709164" lon="1.450093975290656">
        <ele>2204</ele>
      </trkpt>
      <trkpt lat="42.579998038709164" lon="1.450131023302674">
        <ele>2203</ele>
      </trkpt>
      <trkpt lat="42.5799719709903" lon="1.450239988043904">
        <ele>2200</ele>
      </trkpt>
      <trkpt lat="42.579967025667429" lon="1.45031601190567">
        <ele>2197</ele>
      </trkpt>
      <trkpt lat="42.57997096516192" lon="1.45033897832036">
        <ele>2197</ele>
      </trkpt>
      <trkpt lat="42.57996903732419" lon="1.450418019667268">
        <ele>2194</ele>
      </trkpt>
      <trkpt lat="42.579959984868765" lon="1.450456995517016">
        <ele>2193</ele>
      </trkpt>
      <trkpt lat="42.579942969605327" lon="1.450518015772104">
        <ele>2191</ele>
      </trkpt>
      <trkpt lat="42.579963002353907" lon="1.450568977743387">
        <ele>2190</ele>
      </trkpt>
      <trkpt lat="42.579957973212004" lon="1.450597979128361">
        <ele>2188</ele>
      </trkpt>
      <trkpt lat="42.579973982647061" lon="1.450661011040211">
        <ele>2187</ele>
      </trkpt>
      <trkpt lat="42.579958979040384" lon="1.450685989111662">
        <ele>2185</ele>
      </trkpt>
      <trkpt lat="42.579941041767597" lon="1.450738040730357">
        <ele>2183</ele>
      </trkpt>
      <trkpt lat="42.579961996525526" lon="1.450820015743375">
        <ele>2181</ele>
      </trkpt>
      <trkpt lat="42.579963002353907" lon="1.450863014906645">
        <ele>2180</ele>
      </trkpt>
      <trkpt lat="42.579940035939217" lon="1.450879024341703">
        <ele>2178</ele>
      </trkpt>
      <trkpt lat="42.579955961555243" lon="1.450924035161734">
        <ele>2177</ele>
      </trkpt>
      <trkpt lat="42.579924026504159" lon="1.45095999352634">
        <ele>2174</ele>
      </trkpt>
      <trkpt lat="42.579946992918849" lon="1.451009027659893">
        <ele>2174</ele>
      </trkpt>
      <trkpt lat="42.579911034554243" lon="1.451097037643194">
        <ele>2168</ele>
      </trkpt>
      <trkpt lat="42.579893013462424" lon="1.451187981292605">
        <ele>2164</ele>
      </trkpt>
      <trkpt lat="42.579859988763928" lon="1.451225029304624">
        <ele>2160</ele>
      </trkpt>
      <trkpt lat="42.579834004864097" lon="1.451267022639513">
        <ele>2158</ele>
      </trkpt>
      <trkpt lat="42.579829981550574" lon="1.451317984610796">
        <ele>2156</ele>
      </trkpt>
      <trkpt lat="42.579838028177619" lon="1.451333994045854">
        <ele>2156</ele>
      </trkpt>
      <trkpt lat="42.579852025955915" lon="1.451332988217473">
        <ele>2156</ele>
      </trkpt>
      <trkpt lat="42.579806009307504" lon="1.451357966288924">
        <ele>2153</ele>
      </trkpt>
      <trkpt lat="42.57977700792253" lon="1.451466009020805">
        <ele>2149</ele>
      </trkpt>
      <trkpt lat="42.579791005700827" lon="1.45154002122581">
        <ele>2147</ele>
      </trkpt>
      <trkpt lat="42.579795029014349" lon="1.451563993468881">
        <ele>2146</ele>
      </trkpt>
      <trkpt lat="42.579810032621026" lon="1.451672036200762">
        <ele>2143</ele>
      </trkpt>
      <trkpt lat="42.579800980165601" lon="1.451758034527302">
        <ele>2141</ele>
      </trkpt>
      <trkpt lat="42.57975404150784" lon="1.451834980398417">
        <ele>2140</ele>
      </trkpt>
      <trkpt lat="42.579754963517189" lon="1.452033966779709">
        <ele>2140</ele>
      </trkpt>
      <trkpt lat="42.579851020127535" lon="1.452178973704577">
        <ele>2140</ele>
      </trkpt>
      <trkpt lat="42.579869963228703" lon="1.452259020879865">
        <ele>2140</ele>
      </trkpt>
      <trkpt lat="42.579869963228703" lon="1.452259020879865">
        <ele>2140</ele>
      </trkpt>
      <trkpt lat="42.579899970442057" lon="1.452274024486542">
        <ele>2140</ele>
      </trkpt>
      <trkpt lat="42.579940035939217" lon="1.452301014214754">
        <ele>2140</ele>
      </trkpt>
      <trkpt lat="42.579964008182287" lon="1.452331021428108">
        <ele>2140</ele>
      </trkpt>
      <trkpt lat="42.580016981810331" lon="1.452366979792714">
        <ele>2140</ele>
      </trkpt>
      <trkpt lat="42.58003500290215" lon="1.452390030026436">
        <ele>2140</ele>
      </trkpt>
      <trkpt lat="42.580081019550562" lon="1.452434035018086">
        <ele>2139</ele>
      </trkpt>
      <trkpt lat="42.580117983743548" lon="1.452455995604396">
        <ele>2138</ele>
      </trkpt>
      <trkpt lat="42.580202976241708" lon="1.452555991709232">
        <ele>2135</ele>
      </trkpt>
      <trkpt lat="42.58022703230381" lon="1.452659005299211">
        <ele>2132</ele>
      </trkpt>
      <trkpt lat="42.58022602647543" lon="1.452708039432764">
        <ele>2131</ele>
      </trkpt>
      <trkpt lat="42.580277994275093" lon="1.452897973358631">
        <ele>2125</ele>
      </trkpt>
      <trkpt lat="42.58029199205339" lon="1.452961005270481">
        <ele>2123</ele>
      </trkpt>
      <trkpt lat="42.58031596429646" lon="1.453105006366968">
        <ele>2118</ele>
      </trkpt>
      <trkpt lat="42.580325016751885" lon="1.453197961673141">
        <ele>2115</ele>
      </trkpt>
      <trkpt lat="42.580339014530182" lon="1.453224029392004">
        <ele>2113</ele>
      </trkpt>
      <trkpt lat="42.580380002036691" lon="1.453209025785327">
        <ele>2112</ele>
      </trkpt>
      <trkpt lat="42.580375978723168" lon="1.453267028555274">
        <ele>2111</ele>
      </trkpt>
      <trkpt lat="42.580358041450381" lon="1.453357972204685">
        <ele>2108</ele>
      </trkpt>
      <trkpt lat="42.580349994823337" lon="1.45345201715827">
        <ele>2105</ele>
      </trkpt>
      <trkpt lat="42.58035602979362" lon="1.453507002443075">
        <ele>2104</ele>
      </trkpt>
      <trkpt lat="42.580412020906806" lon="1.453507002443075">
        <ele>2102</ele>
      </trkpt>
      <trkpt lat="42.580432975664735" lon="1.453499039635062">
        <ele>2101</ele>
      </trkpt>
      <trkpt lat="42.58044496178627" lon="1.453533992171288">
        <ele>2100</ele>
      </trkpt>
      <trkpt lat="42.580436998978257" lon="1.453584032133222">
        <ele>2099</ele>
      </trkpt>
      <trkpt lat="42.580425012856722" lon="1.453620996326208">
        <ele>2099</ele>
      </trkpt>
      <trkpt lat="42.580424007028341" lon="1.453686039894819">
        <ele>2098</ele>
      </trkpt>
      <trkpt lat="42.580458037555218" lon="1.453705988824368">
        <ele>2095</ele>
      </trkpt>
      <trkpt lat="42.580486033111811" lon="1.453676987439394">
        <ele>2095</ele>
      </trkpt>
      <trkpt lat="42.580501958727837" lon="1.453662989661098">
        <ele>2094</ele>
      </trkpt>
      <trkpt lat="42.580533977597952" lon="1.453645974397659">
        <ele>2093</ele>
      </trkpt>
      <trkpt lat="42.580554010346532" lon="1.453635999932885">
        <ele>2093</ele>
      </trkpt>
      <trkpt lat="42.580558033660054" lon="1.453625019639731">
        <ele>2093</ele>
      </trkpt>
      <trkpt lat="42.580556022003293" lon="1.453633988276124">
        <ele>2093</ele>
      </trkpt>
      <trkpt lat="42.58054998703301" lon="1.453763991594315">
        <ele>2089</ele>
      </trkpt>
      <trkpt lat="42.580559961497784" lon="1.453853007405996">
        <ele>2086</ele>
      </trkpt>
      <trkpt lat="42.580565996468067" lon="1.453884020447731">
        <ele>2085</ele>
      </trkpt>
      <trkpt lat="42.580611007288098" lon="1.45386197604239">
        <ele>2083</ele>
      </trkpt>
      <trkpt lat="42.580645959824324" lon="1.453942023217678">
        <ele>2079</ele>
      </trkpt>
      <trkpt lat="42.580649983137846" lon="1.453957026824355">
        <ele>2079</ele>
      </trkpt>
      <trkpt lat="42.58065702393651" lon="1.454029027372599">
        <ele>2076</ele>
      </trkpt>
      <trkpt lat="42.580669010058045" lon="1.454075966030359">
        <ele>2075</ele>
      </trkpt>
      <trkpt lat="42.580671021714807" lon="1.454123994335532">
        <ele>2074</ele>
      </trkpt>
      <trkpt lat="42.580689964815974" lon="1.454157019034028">
        <ele>2073</ele>
      </trkpt>
      <trkpt lat="42.580761965364218" lon="1.454207981005311">
        <ele>2070</ele>
      </trkpt>
      <trkpt lat="42.580775963142514" lon="1.454280987381935">
        <ele>2068</ele>
      </trkpt>
      <trkpt lat="42.580814016982913" lon="1.454385006800294">
        <ele>2064</ele>
      </trkpt>
      <trkpt lat="42.580831032246351" lon="1.454402022063732">
        <ele>2063</ele>
      </trkpt>
      <trkpt lat="42.580852992832661" lon="1.454469999298453">
        <ele>2060</ele>
      </trkpt>
      <trkpt lat="42.580860033631325" lon="1.454520961269736">
        <ele>2059</ele>
      </trkpt>
      <trkpt lat="42.580861039459705" lon="1.454545017331839">
        <ele>2058</ele>
      </trkpt>
      <trkpt lat="42.580880988389254" lon="1.454674014821649">
        <ele>2055</ele>
      </trkpt>
      <trkpt lat="42.580930022522807" lon="1.454855985939503">
        <ele>2052</ele>
      </trkpt>
      <trkpt lat="42.580930022522807" lon="1.454873001202941">
        <ele>2052</ele>
      </trkpt>
      <trkpt lat="42.580904038622975" lon="1.455037035048008">
        <ele>2051</ele>
      </trkpt>
      <trkpt lat="42.580922981724143" lon="1.455194028094411">
        <ele>2050</ele>
      </trkpt>
      <trkpt lat="42.580987019464374" lon="1.455262005329132">
        <ele>2047</ele>
      </trkpt>
      <trkpt lat="42.581038987264037" lon="1.455435007810593">
        <ele>2044</ele>
      </trkpt>
      <trkpt lat="42.580990036949515" lon="1.455625025555491">
        <ele>2043</ele>
      </trkpt>
      <trkpt lat="42.580989031121135" lon="1.455638017505407">
        <ele>2043</ele>
      </trkpt>
      <trkpt lat="42.581008980050683" lon="1.455675987526774">
        <ele>2043</ele>
      </trkpt>
      <trkpt lat="42.581045022234321" lon="1.455744970589876">
        <ele>2042</ele>
      </trkpt>
      <trkpt lat="42.581100007519126" lon="1.455818982794881">
        <ele>2040</ele>
      </trkpt>
      <trkpt lat="42.581134038046002" lon="1.455828035250306">
        <ele>2039</ele>
      </trkpt>
      <trkpt lat="42.581172008067369" lon="1.45590003579855">
        <ele>2037</ele>
      </trkpt>
      <trkpt lat="42.581168990582228" lon="1.455964995548129">
        <ele>2037</ele>
      </trkpt>
      <trkpt lat="42.581159016117454" lon="1.456003971397877">
        <ele>2036</ele>
      </trkpt>
      <trkpt lat="42.581181982532144" lon="1.456064991652966">
        <ele>2035</ele>
      </trkpt>
      <trkpt lat="42.581210983917117" lon="1.456131963059306">
        <ele>2034</ele>
      </trkpt>
      <trkpt lat="42.581202015280724" lon="1.456277975812554">
        <ele>2032</ele>
      </trkpt>
      <trkpt lat="42.581273010000587" lon="1.45637302659452">
        <ele>2028</ele>
      </trkpt>
      <trkpt lat="42.581266975030303" lon="1.456478973850608">
        <ele>2026</ele>
      </trkpt>
      <trkpt lat="42.581284996122122" lon="1.456590034067631">
        <ele>2023</ele>
      </trkpt>
      <trkpt lat="42.581298993900418" lon="1.456706961616874">
        <ele>2020</ele>
      </trkpt>
      <trkpt lat="42.581327995285392" lon="1.456747027114034">
        <ele>2019</ele>
      </trkpt>
      <trkpt lat="42.581303017213941" lon="1.456867977976799">
        <ele>2016</ele>
      </trkpt>
      <trkpt lat="42.581307040527463" lon="1.456959005445242">
        <ele>2014</ele>
      </trkpt>
      <trkpt lat="42.581312991678715" lon="1.457057995721698">
        <ele>2011</ele>
      </trkpt>
      <trkpt lat="42.581312991678715" lon="1.457119015976787">
        <ele>2009</ele>
      </trkpt>
      <trkpt lat="42.581330006942153" lon="1.457237033173442">
        <ele>2004</ele>
      </trkpt>
      <trkpt lat="42.581335958093405" lon="1.457313979044557">
        <ele>2002</ele>
      </trkpt>
      <trkpt lat="42.58132497780025" lon="1.457324037328363">
        <ele>2002</ele>
      </trkpt>
      <trkpt lat="42.581310980021954" lon="1.457377010956407">
        <ele>2001</ele>
      </trkpt>
      <trkpt lat="42.581311985850334" lon="1.457437025383115">
        <ele>1999</ele>
      </trkpt>
      <trkpt lat="42.581295976415277" lon="1.457509025931358">
        <ele>1998</ele>
      </trkpt>
      <trkpt lat="42.581316009163857" lon="1.457586977630854">
        <ele>1996</ele>
      </trkpt>
      <trkpt lat="42.581385998055339" lon="1.457617990672588">
        <ele>1993</ele>
      </trkpt>
      <trkpt lat="42.581422040238976" lon="1.457669958472252">
        <ele>1990</ele>
      </trkpt>
      <trkpt lat="42.581432014703751" lon="1.457715975120664">
        <ele>1988</ele>
      </trkpt>
      <trkpt lat="42.581433020532131" lon="1.457909010350704">
        <ele>1983</ele>
      </trkpt>
      <trkpt lat="42.581435032188892" lon="1.457939017564058">
        <ele>1982</ele>
      </trkpt>
      <trkpt lat="42.581422040238976" lon="1.457982016727328">
        <ele>1981</ele>
      </trkpt>
      <trkpt lat="42.581406030803919" lon="1.458081007003784">
        <ele>1981</ele>
      </trkpt>
      <trkpt lat="42.581417011097074" lon="1.458160970360041">
        <ele>1979</ele>
      </trkpt>
      <trkpt lat="42.581430003046989" lon="1.458257026970387">
        <ele>1978</ele>
      </trkpt>
      <trkpt lat="42.581419022753835" lon="1.458342019468546">
        <ele>1978</ele>
      </trkpt>
      <trkpt lat="42.581442994996905" lon="1.458451990038157">
        <ele>1976</ele>
      </trkpt>
      <trkpt lat="42.581460010260344" lon="1.458474034443498">
        <ele>1975</ele>
      </trkpt>
      <trkpt lat="42.581476019695401" lon="1.45863002166152">
        <ele>1971</ele>
      </trkpt>
      <trkpt lat="42.581538967788219" lon="1.458730017766357">
        <ele>1966</ele>
      </trkpt>
      <trkpt lat="42.581551959738135" lon="1.458800006657839">
        <ele>1965</ele>
      </trkpt>
      <trkpt lat="42.581556988880038" lon="1.458812998607755">
        <ele>1964</ele>
      </trkpt>
      <trkpt lat="42.581548020243645" lon="1.458927998319268">
        <ele>1963</ele>
      </trkpt>
      <trkpt lat="42.5815399736166" lon="1.458984995260835">
        <ele>1963</ele>
      </trkpt>
      <trkpt lat="42.581569980829954" lon="1.459065964445472">
        <ele>1961</ele>
      </trkpt>
      <trkpt lat="42.581631001085043" lon="1.459151040762663">
        <ele>1957</ele>
      </trkpt>
      <trkpt lat="42.581649022176862" lon="1.459185993298888">
        <ele>1956</ele>
      </trkpt>
      <trkpt lat="42.581665031611919" lon="1.459344998002052">
        <ele>1953</ele>
      </trkpt>
      <trkpt lat="42.581671988591552" lon="1.459360001608729">
        <ele>1953</ele>
      </trkpt>
      <trkpt lat="42.581674000248313" lon="1.459352960810065">
        <ele>1953</ele>
      </trkpt>
      <trkpt lat="42.581672994419932" lon="1.459368970245123">
        <ele>1953</ele>
      </trkpt>
      <trkpt lat="42.581681041046977" lon="1.459416998550296">
        <ele>1952</ele>
      </trkpt>
      <trkpt lat="42.58171197026968" lon="1.459539961069822">
        <ele>1949</ele>
      </trkpt>
      <trkpt lat="42.581738037988544" lon="1.459633000195026">
        <ele>1947</ele>
      </trkpt>
      <trkpt lat="42.581755975261331" lon="1.459763003513217">
        <ele>1944</ele>
      </trkpt>
      <trkpt lat="42.581769973039627" lon="1.459795022383332">
        <ele>1942</ele>
      </trkpt>
      <trkpt lat="42.581792017444968" lon="1.459929971024394">
        <ele>1938</ele>
      </trkpt>
      <trkpt lat="42.581799980252981" lon="1.459994008764625">
        <ele>1936</ele>
      </trkpt>
      <trkpt lat="42.581799980252981" lon="1.460120994597673">
        <ele>1932</ele>
      </trkpt>
      <trkpt lat="42.581782964989543" lon="1.46015795879066">
        <ele>1932</ele>
      </trkpt>
      <trkpt lat="42.581740971654654" lon="1.46022099070251">
        <ele>1932</ele>
      </trkpt>
      <trkpt lat="42.581734014675021" lon="1.460255021229386">
        <ele>1931</ele>
      </trkpt>
      <trkpt lat="42.581715993583202" lon="1.460420982912183">
        <ele>1929</ele>
      </trkpt>
      <trkpt lat="42.581678023561835" lon="1.460621980950236">
        <ele>1928</ele>
      </trkpt>
      <trkpt lat="42.581674000248313" lon="1.460876958444715">
        <ele>1925</ele>
      </trkpt>
      <trkpt lat="42.581680035218596" lon="1.461060019209981">
        <ele>1926</ele>
      </trkpt>
      <trkpt lat="42.581713981926441" lon="1.461173007264733">
        <ele>1925</ele>
      </trkpt>
      <trkpt lat="42.581712976098061" lon="1.46120997145772">
        <ele>1925</ele>
      </trkpt>
      <trkpt lat="42.581724040210247" lon="1.461277026683092">
        <ele>1925</ele>
      </trkpt>
      <trkpt lat="42.581730997189879" lon="1.461304016411305">
        <ele>1925</ele>
      </trkpt>
      <trkpt lat="42.581727979704738" lon="1.461419016122818">
        <ele>1926</ele>
      </trkpt>
      <trkpt lat="42.581736026331782" lon="1.461453968659043">
        <ele>1926</ele>
      </trkpt>
      <trkpt lat="42.581757986918092" lon="1.461504008620977">
        <ele>1926</ele>
      </trkpt>
      <trkpt lat="42.581791011616588" lon="1.461635017767549">
        <ele>1925</ele>
      </trkpt>
      <trkpt lat="42.581799980252981" lon="1.461828975006938">
        <ele>1927</ele>
      </trkpt>
      <trkpt lat="42.581859994679689" lon="1.461943974718452">
        <ele>1925</ele>
      </trkpt>
      <trkpt lat="42.581866029649973" lon="1.461958978325129">
        <ele>1925</ele>
      </trkpt>
      <trkpt lat="42.581911962479353" lon="1.462103985249996">
        <ele>1925</ele>
      </trkpt>
      <trkpt lat="42.581954961642623" lon="1.46217699162662">
        <ele>1923</ele>
      </trkpt>
      <trkpt lat="42.582001984119415" lon="1.462244968861342">
        <ele>1922</ele>
      </trkpt>
      <trkpt lat="42.582077002152801" lon="1.46239198744297">
        <ele>1919</ele>
      </trkpt>
      <trkpt lat="42.582109021022916" lon="1.462559960782528">
        <ele>1919</ele>
      </trkpt>
      <trkpt lat="42.582114972174168" lon="1.46262601017952">
        <ele>1919</ele>
      </trkpt>
      <trkpt lat="42.582096029073" lon="1.462707985192537">
        <ele>1920</ele>
      </trkpt>
      <trkpt lat="42.582099968567491" lon="1.462767999619246">
        <ele>1919</ele>
      </trkpt>
      <trkpt lat="42.582104997709394" lon="1.462976960465312">
        <ele>1917</ele>
      </trkpt>
      <trkpt lat="42.582128969952464" lon="1.463101012632251">
        <ele>1914</ele>
      </trkpt>
      <trkpt lat="42.582137016579509" lon="1.463096989318728">
        <ele>1914</ele>
      </trkpt>
      <trkpt lat="42.582138022407889" lon="1.46314200013876">
        <ele>1912</ele>
      </trkpt>
      <trkpt lat="42.582145985215902" lon="1.463206959888339">
        <ele>1909</ele>
      </trkpt>
      <trkpt lat="42.582143973559141" lon="1.463282983750105">
        <ele>1905</ele>
      </trkpt>
      <trkpt lat="42.582141039893031" lon="1.463319025933743">
        <ele>1904</ele>
      </trkpt>
      <trkpt lat="42.582128969952464" lon="1.463362025097013">
        <ele>1902</ele>
      </trkpt>
      <trkpt lat="42.582120001316071" lon="1.463414998725057">
        <ele>1900</ele>
      </trkpt>
      <trkpt lat="42.582121007144451" lon="1.463493034243584">
        <ele>1896</ele>
      </trkpt>
      <trkpt lat="42.582109021022916" lon="1.463555982336402">
        <ele>1894</ele>
      </trkpt>
      <trkpt lat="42.582109021022916" lon="1.463555982336402">
        <ele>1894</ele>
      </trkpt>
      <trkpt lat="42.582106003537774" lon="1.463576015084982">
        <ele>1894</ele>
      </trkpt>
      <trkpt lat="42.582086976617575" lon="1.463695960119367">
        <ele>1889</ele>
      </trkpt>
      <trkpt lat="42.582085970789194" lon="1.463706018403173">
        <ele>1889</ele>
      </trkpt>
      <trkpt lat="42.582061998546124" lon="1.463879020884633">
        <ele>1884</ele>
      </trkpt>
      <trkpt lat="42.58201003074646" lon="1.463995026424527">
        <ele>1883</ele>
      </trkpt>
      <trkpt lat="42.581978011876345" lon="1.464018998667598">
        <ele>1884</ele>
      </trkpt>
      <trkpt lat="42.581948004662991" lon="1.464069038629532">
        <ele>1884</ele>
      </trkpt>
      <trkpt lat="42.581930989399552" lon="1.464098040014505">
        <ele>1883</ele>
      </trkpt>
      <trkpt lat="42.58192403241992" lon="1.464214967563748">
        <ele>1880</ele>
      </trkpt>
      <trkpt lat="42.581909028813243" lon="1.464387970045209">
        <ele>1875</ele>
      </trkpt>
      <trkpt lat="42.581939036026597" lon="1.46442904137075">
        <ele>1872</ele>
      </trkpt>
      <trkpt lat="42.581939036026597" lon="1.46442904137075">
        <ele>1872</ele>
      </trkpt>
      <trkpt lat="42.581988992169499" lon="1.464415965601802">
        <ele>1869</ele>
      </trkpt>
      <trkpt lat="42.582027968019247" lon="1.464423006400466">
        <ele>1867</ele>
      </trkpt>
      <trkpt lat="42.582170963287354" lon="1.464343965053558">
        <ele>1861</ele>
      </trkpt>
      <trkpt lat="42.582265008240938" lon="1.464271964505315">
        <ele>1857</ele>
      </trkpt>
      <trkpt lat="42.582334997132421" lon="1.464253021404147">
        <ele>1853</ele>
      </trkpt>
      <trkpt lat="42.582312030717731" lon="1.46430398337543">
        <ele>1853</ele>
      </trkpt>
      <trkpt lat="42.582330973818898" lon="1.46438998170197">
        <ele>1849</ele>
      </trkpt>
      <trkpt lat="42.582338014617562" lon="1.464459970593453">
        <ele>1847</ele>
      </trkpt>
      <trkpt lat="42.582398029044271" lon="1.464469023048878">
        <ele>1842</ele>
      </trkpt>
      <trkpt lat="42.582398029044271" lon="1.464469023048878">
        <ele>1842</ele>
      </trkpt>
      <trkpt lat="42.582405991852283" lon="1.464509004727006">
        <ele>1840</ele>
      </trkpt>
      <trkpt lat="42.582375984638929" lon="1.46456197835505">
        <ele>1841</ele>
      </trkpt>
      <trkpt lat="42.582374978810549" lon="1.464574970304966">
        <ele>1841</ele>
      </trkpt>
      <trkpt lat="42.582391994073987" lon="1.464704973623157">
        <ele>1836</ele>
      </trkpt>
      <trkpt lat="42.582406997680664" lon="1.464823996648192">
        <ele>1832</ele>
      </trkpt>
      <trkpt lat="42.582430969923735" lon="1.464873030781746">
        <ele>1830</ele>
      </trkpt>
      <trkpt lat="42.582434993237257" lon="1.46488300524652">
        <ele>1830</ele>
      </trkpt>
      <trkpt lat="42.582494001835585" lon="1.464865989983082">
        <ele>1826</ele>
      </trkpt>
      <trkpt lat="42.582558039575815" lon="1.46481896750629">
        <ele>1823</ele>
      </trkpt>
      <trkpt lat="42.582625010982156" lon="1.464794995263219">
        <ele>1819</ele>
      </trkpt>
      <trkpt lat="42.582683013752103" lon="1.464806981384754">
        <ele>1816</ele>
      </trkpt>
      <trkpt lat="42.582697011530399" lon="1.464829025790095">
        <ele>1814</ele>
      </trkpt>
      <trkpt lat="42.582733975723386" lon="1.464901026338339">
        <ele>1811</ele>
      </trkpt>
      <trkpt lat="42.582754008471966" lon="1.464887028560042">
        <ele>1810</ele>
      </trkpt>
      <trkpt lat="42.582754008471966" lon="1.464887028560042">
        <ele>1810</ele>
      </trkpt>
      <trkpt lat="42.582788961008191" lon="1.464913012459874">
        <ele>1808</ele>
      </trkpt>
      <trkpt lat="42.582846041768789" lon="1.464957017451525">
        <ele>1805</ele>
      </trkpt>
      <trkpt lat="42.582894992083311" lon="1.464995993301272">
        <ele>1802</ele>
      </trkpt>
      <trkpt lat="42.582900021225214" lon="1.465109987184405">
        <ele>1801</ele>
      </trkpt>
      <trkpt lat="42.582933967933059" lon="1.465192968025804">
        <ele>1798</ele>
      </trkpt>
      <trkpt lat="42.582952994853258" lon="1.465174024924636">
        <ele>1797</ele>
      </trkpt>
      <trkpt lat="42.582995994016528" lon="1.465143011882901">
        <ele>1795</ele>
      </trkpt>
      <trkpt lat="42.582995994016528" lon="1.465143011882901">
        <ele>1795</ele>
      </trkpt>
      <trkpt lat="42.582996999844909" lon="1.465142006054521">
        <ele>1795</ele>
      </trkpt>
      <trkpt lat="42.583104036748409" lon="1.464837994426489">
        <ele>1794</ele>
      </trkpt>
      <trkpt lat="42.583114011213183" lon="1.464823996648192">
        <ele>1793</ele>
      </trkpt>
      <trkpt lat="42.583135971799493" lon="1.464794995263219">
        <ele>1793</ele>
      </trkpt>
      <trkpt lat="42.583205038681626" lon="1.464678989723325">
        <ele>1793</ele>
      </trkpt>
      <trkpt lat="42.583207972347736" lon="1.464664991945028">
        <ele>1793</ele>
      </trkpt>
      <trkpt lat="42.5832150131464" lon="1.464653005823493">
        <ele>1793</ele>
      </trkpt>
      <trkpt lat="42.583263041451573" lon="1.464649988338351">
        <ele>1792</ele>
      </trkpt>
      <trkpt lat="42.583275027573109" lon="1.46466800943017">
        <ele>1792</ele>
      </trkpt>
      <trkpt lat="42.583287013694644" lon="1.46471000276506">
        <ele>1791</ele>
      </trkpt>
      <trkpt lat="42.583336969837546" lon="1.46475400775671">
        <ele>1790</ele>
      </trkpt>
      <trkpt lat="42.58336303755641" lon="1.464761970564723">
        <ele>1790</ele>
      </trkpt>
      <trkpt lat="42.583462027832866" lon="1.464828019961715">
        <ele>1790</ele>
      </trkpt>
      <trkpt lat="42.583524975925684" lon="1.464895997196436">
        <ele>1790</ele>
      </trkpt>
      <trkpt lat="42.583622960373759" lon="1.464955005794764">
        <ele>1790</ele>
      </trkpt>
      <trkpt lat="42.583699990063906" lon="1.465020971372724">
        <ele>1790</ele>
      </trkpt>
      <trkpt lat="42.583771990612149" lon="1.465059025213122">
        <ele>1791</ele>
      </trkpt>
      <trkpt lat="42.583868969231844" lon="1.465113004669547">
        <ele>1793</ele>
      </trkpt>
      <trkpt lat="42.583915991708636" lon="1.465131025761366">
        <ele>1795</ele>
      </trkpt>
      <trkpt lat="42.583911968395114" lon="1.465144017711282">
        <ele>1794</ele>
      </trkpt>
      <trkpt lat="42.58394599892199" lon="1.465225992724299">
        <ele>1795</ele>
      </trkpt>
      <trkpt lat="42.58394599892199" lon="1.465238984674215">
        <ele>1795</ele>
      </trkpt>
      <trkpt lat="42.583830999210477" lon="1.465408969670534">
        <ele>1788</ele>
      </trkpt>
      <trkpt lat="42.583827981725335" lon="1.465510977432132">
        <ele>1787</ele>
      </trkpt>
      <trkpt lat="42.583838040009141" lon="1.465565962716937">
        <ele>1786</ele>
      </trkpt>
      <trkpt lat="42.583765033632517" lon="1.465774001553655">
        <ele>1782</ele>
      </trkpt>
      <trkpt lat="42.583757992833853" lon="1.465924959629774">
        <ele>1780</ele>
      </trkpt>
      <trkpt lat="42.583736032247543" lon="1.465998971834779">
        <ele>1778</ele>
      </trkpt>
      <trkpt lat="42.583699990063906" lon="1.466245986521244">
        <ele>1772</ele>
      </trkpt>
      <trkpt lat="42.583679035305977" lon="1.46636500954628">
        <ele>1768</ele>
      </trkpt>
      <trkpt lat="42.58370803669095" lon="1.466439021751285">
        <ele>1767</ele>
      </trkpt>
      <trkpt lat="42.583721028640866" lon="1.466458970680833">
        <ele>1767</ele>
      </trkpt>
      <trkpt lat="42.583756987005472" lon="1.466515967622399">
        <ele>1767</ele>
      </trkpt>
      <trkpt lat="42.583755981177092" lon="1.466532982885838">
        <ele>1767</ele>
      </trkpt>
      <trkpt lat="42.583769978955388" lon="1.466638008132577">
        <ele>1764</ele>
      </trkpt>
      <trkpt lat="42.583735026419163" lon="1.466744039207697">
        <ele>1759</ele>
      </trkpt>
      <trkpt lat="42.583768973127007" lon="1.466804975643754">
        <ele>1759</ele>
      </trkpt>
      <trkpt lat="42.583838040009141" lon="1.466907989233732">
        <ele>1758</ele>
      </trkpt>
      <trkpt lat="42.58388296701014" lon="1.46698996424675">
        <ele>1757</ele>
      </trkpt>
      <trkpt lat="42.583875004202127" lon="1.467059031128883">
        <ele>1754</ele>
      </trkpt>
      <trkpt lat="42.583861006423831" lon="1.467127008363605">
        <ele>1751</ele>
      </trkpt>
      <trkpt lat="42.583955973386765" lon="1.467301016673446">
        <ele>1750</ele>
      </trkpt>
      <trkpt lat="42.58398899808526" lon="1.467359019443393">
        <ele>1751</ele>
      </trkpt>
      <trkpt lat="42.584025962278247" lon="1.467411993071437">
        <ele>1752</ele>
      </trkpt>
      <trkpt lat="42.584025962278247" lon="1.467411993071437">
        <ele>1752</ele>
      </trkpt>
      <trkpt lat="42.584022022783756" lon="1.467501008883119">
        <ele>1750</ele>
      </trkpt>
      <trkpt lat="42.584039038047194" lon="1.467539984732866">
        <ele>1751</ele>
      </trkpt>
      <trkpt lat="42.584000984206796" lon="1.467608967795968">
        <ele>1747</ele>
      </trkpt>
      <trkpt lat="42.583953961730003" lon="1.467645009979606">
        <ele>1743</ele>
      </trkpt>
      <trkpt lat="42.58387902751565" lon="1.46763201802969">
        <ele>1741</ele>
      </trkpt>
      <trkpt lat="42.583828987553716" lon="1.467724973335862">
        <ele>1738</ele>
      </trkpt>
      <trkpt lat="42.58370996452868" lon="1.467894036322832">
        <ele>1734</ele>
      </trkpt>
      <trkpt lat="42.583752041682601" lon="1.468075001612306">
        <ele>1731</ele>
      </trkpt>
      <trkpt lat="42.583828987553716" lon="1.468107020482421">
        <ele>1733</ele>
      </trkpt>
      <trkpt lat="42.583828987553716" lon="1.46821497939527">
        <ele>1733</ele>
      </trkpt>
      <trkpt lat="42.583838040009141" lon="1.46834003739059">
        <ele>1734</ele>
      </trkpt>
      <trkpt lat="42.583835022523999" lon="1.468384964391589">
        <ele>1735</ele>
      </trkpt>
      <trkpt lat="42.58383996784687" lon="1.46847196854651">
        <ele>1736</ele>
      </trkpt>
      <trkpt lat="42.5838159956038" lon="1.46851203404367">
        <ele>1736</ele>
      </trkpt>
      <trkpt lat="42.583807026967406" lon="1.468543969094753">
        <ele>1736</ele>
      </trkpt>
      <trkpt lat="42.583771990612149" lon="1.468688976019621">
        <ele>1736</ele>
      </trkpt>
      <trkpt lat="42.583763021975756" lon="1.468815039843321">
        <ele>1737</ele>
      </trkpt>
      <trkpt lat="42.583727985620499" lon="1.468939008191228">
        <ele>1738</ele>
      </trkpt>
      <trkpt lat="42.583700995892286" lon="1.469013020396233">
        <ele>1738</ele>
      </trkpt>
      <trkpt lat="42.583641987293959" lon="1.469036992639303">
        <ele>1737</ele>
      </trkpt>
      <trkpt lat="42.583585996180773" lon="1.469102036207914">
        <ele>1737</ele>
      </trkpt>
      <trkpt lat="42.58347300812602" lon="1.469220975413919">
        <ele>1736</ele>
      </trkpt>
      <trkpt lat="42.583420034497976" lon="1.469361959025264">
        <ele>1738</ele>
      </trkpt>
      <trkpt lat="42.583357002586126" lon="1.469534961506724">
        <ele>1740</ele>
      </trkpt>
      <trkpt lat="42.58332003839314" lon="1.469633029773831">
        <ele>1741</ele>
      </trkpt>
      <trkpt lat="42.583303023129702" lon="1.469676028937101">
        <ele>1741</ele>
      </trkpt>
      <trkpt lat="42.583246026188135" lon="1.469831010326743">
        <ele>1741</ele>
      </trkpt>
      <trkpt lat="42.583283996209502" lon="1.46984601393342">
        <ele>1743</ele>
      </trkpt>
      <trkpt lat="42.583283996209502" lon="1.46984601393342">
        <ele>1743</ele>
      </trkpt>
      <trkpt lat="42.583286007866263" lon="1.469851965084672">
        <ele>1744</ele>
      </trkpt>
      <trkpt lat="42.583286007866263" lon="1.469851965084672">
        <ele>1744</ele>
      </trkpt>
      <trkpt lat="42.583286007866263" lon="1.469855988398194">
        <ele>1744</ele>
      </trkpt>
      <trkpt lat="42.583244014531374" lon="1.469922959804535">
        <ele>1742</ele>
      </trkpt>
      <trkpt lat="42.58323797956109" lon="1.469946010038257">
        <ele>1742</ele>
      </trkpt>
      <trkpt lat="42.58315097540617" lon="1.470113983377814">
        <ele>1739</ele>
      </trkpt>
      <trkpt lat="42.583148963749409" lon="1.470122030004859">
        <ele>1739</ele>
      </trkpt>
      <trkpt lat="42.583096995949745" lon="1.470183972269297">
        <ele>1737</ele>
      </trkpt>
      <trkpt lat="42.583018038421869" lon="1.470316993072629">
        <ele>1734</ele>
      </trkpt>
      <trkpt lat="42.582993982359767" lon="1.470387987792492">
        <ele>1734</ele>
      </trkpt>
      <trkpt lat="42.582965986803174" lon="1.470443978905678">
        <ele>1733</ele>
      </trkpt>
      <trkpt lat="42.582903038710356" lon="1.470526037737727">
        <ele>1731</ele>
      </trkpt>
      <trkpt lat="42.582816034555435" lon="1.470630979165435">
        <ele>1729</ele>
      </trkpt>
      <trkpt lat="42.582757025957108" lon="1.470728041604161">
        <ele>1729</ele>
      </trkpt>
      <trkpt lat="42.582646971568465" lon="1.470862990245223">
        <ele>1727</ele>
      </trkpt>
      <trkpt lat="42.582481009885669" lon="1.471001040190458">
        <ele>1722</ele>
      </trkpt>
      <trkpt lat="42.582438010722399" lon="1.471043033525348">
        <ele>1721</ele>
      </trkpt>
      <trkpt lat="42.582408003509045" lon="1.471088966354728">
        <ele>1721</ele>
      </trkpt>
      <trkpt lat="42.582385959103703" lon="1.471124002709985">
        <ele>1721</ele>
      </trkpt>
      <trkpt lat="42.582319993525743" lon="1.471258029341698">
        <ele>1722</ele>
      </trkpt>
      <trkpt lat="42.582272971048951" lon="1.471337992697954">
        <ele>1723</ele>
      </trkpt>
      <trkpt lat="42.582179009914398" lon="1.471373029053211">
        <ele>1718</ele>
      </trkpt>
      <trkpt lat="42.582160988822579" lon="1.471394989639521">
        <ele>1718</ele>
      </trkpt>
      <trkpt lat="42.58216199465096" lon="1.471401024609804">
        <ele>1719</ele>
      </trkpt>
      <trkpt lat="42.582106003537774" lon="1.471458021551371">
        <ele>1718</ele>
      </trkpt>
      <trkpt lat="42.58205596357584" lon="1.471488028764725">
        <ele>1716</ele>
      </trkpt>
      <trkpt lat="42.581911962479353" lon="1.47154301404953">
        <ele>1711</ele>
      </trkpt>
      <trkpt lat="42.581851026043296" lon="1.471558017656207">
        <ele>1707</ele>
      </trkpt>
      <trkpt lat="42.581770978868008" lon="1.471563968807459">
        <ele>1700</ele>
      </trkpt>
      <trkpt lat="42.581738037988544" lon="1.471562040969729">
        <ele>1698</ele>
      </trkpt>
      <trkpt lat="42.581692021340132" lon="1.471571009606123">
        <ele>1694</ele>
      </trkpt>
      <trkpt lat="42.58149404078722" lon="1.471649967133999">
        <ele>1680</ele>
      </trkpt>
      <trkpt lat="42.581441989168525" lon="1.471689026802778">
        <ele>1679</ele>
      </trkpt>
      <trkpt lat="42.581309974193573" lon="1.471811989322305">
        <ele>1676</ele>
      </trkpt>
      <trkpt lat="42.581263035535812" lon="1.471981974318624">
        <ele>1678</ele>
      </trkpt>
      <trkpt lat="42.58121601305902" lon="1.472142990678549">
        <ele>1680</ele>
      </trkpt>
      <trkpt lat="42.581191034987569" lon="1.472227983176708">
        <ele>1681</ele>
      </trkpt>
      <trkpt lat="42.581112999469042" lon="1.472481032833457">
        <ele>1679</ele>
      </trkpt>
      <trkpt lat="42.581112999469042" lon="1.472481032833457">
        <ele>1679</ele>
      </trkpt>
      <trkpt lat="42.581097995862365" lon="1.472530988976359">
        <ele>1679</ele>
      </trkpt>
      <trkpt lat="42.581095984205604" lon="1.472564013674855">
        <ele>1680</ele>
      </trkpt>
      <trkpt lat="42.581120040267706" lon="1.472616987302899">
        <ele>1683</ele>
      </trkpt>
      <trkpt lat="42.581110987812281" lon="1.472736010327935">
        <ele>1684</ele>
      </trkpt>
      <trkpt lat="42.581114005297422" lon="1.47285302169621">
        <ele>1684</ele>
      </trkpt>
      <trkpt lat="42.581097995862365" lon="1.472965003922582">
        <ele>1679</ele>
      </trkpt>
      <trkpt lat="42.581111993640661" lon="1.473057037219405">
        <ele>1677</ele>
      </trkpt>
      <trkpt lat="42.581154992803931" lon="1.473109005019069">
        <ele>1677</ele>
      </trkpt>
      <trkpt lat="42.581194974482059" lon="1.473172958940268">
        <ele>1678</ele>
      </trkpt>
      <trkpt lat="42.581223975867033" lon="1.473218975588679">
        <ele>1678</ele>
      </trkpt>
      <trkpt lat="42.581240991130471" lon="1.473287958651781">
        <ele>1677</ele>
      </trkpt>
      <trkpt lat="42.581247026100755" lon="1.473374040797353">
        <ele>1675</ele>
      </trkpt>
      <trkpt lat="42.581253983080387" lon="1.473631029948592">
        <ele>1676</ele>
      </trkpt>
      <trkpt lat="42.581224981695414" lon="1.47373697720468">
        <ele>1674</ele>
      </trkpt>
      <trkpt lat="42.581200003623962" lon="1.473920959979296">
        <ele>1673</ele>
      </trkpt>
      <trkpt lat="42.581177959218621" lon="1.474011987447739">
        <ele>1671</ele>
      </trkpt>
      <trkpt lat="42.581148035824299" lon="1.474150037392974">
        <ele>1669</ele>
      </trkpt>
      <trkpt lat="42.581052985042334" lon="1.474446002393961">
        <ele>1664</ele>
      </trkpt>
      <trkpt lat="42.581073017790914" lon="1.474692011252046">
        <ele>1663</ele>
      </trkpt>
      <trkpt lat="42.581107970327139" lon="1.474913964048028">
        <ele>1662</ele>
      </trkpt>
      <trkpt lat="42.581139989197254" lon="1.475171959027648">
        <ele>1659</ele>
      </trkpt>
      <trkpt lat="42.581150969490409" lon="1.475259969010949">
        <ele>1657</ele>
      </trkpt>
      <trkpt lat="42.58117301389575" lon="1.475396007299423">
        <ele>1654</ele>
      </trkpt>
      <trkpt lat="42.581192040815949" lon="1.475429031997919">
        <ele>1655</ele>
      </trkpt>
      <trkpt lat="42.581327995285392" lon="1.475709993392229">
        <ele>1656</ele>
      </trkpt>
      <trkpt lat="42.581395972520113" lon="1.475893976166844">
        <ele>1656</ele>
      </trkpt>
      <trkpt lat="42.58143100887537" lon="1.476094974204898">
        <ele>1653</ele>
      </trkpt>
      <trkpt lat="42.581432014703751" lon="1.476109977811575">
        <ele>1653</ele>
      </trkpt>
      <trkpt lat="42.581430003046989" lon="1.476294966414571">
        <ele>1651</ele>
      </trkpt>
      <trkpt lat="42.581397984176874" lon="1.476388005539775">
        <ele>1650</ele>
      </trkpt>
      <trkpt lat="42.581359008327127" lon="1.476486995816231">
        <ele>1648</ele>
      </trkpt>
      <trkpt lat="42.581268986687064" lon="1.476625967770815">
        <ele>1642</ele>
      </trkpt>
      <trkpt lat="42.581212995573878" lon="1.476707020774484">
        <ele>1639</ele>
      </trkpt>
      <trkpt lat="42.581193968653679" lon="1.476768041029573">
        <ele>1638</ele>
      </trkpt>
      <trkpt lat="42.581123979762197" lon="1.476858984678984">
        <ele>1634</ele>
      </trkpt>
      <trkpt lat="42.581052985042334" lon="1.476980019360781">
        <ele>1631</ele>
      </trkpt>
      <trkpt lat="42.581027001142502" lon="1.477013966068626">
        <ele>1629</ele>
      </trkpt>
      <trkpt lat="42.581010991707444" lon="1.477055959403515">
        <ele>1629</ele>
      </trkpt>
      <trkpt lat="42.580947959795594" lon="1.477272966876626">
        <ele>1628</ele>
      </trkpt>
      <trkpt lat="42.580934967845678" lon="1.477327030152082">
        <ele>1628</ele>
      </trkpt>
      <trkpt lat="42.580878976732492" lon="1.477577984333038">
        <ele>1627</ele>
      </trkpt>
      <trkpt lat="42.580874031409621" lon="1.477596005424857">
        <ele>1627</ele>
      </trkpt>
      <trkpt lat="42.580847963690758" lon="1.477668005973101">
        <ele>1626</ele>
      </trkpt>
      <trkpt lat="42.580813011154532" lon="1.477714022621512">
        <ele>1624</ele>
      </trkpt>
      <trkpt lat="42.580738998949528" lon="1.477842014282942">
        <ele>1622</ele>
      </trkpt>
      <trkpt lat="42.580680996179581" lon="1.477938992902637">
        <ele>1619</ele>
      </trkpt>
      <trkpt lat="42.580660041421652" lon="1.477984003722668">
        <ele>1618</ele>
      </trkpt>
      <trkpt lat="42.580621987581253" lon="1.478064972907305">
        <ele>1616</ele>
      </trkpt>
      <trkpt lat="42.580546969547868" lon="1.478287009522319">
        <ele>1612</ele>
      </trkpt>
      <trkpt lat="42.580514028668404" lon="1.478528995066881">
        <ele>1611</ele>
      </trkpt>
      <trkpt lat="42.580501958727837" lon="1.478755977004767">
        <ele>1611</ele>
      </trkpt>
      <trkpt lat="42.580524003133178" lon="1.478865025565028">
        <ele>1613</ele>
      </trkpt>
      <trkpt lat="42.580516040325165" lon="1.478872988373041">
        <ele>1612</ele>
      </trkpt>
      <trkpt lat="42.580516962334514" lon="1.478880029171705">
        <ele>1612</ele>
      </trkpt>
      <trkpt lat="42.580473963171244" lon="1.479041967540979">
        <ele>1612</ele>
      </trkpt>
      <trkpt lat="42.580448985099792" lon="1.479056971147656">
        <ele>1611</ele>
      </trkpt>
      <trkpt lat="42.580424007028341" lon="1.479115979745984">
        <ele>1610</ele>
      </trkpt>
      <trkpt lat="42.580405985936522" lon="1.479143975302577">
        <ele>1610</ele>
      </trkpt>
      <trkpt lat="42.580346977338195" lon="1.479217987507582">
        <ele>1609</ele>
      </trkpt>
      <trkpt lat="42.580300038680434" lon="1.479290993884206">
        <ele>1608</ele>
      </trkpt>
      <trkpt lat="42.58029299788177" lon="1.479318989440799">
        <ele>1608</ele>
      </trkpt>
      <trkpt lat="42.580195013433695" lon="1.479453016072512">
        <ele>1606</ele>
      </trkpt>
      <trkpt lat="42.580074984580278" lon="1.479416973888874">
        <ele>1598</ele>
      </trkpt>
      <trkpt lat="42.580022010952234" lon="1.479398030787706">
        <ele>1598</ele>
      </trkpt>
      <trkpt lat="42.580004995688796" lon="1.479373974725604">
        <ele>1597</ele>
      </trkpt>
      <trkpt lat="42.579943975433707" lon="1.479299962520599">
        <ele>1595</ele>
      </trkpt>
      <trkpt lat="42.579917991533875" lon="1.479256963357329">
        <ele>1594</ele>
      </trkpt>
      <trkpt lat="42.579911034554243" lon="1.479241959750652">
        <ele>1594</ele>
      </trkpt>
      <trkpt lat="42.579873986542225" lon="1.479210024699569">
        <ele>1593</ele>
      </trkpt>
      <trkpt lat="42.579838028177619" lon="1.479212958365679">
        <ele>1592</ele>
      </trkpt>
      <trkpt lat="42.579725040122867" lon="1.479131989181042">
        <ele>1590</ele>
      </trkpt>
      <trkpt lat="42.579682962968946" lon="1.479069041088224">
        <ele>1589</ele>
      </trkpt>
      <trkpt lat="42.57966703735292" lon="1.479014977812767">
        <ele>1588</ele>
      </trkpt>
      <trkpt lat="42.579573998227715" lon="1.478820014744997">
        <ele>1584</ele>
      </trkpt>
      <trkpt lat="42.579537034034729" lon="1.478733010590076">
        <ele>1582</ele>
      </trkpt>
      <trkpt lat="42.579505015164614" lon="1.478647012263537">
        <ele>1581</ele>
      </trkpt>
      <trkpt lat="42.579486994072795" lon="1.478565037250519">
        <ele>1579</ele>
      </trkpt>
      <trkpt lat="42.579470984637737" lon="1.478423969820142">
        <ele>1577</ele>
      </trkpt>
      <trkpt lat="42.579483976587653" lon="1.478369990363717">
        <ele>1576</ele>
      </trkpt>
      <trkpt lat="42.579524964094162" lon="1.478283992037177">
        <ele>1576</ele>
      </trkpt>
      <trkpt lat="42.579616997390985" lon="1.478163963183761">
        <ele>1577</ele>
      </trkpt>
      <trkpt lat="42.579665025696158" lon="1.478049969300628">
        <ele>1577</ele>
      </trkpt>
      <trkpt lat="42.579665025696158" lon="1.478049969300628">
        <ele>1577</ele>
      </trkpt>
      <trkpt lat="42.57958103902638" lon="1.477912003174424">
        <ele>1574</ele>
      </trkpt>
      <trkpt lat="42.579465033486485" lon="1.47760103456676">
        <ele>1570</ele>
      </trkpt>
      <trkpt lat="42.579443994909525" lon="1.477564992383122">
        <ele>1570</ele>
      </trkpt>
      <trkpt lat="42.57930401712656" lon="1.477272966876626">
        <ele>1568</ele>
      </trkpt>
      <trkpt lat="42.579247020184994" lon="1.477170959115028">
        <ele>1569</ele>
      </trkpt>
      <trkpt lat="42.579221958294511" lon="1.477098958566785">
        <ele>1570</ele>
      </trkpt>
      <trkpt lat="42.579127997159958" lon="1.476879017427564">
        <ele>1573</ele>
      </trkpt>
      <trkpt lat="42.579091032966971" lon="1.476843981072307">
        <ele>1574</ele>
      </trkpt>
      <trkpt lat="42.578980978578329" lon="1.476848004385829">
        <ele>1572</ele>
      </trkpt>
      <trkpt lat="42.578972009941936" lon="1.476851021870971">
        <ele>1572</ele>
      </trkpt>
      <trkpt lat="42.578950971364975" lon="1.476939031854272">
        <ele>1570</ele>
      </trkpt>
      <trkpt lat="42.578119989484549" lon="1.478709960356355">
        <ele>1560</ele>
      </trkpt>
      <trkpt lat="42.578307995572686" lon="1.478880029171705">
        <ele>1560</ele>
      </trkpt>
      <trkpt lat="42.578307995572686" lon="1.478880029171705">
        <ele>1560</ele>
      </trkpt>
      <trkpt lat="42.578307995572686" lon="1.478880029171705">
        <ele>1560</ele>
      </trkpt>
      <trkpt lat="42.578324005007744" lon="1.478901989758015">
        <ele>1560</ele>
      </trkpt>
      <trkpt lat="42.57833699695766" lon="1.478921016678214">
        <ele>1560</ele>
      </trkpt>
      <trkpt lat="42.57823197171092" lon="1.479184040799737">
        <ele>1560</ele>
      </trkpt>
      <trkpt lat="42.57818603888154" lon="1.479273978620768">
        <ele>1559</ele>
      </trkpt>
      <trkpt lat="42.578183021396399" lon="1.479281019419432">
        <ele>1558</ele>
      </trkpt>
      <trkpt lat="42.578171035274863" lon="1.479296023026109">
        <ele>1558</ele>
      </trkpt>
      <trkpt lat="42.578055029734969" lon="1.479487968608737">
        <ele>1552</ele>
      </trkpt>
      <trkpt lat="42.57797003723681" lon="1.479625012725592">
        <ele>1545</ele>
      </trkpt>
      <trkpt lat="42.577840033918619" lon="1.479802038520575">
        <ele>1542</ele>
      </trkpt>
      <trkpt lat="42.577793011441827" lon="1.479848977178335">
        <ele>1542</ele>
      </trkpt>
      <trkpt lat="42.577755963429809" lon="1.479903962463141">
        <ele>1541</ele>
      </trkpt>
      <trkpt lat="42.577600982040167" lon="1.480173021554947">
        <ele>1541</ele>
      </trkpt>
      <trkpt lat="42.577522024512291" lon="1.480308976024389">
        <ele>1541</ele>
      </trkpt>
      <trkpt lat="42.577451029792428" lon="1.480377959087491">
        <ele>1542</ele>
      </trkpt>
      <trkpt lat="42.577294958755374" lon="1.4805259834975">
        <ele>1541</ele>
      </trkpt>
      <trkpt lat="42.577121034264565" lon="1.480677025392652">
        <ele>1541</ele>
      </trkpt>
      <trkpt lat="42.576915007084608" lon="1.480823960155249">
        <ele>1540</ele>
      </trkpt>
      <trkpt lat="42.576722977682948" lon="1.480901995673776">
        <ele>1534</ele>
      </trkpt>
      <trkpt lat="42.576507981866598" lon="1.481021018698812">
        <ele>1530</ele>
      </trkpt>
      <trkpt lat="42.576327016577125" lon="1.481144987046719">
        <ele>1525</ele>
      </trkpt>
      <trkpt lat="42.576183015480638" lon="1.481260992586613">
        <ele>1521</ele>
      </trkpt>
      <trkpt lat="42.576099028810859" lon="1.481284964829683">
        <ele>1521</ele>
      </trkpt>
      <trkpt lat="42.576031973585486" lon="1.481317989528179">
        <ele>1520</ele>
      </trkpt>
      <trkpt lat="42.575896019116044" lon="1.481365012004972">
        <ele>1520</ele>
      </trkpt>
      <trkpt lat="42.575656967237592" lon="1.481407005339861">
        <ele>1516</ele>
      </trkpt>
      <trkpt lat="42.575549008324742" lon="1.481398036703467">
        <ele>1515</ele>
      </trkpt>
      <trkpt lat="42.575349016115069" lon="1.481337016448379">
        <ele>1512</ele>
      </trkpt>
      <trkpt lat="42.575224963948131" lon="1.481355959549546">
        <ele>1511</ele>
      </trkpt>
      <trkpt lat="42.575210966169834" lon="1.481357971206307">
        <ele>1510</ele>
      </trkpt>
      <trkpt lat="42.575003011152148" lon="1.481453021988273">
        <ele>1505</ele>
      </trkpt>
      <trkpt lat="42.574988007545471" lon="1.481458973139525">
        <ele>1504</ele>
      </trkpt>
      <trkpt lat="42.57502899505198" lon="1.481456961482763">
        <ele>1505</ele>
      </trkpt>
      <trkpt lat="42.574990019202232" lon="1.481476994231343">
        <ele>1504</ele>
      </trkpt>
      <trkpt lat="42.574908966198564" lon="1.481523010879755">
        <ele>1504</ele>
      </trkpt>
      <trkpt lat="42.574716014787555" lon="1.481686038896442">
        <ele>1503</ele>
      </trkpt>
      <trkpt lat="42.574620964005589" lon="1.481773965060711">
        <ele>1502</ele>
      </trkpt>
      <trkpt lat="42.574574025347829" lon="1.481802966445684">
        <ele>1502</ele>
      </trkpt>
      <trkpt lat="42.574491966515779" lon="1.481903968378902">
        <ele>1500</ele>
      </trkpt>
      <trkpt lat="42.574351988732815" lon="1.482119970023632">
        <ele>1500</ele>
      </trkpt>
      <trkpt lat="42.574346037581563" lon="1.482145031914115">
        <ele>1500</ele>
      </trkpt>
      <trkpt lat="42.57434100843966" lon="1.482148971408606">
        <ele>1500</ele>
      </trkpt>
      <trkpt lat="42.574340002611279" lon="1.482148971408606">
        <ele>1500</ele>
      </trkpt>
      <trkpt lat="42.574303960427642" lon="1.482180990278721">
        <ele>1500</ele>
      </trkpt>
      <trkpt lat="42.574145039543509" lon="1.482399003580213">
        <ele>1498</ele>
      </trkpt>
      <trkpt lat="42.574090976268053" lon="1.48245801217854">
        <ele>1497</ele>
      </trkpt>
      <trkpt lat="42.574010007083416" lon="1.482595978304744">
        <ele>1495</ele>
      </trkpt>
      <trkpt lat="42.573899030685425" lon="1.482713995501399">
        <ele>1492</ele>
      </trkpt>
      <trkpt lat="42.573791993781924" lon="1.482852967455983">
        <ele>1489</ele>
      </trkpt>
      <trkpt lat="42.573667019605637" lon="1.483009960502386">
        <ele>1487</ele>
      </trkpt>
      <trkpt lat="42.573489993810654" lon="1.483177011832595">
        <ele>1484</ele>
      </trkpt>
      <trkpt lat="42.573379017412663" lon="1.483350014314055">
        <ele>1484</ele>
      </trkpt>
      <trkpt lat="42.573350016027689" lon="1.483392007648945">
        <ele>1483</ele>
      </trkpt>
      <trkpt lat="42.573249014094472" lon="1.483551012352109">
        <ele>1482</ele>
      </trkpt>
      <trkpt lat="42.573218001052737" lon="1.483584037050605">
        <ele>1482</ele>
      </trkpt>
      <trkpt lat="42.573130996897817" lon="1.483736000955105">
        <ele>1485</ele>
      </trkpt>
      <trkpt lat="42.573080034926534" lon="1.483769025653601">
        <ele>1486</ele>
      </trkpt>
      <trkpt lat="42.573066959157586" lon="1.483777994289994">
        <ele>1486</ele>
      </trkpt>
      <trkpt lat="42.573067964985967" lon="1.483781011775136">
        <ele>1486</ele>
      </trkpt>
      <trkpt lat="42.573066959157586" lon="1.48376701399684">
        <ele>1486</ele>
      </trkpt>
      <trkpt lat="42.573067964985967" lon="1.483743041753769">
        <ele>1485</ele>
      </trkpt>
      <trkpt lat="42.573058996349573" lon="1.483741030097008">
        <ele>1485</ele>
      </trkpt>
      <trkpt lat="42.572998981922865" lon="1.483766008168459">
        <ele>1485</ele>
      </trkpt>
      <trkpt lat="42.572892028838396" lon="1.483800960704684">
        <ele>1486</ele>
      </trkpt>
      <trkpt lat="42.5727070402354" lon="1.48387698456645">
        <ele>1484</ele>
      </trkpt>
      <trkpt lat="42.572626993060112" lon="1.483888970687985">
        <ele>1483</ele>
      </trkpt>
      <trkpt lat="42.572661023586988" lon="1.483757039532065">
        <ele>1482</ele>
      </trkpt>
      <trkpt lat="42.57266303524375" lon="1.483757961541414">
        <ele>1482</ele>
      </trkpt>
      <trkpt lat="42.572566978633404" lon="1.483930964022875">
        <ele>1482</ele>
      </trkpt>
      <trkpt lat="42.572512999176979" lon="1.483952002599835">
        <ele>1481</ele>
      </trkpt>
      <trkpt lat="42.57245097309351" lon="1.483941022306681">
        <ele>1481</ele>
      </trkpt>
      <trkpt lat="42.572382995858788" lon="1.483923001214862">
        <ele>1480</ele>
      </trkpt>
      <trkpt lat="42.572261039167643" lon="1.483870027586818">
        <ele>1480</ele>
      </trkpt>
      <trkpt lat="42.572090970352292" lon="1.483907997608185">
        <ele>1479</ele>
      </trkpt>
      <trkpt lat="42.572057023644447" lon="1.483978992328048">
        <ele>1479</ele>
      </trkpt>
      <trkpt lat="42.571932971477509" lon="1.484163980931044">
        <ele>1477</ele>
      </trkpt>
      <trkpt lat="42.571857031434774" lon="1.484387023374438">
        <ele>1472</ele>
      </trkpt>
      <trkpt lat="42.571804979816079" lon="1.484602019190788">
        <ele>1469</ele>
      </trkpt>
      <trkpt lat="42.571757035329938" lon="1.484781978651881">
        <ele>1466</ele>
      </trkpt>
      <trkpt lat="42.571713030338287" lon="1.484611993655562">
        <ele>1466</ele>
      </trkpt>
      <trkpt lat="42.571712024509907" lon="1.484611993655562">
        <ele>1466</ele>
      </trkpt>
      <trkpt lat="42.571705989539623" lon="1.484605958685279">
        <ele>1466</ele>
      </trkpt>
      <trkpt lat="42.57167799398303" lon="1.484421975910664">
        <ele>1468</ele>
      </trkpt>
      <trkpt lat="42.571431985124946" lon="1.485600974410772">
        <ele>1460</ele>
      </trkpt>
      <trkpt lat="42.571402983739972" lon="1.485569039359689">
        <ele>1460</ele>
      </trkpt>
      <trkpt lat="42.571321008726954" lon="1.485704993829131">
        <ele>1460</ele>
      </trkpt>
      <trkpt lat="42.571280021220446" lon="1.485798032954335">
        <ele>1460</ele>
      </trkpt>
      <trkpt lat="42.571230987086892" lon="1.485882019624114">
        <ele>1460</ele>
      </trkpt>
      <trkpt lat="42.571171978488564" lon="1.485971035435796">
        <ele>1460</ele>
      </trkpt>
      <trkpt lat="42.571024959906936" lon="1.486114030703902">
        <ele>1460</ele>
      </trkpt>
      <trkpt lat="42.57100903429091" lon="1.486182007938623">
        <ele>1460</ele>
      </trkpt>
      <trkpt lat="42.571001993492246" lon="1.486387029290199">
        <ele>1460</ele>
      </trkpt>
      <trkpt lat="42.571000987663865" lon="1.486393986269832">
        <ele>1460</ele>
      </trkpt>
      <trkpt lat="42.570891017094254" lon="1.486657010391355">
        <ele>1459</ele>
      </trkpt>
      <trkpt lat="42.570762019604445" lon="1.486835964024067">
        <ele>1456</ele>
      </trkpt>
      <trkpt lat="42.570682978257537" lon="1.487021958455443">
        <ele>1454</ele>
      </trkpt>
      <trkpt lat="42.570702005177736" lon="1.486982982605696">
        <ele>1454</ele>
      </trkpt>
      <trkpt lat="42.57068901322782" lon="1.48703402839601">
        <ele>1454</ele>
      </trkpt>
      <trkpt lat="42.570665962994099" lon="1.487118015065789">
        <ele>1455</ele>
      </trkpt>
      <trkpt lat="42.57066898047924" lon="1.487136036157608">
        <ele>1455</ele>
      </trkpt>
      <trkpt lat="42.570652971044183" lon="1.487272996455431">
        <ele>1458</ele>
      </trkpt>
      <trkpt lat="42.570633022114635" lon="1.487346002832055">
        <ele>1459</ele>
      </trkpt>
      <trkpt lat="42.570564039051533" lon="1.487556975334883">
        <ele>1460</ele>
      </trkpt>
      <trkpt lat="42.570564039051533" lon="1.487556975334883">
        <ele>1460</ele>
      </trkpt>
      <trkpt lat="42.57055900990963" lon="1.487588994204998">
        <ele>1460</ele>
      </trkpt>
      <trkpt lat="42.570535959675908" lon="1.487692007794976">
        <ele>1460</ele>
      </trkpt>
      <trkpt lat="42.570435963571072" lon="1.487928964197636">
        <ele>1457</ele>
      </trkpt>
      <trkpt lat="42.570379972457886" lon="1.488158041611314">
        <ele>1456</ele>
      </trkpt>
      <trkpt lat="42.570336973294616" lon="1.48834403604269">
        <ele>1459</ele>
      </trkpt>
      <trkpt lat="42.570328004658222" lon="1.488375971093774">
        <ele>1459</ele>
      </trkpt>
      <trkpt lat="42.570293974131346" lon="1.488435985520482">
        <ele>1460</ele>
      </trkpt>
      <trkpt lat="42.570211999118328" lon="1.488595996052027">
        <ele>1462</ele>
      </trkpt>
      <trkpt lat="42.570204958319664" lon="1.48860496468842">
        <ele>1463</ele>
      </trkpt>
      <trkpt lat="42.570080989971757" lon="1.4887769613415">
        <ele>1466</ele>
      </trkpt>
      <trkpt lat="42.569983005523682" lon="1.488891039043665">
        <ele>1467</ele>
      </trkpt>
      <trkpt lat="42.569889966398478" lon="1.489050965756178">
        <ele>1468</ele>
      </trkpt>
      <trkpt lat="42.569864988327026" lon="1.489125983789563">
        <ele>1469</ele>
      </trkpt>
      <trkpt lat="42.569839004427195" lon="1.489153979346156">
        <ele>1469</ele>
      </trkpt>
      <trkpt lat="42.569819977506995" lon="1.489208964630961">
        <ele>1469</ele>
      </trkpt>
      <trkpt lat="42.569768009707332" lon="1.48926897905767">
        <ele>1469</ele>
      </trkpt>
      <trkpt lat="42.56974303163588" lon="1.48929001763463">
        <ele>1469</ele>
      </trkpt>
      <trkpt lat="42.569730961695313" lon="1.48931197822094">
        <ele>1469</ele>
      </trkpt>
      <trkpt lat="42.569715036079288" lon="1.489327987655997">
        <ele>1469</ele>
      </trkpt>
      <trkpt lat="42.569681005552411" lon="1.489351037889719">
        <ele>1469</ele>
      </trkpt>
      <trkpt lat="42.569671031087637" lon="1.489371992647648">
        <ele>1469</ele>
      </trkpt>
      <trkpt lat="42.569574974477291" lon="1.489508030936122">
        <ele>1470</ele>
      </trkpt>
      <trkpt lat="42.569567011669278" lon="1.489528985694051">
        <ele>1470</ele>
      </trkpt>
      <trkpt lat="42.569534992799163" lon="1.489582965150476">
        <ele>1470</ele>
      </trkpt>
      <trkpt lat="42.569530969485641" lon="1.48963300511241">
        <ele>1470</ele>
      </trkpt>
      <trkpt lat="42.569525018334389" lon="1.489725038409233">
        <ele>1471</ele>
      </trkpt>
      <trkpt lat="42.569509008899331" lon="1.489788992330432">
        <ele>1472</ele>
      </trkpt>
      <trkpt lat="42.569479001685977" lon="1.489975992590189">
        <ele>1473</ele>
      </trkpt>
      <trkpt lat="42.569479001685977" lon="1.490185959264636">
        <ele>1475</ele>
      </trkpt>
      <trkpt lat="42.569498028606176" lon="1.490371031686664">
        <ele>1477</ele>
      </trkpt>
      <trkpt lat="42.569502973929048" lon="1.490431968122721">
        <ele>1477</ele>
      </trkpt>
      <trkpt lat="42.569490987807512" lon="1.490666996687651">
        <ele>1482</ele>
      </trkpt>
      <trkpt lat="42.569482019171119" lon="1.490691974759102">
        <ele>1483</ele>
      </trkpt>
      <trkpt lat="42.569339023903012" lon="1.490819966420531">
        <ele>1485</ele>
      </trkpt>
      <trkpt lat="42.569297030568123" lon="1.490838993340731">
        <ele>1486</ele>
      </trkpt>
      <trkpt lat="42.569178007543087" lon="1.490818038582802">
        <ele>1486</ele>
      </trkpt>
      <trkpt lat="42.569074993953109" lon="1.490818960592151">
        <ele>1486</ele>
      </trkpt>
      <trkpt lat="42.569049010053277" lon="1.490842010825872">
        <ele>1486</ele>
      </trkpt>
      <trkpt lat="42.568961000069976" lon="1.49085802026093">
        <ele>1486</ele>
      </trkpt>
      <trkpt lat="42.568815993145108" lon="1.490875035524368">
        <ele>1485</ele>
      </trkpt>
      <trkpt lat="42.568678027018905" lon="1.49094301275909">
        <ele>1485</ele>
      </trkpt>
      <trkpt lat="42.568663023412228" lon="1.490976037457585">
        <ele>1486</ele>
      </trkpt>
      <trkpt lat="42.568594040349126" lon="1.491025993600488">
        <ele>1486</ele>
      </trkpt>
      <trkpt lat="42.568573001772165" lon="1.491034962236881">
        <ele>1486</ele>
      </trkpt>
      <trkpt lat="42.568539977073669" lon="1.491065975278616">
        <ele>1486</ele>
      </trkpt>
      <trkpt lat="42.568403016775846" lon="1.491155996918678">
        <ele>1486</ele>
      </trkpt>
      <trkpt lat="42.568337973207235" lon="1.491194972768426">
        <ele>1486</ele>
      </trkpt>
      <trkpt lat="42.568321041762829" lon="1.491206036880612">
        <ele>1486</ele>
      </trkpt>
      <trkpt lat="42.568201012909412" lon="1.491291029378772">
        <ele>1488</ele>
      </trkpt>
      <trkpt lat="42.56815399043262" lon="1.491321958601475">
        <ele>1488</ele>
      </trkpt>
      <trkpt lat="42.568115014582872" lon="1.491346014663577">
        <ele>1489</ele>
      </trkpt>
      <trkpt lat="42.568058017641306" lon="1.491379961371422">
        <ele>1490</ele>
      </trkpt>
      <trkpt lat="42.568058017641306" lon="1.491379961371422">
        <ele>1490</ele>
      </trkpt>
      <trkpt lat="42.568035973235965" lon="1.491413991898298">
        <ele>1492</ele>
      </trkpt>
      <trkpt lat="42.568027004599571" lon="1.491457996889949">
        <ele>1494</ele>
      </trkpt>
      <trkpt lat="42.56802499294281" lon="1.491491021588445">
        <ele>1495</ele>
      </trkpt>
      <trkpt lat="42.568017030134797" lon="1.491630999371409">
        <ele>1502</ele>
      </trkpt>
      <trkpt lat="42.568052988499403" lon="1.491694031283259">
        <ele>1505</ele>
      </trkpt>
      <trkpt lat="42.568191960453987" lon="1.491715991869569">
        <ele>1504</ele>
      </trkpt>
      <trkpt lat="42.56841198541224" lon="1.491641979664564">
        <ele>1502</ele>
      </trkpt>
      <trkpt lat="42.568554980680346" lon="1.491603003814817">
        <ele>1502</ele>
      </trkpt>
      <trkpt lat="42.568632010370493" lon="1.491598980501294">
        <ele>1503</ele>
      </trkpt>
      <trkpt lat="42.568756984546781" lon="1.491563022136688">
        <ele>1506</ele>
      </trkpt>
      <trkpt lat="42.568808030337095" lon="1.491495966911316">
        <ele>1505</ele>
      </trkpt>
      <trkpt lat="42.568863015621901" lon="1.491465037688613">
        <ele>1506</ele>
      </trkpt>
      <trkpt lat="42.568957982584834" lon="1.49143896996975">
        <ele>1507</ele>
      </trkpt>
      <trkpt lat="42.569136014208198" lon="1.491421032696962">
        <ele>1507</ele>
      </trkpt>
      <trkpt lat="42.569295018911362" lon="1.491442993283272">
        <ele>1507</ele>
      </trkpt>
      <trkpt lat="42.569313962012529" lon="1.491457996889949">
        <ele>1507</ele>
      </trkpt>
      <trkpt lat="42.569457963109016" lon="1.491540977731347">
        <ele>1508</ele>
      </trkpt>
      <trkpt lat="42.569516971707344" lon="1.491623036563397">
        <ele>1510</ele>
      </trkpt>
      <trkpt lat="42.569634988903999" lon="1.491742981597781">
        <ele>1514</ele>
      </trkpt>
      <trkpt lat="42.569659966975451" lon="1.491787992417812">
        <ele>1516</ele>
      </trkpt>
      <trkpt lat="42.569772033020854" lon="1.491935010999441">
        <ele>1520</ele>
      </trkpt>
      <trkpt lat="42.569840010255575" lon="1.492013968527317">
        <ele>1523</ele>
      </trkpt>
      <trkpt lat="42.569901030510664" lon="1.492013968527317">
        <ele>1522</ele>
      </trkpt>
      <trkpt lat="42.570028016343713" lon="1.49206199683249">
        <ele>1521</ele>
      </trkpt>
      <trkpt lat="42.570128012448549" lon="1.492058979347348">
        <ele>1521</ele>
      </trkpt>
      <trkpt lat="42.570148967206478" lon="1.492026038467884">
        <ele>1520</ele>
      </trkpt>
      <trkpt lat="42.570162964984775" lon="1.491969963535667">
        <ele>1519</ele>
      </trkpt>
      <trkpt lat="42.570209987461567" lon="1.491762008517981">
        <ele>1517</ele>
      </trkpt>
      <trkpt lat="42.570261033251882" lon="1.491666035726667">
        <ele>1517</ele>
      </trkpt>
      <trkpt lat="42.57030101493001" lon="1.49156897328794">
        <ele>1518</ele>
      </trkpt>
      <trkpt lat="42.570305038243532" lon="1.491521028801799">
        <ele>1518</ele>
      </trkpt>
      <trkpt lat="42.570334039628506" lon="1.491335034370422">
        <ele>1519</ele>
      </trkpt>
      <trkpt lat="42.570382989943027" lon="1.491233026608825">
        <ele>1522</ele>
      </trkpt>
      <trkpt lat="42.570363041013479" lon="1.49105197750032">
        <ele>1521</ele>
      </trkpt>
      <trkpt lat="42.570361029356718" lon="1.490867994725704">
        <ele>1519</ele>
      </trkpt>
      <trkpt lat="42.570422971621156" lon="1.490809991955757">
        <ele>1523</ele>
      </trkpt>
      <trkpt lat="42.570480974391103" lon="1.490820972248912">
        <ele>1527</ele>
      </trkpt>
      <trkpt lat="42.57047301158309" lon="1.490885009989142">
        <ele>1527</ele>
      </trkpt>
      <trkpt lat="42.57045398466289" lon="1.491091037169099">
        <ele>1528</ele>
      </trkpt>
      <trkpt lat="42.570450967177749" lon="1.491240989416838">
        <ele>1527</ele>
      </trkpt>
      <trkpt lat="42.570440992712975" lon="1.491434024646878">
        <ele>1526</ele>
      </trkpt>
      <trkpt lat="42.570441998541355" lon="1.491495966911316">
        <ele>1526</ele>
      </trkpt>
      <trkpt lat="42.570478040724993" lon="1.491698976606131">
        <ele>1528</ele>
      </trkpt>
      <trkpt lat="42.570479968562722" lon="1.491729989647865">
        <ele>1528</ele>
      </trkpt>
      <trkpt lat="42.570492960512638" lon="1.491785980761051">
        <ele>1529</ele>
      </trkpt>
      <trkpt lat="42.57049698382616" lon="1.491820011287928">
        <ele>1529</ele>
      </trkpt>
      <trkpt lat="42.570543000474572" lon="1.492017991840839">
        <ele>1532</ele>
      </trkpt>
      <trkpt lat="42.570563033223152" lon="1.492108013480902">
        <ele>1533</ele>
      </trkpt>
      <trkpt lat="42.570580970495939" lon="1.492198035120964">
        <ele>1535</ele>
      </trkpt>
      <trkpt lat="42.570607038214803" lon="1.492271041497588">
        <ele>1537</ele>
      </trkpt>
      <trkpt lat="42.570622963830829" lon="1.492339018732309">
        <ele>1538</ele>
      </trkpt>
      <trkpt lat="42.570641990751028" lon="1.492499029263854">
        <ele>1541</ele>
      </trkpt>
      <trkpt lat="42.570748021826148" lon="1.492608999833465">
        <ele>1545</ele>
      </trkpt>
      <trkpt lat="42.570831002667546" lon="1.492702960968018">
        <ele>1548</ele>
      </trkpt>
      <trkpt lat="42.570851035416126" lon="1.492715030908585">
        <ele>1549</ele>
      </trkpt>
      <trkpt lat="42.570913983508945" lon="1.492762975394726">
        <ele>1553</ele>
      </trkpt>
      <trkpt lat="42.570987995713949" lon="1.492787031456828">
        <ele>1556</ele>
      </trkpt>
      <trkpt lat="42.57103300653398" lon="1.492827013134956">
        <ele>1559</ele>
      </trkpt>
      <trkpt lat="42.571100983768702" lon="1.492860959842801">
        <ele>1563</ele>
      </trkpt>
      <trkpt lat="42.571105007082224" lon="1.492863977327943">
        <ele>1563</ele>
      </trkpt>
      <trkpt lat="42.571125039830804" lon="1.492890967056155">
        <ele>1565</ele>
      </trkpt>
      <trkpt lat="42.571125039830804" lon="1.492890967056155">
        <ele>1565</ele>
      </trkpt>
      <trkpt lat="42.57118203677237" lon="1.492910999804735">
        <ele>1567</ele>
      </trkpt>
      <trkpt lat="42.571266023442149" lon="1.492908988147974">
        <ele>1567</ele>
      </trkpt>
      <trkpt lat="42.571335006505251" lon="1.492952993139625">
        <ele>1570</ele>
      </trkpt>
      <trkpt lat="42.571390997618437" lon="1.492992974817753">
        <ele>1573</ele>
      </trkpt>
      <trkpt lat="42.571433996781707" lon="1.493033962324262">
        <ele>1576</ele>
      </trkpt>
      <trkpt lat="42.571571040898561" lon="1.493060030043125">
        <ele>1582</ele>
      </trkpt>
      <trkpt lat="42.571624014526606" lon="1.493079978972673">
        <ele>1583</ele>
      </trkpt>
      <trkpt lat="42.571663996204734" lon="1.493092970922589">
        <ele>1584</ele>
      </trkpt>
      <trkpt lat="42.571746977046132" lon="1.493168994784355">
        <ele>1586</ele>
      </trkpt>
      <trkpt lat="42.57178695872426" lon="1.493230015039444">
        <ele>1588</ele>
      </trkpt>
      <trkpt lat="42.571820989251137" lon="1.493278965353966">
        <ele>1590</ele>
      </trkpt>
      <trkpt lat="42.571861976757646" lon="1.493309978395701">
        <ele>1591</ele>
      </trkpt>
      <trkpt lat="42.571902964264154" lon="1.493352977558971">
        <ele>1592</ele>
      </trkpt>
      <trkpt lat="42.571930959820747" lon="1.49337301030755">
        <ele>1593</ele>
      </trkpt>
      <trkpt lat="42.571979993954301" lon="1.493422966450453">
        <ele>1596</ele>
      </trkpt>
      <trkpt lat="42.572044031694531" lon="1.493498990312219">
        <ele>1599</ele>
      </trkpt>
      <trkpt lat="42.572101028636098" lon="1.493591023609042">
        <ele>1602</ele>
      </trkpt>
      <trkpt lat="42.57212701253593" lon="1.493679033592343">
        <ele>1604</ele>
      </trkpt>
      <trkpt lat="42.572200018912554" lon="1.493777018040419">
        <ele>1606</ele>
      </trkpt>
      <trkpt lat="42.572227008640766" lon="1.493821023032069">
        <ele>1607</ele>
      </trkpt>
      <trkpt lat="42.572276964783669" lon="1.493941973894835">
        <ele>1609</ele>
      </trkpt>
      <trkpt lat="42.572302026674151" lon="1.493980027735233">
        <ele>1610</ele>
      </trkpt>
      <trkpt lat="42.572318958118558" lon="1.494007017463446">
        <ele>1611</ele>
      </trkpt>
      <trkpt lat="42.572374027222395" lon="1.494052028283477">
        <ele>1611</ele>
      </trkpt>
      <trkpt lat="42.572430018335581" lon="1.494174990803003">
        <ele>1615</ele>
      </trkpt>
      <trkpt lat="42.572485003620386" lon="1.494246991351247">
        <ele>1616</ele>
      </trkpt>
      <trkpt lat="42.572512999176979" lon="1.494289990514517">
        <ele>1618</ele>
      </trkpt>
      <trkpt lat="42.572516016662121" lon="1.494346987456083">
        <ele>1620</ele>
      </trkpt>
      <trkpt lat="42.572522973641753" lon="1.494409013539553">
        <ele>1622</ele>
      </trkpt>
      <trkpt lat="42.572524985298514" lon="1.494432985782623">
        <ele>1623</ele>
      </trkpt>
      <trkpt lat="42.572526996955276" lon="1.494439020752907">
        <ele>1623</ele>
      </trkpt>
      <trkpt lat="42.572524985298514" lon="1.494432985782623">
        <ele>1623</ele>
      </trkpt>
      <trkpt lat="42.572544012218714" lon="1.494442038238049">
        <ele>1624</ele>
      </trkpt>
      <trkpt lat="42.572465976700187" lon="1.494601964950562">
        <ele>1630</ele>
      </trkpt>
      <trkpt lat="42.572461031377316" lon="1.494601964950562">
        <ele>1631</ele>
      </trkpt>
      <trkpt lat="42.572461031377316" lon="1.494601964950562">
        <ele>1631</ele>
      </trkpt>
      <trkpt lat="42.572458013892174" lon="1.494600959122181">
        <ele>1631</ele>
      </trkpt>
      <trkpt lat="42.572301020845771" lon="1.494630966335535">
        <ele>1639</ele>
      </trkpt>
      <trkpt lat="42.572207981720567" lon="1.494624009355903">
        <ele>1644</ele>
      </trkpt>
      <trkpt lat="42.572131035849452" lon="1.494611017405987">
        <ele>1647</ele>
      </trkpt>
      <trkpt lat="42.57212701253593" lon="1.494601964950562">
        <ele>1647</ele>
      </trkpt>
      <trkpt lat="42.572071021422744" lon="1.494545973837376">
        <ele>1647</ele>
      </trkpt>
      <trkpt lat="42.571986028924584" lon="1.494473973289132">
        <ele>1647</ele>
      </trkpt>
      <trkpt lat="42.571920985355973" lon="1.49444698356092">
        <ele>1648</ele>
      </trkpt>
      <trkpt lat="42.571859965100884" lon="1.494370959699154">
        <ele>1647</ele>
      </trkpt>
      <trkpt lat="42.571821995079517" lon="1.494400966912508">
        <ele>1650</ele>
      </trkpt>
      <trkpt lat="42.571830041706562" lon="1.494475984945893">
        <ele>1653</ele>
      </trkpt>
      <trkpt lat="42.571828030049801" lon="1.494609005749226">
        <ele>1660</ele>
      </trkpt>
      <trkpt lat="42.571844039484859" lon="1.494734985753894">
        <ele>1666</ele>
      </trkpt>
      <trkpt lat="42.571855019778013" lon="1.494744960218668">
        <ele>1666</ele>
      </trkpt>
      <trkpt lat="42.571830041706562" lon="1.494742026552558">
        <ele>1667</ele>
      </trkpt>
      <trkpt lat="42.57180598564446" lon="1.494787037372589">
        <ele>1670</ele>
      </trkpt>
      <trkpt lat="42.571807997301221" lon="1.494929026812315">
        <ele>1677</ele>
      </trkpt>
      <trkpt lat="42.571800034493208" lon="1.494998009875417">
        <ele>1680</ele>
      </trkpt>
      <trkpt lat="42.57180699147284" lon="1.495019970461726">
        <ele>1681</ele>
      </trkpt>
      <trkpt lat="42.571807997301221" lon="1.495173024013639">
        <ele>1687</ele>
      </trkpt>
      <trkpt lat="42.571857031434774" lon="1.495354995131493">
        <ele>1693</ele>
      </trkpt>
      <trkpt lat="42.571887960657477" lon="1.495401011779904">
        <ele>1694</ele>
      </trkpt>
      <trkpt lat="42.571924002841115" lon="1.495437975972891">
        <ele>1695</ele>
      </trkpt>
      <trkpt lat="42.572010001167655" lon="1.49554300121963">
        <ele>1695</ele>
      </trkpt>
      <trkpt lat="42.572034979239106" lon="1.49565096013248">
        <ele>1699</ele>
      </trkpt>
      <trkpt lat="42.572071021422744" lon="1.49571399204433">
        <ele>1700</ele>
      </trkpt>
      <trkpt lat="42.572158025577664" lon="1.495764032006264">
        <ele>1699</ele>
      </trkpt>
      <trkpt lat="42.572200018912554" lon="1.495871990919113">
        <ele>1703</ele>
      </trkpt>
      <trkpt lat="42.572247041389346" lon="1.495922030881047">
        <ele>1704</ele>
      </trkpt>
      <trkpt lat="42.572277970612049" lon="1.496043987572193">
        <ele>1709</ele>
      </trkpt>
      <trkpt lat="42.572335973381996" lon="1.49610199034214">
        <ele>1710</ele>
      </trkpt>
      <trkpt lat="42.572384001687169" lon="1.496268035843968">
        <ele>1717</ele>
      </trkpt>
      <trkpt lat="42.572436975315213" lon="1.496383035555482">
        <ele>1722</ele>
      </trkpt>
      <trkpt lat="42.572466982528567" lon="1.49646601639688">
        <ele>1725</ele>
      </trkpt>
      <trkpt lat="42.572465976700187" lon="1.496499963104725">
        <ele>1727</ele>
      </trkpt>
      <trkpt lat="42.572447033599019" lon="1.496507003903389">
        <ele>1727</ele>
      </trkpt>
      <trkpt lat="42.572431024163961" lon="1.496613034978509">
        <ele>1732</ele>
      </trkpt>
      <trkpt lat="42.572463965043426" lon="1.496721999719739">
        <ele>1737</ele>
      </trkpt>
      <trkpt lat="42.572506964206696" lon="1.496815960854292">
        <ele>1740</ele>
      </trkpt>
      <trkpt lat="42.572550969198346" lon="1.49687203578651">
        <ele>1742</ele>
      </trkpt>
      <trkpt lat="42.572602014988661" lon="1.496902965009213">
        <ele>1742</ele>
      </trkpt>
      <trkpt lat="42.572646019980311" lon="1.496934983879328">
        <ele>1742</ele>
      </trkpt>
      <trkpt lat="42.57266596890986" lon="1.496975971385837">
        <ele>1743</ele>
      </trkpt>
      <trkpt lat="42.572646019980311" lon="1.497016958892345">
        <ele>1746</ele>
      </trkpt>
      <trkpt lat="42.572702011093497" lon="1.497106980532408">
        <ele>1748</ele>
      </trkpt>
      <trkpt lat="42.572753978893161" lon="1.4971540030092">
        <ele>1748</ele>
      </trkpt>
      <trkpt lat="42.572810975834727" lon="1.497214017435908">
        <ele>1750</ele>
      </trkpt>
      <trkpt lat="42.572866966947913" lon="1.497253999114037">
        <ele>1751</ele>
      </trkpt>
      <trkpt lat="42.57294399663806" lon="1.497269002720714">
        <ele>1752</ele>
      </trkpt>
      <trkpt lat="42.572989007458091" lon="1.497330022975802">
        <ele>1755</ele>
      </trkpt>
      <trkpt lat="42.572962017729878" lon="1.497375033795834">
        <ele>1758</ele>
      </trkpt>
      <trkpt lat="42.572935028001666" lon="1.497373022139072">
        <ele>1758</ele>
      </trkpt>
      <trkpt lat="42.572955982759595" lon="1.497429013252258">
        <ele>1761</ele>
      </trkpt>
      <trkpt lat="42.572994958609343" lon="1.497444016858935">
        <ele>1762</ele>
      </trkpt>
      <trkpt lat="42.573047010228038" lon="1.497524986043572">
        <ele>1767</ele>
      </trkpt>
      <trkpt lat="42.573041981086135" lon="1.49753998965025">
        <ele>1768</ele>
      </trkpt>
      <trkpt lat="42.573013985529542" lon="1.497568991035223">
        <ele>1769</ele>
      </trkpt>
      <trkpt lat="42.573028989136219" lon="1.49760696105659">
        <ele>1771</ele>
      </trkpt>
      <trkpt lat="42.573086991906166" lon="1.497657001018524">
        <ele>1774</ele>
      </trkpt>
      <trkpt lat="42.573172990232706" lon="1.497717015445232">
        <ele>1777</ele>
      </trkpt>
      <trkpt lat="42.573241973295808" lon="1.497802007943392">
        <ele>1780</ele>
      </trkpt>
      <trkpt lat="42.573283966630697" lon="1.497850958257914">
        <ele>1782</ele>
      </trkpt>
      <trkpt lat="42.573345992714167" lon="1.497814999893308">
        <ele>1781</ele>
      </trkpt>
      <trkpt lat="42.573428973555565" lon="1.497753979638219">
        <ele>1780</ele>
      </trkpt>
      <trkpt lat="42.573482031002641" lon="1.497727995738387">
        <ele>1783</ele>
      </trkpt>
      <trkpt lat="42.573482031002641" lon="1.497727995738387">
        <ele>1783</ele>
      </trkpt>
      <trkpt lat="42.573471972718835" lon="1.497774012386799">
        <ele>1784</ele>
      </trkpt>
      <trkpt lat="42.573463004082441" lon="1.497814999893308">
        <ele>1785</ele>
      </trkpt>
      <trkpt lat="42.57348001934588" lon="1.497835032641888">
        <ele>1787</ele>
      </trkpt>
      <trkpt lat="42.573494017124176" lon="1.497839977964759">
        <ele>1789</ele>
      </trkpt>
      <trkpt lat="42.573494017124176" lon="1.497839977964759">
        <ele>1789</ele>
      </trkpt>
      <trkpt lat="42.573497034609318" lon="1.49784198962152">
        <ele>1789</ele>
      </trkpt>
      <trkpt lat="42.573509020730853" lon="1.497860010713339">
        <ele>1790</ele>
      </trkpt>
      <trkpt lat="42.573512038215995" lon="1.497867973521352">
        <ele>1791</ele>
      </trkpt>
      <trkpt lat="42.573533998802304" lon="1.497882977128029">
        <ele>1793</ele>
      </trkpt>
      <trkpt lat="42.573563000187278" lon="1.497908961027861">
        <ele>1795</ele>
      </trkpt>
      <trkpt lat="42.573560988530517" lon="1.497925976291299">
        <ele>1796</ele>
      </trkpt>
      <trkpt lat="42.573553025722504" lon="1.497963024303317">
        <ele>1797</ele>
      </trkpt>
      <trkpt lat="42.573531987145543" lon="1.498014992102981">
        <ele>1798</ele>
      </trkpt>
      <trkpt lat="42.573471972718835" lon="1.498140972107649">
        <ele>1800</ele>
      </trkpt>
      <trkpt lat="42.57346099242568" lon="1.498234011232853">
        <ele>1804</ele>
      </trkpt>
      <trkpt lat="42.573452023789287" lon="1.49835797958076">
        <ele>1809</ele>
      </trkpt>
      <trkpt lat="42.573479013517499" lon="1.498427968472242">
        <ele>1813</ele>
      </trkpt>
      <trkpt lat="42.573478007689118" lon="1.498455964028835">
        <ele>1815</ele>
      </trkpt>
      <trkpt lat="42.573530981317163" lon="1.498437020927668">
        <ele>1816</ele>
      </trkpt>
      <trkpt lat="42.573585966601968" lon="1.498405002057552">
        <ele>1816</ele>
      </trkpt>
      <trkpt lat="42.573648998513818" lon="1.498377006500959">
        <ele>1817</ele>
      </trkpt>
      <trkpt lat="42.573750000447035" lon="1.498369965702295">
        <ele>1821</ele>
      </trkpt>
      <trkpt lat="42.573791993781924" lon="1.49831498041749">
        <ele>1821</ele>
      </trkpt>
      <trkpt lat="42.57384798489511" lon="1.498282961547375">
        <ele>1822</ele>
      </trkpt>
      <trkpt lat="42.57388997823" lon="1.498291008174419">
        <ele>1824</ele>
      </trkpt>
      <trkpt lat="42.573938006535172" lon="1.498304000124335">
        <ele>1827</ele>
      </trkpt>
      <trkpt lat="42.574000032618642" lon="1.498293019831181">
        <ele>1829</ele>
      </trkpt>
      <trkpt lat="42.574155014008284" lon="1.498210038989782">
        <ele>1830</ele>
      </trkpt>
      <trkpt lat="42.574221985414624" lon="1.498175002634525">
        <ele>1831</ele>
      </trkpt>
      <trkpt lat="42.574300020933151" lon="1.498125968500972">
        <ele>1832</ele>
      </trkpt>
      <trkpt lat="42.574392976239324" lon="1.498063020408154">
        <ele>1834</ele>
      </trkpt>
      <trkpt lat="42.574488027021289" lon="1.497996971011162">
        <ele>1835</ele>
      </trkpt>
      <trkpt lat="42.574518034234643" lon="1.497957995161414">
        <ele>1835</ele>
      </trkpt>
      <trkpt lat="42.574559021741152" lon="1.497968975454569">
        <ele>1837</ele>
      </trkpt>
      <trkpt lat="42.57466203533113" lon="1.497945003211498">
        <ele>1840</ele>
      </trkpt>
      <trkpt lat="42.574747027829289" lon="1.497954977676272">
        <ele>1844</ele>
      </trkpt>
      <trkpt lat="42.574821040034294" lon="1.497955983504653">
        <ele>1847</ele>
      </trkpt>
      <trkpt lat="42.574861021712422" lon="1.497955983504653">
        <ele>1848</ele>
      </trkpt>
      <trkpt lat="42.574889017269015" lon="1.497952966019511">
        <ele>1849</ele>
      </trkpt>
      <trkpt lat="42.574921036139131" lon="1.497949026525021">
        <ele>1850</ele>
      </trkpt>
      <trkpt lat="42.574941990897059" lon="1.497988002374768">
        <ele>1853</ele>
      </trkpt>
      <trkpt lat="42.574950959533453" lon="1.498060002923012">
        <ele>1856</ele>
      </trkpt>
      <trkpt lat="42.574956994503736" lon="1.498156981542707">
        <ele>1859</ele>
      </trkpt>
      <trkpt lat="42.574980966746807" lon="1.498220013454557">
        <ele>1862</ele>
      </trkpt>
      <trkpt lat="42.574978033080697" lon="1.498259995132685">
        <ele>1864</ele>
      </trkpt>
      <trkpt lat="42.574992030858994" lon="1.498311962932348">
        <ele>1866</ele>
      </trkpt>
      <trkpt lat="42.574988007545471" lon="1.498328978195787">
        <ele>1866</ele>
      </trkpt>
      <trkpt lat="42.574993036687374" lon="1.498343981802464">
        <ele>1867</ele>
      </trkpt>
      <trkpt lat="42.575025977566838" lon="1.498365020379424">
        <ele>1868</ele>
      </trkpt>
      <trkpt lat="42.575110970064998" lon="1.498358985409141">
        <ele>1869</ele>
      </trkpt>
      <trkpt lat="42.575161010026932" lon="1.498359991237521">
        <ele>1870</ele>
      </trkpt>
      <trkpt lat="42.575195040553808" lon="1.498350016772747">
        <ele>1872</ele>
      </trkpt>
      <trkpt lat="42.575198980048299" lon="1.498354962095618">
        <ele>1872</ele>
      </trkpt>
      <trkpt lat="42.575196968391538" lon="1.498382035642862">
        <ele>1873</ele>
      </trkpt>
      <trkpt lat="42.575165033340454" lon="1.498511033132672">
        <ele>1876</ele>
      </trkpt>
      <trkpt lat="42.575131002813578" lon="1.498622009530664">
        <ele>1881</ele>
      </trkpt>
      <trkpt lat="42.575115999206901" lon="1.498768022283912">
        <ele>1887</ele>
      </trkpt>
      <trkpt lat="42.575108958408237" lon="1.498810015618801">
        <ele>1889</ele>
      </trkpt>
      <trkpt lat="42.575085991993546" lon="1.498829964548349">
        <ele>1889</ele>
      </trkpt>
      <trkpt lat="42.575080040842295" lon="1.498874975368381">
        <ele>1891</ele>
      </trkpt>
      <trkpt lat="42.575109964236617" lon="1.498971031978726">
        <ele>1896</ele>
      </trkpt>
      <trkpt lat="42.57513795979321" lon="1.499030962586403">
        <ele>1899</ele>
      </trkpt>
      <trkpt lat="42.575149023905396" lon="1.499064993113279">
        <ele>1901</ele>
      </trkpt>
      <trkpt lat="42.575155980885029" lon="1.499073961749673">
        <ele>1901</ele>
      </trkpt>
      <trkpt lat="42.575140977278352" lon="1.499098017811775">
        <ele>1902</ele>
      </trkpt>
      <trkpt lat="42.575140977278352" lon="1.499098017811775">
        <ele>1902</ele>
      </trkpt>
      <trkpt lat="42.575139971449971" lon="1.499105980619788">
        <ele>1902</ele>
      </trkpt>
      <trkpt lat="42.575102001428604" lon="1.499118972569704">
        <ele>1902</ele>
      </trkpt>
      <trkpt lat="42.575145000591874" lon="1.499136993661523">
        <ele>1903</ele>
      </trkpt>
      <trkpt lat="42.575164027512074" lon="1.499120984226465">
        <ele>1903</ele>
      </trkpt>
      <trkpt lat="42.575182970613241" lon="1.499141016975045">
        <ele>1904</ele>
      </trkpt>
      <trkpt lat="42.575172996148467" lon="1.499154008924961">
        <ele>1904</ele>
      </trkpt>
      <trkpt lat="42.575213983654976" lon="1.499175969511271">
        <ele>1906</ele>
      </trkpt>
      <trkpt lat="42.575237033888698" lon="1.499198013916612">
        <ele>1908</ele>
      </trkpt>
      <trkpt lat="42.575302999466658" lon="1.499234978109598">
        <ele>1911</ele>
      </trkpt>
      <trkpt lat="42.575337029993534" lon="1.499264985322952">
        <ele>1913</ele>
      </trkpt>
      <trkpt lat="42.575325965881348" lon="1.499326005578041">
        <ele>1915</ele>
      </trkpt>
      <trkpt lat="42.575327977538109" lon="1.499372022226453">
        <ele>1916</ele>
      </trkpt>
      <trkpt lat="42.575338035821915" lon="1.499392976984382">
        <ele>1917</ele>
      </trkpt>
      <trkpt lat="42.575342981144786" lon="1.499429019168019">
        <ele>1919</ele>
      </trkpt>
      <trkpt lat="42.575324960052967" lon="1.499518034979701">
        <ele>1922</ele>
      </trkpt>
      <trkpt lat="42.575325965881348" lon="1.499562961980701">
        <ele>1923</ele>
      </trkpt>
      <trkpt lat="42.575330995023251" lon="1.499593975022435">
        <ele>1925</ele>
      </trkpt>
      <trkpt lat="42.575376005843282" lon="1.499679973348975">
        <ele>1929</ele>
      </trkpt>
      <trkpt lat="42.575396960601211" lon="1.499716015532613">
        <ele>1931</ele>
      </trkpt>
      <trkpt lat="42.575464015826583" lon="1.499723978340626">
        <ele>1933</ele>
      </trkpt>
      <trkpt lat="42.57558798417449" lon="1.499691959470511">
        <ele>1936</ele>
      </trkpt>
      <trkpt lat="42.575623020529747" lon="1.499705035239458">
        <ele>1938</ele>
      </trkpt>
      <trkpt lat="42.575640035793185" lon="1.499724984169006">
        <ele>1939</ele>
      </trkpt>
      <trkpt lat="42.575675994157791" lon="1.499782986938953">
        <ele>1942</ele>
      </trkpt>
      <trkpt lat="42.575667025521398" lon="1.499858004972339">
        <ele>1944</ele>
      </trkpt>
      <trkpt lat="42.575695021077991" lon="1.499928999692202">
        <ele>1947</ele>
      </trkpt>
      <trkpt lat="42.575727039948106" lon="1.499975016340613">
        <ele>1950</ele>
      </trkpt>
      <trkpt lat="42.575801974162459" lon="1.49998901411891">
        <ele>1953</ele>
      </trkpt>
      <trkpt lat="42.575826030224562" lon="1.499993959441781">
        <ele>1954</ele>
      </trkpt>
      <trkpt lat="42.575858971104026" lon="1.500038970261812">
        <ele>1956</ele>
      </trkpt>
      <trkpt lat="42.575920997187495" lon="1.50005598552525">
        <ele>1958</ele>
      </trkpt>
      <trkpt lat="42.575959973037243" lon="1.500121029093862">
        <ele>1959</ele>
      </trkpt>
      <trkpt lat="42.575986040756106" lon="1.500206021592021">
        <ele>1960</ele>
      </trkpt>
      <trkpt lat="42.576013030484319" lon="1.50031004101038">
        <ele>1960</ele>
      </trkpt>
      <trkpt lat="42.576024010777473" lon="1.50037600658834">
        <ele>1960</ele>
      </trkpt>
      <trkpt lat="42.575997021049261" lon="1.500404002144933">
        <ele>1960</ele>
      </trkpt>
      <trkpt lat="42.576008001342416" lon="1.500426968559623">
        <ele>1960</ele>
      </trkpt>
      <trkpt lat="42.576051000505686" lon="1.500477008521557">
        <ele>1960</ele>
      </trkpt>
      <trkpt lat="42.576076984405518" lon="1.500526964664459">
        <ele>1960</ele>
      </trkpt>
      <trkpt lat="42.576145967468619" lon="1.500565018504858">
        <ele>1958</ele>
      </trkpt>
      <trkpt lat="42.576277982443571" lon="1.500703990459442">
        <ele>1954</ele>
      </trkpt>
      <trkpt lat="42.576399017125368" lon="1.50076400488615">
        <ele>1950</ele>
      </trkpt>
      <trkpt lat="42.576437992975116" lon="1.50078697130084">
        <ele>1949</ele>
      </trkpt>
      <trkpt lat="42.576434975489974" lon="1.50078697130084">
        <ele>1949</ele>
      </trkpt>
      <trkpt lat="42.576438998803496" lon="1.50078697130084">
        <ele>1949</ele>
      </trkpt>
      <trkpt lat="42.576472023501992" lon="1.50080700404942">
        <ele>1948</ele>
      </trkpt>
      <trkpt lat="42.576507981866598" lon="1.500819995999336">
        <ele>1947</ele>
      </trkpt>
      <trkpt lat="42.576590962707996" lon="1.50082896463573">
        <ele>1945</ele>
      </trkpt>
      <trkpt lat="42.576625999063253" lon="1.500854026526213">
        <ele>1944</ele>
      </trkpt>
      <trkpt lat="42.576634967699647" lon="1.501003978773952">
        <ele>1940</ele>
      </trkpt>
      <trkpt lat="42.576631028205156" lon="1.501014037057757">
        <ele>1939</ele>
      </trkpt>
      <trkpt lat="42.576599009335041" lon="1.501154014840722">
        <ele>1937</ele>
      </trkpt>
      <trkpt lat="42.576618958264589" lon="1.501234984025359">
        <ele>1934</ele>
      </trkpt>
      <trkpt lat="42.576636979356408" lon="1.501263985410333">
        <ele>1933</ele>
      </trkpt>
      <trkpt lat="42.576675033196807" lon="1.501310002058744">
        <ele>1931</ele>
      </trkpt>
      <trkpt lat="42.576753990724683" lon="1.501405974850059">
        <ele>1927</ele>
      </trkpt>
      <trkpt lat="42.576762037351727" lon="1.501452997326851">
        <ele>1926</ele>
      </trkpt>
      <trkpt lat="42.576765976846218" lon="1.501488033682108">
        <ele>1925</ele>
      </trkpt>
      <trkpt lat="42.57679003290832" lon="1.501577971503139">
        <ele>1923</ele>
      </trkpt>
      <trkpt lat="42.576796989887953" lon="1.501632034778595">
        <ele>1921</ele>
      </trkpt>
      <trkpt lat="42.576801013201475" lon="1.501663969829679">
        <ele>1920</ele>
      </trkpt>
      <trkpt lat="42.576904026791453" lon="1.501734964549542">
        <ele>1916</ele>
      </trkpt>
      <trkpt lat="42.576905032619834" lon="1.501800008118153">
        <ele>1914</ele>
      </trkpt>
      <trkpt lat="42.576887011528015" lon="1.501865973696113">
        <ele>1913</ele>
      </trkpt>
      <trkpt lat="42.576881982386112" lon="1.501877959817648">
        <ele>1913</ele>
      </trkpt>
      <trkpt lat="42.576818028464913" lon="1.502102008089423">
        <ele>1910</ele>
      </trkpt>
      <trkpt lat="42.576791038736701" lon="1.502269981428981">
        <ele>1908</ele>
      </trkpt>
      <trkpt lat="42.576791038736701" lon="1.502295965328813">
        <ele>1907</ele>
      </trkpt>
      <trkpt lat="42.576791038736701" lon="1.502366960048676">
        <ele>1906</ele>
      </trkpt>
      <trkpt lat="42.576795984059572" lon="1.502412976697087">
        <ele>1904</ele>
      </trkpt>
      <trkpt lat="42.576843006536365" lon="1.502549014985561">
        <ele>1900</ele>
      </trkpt>
      <trkpt lat="42.576852981001139" lon="1.502680024132133">
        <ele>1897</ele>
      </trkpt>
      <trkpt lat="42.57683202624321" lon="1.502855038270354">
        <ele>1895</ele>
      </trkpt>
      <trkpt lat="42.576825991272926" lon="1.50295696221292">
        <ele>1893</ele>
      </trkpt>
      <trkpt lat="42.576831020414829" lon="1.503079002723098">
        <ele>1890</ele>
      </trkpt>
      <trkpt lat="42.576844012364745" lon="1.503142034634948">
        <ele>1887</ele>
      </trkpt>
      <trkpt lat="42.576840994879603" lon="1.503160977736116">
        <ele>1887</ele>
      </trkpt>
      <trkpt lat="42.576806964352727" lon="1.50336298160255">
        <ele>1883</ele>
      </trkpt>
      <trkpt lat="42.576785003766418" lon="1.503575965762138">
        <ele>1879</ele>
      </trkpt>
      <trkpt lat="42.576773017644882" lon="1.503732958808541">
        <ele>1877</ele>
      </trkpt>
      <trkpt lat="42.576783997938037" lon="1.503906967118383">
        <ele>1873</ele>
      </trkpt>
      <trkpt lat="42.576786009594798" lon="1.503928005695343">
        <ele>1872</ele>
      </trkpt>
      <trkpt lat="42.57681299932301" lon="1.504024984315038">
        <ele>1869</ele>
      </trkpt>
      <trkpt lat="42.576824985444546" lon="1.504148030653596">
        <ele>1866</ele>
      </trkpt>
      <trkpt lat="42.576836971566081" lon="1.504251966252923">
        <ele>1863</ele>
      </trkpt>
      <trkpt lat="42.576808976009488" lon="1.504489006474614">
        <ele>1861</ele>
      </trkpt>
      <trkpt lat="42.576839989051223" lon="1.504601994529367">
        <ele>1857</ele>
      </trkpt>
      <trkpt lat="42.576837977394462" lon="1.504642982035875">
        <ele>1856</ele>
      </trkpt>
      <trkpt lat="42.576843006536365" lon="1.504800980910659">
        <ele>1852</ele>
      </trkpt>
      <trkpt lat="42.576890029013157" lon="1.504782037809491">
        <ele>1849</ele>
      </trkpt>
      <trkpt lat="42.576892040669918" lon="1.504882033914328">
        <ele>1847</ele>
      </trkpt>
      <trkpt lat="42.576895980164409" lon="1.504959985613823">
        <ele>1845</ele>
      </trkpt>
      <trkpt lat="42.576882988214493" lon="1.505012037232518">
        <ele>1844</ele>
      </trkpt>
      <trkpt lat="42.57687795907259" lon="1.505104992538691">
        <ele>1841</ele>
      </trkpt>
      <trkpt lat="42.576847029849887" lon="1.505268020555377">
        <ele>1839</ele>
      </trkpt>
      <trkpt lat="42.576785003766418" lon="1.505414033308625">
        <ele>1838</ele>
      </trkpt>
      <trkpt lat="42.576775029301643" lon="1.505482010543346">
        <ele>1836</ele>
      </trkpt>
      <trkpt lat="42.576805958524346" lon="1.505607990548015">
        <ele>1830</ele>
      </trkpt>
      <trkpt lat="42.576781986281276" lon="1.505668004974723">
        <ele>1829</ele>
      </trkpt>
      <trkpt lat="42.576730018481612" lon="1.505786022171378">
        <ele>1828</ele>
      </trkpt>
      <trkpt lat="42.576659023761749" lon="1.506025996059179">
        <ele>1824</ele>
      </trkpt>
      <trkpt lat="42.576653994619846" lon="1.506105037406087">
        <ele>1821</ele>
      </trkpt>
      <trkpt lat="42.576657012104988" lon="1.506164968013763">
        <ele>1819</ele>
      </trkpt>
      <trkpt lat="42.576656006276608" lon="1.506323972716928">
        <ele>1814</ele>
      </trkpt>
      <trkpt lat="42.576606972143054" lon="1.50643503293395">
        <ele>1812</ele>
      </trkpt>
      <trkpt lat="42.576652988791466" lon="1.506452970206738">
        <ele>1810</ele>
      </trkpt>
      <trkpt lat="42.576687019318342" lon="1.506465962156653">
        <ele>1808</ele>
      </trkpt>
      <trkpt lat="42.576702022925019" lon="1.506512984633446">
        <ele>1805</ele>
      </trkpt>
      <trkpt lat="42.576748039573431" lon="1.506661009043455">
        <ele>1799</ele>
      </trkpt>
      <trkpt lat="42.576881982386112" lon="1.506695039570332">
        <ele>1792</ele>
      </trkpt>
      <trkpt lat="42.576932022348046" lon="1.506748013198376">
        <ele>1788</ele>
      </trkpt>
      <trkpt lat="42.576947025954723" lon="1.506755976006389">
        <ele>1787</ele>
      </trkpt>
      <trkpt lat="42.577012991532683" lon="1.50673502124846">
        <ele>1785</ele>
      </trkpt>
      <trkpt lat="42.577126985415816" lon="1.506669977679849">
        <ele>1782</ele>
      </trkpt>
      <trkpt lat="42.57722002454102" lon="1.506662014871836">
        <ele>1780</ele>
      </trkpt>
      <trkpt lat="42.5772849842906" lon="1.506681963801384">
        <ele>1777</ele>
      </trkpt>
      <trkpt lat="42.577324965968728" lon="1.50669202208519">
        <ele>1775</ele>
      </trkpt>
      <trkpt lat="42.577451029792428" lon="1.506674000993371">
        <ele>1772</ele>
      </trkpt>
      <trkpt lat="42.577580027282238" lon="1.506635025143623">
        <ele>1769</ele>
      </trkpt>
      <trkpt lat="42.577682035043836" lon="1.506605017930269">
        <ele>1767</ele>
      </trkpt>
      <trkpt lat="42.577707013115287" lon="1.506591020151973">
        <ele>1766</ele>
      </trkpt>
      <trkpt lat="42.577722016721964" lon="1.506597977131605">
        <ele>1765</ele>
      </trkpt>
      <trkpt lat="42.577739031985402" lon="1.506604012101889">
        <ele>1765</ele>
      </trkpt>
      <trkpt lat="42.577789993956685" lon="1.506598982959986">
        <ele>1763</ele>
      </trkpt>
      <trkpt lat="42.577892001718283" lon="1.506541986018419">
        <ele>1760</ele>
      </trkpt>
      <trkpt lat="42.577975988388062" lon="1.506559001281858">
        <ele>1756</ele>
      </trkpt>
      <trkpt lat="42.577988980337977" lon="1.506593031808734">
        <ele>1754</ele>
      </trkpt>
      <trkpt lat="42.578001972287893" lon="1.506640976294875">
        <ele>1753</ele>
      </trkpt>
      <trkpt lat="42.57799400947988" lon="1.506783971562982">
        <ele>1750</ele>
      </trkpt>
      <trkpt lat="42.578018987551332" lon="1.506904000416398">
        <ele>1745</ele>
      </trkpt>
      <trkpt lat="42.578050000593066" lon="1.506948005408049">
        <ele>1743</ele>
      </trkpt>
      <trkpt lat="42.578105991706252" lon="1.506968960165978">
        <ele>1740</ele>
      </trkpt>
      <trkpt lat="42.578105991706252" lon="1.50699402205646">
        <ele>1739</ele>
      </trkpt>
      <trkpt lat="42.578097023069859" lon="1.507011037319899">
        <ele>1738</ele>
      </trkpt>
      <trkpt lat="42.578081013634801" lon="1.507084965705872">
        <ele>1736</ele>
      </trkpt>
      <trkpt lat="42.578153014183044" lon="1.507169036194682">
        <ele>1730</ele>
      </trkpt>
      <trkpt lat="42.578173968940973" lon="1.507216980680823">
        <ele>1728</ele>
      </trkpt>
      <trkpt lat="42.578180003911257" lon="1.507248999550939">
        <ele>1727</ele>
      </trkpt>
      <trkpt lat="42.578160976991057" lon="1.507296022027731">
        <ele>1725</ele>
      </trkpt>
      <trkpt lat="42.578071039170027" lon="1.507471036165953">
        <ele>1721</ele>
      </trkpt>
      <trkpt lat="42.5779930036515" lon="1.507672034204006">
        <ele>1714</ele>
      </trkpt>
      <trkpt lat="42.577982023358345" lon="1.507722996175289">
        <ele>1712</ele>
      </trkpt>
      <trkpt lat="42.577971965074539" lon="1.507749985903502">
        <ele>1711</ele>
      </trkpt>
      <trkpt lat="42.577961990609765" lon="1.507754009217024">
        <ele>1711</ele>
      </trkpt>
      <trkpt lat="42.577948998659849" lon="1.50776700116694">
        <ele>1711</ele>
      </trkpt>
      <trkpt lat="42.577831987291574" lon="1.507878983393312">
        <ele>1710</ele>
      </trkpt>
      <trkpt lat="42.577697960659862" lon="1.508058020845056">
        <ele>1707</ele>
      </trkpt>
      <trkpt lat="42.577620008960366" lon="1.508176038041711">
        <ele>1705</ele>
      </trkpt>
      <trkpt lat="42.577490005642176" lon="1.508362032473087">
        <ele>1701</ele>
      </trkpt>
      <trkpt lat="42.577458992600441" lon="1.508440990000963">
        <ele>1698</ele>
      </trkpt>
      <trkpt lat="42.577578015625477" lon="1.508481977507472">
        <ele>1692</ele>
      </trkpt>
      <trkpt lat="42.577594025060534" lon="1.508492035791278">
        <ele>1691</ele>
      </trkpt>
      <trkpt lat="42.577712964266539" lon="1.508493041619659">
        <ele>1686</ele>
      </trkpt>
      <trkpt lat="42.577812960371375" lon="1.508480971679092">
        <ele>1684</ele>
      </trkpt>
      <trkpt lat="42.577849002555013" lon="1.508473008871079">
        <ele>1684</ele>
      </trkpt>
      <trkpt lat="42.577885966747999" lon="1.50847602635622">
        <ele>1685</ele>
      </trkpt>
      <trkpt lat="42.577904993668199" lon="1.508535034954548">
        <ele>1683</ele>
      </trkpt>
      <trkpt lat="42.577967019751668" lon="1.508652968332171">
        <ele>1681</ele>
      </trkpt>
      <trkpt lat="42.578014964237809" lon="1.508866036310792">
        <ele>1674</ele>
      </trkpt>
      <trkpt lat="42.578000966459513" lon="1.508981036022306">
        <ele>1670</ele>
      </trkpt>
      <trkpt lat="42.578004989773035" lon="1.50901397690177">
        <ele>1669</ele>
      </trkpt>
      <trkpt lat="42.577985040843487" lon="1.509129982441664">
        <ele>1664</ele>
      </trkpt>
      <trkpt lat="42.578013958409429" lon="1.509318994358182">
        <ele>1658</ele>
      </trkpt>
      <trkpt lat="42.578044971451163" lon="1.50944103486836">
        <ele>1656</ele>
      </trkpt>
      <trkpt lat="42.57805704139173" lon="1.509502977132797">
        <ele>1655</ele>
      </trkpt>
      <trkpt lat="42.578081013634801" lon="1.509683020412922">
        <ele>1652</ele>
      </trkpt>
      <trkpt lat="42.578084031119943" lon="1.509773964062333">
        <ele>1649</ele>
      </trkpt>
      <trkpt lat="42.578095011413097" lon="1.509856022894383">
        <ele>1647</ele>
      </trkpt>
      <trkpt lat="42.578120995312929" lon="1.509992983192205">
        <ele>1645</ele>
      </trkpt>
      <trkpt lat="42.578130969777703" lon="1.510017961263657">
        <ele>1645</ele>
      </trkpt>
      <trkpt lat="42.578154020011425" lon="1.5100899618119">
        <ele>1644</ele>
      </trkpt>
      <trkpt lat="42.578216968104243" lon="1.510333037003875">
        <ele>1639</ele>
      </trkpt>
      <trkpt lat="42.57827203720808" lon="1.510469997301698">
        <ele>1637</ele>
      </trkpt>
      <trkpt lat="42.578298021107912" lon="1.510530011728406">
        <ele>1636</ele>
      </trkpt>
      <trkpt lat="42.578353006392717" lon="1.510677030310035">
        <ele>1633</ele>
      </trkpt>
      <trkpt lat="42.578399023041129" lon="1.510822959244251">
        <ele>1631</ele>
      </trkpt>
      <trkpt lat="42.578434981405735" lon="1.510966038331389">
        <ele>1628</ele>
      </trkpt>
      <trkpt lat="42.578457025811076" lon="1.511083971709013">
        <ele>1625</ele>
      </trkpt>
      <trkpt lat="42.578457025811076" lon="1.511083971709013">
        <ele>1625</ele>
      </trkpt>
      <trkpt lat="42.578475968912244" lon="1.511155972257257">
        <ele>1624</ele>
      </trkpt>
      <trkpt lat="42.57848703302443" lon="1.51133400388062">
        <ele>1618</ele>
      </trkpt>
      <trkpt lat="42.578511005267501" lon="1.511538019403815">
        <ele>1612</ele>
      </trkpt>
      <trkpt lat="42.57850899361074" lon="1.511579006910324">
        <ele>1611</ele>
      </trkpt>
      <trkpt lat="42.578504970297217" lon="1.511608008295298">
        <ele>1609</ele>
      </trkpt>
      <trkpt lat="42.578526008874178" lon="1.511715967208147">
        <ele>1608</ele>
      </trkpt>
      <trkpt lat="42.578511005267501" lon="1.511833984404802">
        <ele>1603</ele>
      </trkpt>
      <trkpt lat="42.578512011095881" lon="1.511873966082931">
        <ele>1602</ele>
      </trkpt>
      <trkpt lat="42.578502036631107" lon="1.511910008266568">
        <ele>1600</ele>
      </trkpt>
      <trkpt lat="42.578484015539289" lon="1.512027019634843">
        <ele>1596</ele>
      </trkpt>
      <trkpt lat="42.578519973903894" lon="1.512154005467892">
        <ele>1592</ele>
      </trkpt>
      <trkpt lat="42.578598009422421" lon="1.512226006016135">
        <ele>1592</ele>
      </trkpt>
      <trkpt lat="42.57861603051424" lon="1.512297000735998">
        <ele>1590</ele>
      </trkpt>
      <trkpt lat="42.578630028292537" lon="1.512313010171056">
        <ele>1589</ele>
      </trkpt>
      <trkpt lat="42.578648971393704" lon="1.512319967150688">
        <ele>1589</ele>
      </trkpt>
      <trkpt lat="42.578700017184019" lon="1.512393979355693">
        <ele>1587</ele>
      </trkpt>
      <trkpt lat="42.578773023560643" lon="1.512477966025472">
        <ele>1582</ele>
      </trkpt>
      <trkpt lat="42.578799007460475" lon="1.512505039572716">
        <ele>1581</ele>
      </trkpt>
      <trkpt lat="42.578901015222073" lon="1.512630013749003">
        <ele>1575</ele>
      </trkpt>
      <trkpt lat="42.578930016607046" lon="1.512669995427132">
        <ele>1573</ele>
      </trkpt>
      <trkpt lat="42.578975027427077" lon="1.512723974883556">
        <ele>1570</ele>
      </trkpt>
      <trkpt lat="42.579010985791683" lon="1.512765968218446">
        <ele>1569</ele>
      </trkpt>
      <trkpt lat="42.579074017703533" lon="1.512847021222115">
        <ele>1566</ele>
      </trkpt>
      <trkpt lat="42.579133026301861" lon="1.512925978749991">
        <ele>1563</ele>
      </trkpt>
      <trkpt lat="42.579165967181325" lon="1.51301097124815">
        <ele>1560</ele>
      </trkpt>
      <trkpt lat="42.579190023243427" lon="1.513037960976362">
        <ele>1559</ele>
      </trkpt>
      <trkpt lat="42.579244002699852" lon="1.513166036456823">
        <ele>1554</ele>
      </trkpt>
      <trkpt lat="42.579334024339914" lon="1.513276007026434">
        <ele>1551</ele>
      </trkpt>
      <trkpt lat="42.579397978261113" lon="1.513397041708231">
        <ele>1547</ele>
      </trkpt>
      <trkpt lat="42.579419016838074" lon="1.513445992022753">
        <ele>1545</ele>
      </trkpt>
      <trkpt lat="42.579492023214698" lon="1.513529978692532">
        <ele>1541</ele>
      </trkpt>
      <trkpt lat="42.579573998227715" lon="1.513585969805718">
        <ele>1539</ele>
      </trkpt>
      <trkpt lat="42.579639041796327" lon="1.513665011152625">
        <ele>1535</ele>
      </trkpt>
      <trkpt lat="42.579684974625707" lon="1.51369602419436">
        <ele>1533</ele>
      </trkpt>
      <trkpt lat="42.579748006537557" lon="1.513736005872488">
        <ele>1533</ele>
      </trkpt>
      <trkpt lat="42.579772984609008" lon="1.513748997822404">
        <ele>1533</ele>
      </trkpt>
      <trkpt lat="42.579787988215685" lon="1.513756960630417">
        <ele>1533</ele>
      </trkpt>
      <trkpt lat="42.579858982935548" lon="1.513840025290847">
        <ele>1529</ele>
      </trkpt>
      <trkpt lat="42.579898964613676" lon="1.513884030282497">
        <ele>1526</ele>
      </trkpt>
      <trkpt lat="42.579915979877114" lon="1.513889981433749">
        <ele>1526</ele>
      </trkpt>
      <trkpt lat="42.579951016232371" lon="1.51391202583909">
        <ele>1525</ele>
      </trkpt>
      <trkpt lat="42.580075990408659" lon="1.513876989483833">
        <ele>1526</ele>
      </trkpt>
      <trkpt lat="42.580199958756566" lon="1.513775987550616">
        <ele>1522</ele>
      </trkpt>
      <trkpt lat="42.580274976789951" lon="1.513731982558966">
        <ele>1518</ele>
      </trkpt>
      <trkpt lat="42.58027296513319" lon="1.513685965910554">
        <ele>1520</ele>
      </trkpt>
      <trkpt lat="42.580321999266744" lon="1.51352796703577">
        <ele>1521</ele>
      </trkpt>
      <trkpt lat="42.580326022580266" lon="1.513512963429093">
        <ele>1522</ele>
      </trkpt>
      <trkpt lat="42.580344965681434" lon="1.513456972315908">
        <ele>1522</ele>
      </trkpt>
      <trkpt lat="42.580572031438351" lon="1.51335496455431">
        <ele>1513</ele>
      </trkpt>
      <trkpt lat="42.580597009509802" lon="1.513378014788032">
        <ele>1512</ele>
      </trkpt>
      <trkpt lat="42.580668004229665" lon="1.513455966487527">
        <ele>1507</ele>
      </trkpt>
      <trkpt lat="42.580797001719475" lon="1.513529978692532">
        <ele>1502</ele>
      </trkpt>
      <trkpt lat="42.580797001719475" lon="1.513555962592363">
        <ele>1501</ele>
      </trkpt>
      <trkpt lat="42.580789038911462" lon="1.513560991734266">
        <ele>1500</ele>
      </trkpt>
      <trkpt lat="42.580773029476404" lon="1.513569038361311">
        <ele>1500</ele>
      </trkpt>
      <trkpt lat="42.580686025321484" lon="1.51359099894762">
        <ele>1499</ele>
      </trkpt>
      <trkpt lat="42.580768000334501" lon="1.513671968132258">
        <ele>1493</ele>
      </trkpt>
      <trkpt lat="42.580806976184249" lon="1.513684038072825">
        <ele>1492</ele>
      </trkpt>
      <trkpt lat="42.580831032246351" lon="1.513681020587683">
        <ele>1492</ele>
      </trkpt>
      <trkpt lat="42.580956006422639" lon="1.513690995052457">
        <ele>1490</ele>
      </trkpt>
      <trkpt lat="42.581005962565541" lon="1.513731982558966">
        <ele>1487</ele>
      </trkpt>
      <trkpt lat="42.580903032794595" lon="1.513748997822404">
        <ele>1487</ele>
      </trkpt>
      <trkpt lat="42.580871013924479" lon="1.513771964237094">
        <ele>1486</ele>
      </trkpt>
      <trkpt lat="42.580871013924479" lon="1.513771964237094">
        <ele>1486</ele>
      </trkpt>
      <trkpt lat="42.580871013924479" lon="1.513771964237094">
        <ele>1486</ele>
      </trkpt>
      <trkpt lat="42.580820973962545" lon="1.513833990320563">
        <ele>1484</ele>
      </trkpt>
      <trkpt lat="42.580766994506121" lon="1.513870032504201">
        <ele>1483</ele>
      </trkpt>
      <trkpt lat="42.580773029476404" lon="1.513866009190679">
        <ele>1483</ele>
      </trkpt>
      <trkpt lat="42.580798007547855" lon="1.513932980597019">
        <ele>1479</ele>
      </trkpt>
      <trkpt lat="42.58085198700428" lon="1.514047980308533">
        <ele>1472</ele>
      </trkpt>
      <trkpt lat="42.580866990610957" lon="1.514058960601687">
        <ele>1471</ele>
      </trkpt>
      <trkpt lat="42.580898003652692" lon="1.51410698890686">
        <ele>1467</ele>
      </trkpt>
      <trkpt lat="42.580946031957865" lon="1.514144036918879">
        <ele>1464</ele>
      </trkpt>
      <trkpt lat="42.581007974222302" lon="1.514175971969962">
        <ele>1461</ele>
      </trkpt>
      <trkpt lat="42.581090033054352" lon="1.514214025810361">
        <ele>1460</ele>
      </trkpt>
      <trkpt lat="42.581136971712112" lon="1.51425601914525">
        <ele>1459</ele>
      </trkpt>
      <trkpt lat="42.581163039430976" lon="1.514276973903179">
        <ele>1458</ele>
      </trkpt>
      <trkpt lat="42.581175025552511" lon="1.514288960024715">
        <ele>1458</ele>
      </trkpt>
      <trkpt lat="42.581203021109104" lon="1.514311004430056">
        <ele>1458</ele>
      </trkpt>
      <trkpt lat="42.581206038594246" lon="1.514311004430056">
        <ele>1458</ele>
      </trkpt>
      <trkpt lat="42.58123897947371" lon="1.514292983338237">
        <ele>1460</ele>
      </trkpt>
      <trkpt lat="42.581332018598914" lon="1.514389039948583">
        <ele>1459</ele>
      </trkpt>
      <trkpt lat="42.581378035247326" lon="1.514317039400339">
        <ele>1461</ele>
      </trkpt>
      <trkpt lat="42.581408964470029" lon="1.514305975288153">
        <ele>1462</ele>
      </trkpt>
      <trkpt lat="42.581435032188892" lon="1.514285020530224">
        <ele>1463</ele>
      </trkpt>
      <trkpt lat="42.58147400803864" lon="1.514243027195334">
        <ele>1465</ele>
      </trkpt>
      <trkpt lat="42.581518013030291" lon="1.514196004718542">
        <ele>1468</ele>
      </trkpt>
      <trkpt lat="42.581531004980206" lon="1.514204973354936">
        <ele>1468</ele>
      </trkpt>
      <trkpt lat="42.581559000536799" lon="1.514247972518206">
        <ele>1468</ele>
      </trkpt>
      <trkpt lat="42.58158003911376" lon="1.514313016086817">
        <ele>1467</ele>
      </trkpt>
      <trkpt lat="42.581649022176862" lon="1.514360960572958">
        <ele>1470</ele>
      </trkpt>
      <trkpt lat="42.581709958612919" lon="1.514398008584976">
        <ele>1472</ele>
      </trkpt>
      <trkpt lat="42.581709958612919" lon="1.514398008584976">
        <ele>1472</ele>
      </trkpt>
      <trkpt lat="42.581735020503402" lon="1.514435978606343">
        <ele>1472</ele>
      </trkpt>
      <trkpt lat="42.581762010231614" lon="1.514456011354923">
        <ele>1473</ele>
      </trkpt>
      <trkpt lat="42.581799980252981" lon="1.514501022174954">
        <ele>1473</ele>
      </trkpt>
      <trkpt lat="42.581901988014579" lon="1.514676036313176">
        <ele>1474</ele>
      </trkpt>
      <trkpt lat="42.581966025754809" lon="1.514881979674101">
        <ele>1473</ele>
      </trkpt>
      <trkpt lat="42.581999972462654" lon="1.514954986050725">
        <ele>1474</ele>
      </trkpt>
      <trkpt lat="42.58198999799788" lon="1.515018017962575">
        <ele>1472</ele>
      </trkpt>
      <trkpt lat="42.581986980512738" lon="1.515048025175929">
        <ele>1471</ele>
      </trkpt>
      <trkpt lat="42.581985974684358" lon="1.515057999640703">
        <ele>1471</ele>
      </trkpt>
      <trkpt lat="42.581991003826261" lon="1.515148021280766">
        <ele>1469</ele>
      </trkpt>
      <trkpt lat="42.581995027139783" lon="1.51524399407208">
        <ele>1468</ele>
      </trkpt>
      <trkpt lat="42.58198999799788" lon="1.515296967700124">
        <ele>1467</ele>
      </trkpt>
      <trkpt lat="42.581999972462654" lon="1.515334015712142">
        <ele>1467</ele>
      </trkpt>
      <trkpt lat="42.581988992169499" lon="1.515397969633341">
        <ele>1464</ele>
      </trkpt>
      <trkpt lat="42.581971976906061" lon="1.515496959909797">
        <ele>1459</ele>
      </trkpt>
      <trkpt lat="42.581968037411571" lon="1.515548005700111">
        <ele>1457</ele>
      </trkpt>
      <trkpt lat="42.581959990784526" lon="1.515602990984917">
        <ele>1453</ele>
      </trkpt>
      <trkpt lat="42.581940041854978" lon="1.515611037611961">
        <ele>1451</ele>
      </trkpt>
      <trkpt lat="42.581908022984862" lon="1.515677003189921">
        <ele>1445</ele>
      </trkpt>
      <trkpt lat="42.581879021599889" lon="1.515768030658364">
        <ele>1439</ele>
      </trkpt>
      <trkpt lat="42.58186100050807" lon="1.515874983742833">
        <ele>1434</ele>
      </trkpt>
      <trkpt lat="42.581855971366167" lon="1.515885964035988">
        <ele>1433</ele>
      </trkpt>
      <trkpt lat="42.581876004114747" lon="1.515940027311444">
        <ele>1432</ele>
      </trkpt>
      <trkpt lat="42.581919003278017" lon="1.516043962910771">
        <ele>1430</ele>
      </trkpt>
      <trkpt lat="42.581938030198216" lon="1.516065001487732">
        <ele>1431</ele>
      </trkpt>
      <trkpt lat="42.581960996612906" lon="1.516096014529467">
        <ele>1431</ele>
      </trkpt>
      <trkpt lat="42.582044983282685" lon="1.516286032274365">
        <ele>1429</ele>
      </trkpt>
      <trkpt lat="42.582086976617575" lon="1.516417963430286">
        <ele>1424</ele>
      </trkpt>
      <trkpt lat="42.582112960517406" lon="1.516451993957162">
        <ele>1423</ele>
      </trkpt>
      <trkpt lat="42.582135004922748" lon="1.516484012827277">
        <ele>1421</ele>
      </trkpt>
      <trkpt lat="42.582194013521075" lon="1.516632959246635">
        <ele>1415</ele>
      </trkpt>
      <trkpt lat="42.582261990755796" lon="1.516732033342123">
        <ele>1412</ele>
      </trkpt>
      <trkpt lat="42.58233399130404" lon="1.516764974221587">
        <ele>1413</ele>
      </trkpt>
      <trkpt lat="42.58239702321589" lon="1.51683596894145">
        <ele>1411</ele>
      </trkpt>
      <trkpt lat="42.582427030429244" lon="1.516865976154804">
        <ele>1411</ele>
      </trkpt>
      <trkpt lat="42.582618976011872" lon="1.516966978088021">
        <ele>1410</ele>
      </trkpt>
      <trkpt lat="42.582674967125058" lon="1.517025986686349">
        <ele>1407</ele>
      </trkpt>
      <trkpt lat="42.582684019580483" lon="1.517038978636265">
        <ele>1407</ele>
      </trkpt>
      <trkpt lat="42.582662981003523" lon="1.517149033024907">
        <ele>1400</ele>
      </trkpt>
      <trkpt lat="42.582598021253943" lon="1.517184991389513">
        <ele>1398</ele>
      </trkpt>
      <trkpt lat="42.582413032650948" lon="1.517208041623235">
        <ele>1396</ele>
      </trkpt>
      <trkpt lat="42.582123018801212" lon="1.517240982502699">
        <ele>1393</ele>
      </trkpt>
      <trkpt lat="42.581922020763159" lon="1.517289010807872">
        <ele>1391</ele>
      </trkpt>
      <trkpt lat="42.581644998863339" lon="1.517358999699354">
        <ele>1390</ele>
      </trkpt>
      <trkpt lat="42.581624966114759" lon="1.517404010519385">
        <ele>1390</ele>
      </trkpt>
      <trkpt lat="42.581611974164844" lon="1.517615988850594">
        <ele>1386</ele>
      </trkpt>
      <trkpt lat="42.581824036315084" lon="1.517694024369121">
        <ele>1384</ele>
      </trkpt>
      <trkpt lat="42.582036014646292" lon="1.517695030197501">
        <ele>1383</ele>
      </trkpt>
      <trkpt lat="42.582223014906049" lon="1.517676003277302">
        <ele>1383</ele>
      </trkpt>
      <trkpt lat="42.58229099214077" lon="1.517663011327386">
        <ele>1384</ele>
      </trkpt>
      <trkpt lat="42.582367016002536" lon="1.517796032130718">
        <ele>1382</ele>
      </trkpt>
      <trkpt lat="42.582368021830916" lon="1.51782201603055">
        <ele>1382</ele>
      </trkpt>
      <trkpt lat="42.582385037094355" lon="1.518011027947068">
        <ele>1380</ele>
      </trkpt>
      <trkpt lat="42.582345977425575" lon="1.518253013491631">
        <ele>1379</ele>
      </trkpt>
      <trkpt lat="42.582297027111053" lon="1.518508996814489">
        <ele>1377</ele>
      </trkpt>
      <trkpt lat="42.582299038767815" lon="1.518633970990777">
        <ele>1376</ele>
      </trkpt>
      <trkpt lat="42.582269031554461" lon="1.518877968192101">
        <ele>1374</ele>
      </trkpt>
      <trkpt lat="42.582254027947783" lon="1.5190489590168">
        <ele>1372</ele>
      </trkpt>
      <trkpt lat="42.582284035161138" lon="1.519133029505611">
        <ele>1371</ele>
      </trkpt>
      <trkpt lat="42.582284035161138" lon="1.519133029505611">
        <ele>1371</ele>
      </trkpt>
    </trkseg>
  </trk>

</gpx>