<?xml version="1.0" encoding="utf-8"?><gpx creator="Garmin Desktop App" version="1.1" xsi:schemaLocation="http://www.topografix.com/GPX/1/1 http://www.topografix.com/GPX/1/1/gpx.xsd http://www.garmin.com/xmlschemas/WaypointExtension/v1 http://www8.garmin.com/xmlschemas/WaypointExtensionv1.xsd http://www.garmin.com/xmlschemas/TrackPointExtension/v1 http://www.garmin.com/xmlschemas/TrackPointExtensionv1.xsd http://www.garmin.com/xmlschemas/GpxExtensions/v3 http://www8.garmin.com/xmlschemas/GpxExtensionsv3.xsd http://www.garmin.com/xmlschemas/ActivityExtension/v1 http://www8.garmin.com/xmlschemas/ActivityExtensionv1.xsd http://www.garmin.com/xmlschemas/AdventuresExtensions/v1 http://www8.garmin.com/xmlschemas/AdventuresExtensionv1.xsd http://www.garmin.com/xmlschemas/PressureExtension/v1 http://www.garmin.com/xmlschemas/PressureExtensionv1.xsd http://www.garmin.com/xmlschemas/TripExtensions/v1 http://www.garmin.com/xmlschemas/TripExtensionsv1.xsd http://www.garmin.com/xmlschemas/TripMetaDataExtensions/v1 http://www.garmin.com/xmlschemas/TripMetaDataExtensionsv1.xsd http://www.garmin.com/xmlschemas/ViaPointTransportationModeExtensions/v1 http://www.garmin.com/xmlschemas/ViaPointTransportationModeExtensionsv1.xsd http://www.garmin.com/xmlschemas/CreationTimeExtension/v1 http://www.garmin.com/xmlschemas/CreationTimeExtensionsv1.xsd http://www.garmin.com/xmlschemas/AccelerationExtension/v1 http://www.garmin.com/xmlschemas/AccelerationExtensionv1.xsd http://www.garmin.com/xmlschemas/PowerExtension/v1 http://www.garmin.com/xmlschemas/PowerExtensionv1.xsd http://www.garmin.com/xmlschemas/VideoExtension/v1 http://www.garmin.com/xmlschemas/VideoExtensionv1.xsd" xmlns="http://www.topografix.com/GPX/1/1" xmlns:xsi="http://www.w3.org/2001/XMLSchema-instance" xmlns:wptx1="http://www.garmin.com/xmlschemas/WaypointExtension/v1" xmlns:gpxtrx="http://www.garmin.com/xmlschemas/GpxExtensions/v3" xmlns:gpxtpx="http://www.garmin.com/xmlschemas/TrackPointExtension/v1" xmlns:gpxx="http://www.garmin.com/xmlschemas/GpxExtensions/v3" xmlns:trp="http://www.garmin.com/xmlschemas/TripExtensions/v1" xmlns:adv="http://www.garmin.com/xmlschemas/AdventuresExtensions/v1" xmlns:prs="http://www.garmin.com/xmlschemas/PressureExtension/v1" xmlns:tmd="http://www.garmin.com/xmlschemas/TripMetaDataExtensions/v1" xmlns:vptm="http://www.garmin.com/xmlschemas/ViaPointTransportationModeExtensions/v1" xmlns:ctx="http://www.garmin.com/xmlschemas/CreationTimeExtension/v1" xmlns:gpxacc="http://www.garmin.com/xmlschemas/AccelerationExtension/v1" xmlns:gpxpx="http://www.garmin.com/xmlschemas/PowerExtension/v1" xmlns:vidx1="http://www.garmin.com/xmlschemas/VideoExtension/v1">

  <metadata>
    <link href="http://www.garmin.com">
      <text>Garmin International</text>
    </link>
    <time>2026-05-10T12:47:58Z</time>
    <bounds maxlat="42.42957497946918" maxlon="2.103372970595956" minlat="42.322957003489137" minlon="1.92520497366786" />
  </metadata>

  <trk>
    <name>GR11_36_Puigcerda-Planoles</name>
    <extensions>
      <gpxx:TrackExtension>
        <gpxx:DisplayColor>Magenta</gpxx:DisplayColor>
      </gpxx:TrackExtension>
    </extensions>
    <trkseg>
      <trkpt lat="42.429546983912587" lon="1.92520497366786">
        <ele>1148</ele>
      </trkpt>
      <trkpt lat="42.429572967812419" lon="1.925221988931298">
        <ele>1148</ele>
      </trkpt>
      <trkpt lat="42.429563999176025" lon="1.925266999751329">
        <ele>1148</ele>
      </trkpt>
      <trkpt lat="42.42957497946918" lon="1.925323996692896">
        <ele>1148</ele>
      </trkpt>
      <trkpt lat="42.429517982527614" lon="1.925477972254157">
        <ele>1148</ele>
      </trkpt>
      <trkpt lat="42.429446987807751" lon="1.925660027191043">
        <ele>1148</ele>
      </trkpt>
      <trkpt lat="42.429404994472861" lon="1.925891032442451">
        <ele>1148</ele>
      </trkpt>
      <trkpt lat="42.42927297949791" lon="1.926094964146614">
        <ele>1148</ele>
      </trkpt>
      <trkpt lat="42.429240960627794" lon="1.926125977188349">
        <ele>1148</ele>
      </trkpt>
      <trkpt lat="42.429099977016449" lon="1.926166964694858">
        <ele>1148</ele>
      </trkpt>
      <trkpt lat="42.429077010601759" lon="1.926266960799694">
        <ele>1148</ele>
      </trkpt>
      <trkpt lat="42.42903602309525" lon="1.926352037116885">
        <ele>1147</ele>
      </trkpt>
      <trkpt lat="42.428953964263201" lon="1.926462007686496">
        <ele>1147</ele>
      </trkpt>
      <trkpt lat="42.428910965099931" lon="1.926494026556611">
        <ele>1147</ele>
      </trkpt>
      <trkpt lat="42.428854973986745" lon="1.926564015448093">
        <ele>1147</ele>
      </trkpt>
      <trkpt lat="42.428775010630488" lon="1.926602991297841">
        <ele>1147</ele>
      </trkpt>
      <trkpt lat="42.428617011755705" lon="1.926785968244076">
        <ele>1147</ele>
      </trkpt>
      <trkpt lat="42.428560014814138" lon="1.926846988499165">
        <ele>1147</ele>
      </trkpt>
      <trkpt lat="42.428508969023824" lon="1.926890993490815">
        <ele>1147</ele>
      </trkpt>
      <trkpt lat="42.428426994010806" lon="1.927000964060426">
        <ele>1146</ele>
      </trkpt>
      <trkpt lat="42.428427999839187" lon="1.926999036222696">
        <ele>1146</ele>
      </trkpt>
      <trkpt lat="42.428343007341027" lon="1.927184024825692">
        <ele>1146</ele>
      </trkpt>
      <trkpt lat="42.42821903899312" lon="1.927362978458405">
        <ele>1146</ele>
      </trkpt>
      <trkpt lat="42.428209986537695" lon="1.927379993721843">
        <ele>1146</ele>
      </trkpt>
      <trkpt lat="42.42815600708127" lon="1.927514020353556">
        <ele>1146</ele>
      </trkpt>
      <trkpt lat="42.428114013746381" lon="1.927681993693113">
        <ele>1146</ele>
      </trkpt>
      <trkpt lat="42.42811200208962" lon="1.927786013111472">
        <ele>1146</ele>
      </trkpt>
      <trkpt lat="42.428060034289956" lon="1.927905958145857">
        <ele>1146</ele>
      </trkpt>
      <trkpt lat="42.428042013198137" lon="1.927938982844353">
        <ele>1146</ele>
      </trkpt>
      <trkpt lat="42.42794101126492" lon="1.928090024739504">
        <ele>1145</ele>
      </trkpt>
      <trkpt lat="42.427831962704659" lon="1.928314995020628">
        <ele>1145</ele>
      </trkpt>
      <trkpt lat="42.427810002118349" lon="1.92836101166904">
        <ele>1145</ele>
      </trkpt>
      <trkpt lat="42.427789969369769" lon="1.928401999175549">
        <ele>1144</ele>
      </trkpt>
      <trkpt lat="42.427749987691641" lon="1.928500989452004">
        <ele>1144</ele>
      </trkpt>
      <trkpt lat="42.427699025720358" lon="1.928716991096735">
        <ele>1144</ele>
      </trkpt>
      <trkpt lat="42.427678992971778" lon="1.928805001080036">
        <ele>1144</ele>
      </trkpt>
      <trkpt lat="42.427674969658256" lon="1.928998958319426">
        <ele>1144</ele>
      </trkpt>
      <trkpt lat="42.427644040435553" lon="1.929045980796218">
        <ele>1143</ele>
      </trkpt>
      <trkpt lat="42.427644040435553" lon="1.929056961089373">
        <ele>1143</ele>
      </trkpt>
      <trkpt lat="42.427644040435553" lon="1.929056961089373">
        <ele>1143</ele>
      </trkpt>
      <trkpt lat="42.427635993808508" lon="1.92907003685832">
        <ele>1143</ele>
      </trkpt>
      <trkpt lat="42.42764001712203" lon="1.929075988009572">
        <ele>1143</ele>
      </trkpt>
      <trkpt lat="42.427537003532052" lon="1.929209008812904">
        <ele>1143</ele>
      </trkpt>
      <trkpt lat="42.427333993837237" lon="1.92933096550405">
        <ele>1142</ele>
      </trkpt>
      <trkpt lat="42.427163003012538" lon="1.929430961608887">
        <ele>1142</ele>
      </trkpt>
      <trkpt lat="42.427147999405861" lon="1.929443031549454">
        <ele>1141</ele>
      </trkpt>
      <trkpt lat="42.426990000531077" lon="1.92960899323225">
        <ele>1141</ele>
      </trkpt>
      <trkpt lat="42.426941972225904" lon="1.92967495881021">
        <ele>1140</ele>
      </trkpt>
      <trkpt lat="42.426913976669312" lon="1.929741008207202">
        <ele>1140</ele>
      </trkpt>
      <trkpt lat="42.426858991384506" lon="1.92980001680553">
        <ele>1140</ele>
      </trkpt>
      <trkpt lat="42.426769975572824" lon="1.929933037608862">
        <ele>1139</ele>
      </trkpt>
      <trkpt lat="42.426754971966147" lon="1.929943012073636">
        <ele>1139</ele>
      </trkpt>
      <trkpt lat="42.426734017208219" lon="1.929937982931733">
        <ele>1139</ele>
      </trkpt>
      <trkpt lat="42.42667400278151" lon="1.929960027337074">
        <ele>1139</ele>
      </trkpt>
      <trkpt lat="42.42667400278151" lon="1.929960027337074">
        <ele>1139</ele>
      </trkpt>
      <trkpt lat="42.426665034145117" lon="1.929965978488326">
        <ele>1139</ele>
      </trkpt>
      <trkpt lat="42.426668973639607" lon="1.929981987923384">
        <ele>1139</ele>
      </trkpt>
      <trkpt lat="42.426668973639607" lon="1.929989028722048">
        <ele>1139</ele>
      </trkpt>
      <trkpt lat="42.426550034433603" lon="1.930112997069955">
        <ele>1139</ele>
      </trkpt>
      <trkpt lat="42.426476022228599" lon="1.930194972082973">
        <ele>1138</ele>
      </trkpt>
      <trkpt lat="42.426431011408567" lon="1.930251969024539">
        <ele>1138</ele>
      </trkpt>
      <trkpt lat="42.426402010023594" lon="1.930307038128376">
        <ele>1138</ele>
      </trkpt>
      <trkpt lat="42.426234036684036" lon="1.930505018681288">
        <ele>1138</ele>
      </trkpt>
      <trkpt lat="42.426111996173859" lon="1.930669974535704">
        <ele>1137</ele>
      </trkpt>
      <trkpt lat="42.426052987575531" lon="1.930749015882611">
        <ele>1137</ele>
      </trkpt>
      <trkpt lat="42.425888031721115" lon="1.930955965071917">
        <ele>1137</ele>
      </trkpt>
      <trkpt lat="42.425735983997583" lon="1.931203985586762">
        <ele>1136</ele>
      </trkpt>
      <trkpt lat="42.425545966252685" lon="1.931451000273228">
        <ele>1136</ele>
      </trkpt>
      <trkpt lat="42.425417974591255" lon="1.931644035503268">
        <ele>1136</ele>
      </trkpt>
      <trkpt lat="42.425375981256366" lon="1.931762974709272">
        <ele>1135</ele>
      </trkpt>
      <trkpt lat="42.425329964607954" lon="1.93184201605618">
        <ele>1135</ele>
      </trkpt>
      <trkpt lat="42.425253018736839" lon="1.931947963312268">
        <ele>1135</ele>
      </trkpt>
      <trkpt lat="42.425010027363896" lon="1.932199001312256">
        <ele>1134</ele>
      </trkpt>
      <trkpt lat="42.424768041819334" lon="1.932439981028438">
        <ele>1133</ele>
      </trkpt>
      <trkpt lat="42.424560002982616" lon="1.932589011266828">
        <ele>1132</ele>
      </trkpt>
      <trkpt lat="42.424324974417686" lon="1.932726977393031">
        <ele>1131</ele>
      </trkpt>
      <trkpt lat="42.424092041328549" lon="1.932796966284514">
        <ele>1130</ele>
      </trkpt>
      <trkpt lat="42.423858018592" lon="1.932925041764975">
        <ele>1129</ele>
      </trkpt>
      <trkpt lat="42.423683004453778" lon="1.933142971247435">
        <ele>1127</ele>
      </trkpt>
      <trkpt lat="42.423551995307207" lon="1.933451006188989">
        <ele>1126</ele>
      </trkpt>
      <trkpt lat="42.423462979495525" lon="1.933661978691816">
        <ele>1127</ele>
      </trkpt>
      <trkpt lat="42.423462979495525" lon="1.933661978691816">
        <ele>1127</ele>
      </trkpt>
      <trkpt lat="42.423276985064149" lon="1.933846967294812">
        <ele>1126</ele>
      </trkpt>
      <trkpt lat="42.423067018389702" lon="1.933946963399649">
        <ele>1124</ele>
      </trkpt>
      <trkpt lat="42.422850010916591" lon="1.93407797254622">
        <ele>1124</ele>
      </trkpt>
      <trkpt lat="42.422725958749652" lon="1.934150978922844">
        <ele>1123</ele>
      </trkpt>
      <trkpt lat="42.422605007886887" lon="1.934251980856061">
        <ele>1123</ele>
      </trkpt>
      <trkpt lat="42.422594027593732" lon="1.934263966977596">
        <ele>1122</ele>
      </trkpt>
      <trkpt lat="42.42252797819674" lon="1.93433303385973">
        <ele>1122</ele>
      </trkpt>
      <trkpt lat="42.422328991815448" lon="1.934630004689097">
        <ele>1123</ele>
      </trkpt>
      <trkpt lat="42.422266965731978" lon="1.934724971652031">
        <ele>1123</ele>
      </trkpt>
      <trkpt lat="42.422155989333987" lon="1.934918006882072">
        <ele>1123</ele>
      </trkpt>
      <trkpt lat="42.422007964923978" lon="1.935244984924793">
        <ele>1123</ele>
      </trkpt>
      <trkpt lat="42.421866981312633" lon="1.935499040409923">
        <ele>1123</ele>
      </trkpt>
      <trkpt lat="42.421720968559384" lon="1.935758041217923">
        <ele>1123</ele>
      </trkpt>
      <trkpt lat="42.421576967462897" lon="1.936016036197543">
        <ele>1123</ele>
      </trkpt>
      <trkpt lat="42.421443024650216" lon="1.936337985098362">
        <ele>1123</ele>
      </trkpt>
      <trkpt lat="42.421360965818167" lon="1.936597991734743">
        <ele>1123</ele>
      </trkpt>
      <trkpt lat="42.421292988583446" lon="1.936922958120704">
        <ele>1124</ele>
      </trkpt>
      <trkpt lat="42.421218976378441" lon="1.937184976413846">
        <ele>1124</ele>
      </trkpt>
      <trkpt lat="42.421123003587127" lon="1.93751497194171">
        <ele>1123</ele>
      </trkpt>
      <trkpt lat="42.421071035787463" lon="1.937592001631856">
        <ele>1123</ele>
      </trkpt>
      <trkpt lat="42.420945977792144" lon="1.937798028811812">
        <ele>1124</ele>
      </trkpt>
      <trkpt lat="42.420798959210515" lon="1.938019981607795">
        <ele>1124</ele>
      </trkpt>
      <trkpt lat="42.420682031661272" lon="1.938207987695932">
        <ele>1124</ele>
      </trkpt>
      <trkpt lat="42.420535013079643" lon="1.938417032361031">
        <ele>1124</ele>
      </trkpt>
      <trkpt lat="42.420343989506364" lon="1.93871702067554">
        <ele>1124</ele>
      </trkpt>
      <trkpt lat="42.420177021995187" lon="1.938936039805412">
        <ele>1125</ele>
      </trkpt>
      <trkpt lat="42.420156989246607" lon="1.93895498290658">
        <ele>1124</ele>
      </trkpt>
      <trkpt lat="42.419977029785514" lon="1.939227981492877">
        <ele>1125</ele>
      </trkpt>
      <trkpt lat="42.419787012040615" lon="1.939497962594032">
        <ele>1125</ele>
      </trkpt>
      <trkpt lat="42.419590959325433" lon="1.939727040007711">
        <ele>1126</ele>
      </trkpt>
      <trkpt lat="42.419405970722437" lon="1.940039014443755">
        <ele>1125</ele>
      </trkpt>
      <trkpt lat="42.419229028746486" lon="1.940327016636729">
        <ele>1126</ele>
      </trkpt>
      <trkpt lat="42.41908703930676" lon="1.940585011616349">
        <ele>1126</ele>
      </trkpt>
      <trkpt lat="42.419066000729799" lon="1.940625999122858">
        <ele>1126</ele>
      </trkpt>
      <trkpt lat="42.418900961056352" lon="1.940900003537536">
        <ele>1127</ele>
      </trkpt>
      <trkpt lat="42.41887497715652" lon="1.940948031842709">
        <ele>1127</ele>
      </trkpt>
      <trkpt lat="42.418783027678728" lon="1.941049033775926">
        <ele>1128</ele>
      </trkpt>
      <trkpt lat="42.418716978281736" lon="1.94131700322032">
        <ele>1129</ele>
      </trkpt>
      <trkpt lat="42.418611031025648" lon="1.941551025956869">
        <ele>1130</ele>
      </trkpt>
      <trkpt lat="42.418516986072063" lon="1.941756969317794">
        <ele>1131</ele>
      </trkpt>
      <trkpt lat="42.418405003845692" lon="1.942042959854007">
        <ele>1133</ele>
      </trkpt>
      <trkpt lat="42.418343983590603" lon="1.942292992025614">
        <ele>1135</ele>
      </trkpt>
      <trkpt lat="42.418330991640687" lon="1.942491978406906">
        <ele>1136</ele>
      </trkpt>
      <trkpt lat="42.418348006904125" lon="1.942704962566495">
        <ele>1138</ele>
      </trkpt>
      <trkpt lat="42.418354963883758" lon="1.9427789747715">
        <ele>1138</ele>
      </trkpt>
      <trkpt lat="42.418359993025661" lon="1.942825997248292">
        <ele>1139</ele>
      </trkpt>
      <trkpt lat="42.418366027995944" lon="1.943062031641603">
        <ele>1141</ele>
      </trkpt>
      <trkpt lat="42.418364016339183" lon="1.943073011934757">
        <ele>1141</ele>
      </trkpt>
      <trkpt lat="42.418317999690771" lon="1.943265041336417">
        <ele>1142</ele>
      </trkpt>
      <trkpt lat="42.418338032439351" lon="1.943411976099014">
        <ele>1143</ele>
      </trkpt>
      <trkpt lat="42.41835898719728" lon="1.943532004952431">
        <ele>1144</ele>
      </trkpt>
      <trkpt lat="42.418373990803957" lon="1.943714981898665">
        <ele>1146</ele>
      </trkpt>
      <trkpt lat="42.41838002577424" lon="1.943807015195489">
        <ele>1147</ele>
      </trkpt>
      <trkpt lat="42.418383965268731" lon="1.943837022408843">
        <ele>1147</ele>
      </trkpt>
      <trkpt lat="42.418386982753873" lon="1.943897036835551">
        <ele>1148</ele>
      </trkpt>
      <trkpt lat="42.418385976925492" lon="1.943966019898653">
        <ele>1148</ele>
      </trkpt>
      <trkpt lat="42.418384971097112" lon="1.944009019061923">
        <ele>1149</ele>
      </trkpt>
      <trkpt lat="42.418386982753873" lon="1.944053024053574">
        <ele>1149</ele>
      </trkpt>
      <trkpt lat="42.418394023552537" lon="1.944255027920008">
        <ele>1149</ele>
      </trkpt>
      <trkpt lat="42.418396035209298" lon="1.944484021514654">
        <ele>1150</ele>
      </trkpt>
      <trkpt lat="42.418394023552537" lon="1.944505982100964">
        <ele>1150</ele>
      </trkpt>
      <trkpt lat="42.418409027159214" lon="1.944740004837513">
        <ele>1153</ele>
      </trkpt>
      <trkpt lat="42.418421013280749" lon="1.944842012599111">
        <ele>1153</ele>
      </trkpt>
      <trkpt lat="42.418443979695439" lon="1.94505600258708">
        <ele>1154</ele>
      </trkpt>
      <trkpt lat="42.418458983302116" lon="1.945254988968372">
        <ele>1155</ele>
      </trkpt>
      <trkpt lat="42.418484967201948" lon="1.945503009483218">
        <ele>1156</ele>
      </trkpt>
      <trkpt lat="42.418483961373568" lon="1.945520024746656">
        <ele>1156</ele>
      </trkpt>
      <trkpt lat="42.418474992737174" lon="1.94561499170959">
        <ele>1156</ele>
      </trkpt>
      <trkpt lat="42.41846602410078" lon="1.945735020563006">
        <ele>1156</ele>
      </trkpt>
      <trkpt lat="42.418456971645355" lon="1.945853959769011">
        <ele>1157</ele>
      </trkpt>
      <trkpt lat="42.418464012444019" lon="1.945966025814414">
        <ele>1157</ele>
      </trkpt>
      <trkpt lat="42.418474992737174" lon="1.946213040500879">
        <ele>1157</ele>
      </trkpt>
      <trkpt lat="42.418478010222316" lon="1.946251010522246">
        <ele>1157</ele>
      </trkpt>
      <trkpt lat="42.418485973030329" lon="1.946369027718902">
        <ele>1158</ele>
      </trkpt>
      <trkpt lat="42.418567026033998" lon="1.946597015485168">
        <ele>1159</ele>
      </trkpt>
      <trkpt lat="42.418561996892095" lon="1.946916030719876">
        <ele>1159</ele>
      </trkpt>
      <trkpt lat="42.418561996892095" lon="1.947032958269119">
        <ele>1160</ele>
      </trkpt>
      <trkpt lat="42.418558979406953" lon="1.947115017101169">
        <ele>1160</ele>
      </trkpt>
      <trkpt lat="42.418560991063714" lon="1.947234962135553">
        <ele>1160</ele>
      </trkpt>
      <trkpt lat="42.41855202242732" lon="1.947285002097487">
        <ele>1160</ele>
      </trkpt>
      <trkpt lat="42.418516986072063" lon="1.947474014014006">
        <ele>1160</ele>
      </trkpt>
      <trkpt lat="42.418550010770559" lon="1.947581972926855">
        <ele>1160</ele>
      </trkpt>
      <trkpt lat="42.418555961921811" lon="1.94767702370882">
        <ele>1161</ele>
      </trkpt>
      <trkpt lat="42.418598961085081" lon="1.947748018428683">
        <ele>1161</ele>
      </trkpt>
      <trkpt lat="42.418612036854029" lon="1.947782970964909">
        <ele>1161</ele>
      </trkpt>
      <trkpt lat="42.418622011318803" lon="1.947930995374918">
        <ele>1161</ele>
      </trkpt>
      <trkpt lat="42.418612958863378" lon="1.948174992576242">
        <ele>1162</ele>
      </trkpt>
      <trkpt lat="42.418600972741842" lon="1.948292003944516">
        <ele>1162</ele>
      </trkpt>
      <trkpt lat="42.418544981628656" lon="1.948551004752517">
        <ele>1162</ele>
      </trkpt>
      <trkpt lat="42.418540958315134" lon="1.948656029999256">
        <ele>1161</ele>
      </trkpt>
      <trkpt lat="42.418579012155533" lon="1.948742028325796">
        <ele>1162</ele>
      </trkpt>
      <trkpt lat="42.418590998277068" lon="1.948803970590234">
        <ele>1161</ele>
      </trkpt>
      <trkpt lat="42.418611031025648" lon="1.94907302968204">
        <ele>1160</ele>
      </trkpt>
      <trkpt lat="42.418609019368887" lon="1.949101025238633">
        <ele>1160</ele>
      </trkpt>
      <trkpt lat="42.41863802075386" lon="1.949176965281367">
        <ele>1159</ele>
      </trkpt>
      <trkpt lat="42.418661992996931" lon="1.949260029941797">
        <ele>1158</ele>
      </trkpt>
      <trkpt lat="42.418675990775228" lon="1.949299005791545">
        <ele>1158</ele>
      </trkpt>
      <trkpt lat="42.418666016310453" lon="1.949518024921417">
        <ele>1156</ele>
      </trkpt>
      <trkpt lat="42.41865998134017" lon="1.949532022699714">
        <ele>1156</ele>
      </trkpt>
      <trkpt lat="42.418641038239002" lon="1.94956798106432">
        <ele>1156</ele>
      </trkpt>
      <trkpt lat="42.418454959988594" lon="1.949624978005886">
        <ele>1154</ele>
      </trkpt>
      <trkpt lat="42.418249016627669" lon="1.949644004926086">
        <ele>1153</ele>
      </trkpt>
      <trkpt lat="42.418048018589616" lon="1.949692033231258">
        <ele>1152</ele>
      </trkpt>
      <trkpt lat="42.417782982811332" lon="1.949690021574497">
        <ele>1150</ele>
      </trkpt>
      <trkpt lat="42.417529011145234" lon="1.949692033231258">
        <ele>1148</ele>
      </trkpt>
      <trkpt lat="42.417289037257433" lon="1.949714999645948">
        <ele>1147</ele>
      </trkpt>
      <trkpt lat="42.417037999257445" lon="1.949734026566148">
        <ele>1146</ele>
      </trkpt>
      <trkpt lat="42.416831972077489" lon="1.949762022122741">
        <ele>1146</ele>
      </trkpt>
      <trkpt lat="42.416603984311223" lon="1.949744001030922">
        <ele>1145</ele>
      </trkpt>
      <trkpt lat="42.416401980444789" lon="1.949692033231258">
        <ele>1144</ele>
      </trkpt>
      <trkpt lat="42.416206011548638" lon="1.949627995491028">
        <ele>1144</ele>
      </trkpt>
      <trkpt lat="42.41603896021843" lon="1.949492041021586">
        <ele>1143</ele>
      </trkpt>
      <trkpt lat="42.415777025744319" lon="1.949333036318421">
        <ele>1143</ele>
      </trkpt>
      <trkpt lat="42.415599999949336" lon="1.949193980544806">
        <ele>1142</ele>
      </trkpt>
      <trkpt lat="42.415443006902933" lon="1.949059031903744">
        <ele>1142</ele>
      </trkpt>
      <trkpt lat="42.415145030245185" lon="1.948842024430633">
        <ele>1142</ele>
      </trkpt>
      <trkpt lat="42.414972027763724" lon="1.948711015284061">
        <ele>1142</ele>
      </trkpt>
      <trkpt lat="42.414782010018826" lon="1.948635997250676">
        <ele>1142</ele>
      </trkpt>
      <trkpt lat="42.414755020290613" lon="1.948639014735818">
        <ele>1142</ele>
      </trkpt>
      <trkpt lat="42.414489984512329" lon="1.948678996413946">
        <ele>1142</ele>
      </trkpt>
      <trkpt lat="42.41429703310132" lon="1.948667010292411">
        <ele>1142</ele>
      </trkpt>
      <trkpt lat="42.41408103145659" lon="1.94864203222096">
        <ele>1142</ele>
      </trkpt>
      <trkpt lat="42.413929989561439" lon="1.948606995865703">
        <ele>1143</ele>
      </trkpt>
      <trkpt lat="42.413860000669956" lon="1.948590986430645">
        <ele>1143</ele>
      </trkpt>
      <trkpt lat="42.413638969883323" lon="1.948538012802601">
        <ele>1143</ele>
      </trkpt>
      <trkpt lat="42.413478037342429" lon="1.948499958962202">
        <ele>1143</ele>
      </trkpt>
      <trkpt lat="42.413279972970486" lon="1.948421001434326">
        <ele>1143</ele>
      </trkpt>
      <trkpt lat="42.413205038756132" lon="1.94840700365603">
        <ele>1143</ele>
      </trkpt>
      <trkpt lat="42.413018960505724" lon="1.948380013927817">
        <ele>1143</ele>
      </trkpt>
      <trkpt lat="42.412754008546472" lon="1.948298960924149">
        <ele>1140</ele>
      </trkpt>
      <trkpt lat="42.412649989128113" lon="1.948275994509459">
        <ele>1143</ele>
      </trkpt>
      <trkpt lat="42.41257899440825" lon="1.948261996731162">
        <ele>1143</ele>
      </trkpt>
      <trkpt lat="42.412501964718103" lon="1.948234001174569">
        <ele>1144</ele>
      </trkpt>
      <trkpt lat="42.412315970286727" lon="1.948123024776578">
        <ele>1144</ele>
      </trkpt>
      <trkpt lat="42.412228966131806" lon="1.948078013956547">
        <ele>1144</ele>
      </trkpt>
      <trkpt lat="42.412178004160523" lon="1.948097962886095">
        <ele>1144</ele>
      </trkpt>
      <trkpt lat="42.412139028310776" lon="1.948112966492772">
        <ele>1144</ele>
      </trkpt>
      <trkpt lat="42.412069961428642" lon="1.948153031989932">
        <ele>1144</ele>
      </trkpt>
      <trkpt lat="42.411976000294089" lon="1.94821204058826">
        <ele>1144</ele>
      </trkpt>
      <trkpt lat="42.411957979202271" lon="1.948241963982582">
        <ele>1144</ele>
      </trkpt>
      <trkpt lat="42.411763016134501" lon="1.948384959250689">
        <ele>1145</ele>
      </trkpt>
      <trkpt lat="42.411670982837677" lon="1.948502976447344">
        <ele>1146</ele>
      </trkpt>
      <trkpt lat="42.411484988406301" lon="1.948822997510433">
        <ele>1146</ele>
      </trkpt>
      <trkpt lat="42.411374012008309" lon="1.948992982506752">
        <ele>1147</ele>
      </trkpt>
      <trkpt lat="42.411260018125176" lon="1.949148969724774">
        <ele>1148</ele>
      </trkpt>
      <trkpt lat="42.411157004535198" lon="1.949262963607907">
        <ele>1148</ele>
      </trkpt>
      <trkpt lat="42.411028007045388" lon="1.949377041310072">
        <ele>1149</ele>
      </trkpt>
      <trkpt lat="42.410877970978618" lon="1.949465973302722">
        <ele>1149</ele>
      </trkpt>
      <trkpt lat="42.410789038985968" lon="1.949515007436276">
        <ele>1150</ele>
      </trkpt>
      <trkpt lat="42.410586029291153" lon="1.949620032683015">
        <ele>1151</ele>
      </trkpt>
      <trkpt lat="42.410382013767958" lon="1.949725979939103">
        <ele>1151</ele>
      </trkpt>
      <trkpt lat="42.410191996023059" lon="1.949817007407546">
        <ele>1152</ele>
      </trkpt>
      <trkpt lat="42.40995897911489" lon="1.949939969927073">
        <ele>1153</ele>
      </trkpt>
      <trkpt lat="42.409825958311558" lon="1.949990009889007">
        <ele>1154</ele>
      </trkpt>
      <trkpt lat="42.409557988867164" lon="1.95014800876379">
        <ele>1155</ele>
      </trkpt>
      <trkpt lat="42.409351961687207" lon="1.950280023738742">
        <ele>1157</ele>
      </trkpt>
      <trkpt lat="42.409117016941309" lon="1.950400974601507">
        <ele>1158</ele>
      </trkpt>
      <trkpt lat="42.408932028338313" lon="1.950515974313021">
        <ele>1159</ele>
      </trkpt>
      <trkpt lat="42.408804958686233" lon="1.950546987354755">
        <ele>1161</ele>
      </trkpt>
      <trkpt lat="42.408770006150007" lon="1.950550004839897">
        <ele>1161</ele>
      </trkpt>
      <trkpt lat="42.408615024760365" lon="1.950502982363105">
        <ele>1162</ele>
      </trkpt>
      <trkpt lat="42.408439004793763" lon="1.95046903565526">
        <ele>1163</ele>
      </trkpt>
      <trkpt lat="42.408266002312303" lon="1.95042603649199">
        <ele>1165</ele>
      </trkpt>
      <trkpt lat="42.408197019249201" lon="1.95042796432972">
        <ele>1166</ele>
      </trkpt>
      <trkpt lat="42.408011024817824" lon="1.950505999848247">
        <ele>1166</ele>
      </trkpt>
      <trkpt lat="42.407860988751054" lon="1.950613958761096">
        <ele>1167</ele>
      </trkpt>
      <trkpt lat="42.407779013738036" lon="1.950675984844565">
        <ele>1167</ele>
      </trkpt>
      <trkpt lat="42.407696032896638" lon="1.95072996430099">
        <ele>1168</ele>
      </trkpt>
      <trkpt lat="42.407650016248226" lon="1.950753014534712">
        <ele>1168</ele>
      </trkpt>
      <trkpt lat="42.407614979892969" lon="1.950773969292641">
        <ele>1168</ele>
      </trkpt>
      <trkpt lat="42.407405013218522" lon="1.950852004811168">
        <ele>1169</ele>
      </trkpt>
      <trkpt lat="42.4072490260005" lon="1.950842030346394">
        <ele>1170</ele>
      </trkpt>
      <trkpt lat="42.407092032954097" lon="1.950846975669265">
        <ele>1170</ele>
      </trkpt>
      <trkpt lat="42.407033024355769" lon="1.950844964012504">
        <ele>1171</ele>
      </trkpt>
      <trkpt lat="42.406838983297348" lon="1.950842030346394">
        <ele>1172</ele>
      </trkpt>
      <trkpt lat="42.406690958887339" lon="1.950863990932703">
        <ele>1173</ele>
      </trkpt>
      <trkpt lat="42.406503036618233" lon="1.950890980660915">
        <ele>1174</ele>
      </trkpt>
      <trkpt lat="42.40628301165998" lon="1.95087899453938">
        <ele>1175</ele>
      </trkpt>
      <trkpt lat="42.406208999454975" lon="1.950845969840884">
        <ele>1176</ele>
      </trkpt>
      <trkpt lat="42.406042031943798" lon="1.950831972062588">
        <ele>1177</ele>
      </trkpt>
      <trkpt lat="42.405949998646975" lon="1.950831972062588">
        <ele>1178</ele>
      </trkpt>
      <trkpt lat="42.405786970630288" lon="1.950731975957751">
        <ele>1178</ele>
      </trkpt>
      <trkpt lat="42.405644981190562" lon="1.950637008994818">
        <ele>1180</ele>
      </trkpt>
      <trkpt lat="42.405496034771204" lon="1.950515974313021">
        <ele>1181</ele>
      </trkpt>
      <trkpt lat="42.405369970947504" lon="1.950396029278636">
        <ele>1182</ele>
      </trkpt>
      <trkpt lat="42.405280033126473" lon="1.950288992375135">
        <ele>1183</ele>
      </trkpt>
      <trkpt lat="42.405180959030986" lon="1.95017097517848">
        <ele>1184</ele>
      </trkpt>
      <trkpt lat="42.405094960704446" lon="1.950067961588502">
        <ele>1185</ele>
      </trkpt>
      <trkpt lat="42.404988007619977" lon="1.949966959655285">
        <ele>1187</ele>
      </trkpt>
      <trkpt lat="42.404928999021649" lon="1.949883978813887">
        <ele>1188</ele>
      </trkpt>
      <trkpt lat="42.404898991808295" lon="1.949848020449281">
        <ele>1188</ele>
      </trkpt>
      <trkpt lat="42.404807964339852" lon="1.949721034616232">
        <ele>1190</ele>
      </trkpt>
      <trkpt lat="42.40475800819695" lon="1.949651967734098">
        <ele>1190</ele>
      </trkpt>
      <trkpt lat="42.404635967686772" lon="1.949592959135771">
        <ele>1192</ele>
      </trkpt>
      <trkpt lat="42.404533037915826" lon="1.949565969407558">
        <ele>1193</ele>
      </trkpt>
      <trkpt lat="42.404501019045711" lon="1.949541997164488">
        <ele>1194</ele>
      </trkpt>
      <trkpt lat="42.404449973255396" lon="1.949547026306391">
        <ele>1194</ele>
      </trkpt>
      <trkpt lat="42.404346037656069" lon="1.949547026306391">
        <ele>1196</ele>
      </trkpt>
      <trkpt lat="42.404260039329529" lon="1.949530011042953">
        <ele>1197</ele>
      </trkpt>
      <trkpt lat="42.404147973284125" lon="1.949506038799882">
        <ele>1201</ele>
      </trkpt>
      <trkpt lat="42.404143027961254" lon="1.949506038799882">
        <ele>1201</ele>
      </trkpt>
      <trkpt lat="42.404075972735882" lon="1.949520036578178">
        <ele>1203</ele>
      </trkpt>
      <trkpt lat="42.404044959694147" lon="1.949531016871333">
        <ele>1203</ele>
      </trkpt>
      <trkpt lat="42.403978994116187" lon="1.949584996327758">
        <ele>1205</ele>
      </trkpt>
      <trkpt lat="42.403974970802665" lon="1.949591031298041">
        <ele>1205</ele>
      </trkpt>
      <trkpt lat="42.403924008831382" lon="1.949670994654298">
        <ele>1208</ele>
      </trkpt>
      <trkpt lat="42.403863994404674" lon="1.949737966060638">
        <ele>1210</ele>
      </trkpt>
      <trkpt lat="42.403800040483475" lon="1.949795968830586">
        <ele>1212</ele>
      </trkpt>
      <trkpt lat="42.403789982199669" lon="1.949805021286011">
        <ele>1213</ele>
      </trkpt>
      <trkpt lat="42.403723010793328" lon="1.949867969378829">
        <ele>1215</ele>
      </trkpt>
      <trkpt lat="42.403643969446421" lon="1.949920020997524">
        <ele>1217</ele>
      </trkpt>
      <trkpt lat="42.403564006090164" lon="1.949960002675653">
        <ele>1218</ele>
      </trkpt>
      <trkpt lat="42.403463004156947" lon="1.949971988797188">
        <ele>1220</ele>
      </trkpt>
      <trkpt lat="42.403379017487168" lon="1.949944999068975">
        <ele>1222</ele>
      </trkpt>
      <trkpt lat="42.40329897031188" lon="1.949922032654285">
        <ele>1224</ele>
      </trkpt>
      <trkpt lat="42.403225963935256" lon="1.949906023219228">
        <ele>1227</ele>
      </trkpt>
      <trkpt lat="42.403148012235761" lon="1.9498660415411">
        <ele>1229</ele>
      </trkpt>
      <trkpt lat="42.403121022507548" lon="1.949851959943771">
        <ele>1229</ele>
      </trkpt>
      <trkpt lat="42.403071988373995" lon="1.949822036549449">
        <ele>1231</ele>
      </trkpt>
      <trkpt lat="42.403034018352628" lon="1.94980300962925">
        <ele>1231</ele>
      </trkpt>
      <trkpt lat="42.402986995875835" lon="1.949795968830586">
        <ele>1232</ele>
      </trkpt>
      <trkpt lat="42.402894040569663" lon="1.949798986315727">
        <ele>1235</ele>
      </trkpt>
      <trkpt lat="42.402820028364658" lon="1.949827987700701">
        <ele>1236</ele>
      </trkpt>
      <trkpt lat="42.402809970080853" lon="1.949833016842604">
        <ele>1237</ele>
      </trkpt>
      <trkpt lat="42.402742998674512" lon="1.949822958558798">
        <ele>1239</ele>
      </trkpt>
      <trkpt lat="42.40269597619772" lon="1.949817007407546">
        <ele>1240</ele>
      </trkpt>
      <trkpt lat="42.402621963992715" lon="1.94984600879252">
        <ele>1241</ele>
      </trkpt>
      <trkpt lat="42.402616012841463" lon="1.94984600879252">
        <ele>1241</ele>
      </trkpt>
      <trkpt lat="42.402539988979697" lon="1.949857994914055">
        <ele>1243</ele>
      </trkpt>
      <trkpt lat="42.402478968724608" lon="1.949851959943771">
        <ele>1245</ele>
      </trkpt>
      <trkpt lat="42.402472011744976" lon="1.949851037934423">
        <ele>1245</ele>
      </trkpt>
      <trkpt lat="42.402422977611423" lon="1.949851959943771">
        <ele>1246</ele>
      </trkpt>
      <trkpt lat="42.402318036183715" lon="1.949865035712719">
        <ele>1248</ele>
      </trkpt>
      <trkpt lat="42.402213010936975" lon="1.949876016005874">
        <ele>1250</ele>
      </trkpt>
      <trkpt lat="42.402119971811771" lon="1.949891019612551">
        <ele>1251</ele>
      </trkpt>
      <trkpt lat="42.402048977091908" lon="1.949931001290679">
        <ele>1252</ele>
      </trkpt>
      <trkpt lat="42.401971025392413" lon="1.949978023767471">
        <ele>1254</ele>
      </trkpt>
      <trkpt lat="42.401895001530647" lon="1.950043989345431">
        <ele>1254</ele>
      </trkpt>
      <trkpt lat="42.401777990162373" lon="1.950157983228564">
        <ele>1256</ele>
      </trkpt>
      <trkpt lat="42.401677994057536" lon="1.95025403983891">
        <ele>1258</ele>
      </trkpt>
      <trkpt lat="42.40160096436739" lon="1.950350012630224">
        <ele>1260</ele>
      </trkpt>
      <trkpt lat="42.401591995730996" lon="1.950355963781476">
        <ele>1260</ele>
      </trkpt>
      <trkpt lat="42.401518989354372" lon="1.9504479970783">
        <ele>1262</ele>
      </trkpt>
      <trkpt lat="42.401480013504624" lon="1.950543969869614">
        <ele>1264</ele>
      </trkpt>
      <trkpt lat="42.401439025998116" lon="1.950680008158088">
        <ele>1267</ele>
      </trkpt>
      <trkpt lat="42.401415975764394" lon="1.95079299621284">
        <ele>1269</ele>
      </trkpt>
      <trkpt lat="42.401414969936013" lon="1.950806993991137">
        <ele>1269</ele>
      </trkpt>
      <trkpt lat="42.401375994086266" lon="1.950953006744385">
        <ele>1271</ele>
      </trkpt>
      <trkpt lat="42.401304999366403" lon="1.951042022556067">
        <ele>1273</ele>
      </trkpt>
      <trkpt lat="42.401225036010146" lon="1.951096002012491">
        <ele>1275</ele>
      </trkpt>
      <trkpt lat="42.401152029633522" lon="1.951140007004142">
        <ele>1277</ele>
      </trkpt>
      <trkpt lat="42.401098972186446" lon="1.951214019209147">
        <ele>1278</ele>
      </trkpt>
      <trkpt lat="42.401065025478601" lon="1.951305968686938">
        <ele>1279</ele>
      </trkpt>
      <trkpt lat="42.401024037972093" lon="1.951547032222152">
        <ele>1282</ele>
      </trkpt>
      <trkpt lat="42.401016997173429" lon="1.951722968369722">
        <ele>1283</ele>
      </trkpt>
      <trkpt lat="42.40102001465857" lon="1.951832016929984">
        <ele>1284</ele>
      </trkpt>
      <trkpt lat="42.401028983294964" lon="1.95203997194767">
        <ele>1285</ele>
      </trkpt>
      <trkpt lat="42.401037029922009" lon="1.952080959454179">
        <ele>1286</ele>
      </trkpt>
      <trkpt lat="42.401056978851557" lon="1.952197970822454">
        <ele>1287</ele>
      </trkpt>
      <trkpt lat="42.40108204074204" lon="1.952348006889224">
        <ele>1288</ele>
      </trkpt>
      <trkpt lat="42.401095032691956" lon="1.952409027144313">
        <ele>1289</ele>
      </trkpt>
      <trkpt lat="42.401073994114995" lon="1.952611031010747">
        <ele>1291</ele>
      </trkpt>
      <trkpt lat="42.401058990508318" lon="1.952714966610074">
        <ele>1292</ele>
      </trkpt>
      <trkpt lat="42.401036024093628" lon="1.952823009341955">
        <ele>1293</ele>
      </trkpt>
      <trkpt lat="42.401011968031526" lon="1.952885035425425">
        <ele>1294</ele>
      </trkpt>
      <trkpt lat="42.400993024930358" lon="1.952951001003385">
        <ele>1294</ele>
      </trkpt>
      <trkpt lat="42.400936027988791" lon="1.953147975727916">
        <ele>1296</ele>
      </trkpt>
      <trkpt lat="42.400880958884954" lon="1.95332701317966">
        <ele>1298</ele>
      </trkpt>
      <trkpt lat="42.400814993306994" lon="1.953510995954275">
        <ele>1300</ele>
      </trkpt>
      <trkpt lat="42.40076201967895" lon="1.953689027577639">
        <ele>1302</ele>
      </trkpt>
      <trkpt lat="42.40071902051568" lon="1.953919027000666">
        <ele>1304</ele>
      </trkpt>
      <trkpt lat="42.400712985545397" lon="1.954071996733546">
        <ele>1306</ele>
      </trkpt>
      <trkpt lat="42.400699993595481" lon="1.954244999215007">
        <ele>1308</ele>
      </trkpt>
      <trkpt lat="42.400677027180791" lon="1.954420013353229">
        <ele>1310</ele>
      </trkpt>
      <trkpt lat="42.400610977783799" lon="1.954598966985941">
        <ele>1313</ele>
      </trkpt>
      <trkpt lat="42.400565966963768" lon="1.954691000282764">
        <ele>1314</ele>
      </trkpt>
      <trkpt lat="42.400507964193821" lon="1.954866014420986">
        <ele>1316</ele>
      </trkpt>
      <trkpt lat="42.400505030527711" lon="1.954876994714141">
        <ele>1316</ele>
      </trkpt>
      <trkpt lat="42.400473011657596" lon="1.955009009689093">
        <ele>1318</ele>
      </trkpt>
      <trkpt lat="42.40046001970768" lon="1.955172959715128">
        <ele>1321</ele>
      </trkpt>
      <trkpt lat="42.400459013879299" lon="1.955230040475726">
        <ele>1322</ele>
      </trkpt>
      <trkpt lat="42.400478962808847" lon="1.95545400492847">
        <ele>1324</ele>
      </trkpt>
      <trkpt lat="42.400531014427543" lon="1.955678975209594">
        <ele>1326</ele>
      </trkpt>
      <trkpt lat="42.400543000549078" lon="1.955704959109426">
        <ele>1326</ele>
      </trkpt>
      <trkpt lat="42.400616006925702" lon="1.955881984904409">
        <ele>1328</ele>
      </trkpt>
      <trkpt lat="42.400638973340392" lon="1.955949040129781">
        <ele>1329</ele>
      </trkpt>
      <trkpt lat="42.400650037452579" lon="1.956148026511073">
        <ele>1331</ele>
      </trkpt>
      <trkpt lat="42.400606032460928" lon="1.956307031214237">
        <ele>1332</ele>
      </trkpt>
      <trkpt lat="42.400576025247574" lon="1.956372996792197">
        <ele>1333</ele>
      </trkpt>
      <trkpt lat="42.400530008599162" lon="1.956446003168821">
        <ele>1334</ele>
      </trkpt>
      <trkpt lat="42.400428000837564" lon="1.956542981788516">
        <ele>1336</ele>
      </trkpt>
      <trkpt lat="42.400319958105683" lon="1.956609031185508">
        <ele>1339</ele>
      </trkpt>
      <trkpt lat="42.400281988084316" lon="1.956629985943437">
        <ele>1339</ele>
      </trkpt>
      <trkpt lat="42.400242006406188" lon="1.956637026742101">
        <ele>1340</ele>
      </trkpt>
      <trkpt lat="42.400163970887661" lon="1.956680025905371">
        <ele>1341</ele>
      </trkpt>
      <trkpt lat="42.400029022246599" lon="1.956725958734751">
        <ele>1344</ele>
      </trkpt>
      <trkpt lat="42.39988200366497" lon="1.956756971776485">
        <ele>1346</ele>
      </trkpt>
      <trkpt lat="42.399743031710386" lon="1.95670198649168">
        <ele>1348</ele>
      </trkpt>
      <trkpt lat="42.399633983150125" lon="1.956598972901702">
        <ele>1350</ele>
      </trkpt>
      <trkpt lat="42.39953801035881" lon="1.956472992897034">
        <ele>1351</ele>
      </trkpt>
      <trkpt lat="42.399429967626929" lon="1.956323040649295">
        <ele>1353</ele>
      </trkpt>
      <trkpt lat="42.399298958480358" lon="1.956174010410905">
        <ele>1354</ele>
      </trkpt>
      <trkpt lat="42.399220000952482" lon="1.956144003197551">
        <ele>1354</ele>
      </trkpt>
      <trkpt lat="42.399002993479371" lon="1.956214997917414">
        <ele>1354</ele>
      </trkpt>
      <trkpt lat="42.398853963240981" lon="1.956293033435941">
        <ele>1354</ele>
      </trkpt>
      <trkpt lat="42.398693030700088" lon="1.956397974863648">
        <ele>1355</ele>
      </trkpt>
      <trkpt lat="42.398553974926472" lon="1.956465030089021">
        <ele>1356</ele>
      </trkpt>
      <trkpt lat="42.398367980495095" lon="1.956475004553795">
        <ele>1358</ele>
      </trkpt>
      <trkpt lat="42.398294974118471" lon="1.95648598484695">
        <ele>1359</ele>
      </trkpt>
      <trkpt lat="42.398105040192604" lon="1.956497970968485">
        <ele>1360</ele>
      </trkpt>
      <trkpt lat="42.397950980812311" lon="1.956494031473994">
        <ele>1361</ele>
      </trkpt>
      <trkpt lat="42.397775966674089" lon="1.956491013988853">
        <ele>1363</ele>
      </trkpt>
      <trkpt lat="42.397616961970925" lon="1.956469975411892">
        <ele>1364</ele>
      </trkpt>
      <trkpt lat="42.397562982514501" lon="1.956469975411892">
        <ele>1365</ele>
      </trkpt>
      <trkpt lat="42.397392997518182" lon="1.956567037850618">
        <ele>1366</ele>
      </trkpt>
      <trkpt lat="42.397369025275111" lon="1.95659201592207">
        <ele>1367</ele>
      </trkpt>
      <trkpt lat="42.397266011685133" lon="1.95667801424861">
        <ele>1368</ele>
      </trkpt>
      <trkpt lat="42.397171966731548" lon="1.956734005361795">
        <ele>1370</ele>
      </trkpt>
      <trkpt lat="42.397125028073788" lon="1.956766024231911">
        <ele>1371</ele>
      </trkpt>
      <trkpt lat="42.397017991170287" lon="1.956742973998189">
        <ele>1374</ele>
      </trkpt>
      <trkpt lat="42.396915983408689" lon="1.956734005361795">
        <ele>1376</ele>
      </trkpt>
      <trkpt lat="42.396800983697176" lon="1.956771975383163">
        <ele>1379</ele>
      </trkpt>
      <trkpt lat="42.396684978157282" lon="1.956881023943424">
        <ele>1381</ele>
      </trkpt>
      <trkpt lat="42.396586993709207" lon="1.95699904114008">
        <ele>1383</ele>
      </trkpt>
      <trkpt lat="42.396467970684171" lon="1.957076992839575">
        <ele>1385</ele>
      </trkpt>
      <trkpt lat="42.396351965144277" lon="1.957098031416535">
        <ele>1387</ele>
      </trkpt>
      <trkpt lat="42.396268984302878" lon="1.957105994224548">
        <ele>1388</ele>
      </trkpt>
      <trkpt lat="42.396126994863153" lon="1.957187969237566">
        <ele>1388</ele>
      </trkpt>
      <trkpt lat="42.39597000181675" lon="1.95732300169766">
        <ele>1389</ele>
      </trkpt>
      <trkpt lat="42.395812002941966" lon="1.957358960062265">
        <ele>1390</ele>
      </trkpt>
      <trkpt lat="42.395668001845479" lon="1.95738703943789">
        <ele>1391</ele>
      </trkpt>
      <trkpt lat="42.395487958565354" lon="1.957403970882297">
        <ele>1392</ele>
      </trkpt>
      <trkpt lat="42.395357033237815" lon="1.957403970882297">
        <ele>1393</ele>
      </trkpt>
      <trkpt lat="42.395217977464199" lon="1.957392990589142">
        <ele>1395</ele>
      </trkpt>
      <trkpt lat="42.395192999392748" lon="1.95738703943789">
        <ele>1395</ele>
      </trkpt>
      <trkpt lat="42.395039023831487" lon="1.957330964505673">
        <ele>1398</ele>
      </trkpt>
      <trkpt lat="42.394914971664548" lon="1.957294000312686">
        <ele>1399</ele>
      </trkpt>
      <trkpt lat="42.394752027466893" lon="1.957286037504673">
        <ele>1401</ele>
      </trkpt>
      <trkpt lat="42.394731994718313" lon="1.957290982827544">
        <ele>1401</ele>
      </trkpt>
      <trkpt lat="42.394590005278587" lon="1.957316966727376">
        <ele>1404</ele>
      </trkpt>
      <trkpt lat="42.394438963383436" lon="1.957368012517691">
        <ele>1407</ele>
      </trkpt>
      <trkpt lat="42.394329998642206" lon="1.957461973652244">
        <ele>1408</ele>
      </trkpt>
      <trkpt lat="42.394298985600471" lon="1.957508996129036">
        <ele>1408</ele>
      </trkpt>
      <trkpt lat="42.394193960353732" lon="1.957663977518678">
        <ele>1411</ele>
      </trkpt>
      <trkpt lat="42.394062029197812" lon="1.957767996937037">
        <ele>1412</ele>
      </trkpt>
      <trkpt lat="42.393921967595816" lon="1.957832034677267">
        <ele>1414</ele>
      </trkpt>
      <trkpt lat="42.39380101673305" lon="1.957857012748718">
        <ele>1415</ele>
      </trkpt>
      <trkpt lat="42.39378098398447" lon="1.957855001091957">
        <ele>1415</ele>
      </trkpt>
      <trkpt lat="42.393677970394492" lon="1.957861036062241">
        <ele>1417</ele>
      </trkpt>
      <trkpt lat="42.393523994833231" lon="1.957856006920338">
        <ele>1420</ele>
      </trkpt>
      <trkpt lat="42.393407989293337" lon="1.957880984991789">
        <ele>1422</ele>
      </trkpt>
      <trkpt lat="42.393389968201518" lon="1.957876961678267">
        <ele>1422</ele>
      </trkpt>
      <trkpt lat="42.393316961824894" lon="1.957845026627183">
        <ele>1424</ele>
      </trkpt>
      <trkpt lat="42.39328796043992" lon="1.957847960293293">
        <ele>1425</ele>
      </trkpt>
      <trkpt lat="42.393161980435252" lon="1.957857012748718">
        <ele>1428</ele>
      </trkpt>
      <trkpt lat="42.393061984330416" lon="1.957867993041873">
        <ele>1429</ele>
      </trkpt>
      <trkpt lat="42.392886970192194" lon="1.957895988598466">
        <ele>1430</ele>
      </trkpt>
      <trkpt lat="42.392730982974172" lon="1.95792599581182">
        <ele>1432</ele>
      </trkpt>
      <trkpt lat="42.392693012952805" lon="1.957947034388781">
        <ele>1433</ele>
      </trkpt>
      <trkpt lat="42.392540965229273" lon="1.957992967218161">
        <ele>1435</ele>
      </trkpt>
      <trkpt lat="42.392429988831282" lon="1.958024986088276">
        <ele>1437</ele>
      </trkpt>
      <trkpt lat="42.392330998554826" lon="1.958043007180095">
        <ele>1440</ele>
      </trkpt>
      <trkpt lat="42.392324041575193" lon="1.958050969988108">
        <ele>1440</ele>
      </trkpt>
      <trkpt lat="42.392241982743144" lon="1.958208968862891">
        <ele>1444</ele>
      </trkpt>
      <trkpt lat="42.39223200827837" lon="1.958227995783091">
        <ele>1444</ele>
      </trkpt>
      <trkpt lat="42.392204012721777" lon="1.958265965804458">
        <ele>1445</ele>
      </trkpt>
      <trkpt lat="42.392084989696741" lon="1.958322962746024">
        <ele>1447</ele>
      </trkpt>
      <trkpt lat="42.391972001641989" lon="1.958345007151365">
        <ele>1449</ele>
      </trkpt>
      <trkpt lat="42.391848033294082" lon="1.958349030464888">
        <ele>1452</ele>
      </trkpt>
      <trkpt lat="42.391722975298762" lon="1.958375014364719">
        <ele>1454</ele>
      </trkpt>
      <trkpt lat="42.391703026369214" lon="1.958378031849861">
        <ele>1454</ele>
      </trkpt>
      <trkpt lat="42.391565982252359" lon="1.958404015749693">
        <ele>1456</ele>
      </trkpt>
      <trkpt lat="42.391451988369226" lon="1.958453971892595">
        <ele>1459</ele>
      </trkpt>
      <trkpt lat="42.391323996707797" lon="1.958494037389755">
        <ele>1461</ele>
      </trkpt>
      <trkpt lat="42.391298012807965" lon="1.958492025732994">
        <ele>1462</ele>
      </trkpt>
      <trkpt lat="42.391235986724496" lon="1.958508035168052">
        <ele>1463</ele>
      </trkpt>
      <trkpt lat="42.391163986176252" lon="1.958528989925981">
        <ele>1464</ele>
      </trkpt>
      <trkpt lat="42.391105983406305" lon="1.958562014624476">
        <ele>1466</ele>
      </trkpt>
      <trkpt lat="42.390992995351553" lon="1.95859101600945">
        <ele>1468</ele>
      </trkpt>
      <trkpt lat="42.390958964824677" lon="1.958606019616127">
        <ele>1469</ele>
      </trkpt>
      <trkpt lat="42.390828039497137" lon="1.958654969930649">
        <ele>1472</ele>
      </trkpt>
      <trkpt lat="42.390698036178946" lon="1.958651030436158">
        <ele>1475</ele>
      </trkpt>
      <trkpt lat="42.390680015087128" lon="1.95865698158741">
        <ele>1475</ele>
      </trkpt>
      <trkpt lat="42.390537019819021" lon="1.958727976307273">
        <ele>1476</ele>
      </trkpt>
      <trkpt lat="42.390387989580631" lon="1.958824032917619">
        <ele>1479</ele>
      </trkpt>
      <trkpt lat="42.390355970710516" lon="1.95887197740376">
        <ele>1479</ele>
      </trkpt>
      <trkpt lat="42.390249017626047" lon="1.959009021520615">
        <ele>1481</ele>
      </trkpt>
      <trkpt lat="42.390101999044418" lon="1.959173977375031">
        <ele>1483</ele>
      </trkpt>
      <trkpt lat="42.389979958534241" lon="1.959314038977027">
        <ele>1484</ele>
      </trkpt>
      <trkpt lat="42.389854984357953" lon="1.959409005939961">
        <ele>1486</ele>
      </trkpt>
      <trkpt lat="42.389709977433085" lon="1.959529034793377">
        <ele>1488</ele>
      </trkpt>
      <trkpt lat="42.389583997428417" lon="1.959563987329602">
        <ele>1490</ele>
      </trkpt>
      <trkpt lat="42.389453994110227" lon="1.959631964564323">
        <ele>1491</ele>
      </trkpt>
      <trkpt lat="42.389393979683518" lon="1.95964302867651">
        <ele>1492</ele>
      </trkpt>
      <trkpt lat="42.389350980520248" lon="1.959642022848129">
        <ele>1493</ele>
      </trkpt>
      <trkpt lat="42.389200022444129" lon="1.959616960957646">
        <ele>1495</ele>
      </trkpt>
      <trkpt lat="42.389040011912584" lon="1.95962299592793">
        <ele>1497</ele>
      </trkpt>
      <trkpt lat="42.388973962515593" lon="1.95964302867651">
        <ele>1498</ele>
      </trkpt>
      <trkpt lat="42.388918977230787" lon="1.959630036726594">
        <ele>1498</ele>
      </trkpt>
      <trkpt lat="42.388808000832796" lon="1.959663983434439">
        <ele>1499</ele>
      </trkpt>
      <trkpt lat="42.388668023049831" lon="1.959677981212735">
        <ele>1501</ele>
      </trkpt>
      <trkpt lat="42.388498038053513" lon="1.959677981212735">
        <ele>1503</ele>
      </trkpt>
      <trkpt lat="42.388378009200096" lon="1.959690973162651">
        <ele>1504</ele>
      </trkpt>
      <trkpt lat="42.388337021693587" lon="1.959697008132935">
        <ele>1505</ele>
      </trkpt>
      <trkpt lat="42.388143986463547" lon="1.9596659950912">
        <ele>1507</ele>
      </trkpt>
      <trkpt lat="42.388048013672233" lon="1.95964302867651">
        <ele>1508</ele>
      </trkpt>
      <trkpt lat="42.387882973998785" lon="1.959640011191368">
        <ele>1510</ele>
      </trkpt>
      <trkpt lat="42.387734027579427" lon="1.959628025069833">
        <ele>1512</ele>
      </trkpt>
      <trkpt lat="42.387724975124002" lon="1.959626013413072">
        <ele>1512</ele>
      </trkpt>
      <trkpt lat="42.387616010382771" lon="1.959584020078182">
        <ele>1513</ele>
      </trkpt>
      <trkpt lat="42.387460023164749" lon="1.959556024521589">
        <ele>1515</ele>
      </trkpt>
      <trkpt lat="42.387414006516337" lon="1.959534985944629">
        <ele>1516</ele>
      </trkpt>
      <trkpt lat="42.38737897016108" lon="1.959533980116248">
        <ele>1516</ele>
      </trkpt>
      <trkpt lat="42.387321973219514" lon="1.959515037015081">
        <ele>1517</ele>
      </trkpt>
      <trkpt lat="42.387263970449567" lon="1.959499027580023">
        <ele>1517</ele>
      </trkpt>
      <trkpt lat="42.387131033465266" lon="1.959478994831443">
        <ele>1519</ele>
      </trkpt>
      <trkpt lat="42.387089040130377" lon="1.959487963467836">
        <ele>1520</ele>
      </trkpt>
      <trkpt lat="42.386961970478296" lon="1.959476983174682">
        <ele>1522</ele>
      </trkpt>
      <trkpt lat="42.386916959658265" lon="1.959477989003062">
        <ele>1522</ele>
      </trkpt>
      <trkpt lat="42.386889969930053" lon="1.959484023973346">
        <ele>1523</ele>
      </trkpt>
      <trkpt lat="42.386860968545079" lon="1.959484023973346">
        <ele>1523</ele>
      </trkpt>
      <trkpt lat="42.38673398271203" lon="1.959458962082863">
        <ele>1525</ele>
      </trkpt>
      <trkpt lat="42.386571038514376" lon="1.959426021203399">
        <ele>1527</ele>
      </trkpt>
      <trkpt lat="42.386398036032915" lon="1.959370030090213">
        <ele>1529</ele>
      </trkpt>
      <trkpt lat="42.386274989694357" lon="1.959340022876859">
        <ele>1530</ele>
      </trkpt>
      <trkpt lat="42.386142974719405" lon="1.959283025935292">
        <ele>1531</ele>
      </trkpt>
      <trkpt lat="42.386103998869658" lon="1.959282020106912">
        <ele>1533</ele>
      </trkpt>
      <trkpt lat="42.386055970564485" lon="1.959262993186712">
        <ele>1534</ele>
      </trkpt>
      <trkpt lat="42.38598003052175" lon="1.95921597070992">
        <ele>1534</ele>
      </trkpt>
      <trkpt lat="42.385942982509732" lon="1.959199961274862">
        <ele>1535</ele>
      </trkpt>
      <trkpt lat="42.38589403219521" lon="1.95917297154665">
        <ele>1536</ele>
      </trkpt>
      <trkpt lat="42.38583100028336" lon="1.959162997081876">
        <ele>1537</ele>
      </trkpt>
      <trkpt lat="42.385756988078356" lon="1.95912997238338">
        <ele>1538</ele>
      </trkpt>
      <trkpt lat="42.385631008073688" lon="1.959103988483548">
        <ele>1540</ele>
      </trkpt>
      <trkpt lat="42.385555990040302" lon="1.959100970998406">
        <ele>1542</ele>
      </trkpt>
      <trkpt lat="42.385533023625612" lon="1.959089990705252">
        <ele>1543</ele>
      </trkpt>
      <trkpt lat="42.385504022240639" lon="1.959078004583716">
        <ele>1543</ele>
      </trkpt>
      <trkpt lat="42.385425986722112" lon="1.959072975441814">
        <ele>1545</ele>
      </trkpt>
      <trkpt lat="42.385388016700745" lon="1.959068030118942">
        <ele>1546</ele>
      </trkpt>
      <trkpt lat="42.385309981182218" lon="1.959057971835136">
        <ele>1547</ele>
      </trkpt>
      <trkpt lat="42.385244015604258" lon="1.959046991541982">
        <ele>1549</ele>
      </trkpt>
      <trkpt lat="42.385090040042996" lon="1.959040034562349">
        <ele>1551</ele>
      </trkpt>
      <trkpt lat="42.384976968169212" lon="1.959020001813769">
        <ele>1553</ele>
      </trkpt>
      <trkpt lat="42.38484101369977" lon="1.959037017077208">
        <ele>1555</ele>
      </trkpt>
      <trkpt lat="42.384787034243345" lon="1.959050009027124">
        <ele>1556</ele>
      </trkpt>
      <trkpt lat="42.384690977632999" lon="1.95906400680542">
        <ele>1558</ele>
      </trkpt>
      <trkpt lat="42.384634986519814" lon="1.959072975441814">
        <ele>1559</ele>
      </trkpt>
      <trkpt lat="42.384501965716481" lon="1.959055960178375">
        <ele>1560</ele>
      </trkpt>
      <trkpt lat="42.384398030117154" lon="1.959038022905588">
        <ele>1562</ele>
      </trkpt>
      <trkpt lat="42.384346984326839" lon="1.959025030955672">
        <ele>1562</ele>
      </trkpt>
      <trkpt lat="42.384296022355556" lon="1.959031987935305">
        <ele>1563</ele>
      </trkpt>
      <trkpt lat="42.38417599350214" lon="1.959075992926955">
        <ele>1566</ele>
      </trkpt>
      <trkpt lat="42.384061999619007" lon="1.959036011248827">
        <ele>1567</ele>
      </trkpt>
      <trkpt lat="42.383883967995644" lon="1.958983037620783">
        <ele>1569</ele>
      </trkpt>
      <trkpt lat="42.383825965225697" lon="1.958985971286893">
        <ele>1569</ele>
      </trkpt>
      <trkpt lat="42.383758993819356" lon="1.958966022357345">
        <ele>1569</ele>
      </trkpt>
      <trkpt lat="42.383714988827705" lon="1.958982031792402">
        <ele>1569</ele>
      </trkpt>
      <trkpt lat="42.383672995492816" lon="1.958992006257176">
        <ele>1570</ele>
      </trkpt>
      <trkpt lat="42.383517008274794" lon="1.959067024290562">
        <ele>1573</ele>
      </trkpt>
      <trkpt lat="42.383480966091156" lon="1.959087979048491">
        <ele>1574</ele>
      </trkpt>
      <trkpt lat="42.383422963321209" lon="1.959111029282212">
        <ele>1576</ele>
      </trkpt>
      <trkpt lat="42.383310981094837" lon="1.959127960726619">
        <ele>1577</ele>
      </trkpt>
      <trkpt lat="42.383149964734912" lon="1.959161991253495">
        <ele>1578</ele>
      </trkpt>
      <trkpt lat="42.383075030520558" lon="1.959187975153327">
        <ele>1580</ele>
      </trkpt>
      <trkpt lat="42.382943015545607" lon="1.959237009286881">
        <ele>1581</ele>
      </trkpt>
      <trkpt lat="42.382901022210717" lon="1.95925603620708">
        <ele>1580</ele>
      </trkpt>
      <trkpt lat="42.382772024720907" lon="1.959315966814756">
        <ele>1581</ele>
      </trkpt>
      <trkpt lat="42.382659958675504" lon="1.959374975413084">
        <ele>1584</ele>
      </trkpt>
      <trkpt lat="42.382624000310898" lon="1.95938503369689">
        <ele>1584</ele>
      </trkpt>
      <trkpt lat="42.382536996155977" lon="1.959409005939961">
        <ele>1585</ele>
      </trkpt>
      <trkpt lat="42.382388971745968" lon="1.959390984848142">
        <ele>1586</ele>
      </trkpt>
      <trkpt lat="42.382245976477861" lon="1.959396013990045">
        <ele>1588</ele>
      </trkpt>
      <trkpt lat="42.382236002013087" lon="1.959395008161664">
        <ele>1588</ele>
      </trkpt>
      <trkpt lat="42.38217699341476" lon="1.959378998726606">
        <ele>1588</ele>
      </trkpt>
      <trkpt lat="42.382061993703246" lon="1.95936500094831">
        <ele>1589</ele>
      </trkpt>
      <trkpt lat="42.381999967619777" lon="1.95936500094831">
        <ele>1590</ele>
      </trkpt>
      <trkpt lat="42.381970966234803" lon="1.959376987069845">
        <ele>1591</ele>
      </trkpt>
      <trkpt lat="42.381865018978715" lon="1.959346979856491">
        <ele>1592</ele>
      </trkpt>
      <trkpt lat="42.381854960694909" lon="1.95934496819973">
        <ele>1592</ele>
      </trkpt>
      <trkpt lat="42.381742978468537" lon="1.959371035918593">
        <ele>1595</ele>
      </trkpt>
      <trkpt lat="42.38159503787756" lon="1.959354020655155">
        <ele>1597</ele>
      </trkpt>
      <trkpt lat="42.381481966003776" lon="1.959362989291549">
        <ele>1598</ele>
      </trkpt>
      <trkpt lat="42.381356991827488" lon="1.959448987618089">
        <ele>1600</ele>
      </trkpt>
      <trkpt lat="42.381337964907289" lon="1.959463991224766">
        <ele>1600</ele>
      </trkpt>
      <trkpt lat="42.381306029856205" lon="1.959488969296217">
        <ele>1601</ele>
      </trkpt>
      <trkpt lat="42.381256995722651" lon="1.959515959024429">
        <ele>1602</ele>
      </trkpt>
      <trkpt lat="42.381208967417479" lon="1.959555018693209">
        <ele>1604</ele>
      </trkpt>
      <trkpt lat="42.381088016554713" lon="1.959608998149633">
        <ele>1606</ele>
      </trkpt>
      <trkpt lat="42.381031019613147" lon="1.959631964564323">
        <ele>1608</ele>
      </trkpt>
      <trkpt lat="42.380959019064903" lon="1.959649985656142">
        <ele>1609</ele>
      </trkpt>
      <trkpt lat="42.380863968282938" lon="1.959723997861147">
        <ele>1611</ele>
      </trkpt>
      <trkpt lat="42.38080102019012" lon="1.959771020337939">
        <ele>1613</ele>
      </trkpt>
      <trkpt lat="42.380731031298637" lon="1.959820976480842">
        <ele>1615</ele>
      </trkpt>
      <trkpt lat="42.380620976909995" lon="1.959874033927918">
        <ele>1617</ele>
      </trkpt>
      <trkpt lat="42.380556017160416" lon="1.959914015606046">
        <ele>1619</ele>
      </trkpt>
      <trkpt lat="42.380472030490637" lon="1.959962965920568">
        <ele>1621</ele>
      </trkpt>
      <trkpt lat="42.380425008013844" lon="1.959978975355625">
        <ele>1621</ele>
      </trkpt>
      <trkpt lat="42.380382008850574" lon="1.960024992004037">
        <ele>1622</ele>
      </trkpt>
      <trkpt lat="42.380274971947074" lon="1.960094980895519">
        <ele>1625</ele>
      </trkpt>
      <trkpt lat="42.380166007205844" lon="1.960162036120892">
        <ele>1628</ele>
      </trkpt>
      <trkpt lat="42.380130970850587" lon="1.960180979222059">
        <ele>1629</ele>
      </trkpt>
      <trkpt lat="42.380034998059273" lon="1.960274018347263">
        <ele>1631</ele>
      </trkpt>
      <trkpt lat="42.379883034154773" lon="1.960352975875139">
        <ele>1632</ele>
      </trkpt>
      <trkpt lat="42.379752025008202" lon="1.960436040535569">
        <ele>1635</ele>
      </trkpt>
      <trkpt lat="42.379726963117719" lon="1.960453977808356">
        <ele>1636</ele>
      </trkpt>
      <trkpt lat="42.379605006426573" lon="1.960464958101511">
        <ele>1637</ele>
      </trkpt>
      <trkpt lat="42.379527976736426" lon="1.960489014163613">
        <ele>1639</ele>
      </trkpt>
      <trkpt lat="42.379459999501705" lon="1.960496976971626">
        <ele>1639</ele>
      </trkpt>
      <trkpt lat="42.37944901920855" lon="1.960521033033729">
        <ele>1640</ele>
      </trkpt>
      <trkpt lat="42.379344999790192" lon="1.960540981963277">
        <ele>1639</ele>
      </trkpt>
      <trkpt lat="42.379317004233599" lon="1.960538970306516">
        <ele>1639</ele>
      </trkpt>
      <trkpt lat="42.379302000626922" lon="1.960533019155264">
        <ele>1638</ele>
      </trkpt>
      <trkpt lat="42.379302000626922" lon="1.960533019155264">
        <ele>1638</ele>
      </trkpt>
      <trkpt lat="42.379198987036943" lon="1.960510974749923">
        <ele>1639</ele>
      </trkpt>
      <trkpt lat="42.379161017015576" lon="1.960534024983645">
        <ele>1640</ele>
      </trkpt>
      <trkpt lat="42.37906202673912" lon="1.960540981963277">
        <ele>1641</ele>
      </trkpt>
      <trkpt lat="42.3789750225842" lon="1.960559003055096">
        <ele>1643</ele>
      </trkpt>
      <trkpt lat="42.378943003714085" lon="1.960577024146915">
        <ele>1643</ele>
      </trkpt>
      <trkpt lat="42.37884602509439" lon="1.960637038573623">
        <ele>1643</ele>
      </trkpt>
      <trkpt lat="42.37884602509439" lon="1.960634021088481">
        <ele>1643</ele>
      </trkpt>
      <trkpt lat="42.37884602509439" lon="1.960634021088481">
        <ele>1643</ele>
      </trkpt>
      <trkpt lat="42.378791039809585" lon="1.960629997774959">
        <ele>1643</ele>
      </trkpt>
      <trkpt lat="42.378676040098071" lon="1.960666039958596">
        <ele>1644</ele>
      </trkpt>
      <trkpt lat="42.378595992922783" lon="1.960692023858428">
        <ele>1646</ele>
      </trkpt>
      <trkpt lat="42.378556011244655" lon="1.960708033293486">
        <ele>1647</ele>
      </trkpt>
      <trkpt lat="42.378458026796579" lon="1.960810041055083">
        <ele>1647</ele>
      </trkpt>
      <trkpt lat="42.378423996269703" lon="1.960843987762928">
        <ele>1647</ele>
      </trkpt>
      <trkpt lat="42.378398012369871" lon="1.960875000804663">
        <ele>1648</ele>
      </trkpt>
      <trkpt lat="42.378278989344835" lon="1.960964016616345">
        <ele>1649</ele>
      </trkpt>
      <trkpt lat="42.378168012946844" lon="1.961067030206323">
        <ele>1651</ele>
      </trkpt>
      <trkpt lat="42.378148986026645" lon="1.961101982742548">
        <ele>1652</ele>
      </trkpt>
      <trkpt lat="42.378086037933826" lon="1.961167026311159">
        <ele>1652</ele>
      </trkpt>
      <trkpt lat="42.378037003800273" lon="1.961230980232358">
        <ele>1653</ele>
      </trkpt>
      <trkpt lat="42.377907000482082" lon="1.961271967738867">
        <ele>1655</ele>
      </trkpt>
      <trkpt lat="42.377813039347529" lon="1.961261993274093">
        <ele>1657</ele>
      </trkpt>
      <trkpt lat="42.377699967473745" lon="1.961307004094124">
        <ele>1658</ele>
      </trkpt>
      <trkpt lat="42.377580022439361" lon="1.961331982165575">
        <ele>1659</ele>
      </trkpt>
      <trkpt lat="42.377470973879099" lon="1.961356038227677">
        <ele>1661</ele>
      </trkpt>
      <trkpt lat="42.377458987757564" lon="1.961358971893787">
        <ele>1661</ele>
      </trkpt>
      <trkpt lat="42.377415988594294" lon="1.961391996592283">
        <ele>1661</ele>
      </trkpt>
      <trkpt lat="42.377285985276103" lon="1.961482018232346">
        <ele>1662</ele>
      </trkpt>
      <trkpt lat="42.377191018313169" lon="1.961539015173912">
        <ele>1664</ele>
      </trkpt>
      <trkpt lat="42.377099990844727" lon="1.96162199601531">
        <ele>1665</ele>
      </trkpt>
      <trkpt lat="42.376973005011678" lon="1.961702965199947">
        <ele>1667</ele>
      </trkpt>
      <trkpt lat="42.376851970329881" lon="1.961748981848359">
        <ele>1669</ele>
      </trkpt>
      <trkpt lat="42.376729007810354" lon="1.961781000718474">
        <ele>1670</ele>
      </trkpt>
      <trkpt lat="42.376587018370628" lon="1.961797010153532">
        <ele>1672</ele>
      </trkpt>
      <trkpt lat="42.376547958701849" lon="1.961794998496771">
        <ele>1673</ele>
      </trkpt>
      <trkpt lat="42.376519963145256" lon="1.96177002042532">
        <ele>1674</ele>
      </trkpt>
      <trkpt lat="42.376393983140588" lon="1.961798015981913">
        <ele>1674</ele>
      </trkpt>
      <trkpt lat="42.376366993412375" lon="1.961806984618306">
        <ele>1675</ele>
      </trkpt>
      <trkpt lat="42.376357018947601" lon="1.961803967133164">
        <ele>1675</ele>
      </trkpt>
      <trkpt lat="42.376326005905867" lon="1.961790975183249">
        <ele>1675</ele>
      </trkpt>
      <trkpt lat="42.376231038942933" lon="1.961805978789926">
        <ele>1676</ele>
      </trkpt>
      <trkpt lat="42.376187033951283" lon="1.961788963526487">
        <ele>1676</ele>
      </trkpt>
      <trkpt lat="42.37607597373426" lon="1.961776977404952">
        <ele>1677</ele>
      </trkpt>
      <trkpt lat="42.375997016206384" lon="1.961712017655373">
        <ele>1680</ele>
      </trkpt>
      <trkpt lat="42.37588101066649" lon="1.961732972413302">
        <ele>1681</ele>
      </trkpt>
      <trkpt lat="42.375814039260149" lon="1.961775971576572">
        <ele>1681</ele>
      </trkpt>
      <trkpt lat="42.375767016783357" lon="1.961796004325151">
        <ele>1682</ele>
      </trkpt>
      <trkpt lat="42.375640030950308" lon="1.961826011538506">
        <ele>1684</ele>
      </trkpt>
      <trkpt lat="42.375500975176692" lon="1.961866999045014">
        <ele>1686</ele>
      </trkpt>
      <trkpt lat="42.375442972406745" lon="1.961854007095099">
        <ele>1687</ele>
      </trkpt>
      <trkpt lat="42.375374995172024" lon="1.961890971288085">
        <ele>1687</ele>
      </trkpt>
      <trkpt lat="42.375268964096904" lon="1.961905974894762">
        <ele>1688</ele>
      </trkpt>
      <trkpt lat="42.375148013234138" lon="1.961904969066382">
        <ele>1691</ele>
      </trkpt>
      <trkpt lat="42.375119011849165" lon="1.961912009865046">
        <ele>1691</ele>
      </trkpt>
      <trkpt lat="42.375053968280554" lon="1.961945034563541">
        <ele>1690</ele>
      </trkpt>
      <trkpt lat="42.374929999932647" lon="1.961977975443006">
        <ele>1690</ele>
      </trkpt>
      <trkpt lat="42.374882977455854" lon="1.961971018463373">
        <ele>1691</ele>
      </trkpt>
      <trkpt lat="42.374807959422469" lon="1.961972024291754">
        <ele>1691</ele>
      </trkpt>
      <trkpt lat="42.374753979966044" lon="1.961954003199935">
        <ele>1692</ele>
      </trkpt>
      <trkpt lat="42.374598998576403" lon="1.961970012634993">
        <ele>1692</ele>
      </trkpt>
      <trkpt lat="42.374516017735004" lon="1.961997002363205">
        <ele>1693</ele>
      </trkpt>
      <trkpt lat="42.374328011646867" lon="1.962105967104435">
        <ele>1693</ele>
      </trkpt>
      <trkpt lat="42.374192979186773" lon="1.962259020656347">
        <ele>1694</ele>
      </trkpt>
      <trkpt lat="42.374065993353724" lon="1.962350970134139">
        <ele>1695</ele>
      </trkpt>
      <trkpt lat="42.373932972550392" lon="1.962420959025621">
        <ele>1696</ele>
      </trkpt>
      <trkpt lat="42.373911011964083" lon="1.962420037016273">
        <ele>1696</ele>
      </trkpt>
      <trkpt lat="42.373806992545724" lon="1.96252497844398">
        <ele>1697</ele>
      </trkpt>
      <trkpt lat="42.373748989775777" lon="1.962592033669353">
        <ele>1698</ele>
      </trkpt>
      <trkpt lat="42.373681012541056" lon="1.962664034217596">
        <ele>1699</ele>
      </trkpt>
      <trkpt lat="42.373570036143064" lon="1.962691023945808">
        <ele>1700</ele>
      </trkpt>
      <trkpt lat="42.373510021716356" lon="1.962700998410583">
        <ele>1701</ele>
      </trkpt>
      <trkpt lat="42.373457970097661" lon="1.962697980925441">
        <ele>1702</ele>
      </trkpt>
      <trkpt lat="42.373452018946409" lon="1.96269697509706">
        <ele>1702</ele>
      </trkpt>
      <trkpt lat="42.373438021168113" lon="1.962692029774189">
        <ele>1703</ele>
      </trkpt>
      <trkpt lat="42.373404996469617" lon="1.96267400868237">
        <ele>1703</ele>
      </trkpt>
      <trkpt lat="42.373298965394497" lon="1.962611982598901">
        <ele>1705</ele>
      </trkpt>
      <trkpt lat="42.373257977887988" lon="1.962593039497733">
        <ele>1706</ele>
      </trkpt>
      <trkpt lat="42.373234005644917" lon="1.962595973163843">
        <ele>1706</ele>
      </trkpt>
      <trkpt lat="42.373234005644917" lon="1.962595973163843">
        <ele>1706</ele>
      </trkpt>
      <trkpt lat="42.37306896597147" lon="1.962531013414264">
        <ele>1708</ele>
      </trkpt>
      <trkpt lat="42.373062008991838" lon="1.962529001757503">
        <ele>1708</ele>
      </trkpt>
      <trkpt lat="42.372872997075319" lon="1.962463036179543">
        <ele>1709</ele>
      </trkpt>
      <trkpt lat="42.372822035104036" lon="1.962492037564516">
        <ele>1709</ele>
      </trkpt>
      <trkpt lat="42.372763026505709" lon="1.962644001469016">
        <ele>1709</ele>
      </trkpt>
      <trkpt lat="42.372710974887013" lon="1.962776016443968">
        <ele>1710</ele>
      </trkpt>
      <trkpt lat="42.372697982937098" lon="1.96284600533545">
        <ele>1710</ele>
      </trkpt>
      <trkpt lat="42.372627994045615" lon="1.962998975068331">
        <ele>1711</ele>
      </trkpt>
      <trkpt lat="42.372607961297035" lon="1.963058989495039">
        <ele>1711</ele>
      </trkpt>
      <trkpt lat="42.372593963518739" lon="1.963088996708393">
        <ele>1711</ele>
      </trkpt>
      <trkpt lat="42.372523974627256" lon="1.963263005018234">
        <ele>1712</ele>
      </trkpt>
      <trkpt lat="42.372520035132766" lon="1.963272979483008">
        <ele>1712</ele>
      </trkpt>
      <trkpt lat="42.372432025149465" lon="1.963479006662965">
        <ele>1714</ele>
      </trkpt>
      <trkpt lat="42.372357007116079" lon="1.963653014972806">
        <ele>1715</ele>
      </trkpt>
      <trkpt lat="42.372276959940791" lon="1.963839009404182">
        <ele>1716</ele>
      </trkpt>
      <trkpt lat="42.372177969664335" lon="1.964079989120364">
        <ele>1718</ele>
      </trkpt>
      <trkpt lat="42.372060036286712" lon="1.964281992986798">
        <ele>1719</ele>
      </trkpt>
      <trkpt lat="42.371972026303411" lon="1.964459018781781">
        <ele>1721</ele>
      </trkpt>
      <trkpt lat="42.371883010491729" lon="1.964653981849551">
        <ele>1722</ele>
      </trkpt>
      <trkpt lat="42.371816039085388" lon="1.964819021522999">
        <ele>1724</ele>
      </trkpt>
      <trkpt lat="42.371727023273706" lon="1.964899990707636">
        <ele>1725</ele>
      </trkpt>
      <trkpt lat="42.371695004403591" lon="1.964940978214145">
        <ele>1725</ele>
      </trkpt>
      <trkpt lat="42.371634989976883" lon="1.964989006519318">
        <ele>1726</ele>
      </trkpt>
      <trkpt lat="42.37154102884233" lon="1.965037034824491">
        <ele>1727</ele>
      </trkpt>
      <trkpt lat="42.371519990265369" lon="1.965038040652871">
        <ele>1727</ele>
      </trkpt>
      <trkpt lat="42.371380012482405" lon="1.965104006230831">
        <ele>1729</ele>
      </trkpt>
      <trkpt lat="42.371231988072395" lon="1.965156979858875">
        <ele>1730</ele>
      </trkpt>
      <trkpt lat="42.371085975319147" lon="1.965239038690925">
        <ele>1732</ele>
      </trkpt>
      <trkpt lat="42.370987990871072" lon="1.965303998440504">
        <ele>1732</ele>
      </trkpt>
      <trkpt lat="42.370871985331178" lon="1.965453028678894">
        <ele>1735</ele>
      </trkpt>
      <trkpt lat="42.370817000046372" lon="1.96557498537004">
        <ele>1736</ele>
      </trkpt>
      <trkpt lat="42.370770983397961" lon="1.965829962864518">
        <ele>1738</ele>
      </trkpt>
      <trkpt lat="42.370770983397961" lon="1.965977987274528">
        <ele>1739</ele>
      </trkpt>
      <trkpt lat="42.370753968134522" lon="1.966172028332949">
        <ele>1740</ele>
      </trkpt>
      <trkpt lat="42.370725972577929" lon="1.966302031651139">
        <ele>1742</ele>
      </trkpt>
      <trkpt lat="42.370613990351558" lon="1.966460030525923">
        <ele>1744</ele>
      </trkpt>
      <trkpt lat="42.370504019781947" lon="1.966562960296869">
        <ele>1745</ele>
      </trkpt>
      <trkpt lat="42.370367981493473" lon="1.966630015522242">
        <ele>1746</ele>
      </trkpt>
      <trkpt lat="42.370260022580624" lon="1.966697992756963">
        <ele>1747</ele>
      </trkpt>
      <trkpt lat="42.370096994563937" lon="1.966781979426742">
        <ele>1749</ele>
      </trkpt>
      <trkpt lat="42.369948970153928" lon="1.966853979974985">
        <ele>1750</ele>
      </trkpt>
      <trkpt lat="42.369751995429397" lon="1.96697199717164">
        <ele>1751</ele>
      </trkpt>
      <trkpt lat="42.36960799433291" lon="1.967091020196676">
        <ele>1752</ele>
      </trkpt>
      <trkpt lat="42.369453012943268" lon="1.967219011858106">
        <ele>1753</ele>
      </trkpt>
      <trkpt lat="42.369274981319904" lon="1.967329988256097">
        <ele>1755</ele>
      </trkpt>
      <trkpt lat="42.369119999930263" lon="1.967448005452752">
        <ele>1756</ele>
      </trkpt>
      <trkpt lat="42.368934005498886" lon="1.967625031247735">
        <ele>1758</ele>
      </trkpt>
      <trkpt lat="42.368756979703903" lon="1.967838015407324">
        <ele>1759</ele>
      </trkpt>
      <trkpt lat="42.368579031899571" lon="1.968123000115156">
        <ele>1761</ele>
      </trkpt>
      <trkpt lat="42.368565034121275" lon="1.96815300732851">
        <ele>1761</ele>
      </trkpt>
      <trkpt lat="42.368523962795734" lon="1.968235988169909">
        <ele>1762</ele>
      </trkpt>
      <trkpt lat="42.368510970845819" lon="1.968501023948193">
        <ele>1764</ele>
      </trkpt>
      <trkpt lat="42.368564028292894" lon="1.968706967309117">
        <ele>1766</ele>
      </trkpt>
      <trkpt lat="42.368589006364346" lon="1.96875499561429">
        <ele>1766</ele>
      </trkpt>
      <trkpt lat="42.368618007749319" lon="1.968823978677392">
        <ele>1766</ele>
      </trkpt>
      <trkpt lat="42.368689002469182" lon="1.969058001413941">
        <ele>1767</ele>
      </trkpt>
      <trkpt lat="42.368680033832788" lon="1.969109969213605">
        <ele>1767</ele>
      </trkpt>
      <trkpt lat="42.368546007201076" lon="1.96929001249373">
        <ele>1769</ele>
      </trkpt>
      <trkpt lat="42.368452968075871" lon="1.969455974176526">
        <ele>1770</ele>
      </trkpt>
      <trkpt lat="42.368416003882885" lon="1.969553036615253">
        <ele>1770</ele>
      </trkpt>
      <trkpt lat="42.368403011932969" lon="1.969835003837943">
        <ele>1771</ele>
      </trkpt>
      <trkpt lat="42.368402006104589" lon="1.970081012696028">
        <ele>1773</ele>
      </trkpt>
      <trkpt lat="42.368390019983053" lon="1.97030195966363">
        <ele>1774</ele>
      </trkpt>
      <trkpt lat="42.368393959477544" lon="1.970415031537414">
        <ele>1775</ele>
      </trkpt>
      <trkpt lat="42.36840401776135" lon="1.970733040943742">
        <ele>1776</ele>
      </trkpt>
      <trkpt lat="42.368379961699247" lon="1.971011990681291">
        <ele>1777</ele>
      </trkpt>
      <trkpt lat="42.368373004719615" lon="1.971164960414171">
        <ele>1778</ele>
      </trkpt>
      <trkpt lat="42.368366969749331" lon="1.971181975677609">
        <ele>1778</ele>
      </trkpt>
      <trkpt lat="42.368350038304925" lon="1.971287000924349">
        <ele>1778</ele>
      </trkpt>
      <trkpt lat="42.368345009163022" lon="1.971389008685947">
        <ele>1779</ele>
      </trkpt>
      <trkpt lat="42.368320031091571" lon="1.971583971753717">
        <ele>1780</ele>
      </trkpt>
      <trkpt lat="42.36829899251461" lon="1.971766026690602">
        <ele>1781</ele>
      </trkpt>
      <trkpt lat="42.368288012221456" lon="1.971968030557036">
        <ele>1782</ele>
      </trkpt>
      <trkpt lat="42.368282983079553" lon="1.972161987796426">
        <ele>1783</ele>
      </trkpt>
      <trkpt lat="42.368282983079553" lon="1.972216973081231">
        <ele>1784</ele>
      </trkpt>
      <trkpt lat="42.368279965594411" lon="1.972402967512608">
        <ele>1785</ele>
      </trkpt>
      <trkpt lat="42.368243001401424" lon="1.972585022449493">
        <ele>1786</ele>
      </trkpt>
      <trkpt lat="42.368210982531309" lon="1.972682001069188">
        <ele>1786</ele>
      </trkpt>
      <trkpt lat="42.368184998631477" lon="1.97277101688087">
        <ele>1787</ele>
      </trkpt>
      <trkpt lat="42.368135964497924" lon="1.972929015755653">
        <ele>1788</ele>
      </trkpt>
      <trkpt lat="42.368048960343003" lon="1.973147029057145">
        <ele>1790</ele>
      </trkpt>
      <trkpt lat="42.368006967008114" lon="1.973278038203716">
        <ele>1791</ele>
      </trkpt>
      <trkpt lat="42.367981988936663" lon="1.973410975188017">
        <ele>1792</ele>
      </trkpt>
      <trkpt lat="42.367947958409786" lon="1.973531004041433">
        <ele>1793</ele>
      </trkpt>
      <trkpt lat="42.367927003651857" lon="1.973662013188005">
        <ele>1794</ele>
      </trkpt>
      <trkpt lat="42.367914011701941" lon="1.973753040656447">
        <ele>1794</ele>
      </trkpt>
      <trkpt lat="42.367902025580406" lon="1.973969964310527">
        <ele>1796</ele>
      </trkpt>
      <trkpt lat="42.36788903363049" lon="1.974051017314196">
        <ele>1796</ele>
      </trkpt>
      <trkpt lat="42.367903031408787" lon="1.974179008975625">
        <ele>1797</ele>
      </trkpt>
      <trkpt lat="42.367904959246516" lon="1.974260983988643">
        <ele>1797</ele>
      </trkpt>
      <trkpt lat="42.367919040843844" lon="1.974495006725192">
        <ele>1799</ele>
      </trkpt>
      <trkpt lat="42.367945024743676" lon="1.974689969792962">
        <ele>1800</ele>
      </trkpt>
      <trkpt lat="42.367995986714959" lon="1.974906977266073">
        <ele>1801</ele>
      </trkpt>
      <trkpt lat="42.368048960343003" lon="1.975090960040689">
        <ele>1803</ele>
      </trkpt>
      <trkpt lat="42.368093971163034" lon="1.975298998877406">
        <ele>1804</ele>
      </trkpt>
      <trkpt lat="42.368110986426473" lon="1.975464960560203">
        <ele>1805</ele>
      </trkpt>
      <trkpt lat="42.368140993639827" lon="1.975626982748509">
        <ele>1807</ele>
      </trkpt>
      <trkpt lat="42.368153985589743" lon="1.97575799189508">
        <ele>1809</ele>
      </trkpt>
      <trkpt lat="42.368164965882897" lon="1.975954966619611">
        <ele>1810</ele>
      </trkpt>
      <trkpt lat="42.36821299418807" lon="1.976137021556497">
        <ele>1812</ele>
      </trkpt>
      <trkpt lat="42.368293963372707" lon="1.976308012381196">
        <ele>1813</ele>
      </trkpt>
      <trkpt lat="42.368345009163022" lon="1.976480009034276">
        <ele>1815</ele>
      </trkpt>
      <trkpt lat="42.368268985301256" lon="1.976635996252298">
        <ele>1815</ele>
      </trkpt>
      <trkpt lat="42.368143005296588" lon="1.976817967370153">
        <ele>1816</ele>
      </trkpt>
      <trkpt lat="42.368087014183402" lon="1.976912012323737">
        <ele>1817</ele>
      </trkpt>
      <trkpt lat="42.367994980886579" lon="1.977150980383158">
        <ele>1818</ele>
      </trkpt>
      <trkpt lat="42.36797402612865" lon="1.977249970659614">
        <ele>1819</ele>
      </trkpt>
      <trkpt lat="42.367947036400437" lon="1.977531015872955">
        <ele>1822</ele>
      </trkpt>
      <trkpt lat="42.367930021136999" lon="1.977783981710672">
        <ele>1824</ele>
      </trkpt>
      <trkpt lat="42.367929015308619" lon="1.977858999744058">
        <ele>1824</ele>
      </trkpt>
      <trkpt lat="42.367927003651857" lon="1.978114983066917">
        <ele>1827</ele>
      </trkpt>
      <trkpt lat="42.367922980338335" lon="1.978311035782099">
        <ele>1828</ele>
      </trkpt>
      <trkpt lat="42.367890039458871" lon="1.978418994694948">
        <ele>1828</ele>
      </trkpt>
      <trkpt lat="42.367757018655539" lon="1.978611024096608">
        <ele>1830</ele>
      </trkpt>
      <trkpt lat="42.367703039199114" lon="1.9787029735744">
        <ele>1831</ele>
      </trkpt>
      <trkpt lat="42.367599019780755" lon="1.978892991319299">
        <ele>1834</ele>
      </trkpt>
      <trkpt lat="42.367499023675919" lon="1.979048978537321">
        <ele>1835</ele>
      </trkpt>
      <trkpt lat="42.367470022290945" lon="1.979106981307268">
        <ele>1836</ele>
      </trkpt>
      <trkpt lat="42.36741503700614" lon="1.979165989905596">
        <ele>1837</ele>
      </trkpt>
      <trkpt lat="42.367301965132356" lon="1.979322982951999">
        <ele>1838</ele>
      </trkpt>
      <trkpt lat="42.36720004118979" lon="1.979442005977035">
        <ele>1840</ele>
      </trkpt>
      <trkpt lat="42.367078000679612" lon="1.979558011516929">
        <ele>1842</ele>
      </trkpt>
      <trkpt lat="42.366929976269603" lon="1.979702012613416">
        <ele>1845</ele>
      </trkpt>
      <trkpt lat="42.366784969344735" lon="1.979835033416748">
        <ele>1846</ele>
      </trkpt>
      <trkpt lat="42.366706011816859" lon="1.979907033964992">
        <ele>1847</ele>
      </trkpt>
      <trkpt lat="42.366661000996828" lon="1.979957995936275">
        <ele>1848</ele>
      </trkpt>
      <trkpt lat="42.366544995456934" lon="1.980023039504886">
        <ele>1849</ele>
      </trkpt>
      <trkpt lat="42.366440976038575" lon="1.980110965669155">
        <ele>1850</ele>
      </trkpt>
      <trkpt lat="42.366303009912372" lon="1.980221020057797">
        <ele>1853</ele>
      </trkpt>
      <trkpt lat="42.366203013807535" lon="1.980304000899196">
        <ele>1855</ele>
      </trkpt>
      <trkpt lat="42.366162026301026" lon="1.980343982577324">
        <ele>1856</ele>
      </trkpt>
      <trkpt lat="42.366010984405875" lon="1.980448001995683">
        <ele>1858</ele>
      </trkpt>
      <trkpt lat="42.36589003354311" lon="1.98052897118032">
        <ele>1860</ele>
      </trkpt>
      <trkpt lat="42.365781990811229" lon="1.980598038062453">
        <ele>1861</ele>
      </trkpt>
      <trkpt lat="42.365657016634941" lon="1.980676995590329">
        <ele>1864</ele>
      </trkpt>
      <trkpt lat="42.36554604023695" lon="1.980761988088489">
        <ele>1865</ele>
      </trkpt>
      <trkpt lat="42.36541997641325" lon="1.980843963101506">
        <ele>1866</ele>
      </trkpt>
      <trkpt lat="42.365281004458666" lon="1.980912024155259">
        <ele>1868</ele>
      </trkpt>
      <trkpt lat="42.365129040554166" lon="1.980938008055091">
        <ele>1870</ele>
      </trkpt>
      <trkpt lat="42.36496701836586" lon="1.980949994176626">
        <ele>1871</ele>
      </trkpt>
      <trkpt lat="42.36481798812747" lon="1.980946976691485">
        <ele>1873</ele>
      </trkpt>
      <trkpt lat="42.364740036427975" lon="1.980988970026374">
        <ele>1874</ele>
      </trkpt>
      <trkpt lat="42.364730983972549" lon="1.98104496113956">
        <ele>1875</ele>
      </trkpt>
      <trkpt lat="42.364730983972549" lon="1.98104496113956">
        <ele>1875</ele>
      </trkpt>
      <trkpt lat="42.364683039486408" lon="1.980925016105175">
        <ele>1873</ele>
      </trkpt>
      <trkpt lat="42.364628976210952" lon="1.980871958658099">
        <ele>1874</ele>
      </trkpt>
      <trkpt lat="42.364557981491089" lon="1.980862990021706">
        <ele>1876</ele>
      </trkpt>
      <trkpt lat="42.364515988156199" lon="1.980998022481799">
        <ele>1878</ele>
      </trkpt>
      <trkpt lat="42.364457985386252" lon="1.981102041900158">
        <ele>1880</ele>
      </trkpt>
      <trkpt lat="42.364443987607956" lon="1.981146968901157">
        <ele>1881</ele>
      </trkpt>
      <trkpt lat="42.364416997879744" lon="1.981255011633039">
        <ele>1882</ele>
      </trkpt>
      <trkpt lat="42.364357989281416" lon="1.981317037716508">
        <ele>1884</ele>
      </trkpt>
      <trkpt lat="42.364280959591269" lon="1.981384009122849">
        <ele>1886</ele>
      </trkpt>
      <trkpt lat="42.364207031205297" lon="1.981398006901145">
        <ele>1888</ele>
      </trkpt>
      <trkpt lat="42.364148022606969" lon="1.981458021327853">
        <ele>1890</ele>
      </trkpt>
      <trkpt lat="42.364077027887106" lon="1.981562040746212">
        <ele>1892</ele>
      </trkpt>
      <trkpt lat="42.364003015682101" lon="1.981633035466075">
        <ele>1895</ele>
      </trkpt>
      <trkpt lat="42.363941995427012" lon="1.981733031570911">
        <ele>1897</ele>
      </trkpt>
      <trkpt lat="42.363883992657065" lon="1.981849037110806">
        <ele>1898</ele>
      </trkpt>
      <trkpt lat="42.363817021250725" lon="1.981926988810301">
        <ele>1900</ele>
      </trkpt>
      <trkpt lat="42.363748960196972" lon="1.981993960216641">
        <ele>1902</ele>
      </trkpt>
      <trkpt lat="42.363644018769264" lon="1.982030002400279">
        <ele>1904</ele>
      </trkpt>
      <trkpt lat="42.363616023212671" lon="1.982047017663717">
        <ele>1904</ele>
      </trkpt>
      <trkpt lat="42.363578975200653" lon="1.982059003785253">
        <ele>1905</ele>
      </trkpt>
      <trkpt lat="42.363488031551242" lon="1.982153970748186">
        <ele>1907</ele>
      </trkpt>
      <trkpt lat="42.363427011296153" lon="1.982234017923474">
        <ele>1909</ele>
      </trkpt>
      <trkpt lat="42.363366996869445" lon="1.982308030128479">
        <ele>1910</ele>
      </trkpt>
      <trkpt lat="42.363277981057763" lon="1.982341976836324">
        <ele>1912</ele>
      </trkpt>
      <trkpt lat="42.363207992166281" lon="1.982381958514452">
        <ele>1914</ele>
      </trkpt>
      <trkpt lat="42.363113025203347" lon="1.982466029003263">
        <ele>1916</ele>
      </trkpt>
      <trkpt lat="42.363088969141245" lon="1.982496036216617">
        <ele>1917</ele>
      </trkpt>
      <trkpt lat="42.363068014383316" lon="1.982555966824293">
        <ele>1917</ele>
      </trkpt>
      <trkpt lat="42.363062985241413" lon="1.98256703093648">
        <ele>1917</ele>
      </trkpt>
      <trkpt lat="42.36305401660502" lon="1.98265696875751">
        <ele>1919</ele>
      </trkpt>
      <trkpt lat="42.363015962764621" lon="1.982708014547825">
        <ele>1920</ele>
      </trkpt>
      <trkpt lat="42.36296801827848" lon="1.982872970402241">
        <ele>1923</ele>
      </trkpt>
      <trkpt lat="42.362935999408364" lon="1.982995010912418">
        <ele>1925</ele>
      </trkpt>
      <trkpt lat="42.362928036600351" lon="1.983006997033954">
        <ele>1926</ele>
      </trkpt>
      <trkpt lat="42.362910015508533" lon="1.983024012297392">
        <ele>1926</ele>
      </trkpt>
      <trkpt lat="42.362891994416714" lon="1.983046978712082">
        <ele>1927</ele>
      </trkpt>
      <trkpt lat="42.362880008295178" lon="1.983073968440294">
        <ele>1927</ele>
      </trkpt>
      <trkpt lat="42.362823011353612" lon="1.983153009787202">
        <ele>1930</ele>
      </trkpt>
      <trkpt lat="42.362810019403696" lon="1.983154015615583">
        <ele>1930</ele>
      </trkpt>
      <trkpt lat="42.362799039110541" lon="1.983184022828937">
        <ele>1931</ele>
      </trkpt>
      <trkpt lat="42.362815970554948" lon="1.983271026983857">
        <ele>1931</ele>
      </trkpt>
      <trkpt lat="42.362812031060457" lon="1.983404969796538">
        <ele>1933</ele>
      </trkpt>
      <trkpt lat="42.362815970554948" lon="1.983486022800207">
        <ele>1935</ele>
      </trkpt>
      <trkpt lat="42.362803984433413" lon="1.983505971729755">
        <ele>1935</ele>
      </trkpt>
      <trkpt lat="42.36277598887682" lon="1.983541008085012">
        <ele>1937</ele>
      </trkpt>
      <trkpt lat="42.362718991935253" lon="1.983534973114729">
        <ele>1939</ele>
      </trkpt>
      <trkpt lat="42.362705999985337" lon="1.983528016135097">
        <ele>1940</ele>
      </trkpt>
      <trkpt lat="42.362633999437094" lon="1.983508989214897">
        <ele>1941</ele>
      </trkpt>
      <trkpt lat="42.362563004717231" lon="1.983498008921742">
        <ele>1943</ele>
      </trkpt>
      <trkpt lat="42.362479018047452" lon="1.98353597894311">
        <ele>1946</ele>
      </trkpt>
      <trkpt lat="42.362437024712563" lon="1.983591970056295">
        <ele>1947</ele>
      </trkpt>
      <trkpt lat="42.362372986972332" lon="1.983641004189849">
        <ele>1949</ele>
      </trkpt>
      <trkpt lat="42.362372986972332" lon="1.983638992533088">
        <ele>1949</ele>
      </trkpt>
      <trkpt lat="42.362372986972332" lon="1.983638992533088">
        <ele>1949</ele>
      </trkpt>
      <trkpt lat="42.362337028607726" lon="1.983626000583172">
        <ele>1949</ele>
      </trkpt>
      <trkpt lat="42.362254969775677" lon="1.983725996688008">
        <ele>1951</ele>
      </trkpt>
      <trkpt lat="42.362242983654141" lon="1.983757009729743">
        <ele>1951</ele>
      </trkpt>
      <trkpt lat="42.36219696700573" lon="1.983826998621225">
        <ele>1952</ele>
      </trkpt>
      <trkpt lat="42.362171988934278" lon="1.983871003612876">
        <ele>1953</ele>
      </trkpt>
      <trkpt lat="42.362125972285867" lon="1.983983991667628">
        <ele>1954</ele>
      </trkpt>
      <trkpt lat="42.362081967294216" lon="1.984077030792832">
        <ele>1955</ele>
      </trkpt>
      <trkpt lat="42.362028993666172" lon="1.984190018847585">
        <ele>1957</ele>
      </trkpt>
      <trkpt lat="42.361977025866508" lon="1.984298983588815">
        <ele>1958</ele>
      </trkpt>
      <trkpt lat="42.361946012824774" lon="1.984440973028541">
        <ele>1960</ele>
      </trkpt>
      <trkpt lat="42.361934026703238" lon="1.984569970518351">
        <ele>1962</ele>
      </trkpt>
      <trkpt lat="42.361934026703238" lon="1.984593020752072">
        <ele>1962</ele>
      </trkpt>
      <trkpt lat="42.36193603836" lon="1.984641971066594">
        <ele>1962</ele>
      </trkpt>
      <trkpt lat="42.361923968419433" lon="1.984676001593471">
        <ele>1963</ele>
      </trkpt>
      <trkpt lat="42.361934026703238" lon="1.984728975221515">
        <ele>1963</ele>
      </trkpt>
      <trkpt lat="42.361944001168013" lon="1.984896026551724">
        <ele>1965</ele>
      </trkpt>
      <trkpt lat="42.361949030309916" lon="1.984980013221502">
        <ele>1965</ele>
      </trkpt>
      <trkpt lat="42.361954981461167" lon="1.985031981021166">
        <ele>1966</ele>
      </trkpt>
      <trkpt lat="42.361965961754322" lon="1.985086966305971">
        <ele>1966</ele>
      </trkpt>
      <trkpt lat="42.361973002552986" lon="1.985134994611144">
        <ele>1966</ele>
      </trkpt>
      <trkpt lat="42.361974008381367" lon="1.985202971845865">
        <ele>1967</ele>
      </trkpt>
      <trkpt lat="42.361975014209747" lon="1.985354013741016">
        <ele>1968</ele>
      </trkpt>
      <trkpt lat="42.361980965360999" lon="1.985479993745685">
        <ele>1969</ele>
      </trkpt>
      <trkpt lat="42.361990017816424" lon="1.985600022599101">
        <ele>1970</ele>
      </trkpt>
      <trkpt lat="42.361995968967676" lon="1.985647967085242">
        <ele>1971</ele>
      </trkpt>
      <trkpt lat="42.361997980624437" lon="1.985683003440499">
        <ele>1971</ele>
      </trkpt>
      <trkpt lat="42.361998986452818" lon="1.985802026465535">
        <ele>1973</ele>
      </trkpt>
      <trkpt lat="42.361992029473186" lon="1.985928006470203">
        <ele>1974</ele>
      </trkpt>
      <trkpt lat="42.361992029473186" lon="1.985962959006429">
        <ele>1974</ele>
      </trkpt>
      <trkpt lat="42.361989011988044" lon="1.986034959554672">
        <ele>1975</ele>
      </trkpt>
      <trkpt lat="42.361983982846141" lon="1.98611400090158">
        <ele>1976</ele>
      </trkpt>
      <trkpt lat="42.361956993117929" lon="1.986227994784713">
        <ele>1978</ele>
      </trkpt>
      <trkpt lat="42.361930003389716" lon="1.986336037516594">
        <ele>1980</ele>
      </trkpt>
      <trkpt lat="42.361881975084543" lon="1.986497975885868">
        <ele>1981</ele>
      </trkpt>
      <trkpt lat="42.361876023933291" lon="1.986628985032439">
        <ele>1981</ele>
      </trkpt>
      <trkpt lat="42.361846016719937" lon="1.986839035525918">
        <ele>1982</ele>
      </trkpt>
      <trkpt lat="42.361825983971357" lon="1.986916987225413">
        <ele>1983</ele>
      </trkpt>
      <trkpt lat="42.361757000908256" lon="1.987109016627073">
        <ele>1983</ele>
      </trkpt>
      <trkpt lat="42.361677037551999" lon="1.987276989966631">
        <ele>1983</ele>
      </trkpt>
      <trkpt lat="42.36157301813364" lon="1.987458961084485">
        <ele>1982</ele>
      </trkpt>
      <trkpt lat="42.361467992886901" lon="1.987602962180972">
        <ele>1982</ele>
      </trkpt>
      <trkpt lat="42.361346958205104" lon="1.9877690076828">
        <ele>1981</ele>
      </trkpt>
      <trkpt lat="42.361217038705945" lon="1.987946033477783">
        <ele>1979</ele>
      </trkpt>
      <trkpt lat="42.361111007630825" lon="1.988110989332199">
        <ele>1978</ele>
      </trkpt>
      <trkpt lat="42.36107898876071" lon="1.988188019022346">
        <ele>1978</ele>
      </trkpt>
      <trkpt lat="42.360979998484254" lon="1.988364038988948">
        <ele>1978</ele>
      </trkpt>
      <trkpt lat="42.36084203235805" lon="1.98851902037859">
        <ele>1978</ele>
      </trkpt>
      <trkpt lat="42.360829962417483" lon="1.988531006500125">
        <ele>1978</ele>
      </trkpt>
      <trkpt lat="42.360790986567736" lon="1.988555984571576">
        <ele>1978</ele>
      </trkpt>
      <trkpt lat="42.360644973814487" lon="1.98867098428309">
        <ele>1977</ele>
      </trkpt>
      <trkpt lat="42.360471971333027" lon="1.988824959844351">
        <ele>1976</ele>
      </trkpt>
      <trkpt lat="42.360297963023186" lon="1.988981030881405">
        <ele>1975</ele>
      </trkpt>
      <trkpt lat="42.360158991068602" lon="1.989145986735821">
        <ele>1976</ele>
      </trkpt>
      <trkpt lat="42.360036028549075" lon="1.989318989217281">
        <ele>1976</ele>
      </trkpt>
      <trkpt lat="42.359921028837562" lon="1.98953096754849">
        <ele>1977</ele>
      </trkpt>
      <trkpt lat="42.359823966398835" lon="1.989696007221937">
        <ele>1977</ele>
      </trkpt>
      <trkpt lat="42.359776021912694" lon="1.989782005548477">
        <ele>1977</ele>
      </trkpt>
      <trkpt lat="42.359680971130729" lon="1.989990966394544">
        <ele>1978</ele>
      </trkpt>
      <trkpt lat="42.35957502387464" lon="1.990205962210894">
        <ele>1978</ele>
      </trkpt>
      <trkpt lat="42.359472010284662" lon="1.990439984947443">
        <ele>1979</ele>
      </trkpt>
      <trkpt lat="42.359417024999857" lon="1.990555990487337">
        <ele>1979</ele>
      </trkpt>
      <trkpt lat="42.359407972544432" lon="1.990589015185833">
        <ele>1979</ele>
      </trkpt>
      <trkpt lat="42.35931602306664" lon="1.990818008780479">
        <ele>1979</ele>
      </trkpt>
      <trkpt lat="42.35920999199152" lon="1.991062005981803">
        <ele>1979</ele>
      </trkpt>
      <trkpt lat="42.35914696007967" lon="1.991308014839888">
        <ele>1978</ele>
      </trkpt>
      <trkpt lat="42.359132040292025" lon="1.991489985957742">
        <ele>1978</ele>
      </trkpt>
      <trkpt lat="42.359112007543445" lon="1.991685032844544">
        <ele>1978</ele>
      </trkpt>
      <trkpt lat="42.359091974794865" lon="1.991801038384438">
        <ele>1978</ele>
      </trkpt>
      <trkpt lat="42.359094992280006" lon="1.992012010887265">
        <ele>1977</ele>
      </trkpt>
      <trkpt lat="42.359086023643613" lon="1.992275035008788">
        <ele>1975</ele>
      </trkpt>
      <trkpt lat="42.359137991443276" lon="1.992548033595085">
        <ele>1974</ele>
      </trkpt>
      <trkpt lat="42.359193982556462" lon="1.992836035788059">
        <ele>1973</ele>
      </trkpt>
      <trkpt lat="42.359207980334759" lon="1.992881968617439">
        <ele>1973</ele>
      </trkpt>
      <trkpt lat="42.359236981719732" lon="1.992987999692559">
        <ele>1972</ele>
      </trkpt>
      <trkpt lat="42.359261037781835" lon="1.993065029382706">
        <ele>1971</ele>
      </trkpt>
      <trkpt lat="42.359368996694684" lon="1.993330987170339">
        <ele>1970</ele>
      </trkpt>
      <trkpt lat="42.359442003071308" lon="1.993486974388361">
        <ele>1969</ele>
      </trkpt>
      <trkpt lat="42.359533030539751" lon="1.993626030161977">
        <ele>1968</ele>
      </trkpt>
      <trkpt lat="42.359604025259614" lon="1.993749998509884">
        <ele>1967</ele>
      </trkpt>
      <trkpt lat="42.359730005264282" lon="1.993931969627738">
        <ele>1965</ele>
      </trkpt>
      <trkpt lat="42.359735034406185" lon="1.993943033739924">
        <ele>1965</ele>
      </trkpt>
      <trkpt lat="42.359808040782809" lon="1.994068007916212">
        <ele>1964</ele>
      </trkpt>
      <trkpt lat="42.359950030222535" lon="1.99427998624742">
        <ele>1961</ele>
      </trkpt>
      <trkpt lat="42.360035022720695" lon="1.994571005925536">
        <ele>1960</ele>
      </trkpt>
      <trkpt lat="42.360023958608508" lon="1.994610987603664">
        <ele>1960</ele>
      </trkpt>
      <trkpt lat="42.359942989423871" lon="1.994793964549899">
        <ele>1959</ele>
      </trkpt>
      <trkpt lat="42.35994097776711" lon="1.994820032268763">
        <ele>1960</ele>
      </trkpt>
      <trkpt lat="42.359912982210517" lon="1.994864959269762">
        <ele>1959</ele>
      </trkpt>
      <trkpt lat="42.35983301885426" lon="1.995061011984944">
        <ele>1958</ele>
      </trkpt>
      <trkpt lat="42.359795970842242" lon="1.995149021968246">
        <ele>1958</ele>
      </trkpt>
      <trkpt lat="42.359774010255933" lon="1.99518196284771">
        <ele>1957</ele>
      </trkpt>
      <trkpt lat="42.35970402136445" lon="1.995307020843029">
        <ele>1955</ele>
      </trkpt>
      <trkpt lat="42.359584998339415" lon="1.995498966425657">
        <ele>1952</ele>
      </trkpt>
      <trkpt lat="42.359517021104693" lon="1.995723014697433">
        <ele>1951</ele>
      </trkpt>
      <trkpt lat="42.359490031376481" lon="1.995894005522132">
        <ele>1950</ele>
      </trkpt>
      <trkpt lat="42.35935902222991" lon="1.996130039915443">
        <ele>1945</ele>
      </trkpt>
      <trkpt lat="42.359300013631582" lon="1.996225006878376">
        <ele>1943</ele>
      </trkpt>
      <trkpt lat="42.359119970351458" lon="1.996487025171518">
        <ele>1942</ele>
      </trkpt>
      <trkpt lat="42.358976975083351" lon="1.996579980477691">
        <ele>1941</ele>
      </trkpt>
      <trkpt lat="42.358935987576842" lon="1.996591966599226">
        <ele>1941</ele>
      </trkpt>
      <trkpt lat="42.358797015622258" lon="1.996732028201222">
        <ele>1941</ele>
      </trkpt>
      <trkpt lat="42.358667012304068" lon="1.996892038732767">
        <ele>1942</ele>
      </trkpt>
      <trkpt lat="42.358603980392218" lon="1.99696596711874">
        <ele>1942</ele>
      </trkpt>
      <trkpt lat="42.358532985672355" lon="1.997061017900705">
        <ele>1942</ele>
      </trkpt>
      <trkpt lat="42.3585220053792" lon="1.997095970436931">
        <ele>1942</ele>
      </trkpt>
      <trkpt lat="42.358396025374532" lon="1.997335022315383">
        <ele>1942</ele>
      </trkpt>
      <trkpt lat="42.358162002637982" lon="1.997401993721724">
        <ele>1939</ele>
      </trkpt>
      <trkpt lat="42.35798598267138" lon="1.997473994269967">
        <ele>1940</ele>
      </trkpt>
      <trkpt lat="42.357972990721464" lon="1.997476005926728">
        <ele>1940</ele>
      </trkpt>
      <trkpt lat="42.357803005725145" lon="1.997528979554772">
        <ele>1940</ele>
      </trkpt>
      <trkpt lat="42.35764198936522" lon="1.997568039223552">
        <ele>1940</ele>
      </trkpt>
      <trkpt lat="42.357510980218649" lon="1.997602991759777">
        <ele>1940</ele>
      </trkpt>
      <trkpt lat="42.357349041849375" lon="1.997685972601175">
        <ele>1943</ele>
      </trkpt>
      <trkpt lat="42.357219038531184" lon="1.997758978977799">
        <ele>1944</ele>
      </trkpt>
      <trkpt lat="42.357129016891122" lon="1.997792003676295">
        <ele>1945</ele>
      </trkpt>
      <trkpt lat="42.356962971389294" lon="1.997853023931384">
        <ele>1944</ele>
      </trkpt>
      <trkpt lat="42.356895999982953" lon="1.997869033366442">
        <ele>1943</ele>
      </trkpt>
      <trkpt lat="42.356860963627696" lon="1.997884958982468">
        <ele>1943</ele>
      </trkpt>
      <trkpt lat="42.356634987518191" lon="1.997990990057588">
        <ele>1941</ele>
      </trkpt>
      <trkpt lat="42.35656600445509" lon="1.998004987835884">
        <ele>1941</ele>
      </trkpt>
      <trkpt lat="42.356439018622041" lon="1.998062990605831">
        <ele>1941</ele>
      </trkpt>
      <trkpt lat="42.356283031404018" lon="1.998133985325694">
        <ele>1940</ele>
      </trkpt>
      <trkpt lat="42.356117991730571" lon="1.998219983652234">
        <ele>1940</ele>
      </trkpt>
      <trkpt lat="42.355939960107207" lon="1.998445959761739">
        <ele>1940</ele>
      </trkpt>
      <trkpt lat="42.355811968445778" lon="1.998638994991779">
        <ele>1938</ele>
      </trkpt>
      <trkpt lat="42.355735022574663" lon="1.998806968331337">
        <ele>1936</ele>
      </trkpt>
      <trkpt lat="42.355692023411393" lon="1.998977959156036">
        <ele>1934</ele>
      </trkpt>
      <trkpt lat="42.355655981227756" lon="1.999195972457528">
        <ele>1932</ele>
      </trkpt>
      <trkpt lat="42.35562002286315" lon="1.999438041821122">
        <ele>1930</ele>
      </trkpt>
      <trkpt lat="42.355593033134937" lon="1.9996930193156">
        <ele>1928</ele>
      </trkpt>
      <trkpt lat="42.355553973466158" lon="1.999869039282203">
        <ele>1925</ele>
      </trkpt>
      <trkpt lat="42.355526983737946" lon="2.000070037320256">
        <ele>1925</ele>
      </trkpt>
      <trkpt lat="42.355476021766663" lon="2.000327026471496">
        <ele>1925</ele>
      </trkpt>
      <trkpt lat="42.35544802621007" lon="2.000421993434429">
        <ele>1924</ele>
      </trkpt>
      <trkpt lat="42.355419024825096" lon="2.000636989250779">
        <ele>1925</ele>
      </trkpt>
      <trkpt lat="42.35540896654129" lon="2.000884003937244">
        <ele>1926</ele>
      </trkpt>
      <trkpt lat="42.355399997904897" lon="2.001060023903847">
        <ele>1926</ele>
      </trkpt>
      <trkpt lat="42.355420030653477" lon="2.001200001686811">
        <ele>1926</ele>
      </trkpt>
      <trkpt lat="42.355430005118251" lon="2.001421032473445">
        <ele>1925</ele>
      </trkpt>
      <trkpt lat="42.355478033423424" lon="2.00166704133153">
        <ele>1924</ele>
      </trkpt>
      <trkpt lat="42.355546010658145" lon="2.001955965533853">
        <ele>1923</ele>
      </trkpt>
      <trkpt lat="42.355603007599711" lon="2.002197029069066">
        <ele>1920</ele>
      </trkpt>
      <trkpt lat="42.355629997327924" lon="2.00231496244669">
        <ele>1919</ele>
      </trkpt>
      <trkpt lat="42.355698980391026" lon="2.002515960484743">
        <ele>1918</ele>
      </trkpt>
      <trkpt lat="42.355765029788017" lon="2.002661973237991">
        <ele>1917</ele>
      </trkpt>
      <trkpt lat="42.355844993144274" lon="2.00291401706636">
        <ele>1914</ele>
      </trkpt>
      <trkpt lat="42.355851028114557" lon="2.002931032329798">
        <ele>1914</ele>
      </trkpt>
      <trkpt lat="42.355938032269478" lon="2.003150973469019">
        <ele>1914</ele>
      </trkpt>
      <trkpt lat="42.355939960107207" lon="2.003175029531121">
        <ele>1913</ele>
      </trkpt>
      <trkpt lat="42.355896960943937" lon="2.003376027569175">
        <ele>1909</ele>
      </trkpt>
      <trkpt lat="42.355866031721234" lon="2.003421960398555">
        <ele>1910</ele>
      </trkpt>
      <trkpt lat="42.355827977880836" lon="2.003485998138785">
        <ele>1911</ele>
      </trkpt>
      <trkpt lat="42.355757988989353" lon="2.003594040870667">
        <ele>1913</ele>
      </trkpt>
      <trkpt lat="42.355736028403044" lon="2.003632010892034">
        <ele>1913</ele>
      </trkpt>
      <trkpt lat="42.355637038126588" lon="2.00377500616014">
        <ele>1914</ele>
      </trkpt>
      <trkpt lat="42.355526983737946" lon="2.003896962851286">
        <ele>1915</ele>
      </trkpt>
      <trkpt lat="42.355417013168335" lon="2.004024032503367">
        <ele>1915</ele>
      </trkpt>
      <trkpt lat="42.355305030941963" lon="2.004148000851274">
        <ele>1915</ele>
      </trkpt>
      <trkpt lat="42.355166980996728" lon="2.004297031089664">
        <ele>1916</ele>
      </trkpt>
      <trkpt lat="42.355030020698905" lon="2.004387974739075">
        <ele>1916</ele>
      </trkpt>
      <trkpt lat="42.354915020987391" lon="2.004497023299336">
        <ele>1917</ele>
      </trkpt>
      <trkpt lat="42.354801027104259" lon="2.004613028839231">
        <ele>1917</ele>
      </trkpt>
      <trkpt lat="42.354699019342661" lon="2.004740014672279">
        <ele>1918</ele>
      </trkpt>
      <trkpt lat="42.354645039886236" lon="2.004825007170439">
        <ele>1917</ele>
      </trkpt>
      <trkpt lat="42.35456801019609" lon="2.004982000216842">
        <ele>1920</ele>
      </trkpt>
      <trkpt lat="42.354459967464209" lon="2.005149973556399">
        <ele>1921</ele>
      </trkpt>
      <trkpt lat="42.354357037693262" lon="2.005314007401466">
        <ele>1921</ele>
      </trkpt>
      <trkpt lat="42.354190992191434" lon="2.005465971305966">
        <ele>1921</ele>
      </trkpt>
      <trkpt lat="42.354167019948363" lon="2.005486004054546">
        <ele>1921</ele>
      </trkpt>
      <trkpt lat="42.353988988325" lon="2.005650037899613">
        <ele>1921</ele>
      </trkpt>
      <trkpt lat="42.353885974735022" lon="2.005776017904282">
        <ele>1921</ele>
      </trkpt>
      <trkpt lat="42.353739039972425" lon="2.005938040092588">
        <ele>1921</ele>
      </trkpt>
      <trkpt lat="42.353643989190459" lon="2.006102995947003">
        <ele>1922</ele>
      </trkpt>
      <trkpt lat="42.353505017235875" lon="2.00628999620676">
        <ele>1921</ele>
      </trkpt>
      <trkpt lat="42.35340996645391" lon="2.006452018395066">
        <ele>1921</ele>
      </trkpt>
      <trkpt lat="42.35332204028964" lon="2.006681011989713">
        <ele>1922</ele>
      </trkpt>
      <trkpt lat="42.353239981457591" lon="2.006920985877514">
        <ele>1922</ele>
      </trkpt>
      <trkpt lat="42.353179967030883" lon="2.00714897364378">
        <ele>1922</ele>
      </trkpt>
      <trkpt lat="42.353127999231219" lon="2.00736497528851">
        <ele>1922</ele>
      </trkpt>
      <trkpt lat="42.353058010339737" lon="2.007640991359949">
        <ele>1922</ele>
      </trkpt>
      <trkpt lat="42.352991038933396" lon="2.00787803158164">
        <ele>1921</ele>
      </trkpt>
      <trkpt lat="42.352953990921378" lon="2.008177014067769">
        <ele>1922</ele>
      </trkpt>
      <trkpt lat="42.352918032556772" lon="2.00841698795557">
        <ele>1921</ele>
      </trkpt>
      <trkpt lat="42.352889031171799" lon="2.008661990985274">
        <ele>1921</ele>
      </trkpt>
      <trkpt lat="42.352875033393502" lon="2.008861983194947">
        <ele>1920</ele>
      </trkpt>
      <trkpt lat="42.35282801091671" lon="2.009110003709793">
        <ele>1919</ele>
      </trkpt>
      <trkpt lat="42.352833962067962" lon="2.00940303504467">
        <ele>1918</ele>
      </trkpt>
      <trkpt lat="42.352868998423219" lon="2.009625993669033">
        <ele>1920</ele>
      </trkpt>
      <trkpt lat="42.352909985929728" lon="2.00981198810041">
        <ele>1919</ele>
      </trkpt>
      <trkpt lat="42.352900011464953" lon="2.009932016953826">
        <ele>1916</ele>
      </trkpt>
      <trkpt lat="42.352900011464953" lon="2.010059002786875">
        <ele>1913</ele>
      </trkpt>
      <trkpt lat="42.352900011464953" lon="2.010078029707074">
        <ele>1913</ele>
      </trkpt>
      <trkpt lat="42.352903028950095" lon="2.010145001113415">
        <ele>1912</ele>
      </trkpt>
      <trkpt lat="42.352906968444586" lon="2.010221024975181">
        <ele>1911</ele>
      </trkpt>
      <trkpt lat="42.352892970666289" lon="2.010385980829597">
        <ele>1909</ele>
      </trkpt>
      <trkpt lat="42.352917026728392" lon="2.010622015222907">
        <ele>1908</ele>
      </trkpt>
      <trkpt lat="42.35291501507163" lon="2.010618997737765">
        <ele>1908</ele>
      </trkpt>
      <trkpt lat="42.352910991758108" lon="2.010621009394527">
        <ele>1908</ele>
      </trkpt>
      <trkpt lat="42.352909985929728" lon="2.010645987465978">
        <ele>1907</ele>
      </trkpt>
      <trkpt lat="42.352917026728392" lon="2.010938012972474">
        <ele>1905</ele>
      </trkpt>
      <trkpt lat="42.352916020900011" lon="2.01097103767097">
        <ele>1904</ele>
      </trkpt>
      <trkpt lat="42.352932030335069" lon="2.011077990755439">
        <ele>1904</ele>
      </trkpt>
      <trkpt lat="42.352963965386152" lon="2.011393988505006">
        <ele>1902</ele>
      </trkpt>
      <trkpt lat="42.35302004031837" lon="2.011677967384458">
        <ele>1900</ele>
      </trkpt>
      <trkpt lat="42.353089023381472" lon="2.011949960142374">
        <ele>1897</ele>
      </trkpt>
      <trkpt lat="42.353092040866613" lon="2.011977033689618">
        <ele>1896</ele>
      </trkpt>
      <trkpt lat="42.353018028661609" lon="2.012152969837189">
        <ele>1895</ele>
      </trkpt>
      <trkpt lat="42.352862041443586" lon="2.012352962046862">
        <ele>1896</ele>
      </trkpt>
      <trkpt lat="42.352745030075312" lon="2.012619003653526">
        <ele>1895</ele>
      </trkpt>
      <trkpt lat="42.352679986506701" lon="2.012581033632159">
        <ele>1892</ele>
      </trkpt>
      <trkpt lat="42.352572027593851" lon="2.01249897480011">
        <ele>1897</ele>
      </trkpt>
      <trkpt lat="42.352442024275661" lon="2.01254197396338">
        <ele>1898</ele>
      </trkpt>
      <trkpt lat="42.352316966280341" lon="2.012561000883579">
        <ele>1899</ele>
      </trkpt>
      <trkpt lat="42.352296011522412" lon="2.012553960084915">
        <ele>1899</ele>
      </trkpt>
      <trkpt lat="42.352296011522412" lon="2.012553960084915">
        <ele>1899</ele>
      </trkpt>
      <trkpt lat="42.352266004309058" lon="2.012535016983748">
        <ele>1899</ele>
      </trkpt>
      <trkpt lat="42.352216970175505" lon="2.012495035305619">
        <ele>1899</ele>
      </trkpt>
      <trkpt lat="42.352198027074337" lon="2.012489000335336">
        <ele>1899</ele>
      </trkpt>
      <trkpt lat="42.352071963250637" lon="2.012440972030163">
        <ele>1900</ele>
      </trkpt>
      <trkpt lat="42.352008009329438" lon="2.012408031150699">
        <ele>1901</ele>
      </trkpt>
      <trkpt lat="42.351880017668009" lon="2.012303005903959">
        <ele>1901</ele>
      </trkpt>
      <trkpt lat="42.351774992421269" lon="2.012279033660889">
        <ele>1903</ele>
      </trkpt>
      <trkpt lat="42.351756971329451" lon="2.012274004518986">
        <ele>1903</ele>
      </trkpt>
      <trkpt lat="42.351658986881375" lon="2.012269981205463">
        <ele>1906</ele>
      </trkpt>
      <trkpt lat="42.351579023525119" lon="2.012247014790773">
        <ele>1907</ele>
      </trkpt>
      <trkpt lat="42.351571982726455" lon="2.012246008962393">
        <ele>1907</ele>
      </trkpt>
      <trkpt lat="42.351539041846991" lon="2.012241985648871">
        <ele>1907</ele>
      </trkpt>
      <trkpt lat="42.351437034085393" lon="2.012232011184096">
        <ele>1909</ele>
      </trkpt>
      <trkpt lat="42.351376013830304" lon="2.012224970385432">
        <ele>1911</ele>
      </trkpt>
      <trkpt lat="42.351250033825636" lon="2.012231005355716">
        <ele>1913</ele>
      </trkpt>
      <trkpt lat="42.351163029670715" lon="2.012222958728671">
        <ele>1914</ele>
      </trkpt>
      <trkpt lat="42.351087005808949" lon="2.012237962335348">
        <ele>1916</ele>
      </trkpt>
      <trkpt lat="42.351058004423976" lon="2.012239973992109">
        <ele>1917</ele>
      </trkpt>
      <trkpt lat="42.350963037461042" lon="2.012253971770406">
        <ele>1919</ele>
      </trkpt>
      <trkpt lat="42.350881984457374" lon="2.012272998690605">
        <ele>1921</ele>
      </trkpt>
      <trkpt lat="42.350801015272737" lon="2.012281967326999">
        <ele>1922</ele>
      </trkpt>
      <trkpt lat="42.350756004452705" lon="2.012282973155379">
        <ele>1923</ele>
      </trkpt>
      <trkpt lat="42.350670006126165" lon="2.012276016175747">
        <ele>1924</ele>
      </trkpt>
      <trkpt lat="42.350541008636355" lon="2.012289008125663">
        <ele>1927</ele>
      </trkpt>
      <trkpt lat="42.35044302418828" lon="2.012271992862225">
        <ele>1928</ele>
      </trkpt>
      <trkpt lat="42.350339004769921" lon="2.012284984812141">
        <ele>1930</ele>
      </trkpt>
      <trkpt lat="42.350331963971257" lon="2.012284984812141">
        <ele>1930</ele>
      </trkpt>
      <trkpt lat="42.350244959816337" lon="2.012294037267566">
        <ele>1931</ele>
      </trkpt>
      <trkpt lat="42.350104982033372" lon="2.012343993410468">
        <ele>1933</ele>
      </trkpt>
      <trkpt lat="42.350027030333877" lon="2.012384980916977">
        <ele>1935</ele>
      </trkpt>
      <trkpt lat="42.349982019513845" lon="2.012401996180415">
        <ele>1936</ele>
      </trkpt>
      <trkpt lat="42.349867019802332" lon="2.012461004778743">
        <ele>1937</ele>
      </trkpt>
      <trkpt lat="42.349741961807013" lon="2.012548008933663">
        <ele>1940</ele>
      </trkpt>
      <trkpt lat="42.349727964028716" lon="2.012565024197102">
        <ele>1940</ele>
      </trkpt>
      <trkpt lat="42.349607013165951" lon="2.012666026130319">
        <ele>1942</ele>
      </trkpt>
      <trkpt lat="42.349516991525888" lon="2.012745989486575">
        <ele>1944</ele>
      </trkpt>
      <trkpt lat="42.349422024562955" lon="2.012855038046837">
        <ele>1946</ele>
      </trkpt>
      <trkpt lat="42.349366033449769" lon="2.012899965047836">
        <ele>1946</ele>
      </trkpt>
      <trkpt lat="42.349274000152946" lon="2.013018988072872">
        <ele>1949</ele>
      </trkpt>
      <trkpt lat="42.349228989332914" lon="2.01305796392262">
        <ele>1949</ele>
      </trkpt>
      <trkpt lat="42.349121030420065" lon="2.013177992776036">
        <ele>1951</ele>
      </trkpt>
      <trkpt lat="42.349037965759635" lon="2.01329399831593">
        <ele>1953</ele>
      </trkpt>
      <trkpt lat="42.348959008231759" lon="2.013389971107245">
        <ele>1955</ele>
      </trkpt>
      <trkpt lat="42.348916009068489" lon="2.013445040211082">
        <ele>1956</ele>
      </trkpt>
      <trkpt lat="42.348895976319909" lon="2.013472029939294">
        <ele>1956</ele>
      </trkpt>
      <trkpt lat="42.348786005750299" lon="2.013585017994046">
        <ele>1958</ele>
      </trkpt>
      <trkpt lat="42.348737977445126" lon="2.013661041855812">
        <ele>1959</ele>
      </trkpt>
      <trkpt lat="42.348604034632444" lon="2.013761037960649">
        <ele>1961</ele>
      </trkpt>
      <trkpt lat="42.348518036305904" lon="2.013838989660144">
        <ele>1962</ele>
      </trkpt>
      <trkpt lat="42.348434971645474" lon="2.013913001865149">
        <ele>1965</ele>
      </trkpt>
      <trkpt lat="42.348345033824444" lon="2.013978967443109">
        <ele>1967</ele>
      </trkpt>
      <trkpt lat="42.34827202744782" lon="2.014038981869817">
        <ele>1969</ele>
      </trkpt>
      <trkpt lat="42.348188040778041" lon="2.014102013781667">
        <ele>1972</ele>
      </trkpt>
      <trkpt lat="42.348111011087894" lon="2.01415297575295">
        <ele>1974</ele>
      </trkpt>
      <trkpt lat="42.348025012761354" lon="2.014232017099857">
        <ele>1977</ele>
      </trkpt>
      <trkpt lat="42.347941026091576" lon="2.014308040961623">
        <ele>1979</ele>
      </trkpt>
      <trkpt lat="42.347829965874553" lon="2.014413988217711">
        <ele>1981</ele>
      </trkpt>
      <trkpt lat="42.347791995853186" lon="2.014445001259446">
        <ele>1982</ele>
      </trkpt>
      <trkpt lat="42.34771597199142" lon="2.014565030112863">
        <ele>1984</ele>
      </trkpt>
      <trkpt lat="42.347711026668549" lon="2.014572992920876">
        <ele>1985</ele>
      </trkpt>
      <trkpt lat="42.347679007798433" lon="2.01462403871119">
        <ele>1985</ele>
      </trkpt>
      <trkpt lat="42.347636008635163" lon="2.014706013724208">
        <ele>1987</ele>
      </trkpt>
      <trkpt lat="42.347611030563712" lon="2.014810033142567">
        <ele>1988</ele>
      </trkpt>
      <trkpt lat="42.347578005865216" lon="2.014900976791978">
        <ele>1988</ele>
      </trkpt>
      <trkpt lat="42.347523020580411" lon="2.015021005645394">
        <ele>1989</ele>
      </trkpt>
      <trkpt lat="42.347423024475574" lon="2.015193002298474">
        <ele>1990</ele>
      </trkpt>
      <trkpt lat="42.347360998392105" lon="2.015309007838368">
        <ele>1991</ele>
      </trkpt>
      <trkpt lat="42.347339037805796" lon="2.015341026708484">
        <ele>1991</ele>
      </trkpt>
      <trkpt lat="42.347248010337353" lon="2.01552702113986">
        <ele>1993</ele>
      </trkpt>
      <trkpt lat="42.347245998680592" lon="2.015530960634351">
        <ele>1993</ele>
      </trkpt>
      <trkpt lat="42.347245998680592" lon="2.015530960634351">
        <ele>1993</ele>
      </trkpt>
      <trkpt lat="42.347301989793777" lon="2.015614025294781">
        <ele>1993</ele>
      </trkpt>
      <trkpt lat="42.347211968153715" lon="2.015745034441352">
        <ele>1994</ele>
      </trkpt>
      <trkpt lat="42.347176009789109" lon="2.015799013897777">
        <ele>1994</ele>
      </trkpt>
      <trkpt lat="42.34715798869729" lon="2.01587000861764">
        <ele>1994</ele>
      </trkpt>
      <trkpt lat="42.347104009240866" lon="2.015994982793927">
        <ele>1994</ele>
      </trkpt>
      <trkpt lat="42.347097974270582" lon="2.016073018312454">
        <ele>1994</ele>
      </trkpt>
      <trkpt lat="42.347063021734357" lon="2.016102019697428">
        <ele>1994</ele>
      </trkpt>
      <trkpt lat="42.346950033679605" lon="2.016125991940498">
        <ele>1994</ele>
      </trkpt>
      <trkpt lat="42.346825981512666" lon="2.016159016638994">
        <ele>1995</ele>
      </trkpt>
      <trkpt lat="42.346766972914338" lon="2.016168991103768">
        <ele>1995</ele>
      </trkpt>
      <trkpt lat="42.346741994842887" lon="2.016195980831981">
        <ele>1995</ele>
      </trkpt>
      <trkpt lat="42.34668499790132" lon="2.016369989141822">
        <ele>1994</ele>
      </trkpt>
      <trkpt lat="42.346679968759418" lon="2.016467973589897">
        <ele>1993</ele>
      </trkpt>
      <trkpt lat="42.346697989851236" lon="2.01666695997119">
        <ele>1991</ele>
      </trkpt>
      <trkpt lat="42.346688015386462" lon="2.01694498769939">
        <ele>1989</ele>
      </trkpt>
      <trkpt lat="42.346653984859586" lon="2.017124025151134">
        <ele>1988</ele>
      </trkpt>
      <trkpt lat="42.346604028716683" lon="2.017217986285687">
        <ele>1986</ele>
      </trkpt>
      <trkpt lat="42.346600005403161" lon="2.017348995432258">
        <ele>1986</ele>
      </trkpt>
      <trkpt lat="42.346588019281626" lon="2.017484027892351">
        <ele>1985</ele>
      </trkpt>
      <trkpt lat="42.346603022888303" lon="2.017686031758785">
        <ele>1984</ele>
      </trkpt>
      <trkpt lat="42.346596987918019" lon="2.017712015658617">
        <ele>1984</ele>
      </trkpt>
      <trkpt lat="42.346587013453245" lon="2.017889963462949">
        <ele>1984</ele>
      </trkpt>
      <trkpt lat="42.3465789668262" lon="2.018018960952759">
        <ele>1984</ele>
      </trkpt>
      <trkpt lat="42.34657603316009" lon="2.018081992864609">
        <ele>1984</ele>
      </trkpt>
      <trkpt lat="42.34653596766293" lon="2.018272010609508">
        <ele>1983</ele>
      </trkpt>
      <trkpt lat="42.346528004854918" lon="2.018303023651242">
        <ele>1983</ele>
      </trkpt>
      <trkpt lat="42.346522975713015" lon="2.018374018371105">
        <ele>1982</ele>
      </trkpt>
      <trkpt lat="42.346520964056253" lon="2.018383992835879">
        <ele>1982</ele>
      </trkpt>
      <trkpt lat="42.346517024561763" lon="2.018507039174438">
        <ele>1983</ele>
      </trkpt>
      <trkpt lat="42.346495985984802" lon="2.018521036952734">
        <ele>1982</ele>
      </trkpt>
      <trkpt lat="42.346471007913351" lon="2.018516007810831">
        <ele>1981</ele>
      </trkpt>
      <trkpt lat="42.346462039276958" lon="2.018521958962083">
        <ele>1981</ele>
      </trkpt>
      <trkpt lat="42.346413005143404" lon="2.018489018082619">
        <ele>1979</ele>
      </trkpt>
      <trkpt lat="42.346355002373457" lon="2.018505027517676">
        <ele>1978</ele>
      </trkpt>
      <trkpt lat="42.346279984340072" lon="2.018522964790463">
        <ele>1975</ele>
      </trkpt>
      <trkpt lat="42.346246959641576" lon="2.018528999760747">
        <ele>1975</ele>
      </trkpt>
      <trkpt lat="42.346221981570125" lon="2.018507961183786">
        <ele>1974</ele>
      </trkpt>
      <trkpt lat="42.346171019598842" lon="2.018472002819181">
        <ele>1973</ele>
      </trkpt>
      <trkpt lat="42.346132965758443" lon="2.018518019467592">
        <ele>1971</ele>
      </trkpt>
      <trkpt lat="42.346049984917045" lon="2.018605023622513">
        <ele>1969</ele>
      </trkpt>
      <trkpt lat="42.346008997410536" lon="2.018690016120672">
        <ele>1968</ele>
      </trkpt>
      <trkpt lat="42.345944037660956" lon="2.018829993903637">
        <ele>1966</ele>
      </trkpt>
      <trkpt lat="42.345930961892009" lon="2.018785988911986">
        <ele>1965</ele>
      </trkpt>
      <trkpt lat="42.345934985205531" lon="2.018741983920336">
        <ele>1966</ele>
      </trkpt>
      <trkpt lat="42.345909001305699" lon="2.018664032220841">
        <ele>1965</ele>
      </trkpt>
      <trkpt lat="42.345909001305699" lon="2.018664032220841">
        <ele>1965</ele>
      </trkpt>
      <trkpt lat="42.345875976607203" lon="2.018737038597465">
        <ele>1964</ele>
      </trkpt>
      <trkpt lat="42.345833983272314" lon="2.018781965598464">
        <ele>1963</ele>
      </trkpt>
      <trkpt lat="42.345820991322398" lon="2.018796969205141">
        <ele>1962</ele>
      </trkpt>
      <trkpt lat="42.345701968297362" lon="2.018780959770083">
        <ele>1959</ele>
      </trkpt>
      <trkpt lat="42.345671961084008" lon="2.018778026103973">
        <ele>1958</ele>
      </trkpt>
      <trkpt lat="42.345655029639602" lon="2.018785988911986">
        <ele>1957</ele>
      </trkpt>
      <trkpt lat="42.345623010769486" lon="2.018840974196792">
        <ele>1956</ele>
      </trkpt>
      <trkpt lat="42.345623010769486" lon="2.018840974196792">
        <ele>1956</ele>
      </trkpt>
      <trkpt lat="42.34558898024261" lon="2.018840974196792">
        <ele>1955</ele>
      </trkpt>
      <trkpt lat="42.345495019108057" lon="2.018821025267243">
        <ele>1952</ele>
      </trkpt>
      <trkpt lat="42.345468029379845" lon="2.018798980861902">
        <ele>1951</ele>
      </trkpt>
      <trkpt lat="42.345451014116406" lon="2.018752964213491">
        <ele>1949</ele>
      </trkpt>
      <trkpt lat="42.345371972769499" lon="2.018665038049221">
        <ele>1945</ele>
      </trkpt>
      <trkpt lat="42.345365015789866" lon="2.01866596005857">
        <ele>1945</ele>
      </trkpt>
      <trkpt lat="42.345294021070004" lon="2.018678029999137">
        <ele>1943</ele>
      </trkpt>
      <trkpt lat="42.345254961401224" lon="2.018692027777433">
        <ele>1941</ele>
      </trkpt>
      <trkpt lat="42.345230989158154" lon="2.018692027777433">
        <ele>1940</ele>
      </trkpt>
      <trkpt lat="42.345153037458658" lon="2.018652968108654">
        <ele>1937</ele>
      </trkpt>
      <trkpt lat="42.345119006931782" lon="2.018678029999137">
        <ele>1936</ele>
      </trkpt>
      <trkpt lat="42.345082964748144" lon="2.018674006685615">
        <ele>1935</ele>
      </trkpt>
      <trkpt lat="42.345012975856662" lon="2.018669983372092">
        <ele>1932</ele>
      </trkpt>
      <trkpt lat="42.34498699195683" lon="2.018671995028853">
        <ele>1932</ele>
      </trkpt>
      <trkpt lat="42.344938041642308" lon="2.018683981150389">
        <ele>1931</ele>
      </trkpt>
      <trkpt lat="42.344905016943812" lon="2.018680041655898">
        <ele>1931</ele>
      </trkpt>
      <trkpt lat="42.344818012788892" lon="2.018691021949053">
        <ele>1929</ele>
      </trkpt>
      <trkpt lat="42.344764033332467" lon="2.018704013898969">
        <ele>1927</ele>
      </trkpt>
      <trkpt lat="42.344761015847325" lon="2.018694961443543">
        <ele>1928</ele>
      </trkpt>
      <trkpt lat="42.344742994755507" lon="2.018716000020504">
        <ele>1926</ele>
      </trkpt>
      <trkpt lat="42.344735031947494" lon="2.018723962828517">
        <ele>1926</ele>
      </trkpt>
      <trkpt lat="42.344668982550502" lon="2.018813984468579">
        <ele>1924</ele>
      </trkpt>
      <trkpt lat="42.344515006989241" lon="2.018882967531681">
        <ele>1920</ele>
      </trkpt>
      <trkpt lat="42.34445096924901" lon="2.018855977803469">
        <ele>1920</ele>
      </trkpt>
      <trkpt lat="42.344431020319462" lon="2.018849020823836">
        <ele>1920</ele>
      </trkpt>
      <trkpt lat="42.344423979520798" lon="2.018920015543699">
        <ele>1918</ele>
      </trkpt>
      <trkpt lat="42.344393972307444" lon="2.018947005271912">
        <ele>1917</ele>
      </trkpt>
      <trkpt lat="42.344305962324142" lon="2.01902998611331">
        <ele>1915</ele>
      </trkpt>
      <trkpt lat="42.344227004796267" lon="2.019053036347032">
        <ele>1913</ele>
      </trkpt>
      <trkpt lat="42.344210995361209" lon="2.019040966406465">
        <ele>1913</ele>
      </trkpt>
      <trkpt lat="42.344206972047687" lon="2.019099975004792">
        <ele>1913</ele>
      </trkpt>
      <trkpt lat="42.344094989821315" lon="2.019338021054864">
        <ele>1912</ele>
      </trkpt>
      <trkpt lat="42.34393397346139" lon="2.019575983285904">
        <ele>1912</ele>
      </trkpt>
      <trkpt lat="42.343834983184934" lon="2.019773041829467">
        <ele>1911</ele>
      </trkpt>
      <trkpt lat="42.343733981251717" lon="2.019942020997405">
        <ele>1910</ele>
      </trkpt>
      <trkpt lat="42.343644965440035" lon="2.020070012658835">
        <ele>1908</ele>
      </trkpt>
      <trkpt lat="42.343592997640371" lon="2.020280985161662">
        <ele>1906</ele>
      </trkpt>
      <trkpt lat="42.343539018183947" lon="2.020496986806393">
        <ele>1906</ele>
      </trkpt>
      <trkpt lat="42.343509010970592" lon="2.020779959857464">
        <ele>1904</ele>
      </trkpt>
      <trkpt lat="42.343501970171928" lon="2.021024962887168">
        <ele>1903</ele>
      </trkpt>
      <trkpt lat="42.343537006527185" lon="2.021230990067124">
        <ele>1903</ele>
      </trkpt>
      <trkpt lat="42.34354798682034" lon="2.021313970908523">
        <ele>1902</ele>
      </trkpt>
      <trkpt lat="42.343595009297132" lon="2.021513041108847">
        <ele>1901</ele>
      </trkpt>
      <trkpt lat="42.343608001247048" lon="2.021585963666439">
        <ele>1901</ele>
      </trkpt>
      <trkpt lat="42.343711014837027" lon="2.021763995289803">
        <ele>1900</ele>
      </trkpt>
      <trkpt lat="42.343815034255385" lon="2.021918976679444">
        <ele>1899</ele>
      </trkpt>
      <trkpt lat="42.343878988176584" lon="2.022031964734197">
        <ele>1898</ele>
      </trkpt>
      <trkpt lat="42.343993987888098" lon="2.022240003570914">
        <ele>1897</ele>
      </trkpt>
      <trkpt lat="42.344006979838014" lon="2.022269004955888">
        <ele>1896</ele>
      </trkpt>
      <trkpt lat="42.344047967344522" lon="2.022323990240693">
        <ele>1895</ele>
      </trkpt>
      <trkpt lat="42.344161039218307" lon="2.022432032972574">
        <ele>1893</ele>
      </trkpt>
      <trkpt lat="42.344348039478064" lon="2.0225740224123">
        <ele>1892</ele>
      </trkpt>
      <trkpt lat="42.344461027532816" lon="2.022708971053362">
        <ele>1890</ele>
      </trkpt>
      <trkpt lat="42.344583990052342" lon="2.022793963551521">
        <ele>1889</ele>
      </trkpt>
      <trkpt lat="42.344714999198914" lon="2.022884991019964">
        <ele>1887</ele>
      </trkpt>
      <trkpt lat="42.344765961170197" lon="2.022933019325137">
        <ele>1886</ele>
      </trkpt>
      <trkpt lat="42.344912979751825" lon="2.023031003773212">
        <ele>1886</ele>
      </trkpt>
      <trkpt lat="42.345010964199901" lon="2.023107027634978">
        <ele>1885</ele>
      </trkpt>
      <trkpt lat="42.345155971124768" lon="2.023251028731465">
        <ele>1883</ele>
      </trkpt>
      <trkpt lat="42.345321010798216" lon="2.02341397292912">
        <ele>1881</ele>
      </trkpt>
      <trkpt lat="42.345471968874335" lon="2.023550011217594">
        <ele>1879</ele>
      </trkpt>
      <trkpt lat="42.345509016886353" lon="2.023581024259329">
        <ele>1879</ele>
      </trkpt>
      <trkpt lat="42.345568025484681" lon="2.02362796291709">
        <ele>1879</ele>
      </trkpt>
      <trkpt lat="42.345735998824239" lon="2.023740028962493">
        <ele>1877</ele>
      </trkpt>
      <trkpt lat="42.345891986042261" lon="2.023829966783524">
        <ele>1876</ele>
      </trkpt>
      <trkpt lat="42.345942026004195" lon="2.023851005360484">
        <ele>1876</ele>
      </trkpt>
      <trkpt lat="42.346117040142417" lon="2.02394999563694">
        <ele>1874</ele>
      </trkpt>
      <trkpt lat="42.346129026263952" lon="2.024006992578507">
        <ele>1873</ele>
      </trkpt>
      <trkpt lat="42.34597597271204" lon="2.0240159612149">
        <ele>1871</ele>
      </trkpt>
      <trkpt lat="42.345848986878991" lon="2.024001041427255">
        <ele>1870</ele>
      </trkpt>
      <trkpt lat="42.345805987715721" lon="2.024031970649958">
        <ele>1868</ele>
      </trkpt>
      <trkpt lat="42.345835994929075" lon="2.024158034473658">
        <ele>1867</ele>
      </trkpt>
      <trkpt lat="42.345887962728739" lon="2.024245038628578">
        <ele>1866</ele>
      </trkpt>
      <trkpt lat="42.345949988812208" lon="2.024395996704698">
        <ele>1864</ele>
      </trkpt>
      <trkpt lat="42.345897015184164" lon="2.024541003629565">
        <ele>1862</ele>
      </trkpt>
      <trkpt lat="42.345872959122062" lon="2.024601018056274">
        <ele>1862</ele>
      </trkpt>
      <trkpt lat="42.345809005200863" lon="2.024664971977472">
        <ele>1862</ele>
      </trkpt>
      <trkpt lat="42.345756031572819" lon="2.024720963090658">
        <ele>1861</ele>
      </trkpt>
      <trkpt lat="42.345536006614566" lon="2.024837974458933">
        <ele>1860</ele>
      </trkpt>
      <trkpt lat="42.345388988032937" lon="2.024897988885641">
        <ele>1859</ele>
      </trkpt>
      <trkpt lat="42.345297038555145" lon="2.024941993877292">
        <ele>1859</ele>
      </trkpt>
      <trkpt lat="42.345233000814915" lon="2.024980969727039">
        <ele>1860</ele>
      </trkpt>
      <trkpt lat="42.345151025801897" lon="2.025042995810509">
        <ele>1860</ele>
      </trkpt>
      <trkpt lat="42.345129987224936" lon="2.025057999417186">
        <ele>1860</ele>
      </trkpt>
      <trkpt lat="42.345027979463339" lon="2.025113990530372">
        <ele>1859</ele>
      </trkpt>
      <trkpt lat="42.345058992505074" lon="2.025181967765093">
        <ele>1859</ele>
      </trkpt>
      <trkpt lat="42.34509302303195" lon="2.02521700412035">
        <ele>1860</ele>
      </trkpt>
      <trkpt lat="42.345114983618259" lon="2.025255979970098">
        <ele>1861</ele>
      </trkpt>
      <trkpt lat="42.345102997496724" lon="2.025356981903315">
        <ele>1861</ele>
      </trkpt>
      <trkpt lat="42.345087993890047" lon="2.025391012430191">
        <ele>1861</ele>
      </trkpt>
      <trkpt lat="42.345090005546808" lon="2.025589998811483">
        <ele>1861</ele>
      </trkpt>
      <trkpt lat="42.345147002488375" lon="2.02581899240613">
        <ele>1862</ele>
      </trkpt>
      <trkpt lat="42.345197964459658" lon="2.025970034301281">
        <ele>1862</ele>
      </trkpt>
      <trkpt lat="42.345207016915083" lon="2.025994006544352">
        <ele>1863</ele>
      </trkpt>
      <trkpt lat="42.345280023291707" lon="2.026143036782742">
        <ele>1863</ele>
      </trkpt>
      <trkpt lat="42.345291003584862" lon="2.026155022904277">
        <ele>1863</ele>
      </trkpt>
      <trkpt lat="42.345366021618247" lon="2.026321990415454">
        <ele>1863</ele>
      </trkpt>
      <trkpt lat="42.345454031601548" lon="2.026459034532309">
        <ele>1862</ele>
      </trkpt>
      <trkpt lat="42.345556039363146" lon="2.026579985395074">
        <ele>1860</ele>
      </trkpt>
      <trkpt lat="42.345684031024575" lon="2.026707977056503">
        <ele>1860</ele>
      </trkpt>
      <trkpt lat="42.345727030187845" lon="2.026731027290225">
        <ele>1861</ele>
      </trkpt>
      <trkpt lat="42.345796013250947" lon="2.026779977604747">
        <ele>1861</ele>
      </trkpt>
      <trkpt lat="42.345866002142429" lon="2.026832029223442">
        <ele>1860</ele>
      </trkpt>
      <trkpt lat="42.34597597271204" lon="2.026908975094557">
        <ele>1860</ele>
      </trkpt>
      <trkpt lat="42.346101030707359" lon="2.027045013383031">
        <ele>1859</ele>
      </trkpt>
      <trkpt lat="42.346107987686992" lon="2.027158001437783">
        <ele>1860</ele>
      </trkpt>
      <trkpt lat="42.346102958545089" lon="2.027176022529602">
        <ele>1860</ele>
      </trkpt>
      <trkpt lat="42.346046967431903" lon="2.027271995320916">
        <ele>1861</ele>
      </trkpt>
      <trkpt lat="42.345994999632239" lon="2.027380960062146">
        <ele>1861</ele>
      </trkpt>
      <trkpt lat="42.345945965498686" lon="2.027481961995363">
        <ele>1861</ele>
      </trkpt>
      <trkpt lat="42.345963986590505" lon="2.027674997225404">
        <ele>1863</ele>
      </trkpt>
      <trkpt lat="42.345972033217549" lon="2.027701986953616">
        <ele>1863</ele>
      </trkpt>
      <trkpt lat="42.346026012673974" lon="2.02773199416697">
        <ele>1864</ele>
      </trkpt>
      <trkpt lat="42.346041016280651" lon="2.027766024693847">
        <ele>1864</ele>
      </trkpt>
      <trkpt lat="42.346063982695341" lon="2.027935003861785">
        <ele>1865</ele>
      </trkpt>
      <trkpt lat="42.346090972423553" lon="2.02811798080802">
        <ele>1867</ele>
      </trkpt>
      <trkpt lat="42.346106981858611" lon="2.028262987732887">
        <ele>1869</ele>
      </trkpt>
      <trkpt lat="42.346114022657275" lon="2.028327025473118">
        <ele>1869</ele>
      </trkpt>
      <trkpt lat="42.346128020435572" lon="2.028374969959259">
        <ele>1870</ele>
      </trkpt>
      <trkpt lat="42.346127014607191" lon="2.028416963294148">
        <ele>1870</ele>
      </trkpt>
      <trkpt lat="42.346155010163784" lon="2.028553001582623">
        <ele>1872</ele>
      </trkpt>
      <trkpt lat="42.346158027648926" lon="2.028601029887795">
        <ele>1872</ele>
      </trkpt>
      <trkpt lat="42.34616900794208" lon="2.02863497659564">
        <ele>1873</ele>
      </trkpt>
      <trkpt lat="42.346189962700009" lon="2.028769003227353">
        <ele>1874</ele>
      </trkpt>
      <trkpt lat="42.346207983791828" lon="2.028856007382274">
        <ele>1875</ele>
      </trkpt>
      <trkpt lat="42.346203960478306" lon="2.028882997110486">
        <ele>1875</ele>
      </trkpt>
      <trkpt lat="42.346194991841912" lon="2.02897503040731">
        <ele>1875</ele>
      </trkpt>
      <trkpt lat="42.346191974356771" lon="2.029026998206973">
        <ele>1876</ele>
      </trkpt>
      <trkpt lat="42.346191974356771" lon="2.029044013470411">
        <ele>1876</ele>
      </trkpt>
      <trkpt lat="42.346198009327054" lon="2.029079971835017">
        <ele>1876</ele>
      </trkpt>
      <trkpt lat="42.346197003498673" lon="2.02912699431181">
        <ele>1876</ele>
      </trkpt>
      <trkpt lat="42.346195997670293" lon="2.029196983203292">
        <ele>1877</ele>
      </trkpt>
      <trkpt lat="42.346207983791828" lon="2.029274012893438">
        <ele>1878</ele>
      </trkpt>
      <trkpt lat="42.34621100127697" lon="2.029323969036341">
        <ele>1879</ele>
      </trkpt>
      <trkpt lat="42.346216030418873" lon="2.029417008161545">
        <ele>1879</ele>
      </trkpt>
      <trkpt lat="42.346245031803846" lon="2.029540976509452">
        <ele>1881</ele>
      </trkpt>
      <trkpt lat="42.34625500626862" lon="2.02957802452147">
        <ele>1882</ele>
      </trkpt>
      <trkpt lat="42.346271015703678" lon="2.029648013412952">
        <ele>1881</ele>
      </trkpt>
      <trkpt lat="42.346321977674961" lon="2.029788997024298">
        <ele>1880</ele>
      </trkpt>
      <trkpt lat="42.346369000151753" lon="2.029867032542825">
        <ele>1879</ele>
      </trkpt>
      <trkpt lat="42.34644896350801" lon="2.029983038082719">
        <ele>1878</ele>
      </trkpt>
      <trkpt lat="42.34649196267128" lon="2.030037017539144">
        <ele>1878</ele>
      </trkpt>
      <trkpt lat="42.346537979319692" lon="2.030113041400909">
        <ele>1877</ele>
      </trkpt>
      <trkpt lat="42.34657796099782" lon="2.030153023079038">
        <ele>1877</ele>
      </trkpt>
      <trkpt lat="42.346654990687966" lon="2.030247990041971">
        <ele>1877</ele>
      </trkpt>
      <trkpt lat="42.346725985407829" lon="2.030330970883369">
        <ele>1878</ele>
      </trkpt>
      <trkpt lat="42.346763033419847" lon="2.030378999188542">
        <ele>1878</ele>
      </trkpt>
      <trkpt lat="42.346801003441215" lon="2.030414035543799">
        <ele>1879</ele>
      </trkpt>
      <trkpt lat="42.346888007596135" lon="2.030519982799888">
        <ele>1879</ele>
      </trkpt>
      <trkpt lat="42.346936035901308" lon="2.030596006661654">
        <ele>1879</ele>
      </trkpt>
      <trkpt lat="42.347033014521003" lon="2.03067597001791">
        <ele>1880</ele>
      </trkpt>
      <trkpt lat="42.347097974270582" lon="2.03071603551507">
        <ele>1881</ele>
      </trkpt>
      <trkpt lat="42.347140973433852" lon="2.030735984444618">
        <ele>1881</ele>
      </trkpt>
      <trkpt lat="42.34715798869729" lon="2.030734978616238">
        <ele>1882</ele>
      </trkpt>
      <trkpt lat="42.347168968990445" lon="2.030754005536437">
        <ele>1882</ele>
      </trkpt>
      <trkpt lat="42.347230995073915" lon="2.030803961679339">
        <ele>1882</ele>
      </trkpt>
      <trkpt lat="42.347253039479256" lon="2.030813014134765">
        <ele>1883</ele>
      </trkpt>
      <trkpt lat="42.347284974530339" lon="2.030828017741442">
        <ele>1883</ele>
      </trkpt>
      <trkpt lat="42.347376001998782" lon="2.030903035774827">
        <ele>1884</ele>
      </trkpt>
      <trkpt lat="42.347411960363388" lon="2.030929019674659">
        <ele>1884</ele>
      </trkpt>
      <trkpt lat="42.347445990890265" lon="2.030943017452955">
        <ele>1884</ele>
      </trkpt>
      <trkpt lat="42.347497958689928" lon="2.030979981645942">
        <ele>1884</ele>
      </trkpt>
      <trkpt lat="42.347616981714964" lon="2.031052988022566">
        <ele>1884</ele>
      </trkpt>
      <trkpt lat="42.347641959786415" lon="2.031067991629243">
        <ele>1884</ele>
      </trkpt>
      <trkpt lat="42.347725024446845" lon="2.031135968863964">
        <ele>1885</ele>
      </trkpt>
      <trkpt lat="42.347773974761367" lon="2.031165976077318">
        <ele>1885</ele>
      </trkpt>
      <trkpt lat="42.347834995016456" lon="2.03127502463758">
        <ele>1884</ele>
      </trkpt>
      <trkpt lat="42.347772968932986" lon="2.031291034072638">
        <ele>1882</ele>
      </trkpt>
      <trkpt lat="42.347771963104606" lon="2.031292039901018">
        <ele>1882</ele>
      </trkpt>
      <trkpt lat="42.347756959497929" lon="2.031283993273974">
        <ele>1882</ele>
      </trkpt>
      <trkpt lat="42.347750002518296" lon="2.031276030465961">
        <ele>1882</ele>
      </trkpt>
      <trkpt lat="42.347751008346677" lon="2.031273012980819">
        <ele>1882</ele>
      </trkpt>
      <trkpt lat="42.34773701056838" lon="2.031306959688664">
        <ele>1881</ele>
      </trkpt>
      <trkpt lat="42.347691999748349" lon="2.031329004094005">
        <ele>1880</ele>
      </trkpt>
      <trkpt lat="42.347654029726982" lon="2.031373009085655">
        <ele>1880</ele>
      </trkpt>
      <trkpt lat="42.347595021128654" lon="2.031437968835235">
        <ele>1880</ele>
      </trkpt>
      <trkpt lat="42.347534000873566" lon="2.031487002968788">
        <ele>1881</ele>
      </trkpt>
      <trkpt lat="42.347416989505291" lon="2.0315330196172">
        <ele>1881</ele>
      </trkpt>
      <trkpt lat="42.347308024764061" lon="2.031616000458598">
        <ele>1881</ele>
      </trkpt>
      <trkpt lat="42.347270976752043" lon="2.031653970479965">
        <ele>1881</ele>
      </trkpt>
      <trkpt lat="42.347256978973746" lon="2.031695963814855">
        <ele>1883</ele>
      </trkpt>
      <trkpt lat="42.347139967605472" lon="2.031809035688639">
        <ele>1883</ele>
      </trkpt>
      <trkpt lat="42.34711398370564" lon="2.031828984618187">
        <ele>1883</ele>
      </trkpt>
      <trkpt lat="42.347063021734357" lon="2.031863015145063">
        <ele>1882</ele>
      </trkpt>
      <trkpt lat="42.347012981772423" lon="2.031912971287966">
        <ele>1882</ele>
      </trkpt>
      <trkpt lat="42.346947016194463" lon="2.031986983492971">
        <ele>1882</ele>
      </trkpt>
      <trkpt lat="42.346936035901308" lon="2.031988995149732">
        <ele>1882</ele>
      </trkpt>
      <trkpt lat="42.346906028687954" lon="2.032008022069931">
        <ele>1881</ele>
      </trkpt>
      <trkpt lat="42.346819024533033" lon="2.032031994313002">
        <ele>1880</ele>
      </trkpt>
      <trkpt lat="42.346822964027524" lon="2.032035011798143">
        <ele>1880</ele>
      </trkpt>
      <trkpt lat="42.346809972077608" lon="2.032040040940046">
        <ele>1880</ele>
      </trkpt>
      <trkpt lat="42.346809972077608" lon="2.032034005969763">
        <ele>1880</ele>
      </trkpt>
      <trkpt lat="42.34675096347928" lon="2.032042974606156">
        <ele>1878</ele>
      </trkpt>
      <trkpt lat="42.346686003729701" lon="2.032083040103316">
        <ele>1878</ele>
      </trkpt>
      <trkpt lat="42.346623977646232" lon="2.03209200873971">
        <ele>1876</ele>
      </trkpt>
      <trkpt lat="42.346518030390143" lon="2.032130984589458">
        <ele>1874</ele>
      </trkpt>
      <trkpt lat="42.346393978223205" lon="2.032204996794462">
        <ele>1875</ele>
      </trkpt>
      <trkpt lat="42.346201026812196" lon="2.03232997097075">
        <ele>1874</ele>
      </trkpt>
      <trkpt lat="42.346079992130399" lon="2.032385040074587">
        <ele>1873</ele>
      </trkpt>
      <trkpt lat="42.346070017665625" lon="2.032388979569078">
        <ele>1872</ele>
      </trkpt>
      <trkpt lat="42.345935991033912" lon="2.032448993995786">
        <ele>1872</ele>
      </trkpt>
      <trkpt lat="42.345852004364133" lon="2.032472966238856">
        <ele>1871</ele>
      </trkpt>
      <trkpt lat="42.345773968845606" lon="2.03252200037241">
        <ele>1872</ele>
      </trkpt>
      <trkpt lat="42.345665004104376" lon="2.03258897177875">
        <ele>1872</ele>
      </trkpt>
      <trkpt lat="42.345654023811221" lon="2.032601041719317">
        <ele>1872</ele>
      </trkpt>
      <trkpt lat="42.345573976635933" lon="2.03262903727591">
        <ele>1872</ele>
      </trkpt>
      <trkpt lat="42.345472974702716" lon="2.032654015347362">
        <ele>1871</ele>
      </trkpt>
      <trkpt lat="42.345377001911402" lon="2.032660972326994">
        <ele>1870</ele>
      </trkpt>
      <trkpt lat="42.345326039940119" lon="2.032698020339012">
        <ele>1870</ele>
      </trkpt>
      <trkpt lat="42.345192013308406" lon="2.032740013673902">
        <ele>1871</ele>
      </trkpt>
      <trkpt lat="42.345164017751813" lon="2.032744958996773">
        <ele>1872</ele>
      </trkpt>
      <trkpt lat="42.345070978626609" lon="2.032769015058875">
        <ele>1873</ele>
      </trkpt>
      <trkpt lat="42.345043988898396" lon="2.032764991745353">
        <ele>1873</ele>
      </trkpt>
      <trkpt lat="42.344999983906746" lon="2.032783012837172">
        <ele>1875</ele>
      </trkpt>
      <trkpt lat="42.344937035813928" lon="2.03277999535203">
        <ele>1876</ele>
      </trkpt>
      <trkpt lat="42.344869980588555" lon="2.032790975645185">
        <ele>1877</ele>
      </trkpt>
      <trkpt lat="42.344855982810259" lon="2.032790975645185">
        <ele>1877</ele>
      </trkpt>
      <trkpt lat="42.344763027504086" lon="2.032798016443849">
        <ele>1877</ele>
      </trkpt>
      <trkpt lat="42.344687003642321" lon="2.032831963151693">
        <ele>1878</ele>
      </trkpt>
      <trkpt lat="42.344678035005927" lon="2.032835986465216">
        <ele>1878</ele>
      </trkpt>
      <trkpt lat="42.344660013914108" lon="2.032851995900273">
        <ele>1878</ele>
      </trkpt>
      <trkpt lat="42.344574015587568" lon="2.032980993390083">
        <ele>1878</ele>
      </trkpt>
      <trkpt lat="42.344541996717453" lon="2.033052993938327">
        <ele>1878</ele>
      </trkpt>
      <trkpt lat="42.344522969797254" lon="2.033071015030146">
        <ele>1877</ele>
      </trkpt>
      <trkpt lat="42.344489023089409" lon="2.033130023628473">
        <ele>1876</ele>
      </trkpt>
      <trkpt lat="42.34447100199759" lon="2.033251980319619">
        <ele>1876</ele>
      </trkpt>
      <trkpt lat="42.344458010047674" lon="2.033289028331637">
        <ele>1876</ele>
      </trkpt>
      <trkpt lat="42.344397995620966" lon="2.033362034708262">
        <ele>1874</ele>
      </trkpt>
      <trkpt lat="42.344301017001271" lon="2.033487008884549">
        <ele>1873</ele>
      </trkpt>
      <trkpt lat="42.344257012009621" lon="2.033563032746315">
        <ele>1872</ele>
      </trkpt>
      <trkpt lat="42.344210995361209" lon="2.03361801803112">
        <ele>1871</ele>
      </trkpt>
      <trkpt lat="42.344167996197939" lon="2.033664034679532">
        <ele>1871</ele>
      </trkpt>
      <trkpt lat="42.344138994812965" lon="2.033709967508912">
        <ele>1871</ele>
      </trkpt>
      <trkpt lat="42.344122985377908" lon="2.033734023571014">
        <ele>1871</ele>
      </trkpt>
      <trkpt lat="42.344069005921483" lon="2.033792026340962">
        <ele>1870</ele>
      </trkpt>
      <trkpt lat="42.344032963737845" lon="2.033841982483864">
        <ele>1869</ele>
      </trkpt>
      <trkpt lat="42.34397797845304" lon="2.033936027437449">
        <ele>1869</ele>
      </trkpt>
      <trkpt lat="42.343963980674744" lon="2.033981960266829">
        <ele>1869</ele>
      </trkpt>
      <trkpt lat="42.343914024531841" lon="2.03411003574729">
        <ele>1869</ele>
      </trkpt>
      <trkpt lat="42.34380598179996" lon="2.034269040450454">
        <ele>1868</ele>
      </trkpt>
      <trkpt lat="42.343784021213651" lon="2.03428597189486">
        <ele>1868</ele>
      </trkpt>
      <trkpt lat="42.343730041757226" lon="2.034329976886511">
        <ele>1867</ele>
      </trkpt>
      <trkpt lat="42.343639014288783" lon="2.034438019618392">
        <ele>1865</ele>
      </trkpt>
      <trkpt lat="42.343600960448384" lon="2.034545978531241">
        <ele>1866</ele>
      </trkpt>
      <trkpt lat="42.343548992648721" lon="2.034644968807697">
        <ele>1866</ele>
      </trkpt>
      <trkpt lat="42.343527032062411" lon="2.034706994891167">
        <ele>1866</ele>
      </trkpt>
      <trkpt lat="42.343537006527185" lon="2.034769020974636">
        <ele>1867</ele>
      </trkpt>
      <trkpt lat="42.343537006527185" lon="2.034769020974636">
        <ele>1867</ele>
      </trkpt>
      <trkpt lat="42.343543041497469" lon="2.034791987389326">
        <ele>1866</ele>
      </trkpt>
      <trkpt lat="42.343552010133862" lon="2.034835992380977">
        <ele>1868</ele>
      </trkpt>
      <trkpt lat="42.343543963506818" lon="2.034867005422711">
        <ele>1868</ele>
      </trkpt>
      <trkpt lat="42.343410020694137" lon="2.035075966268778">
        <ele>1867</ele>
      </trkpt>
      <trkpt lat="42.343301977962255" lon="2.035265984013677">
        <ele>1865</ele>
      </trkpt>
      <trkpt lat="42.343154037371278" lon="2.035479974001646">
        <ele>1863</ele>
      </trkpt>
      <trkpt lat="42.343058986589313" lon="2.035662028938532">
        <ele>1862</ele>
      </trkpt>
      <trkpt lat="42.343036020174623" lon="2.035718020051718">
        <ele>1861</ele>
      </trkpt>
      <trkpt lat="42.342978017404675" lon="2.035798989236355">
        <ele>1859</ele>
      </trkpt>
      <trkpt lat="42.342810966074467" lon="2.035900996997953">
        <ele>1855</ele>
      </trkpt>
      <trkpt lat="42.34262203797698" lon="2.036133008077741">
        <ele>1854</ele>
      </trkpt>
      <trkpt lat="42.342567974701524" lon="2.036167038604617">
        <ele>1852</ele>
      </trkpt>
      <trkpt lat="42.342548025771976" lon="2.036191010847688">
        <ele>1852</ele>
      </trkpt>
      <trkpt lat="42.342509971931577" lon="2.036220012232661">
        <ele>1851</ele>
      </trkpt>
      <trkpt lat="42.342482982203364" lon="2.036243984475732">
        <ele>1851</ele>
      </trkpt>
      <trkpt lat="42.342389021068811" lon="2.036321014165878">
        <ele>1849</ele>
      </trkpt>
      <trkpt lat="42.342218030244112" lon="2.036498039960861">
        <ele>1846</ele>
      </trkpt>
      <trkpt lat="42.342075034976006" lon="2.036714041605592">
        <ele>1845</ele>
      </trkpt>
      <trkpt lat="42.341951988637447" lon="2.036867011338472">
        <ele>1843</ele>
      </trkpt>
      <trkpt lat="42.341787032783031" lon="2.037129029631615">
        <ele>1840</ele>
      </trkpt>
      <trkpt lat="42.341724000871181" lon="2.037212010473013">
        <ele>1839</ele>
      </trkpt>
      <trkpt lat="42.341602966189384" lon="2.037396999076009">
        <ele>1837</ele>
      </trkpt>
      <trkpt lat="42.341432981193066" lon="2.037697993218899">
        <ele>1834</ele>
      </trkpt>
      <trkpt lat="42.341308007016778" lon="2.03802396543324">
        <ele>1833</ele>
      </trkpt>
      <trkpt lat="42.341181021183729" lon="2.038177018985152">
        <ele>1830</ele>
      </trkpt>
      <trkpt lat="42.341063003987074" lon="2.038511037826538">
        <ele>1827</ele>
      </trkpt>
      <trkpt lat="42.34105696901679" lon="2.038530986756086">
        <ele>1826</ele>
      </trkpt>
      <trkpt lat="42.341044982895255" lon="2.038716981187463">
        <ele>1824</ele>
      </trkpt>
      <trkpt lat="42.341127963736653" lon="2.038948992267251">
        <ele>1822</ele>
      </trkpt>
      <trkpt lat="42.341179009526968" lon="2.039148984476924">
        <ele>1821</ele>
      </trkpt>
      <trkpt lat="42.341213962063193" lon="2.039261972531676">
        <ele>1820</ele>
      </trkpt>
      <trkpt lat="42.3413120303303" lon="2.039543017745018">
        <ele>1819</ele>
      </trkpt>
      <trkpt lat="42.341344971209764" lon="2.039615018293262">
        <ele>1817</ele>
      </trkpt>
      <trkpt lat="42.341359974816442" lon="2.039647037163377">
        <ele>1817</ele>
      </trkpt>
      <trkpt lat="42.341417977586389" lon="2.039877036586404">
        <ele>1813</ele>
      </trkpt>
      <trkpt lat="42.341481009498239" lon="2.039982983842492">
        <ele>1811</ele>
      </trkpt>
      <trkpt lat="42.34154999256134" lon="2.040173001587391">
        <ele>1810</ele>
      </trkpt>
      <trkpt lat="42.341558039188385" lon="2.040334017947316">
        <ele>1807</ele>
      </trkpt>
      <trkpt lat="42.341571031138301" lon="2.040527975186706">
        <ele>1804</ele>
      </trkpt>
      <trkpt lat="42.341578993946314" lon="2.040544990450144">
        <ele>1804</ele>
      </trkpt>
      <trkpt lat="42.341659041121602" lon="2.040675999596715">
        <ele>1804</ele>
      </trkpt>
      <trkpt lat="42.341712014749646" lon="2.040798962116242">
        <ele>1801</ele>
      </trkpt>
      <trkpt lat="42.341812010854483" lon="2.040985962375999">
        <ele>1799</ele>
      </trkpt>
      <trkpt lat="42.341934973374009" lon="2.041118983179331">
        <ele>1796</ele>
      </trkpt>
      <trkpt lat="42.341977972537279" lon="2.041141027584672">
        <ele>1794</ele>
      </trkpt>
      <trkpt lat="42.342031029984355" lon="2.041163993999362">
        <ele>1793</ele>
      </trkpt>
      <trkpt lat="42.342061037197709" lon="2.041186038404703">
        <ele>1793</ele>
      </trkpt>
      <trkpt lat="42.342118034139276" lon="2.041277987882495">
        <ele>1790</ele>
      </trkpt>
      <trkpt lat="42.342113004997373" lon="2.041509998962283">
        <ele>1797</ele>
      </trkpt>
      <trkpt lat="42.342093978077173" lon="2.041533971205354">
        <ele>1795</ele>
      </trkpt>
      <trkpt lat="42.341989958658814" lon="2.041712002828717">
        <ele>1795</ele>
      </trkpt>
      <trkpt lat="42.341949976980686" lon="2.041758019477129">
        <ele>1796</ele>
      </trkpt>
      <trkpt lat="42.341813016682863" lon="2.041862038895488">
        <ele>1795</ele>
      </trkpt>
      <trkpt lat="42.341780997812748" lon="2.041890034452081">
        <ele>1795</ele>
      </trkpt>
      <trkpt lat="42.341630961745977" lon="2.0420409925282">
        <ele>1797</ele>
      </trkpt>
      <trkpt lat="42.341596009209752" lon="2.04210402444005">
        <ele>1799</ele>
      </trkpt>
      <trkpt lat="42.341581005603075" lon="2.042124979197979">
        <ele>1799</ele>
      </trkpt>
      <trkpt lat="42.34150598756969" lon="2.042191028594971">
        <ele>1800</ele>
      </trkpt>
      <trkpt lat="42.341423006728292" lon="2.042261017486453">
        <ele>1800</ele>
      </trkpt>
      <trkpt lat="42.341280011460185" lon="2.042392026633024">
        <ele>1801</ele>
      </trkpt>
      <trkpt lat="42.341150008141994" lon="2.042509038001299">
        <ele>1802</ele>
      </trkpt>
      <trkpt lat="42.341014975681901" lon="2.042635018005967">
        <ele>1802</ele>
      </trkpt>
      <trkpt lat="42.340844990685582" lon="2.042755968868733">
        <ele>1802</ele>
      </trkpt>
      <trkpt lat="42.340799979865551" lon="2.042789999395609">
        <ele>1802</ele>
      </trkpt>
      <trkpt lat="42.340694032609463" lon="2.042854959145188">
        <ele>1801</ele>
      </trkpt>
      <trkpt lat="42.340641980990767" lon="2.04287800937891">
        <ele>1801</ele>
      </trkpt>
      <trkpt lat="42.340424973517656" lon="2.043025027960539">
        <ele>1800</ele>
      </trkpt>
      <trkpt lat="42.340351967141032" lon="2.04307003878057">
        <ele>1800</ele>
      </trkpt>
      <trkpt lat="42.340317014604807" lon="2.043099962174892">
        <ele>1800</ele>
      </trkpt>
      <trkpt lat="42.34015298075974" lon="2.043304983526468">
        <ele>1799</ele>
      </trkpt>
      <trkpt lat="42.340006968006492" lon="2.043483015149832">
        <ele>1797</ele>
      </trkpt>
      <trkpt lat="42.339847963303328" lon="2.043654005974531">
        <ele>1797</ele>
      </trkpt>
      <trkpt lat="42.339736986905336" lon="2.043754002079368">
        <ele>1796</ele>
      </trkpt>
      <trkpt lat="42.339542023837566" lon="2.043933039531112">
        <ele>1794</ele>
      </trkpt>
      <trkpt lat="42.339392993599176" lon="2.044109981507063">
        <ele>1793</ele>
      </trkpt>
      <trkpt lat="42.339359968900681" lon="2.044148035347462">
        <ele>1793</ele>
      </trkpt>
      <trkpt lat="42.339268019422889" lon="2.044359007850289">
        <ele>1793</ele>
      </trkpt>
      <trkpt lat="42.339144973084331" lon="2.044611973688006">
        <ele>1792</ele>
      </trkpt>
      <trkpt lat="42.33905796892941" lon="2.044792016968131">
        <ele>1791</ele>
      </trkpt>
      <trkpt lat="42.338966019451618" lon="2.044970970600843">
        <ele>1791</ele>
      </trkpt>
      <trkpt lat="42.338916985318065" lon="2.045055963099003">
        <ele>1790</ele>
      </trkpt>
      <trkpt lat="42.338763009756804" lon="2.045198958367109">
        <ele>1788</ele>
      </trkpt>
      <trkpt lat="42.338548013940454" lon="2.045375984162092">
        <ele>1786</ele>
      </trkpt>
      <trkpt lat="42.33839001506567" lon="2.045540018007159">
        <ele>1785</ele>
      </trkpt>
      <trkpt lat="42.338367970660329" lon="2.045566001906991">
        <ele>1785</ele>
      </trkpt>
      <trkpt lat="42.33819798566401" lon="2.045668009668589">
        <ele>1782</ele>
      </trkpt>
      <trkpt lat="42.338137971237302" lon="2.045726012438536">
        <ele>1782</ele>
      </trkpt>
      <trkpt lat="42.338066976517439" lon="2.045817039906979">
        <ele>1783</ele>
      </trkpt>
      <trkpt lat="42.338017020374537" lon="2.04584201797843">
        <ele>1781</ele>
      </trkpt>
      <trkpt lat="42.337813004851341" lon="2.045937990769744">
        <ele>1777</ele>
      </trkpt>
      <trkpt lat="42.337627010419965" lon="2.046018037945032">
        <ele>1774</ele>
      </trkpt>
      <trkpt lat="42.337434981018305" lon="2.046086015179753">
        <ele>1772</ele>
      </trkpt>
      <trkpt lat="42.337234988808632" lon="2.046173019334674">
        <ele>1771</ele>
      </trkpt>
      <trkpt lat="42.337030973285437" lon="2.046245019882917">
        <ele>1770</ele>
      </trkpt>
      <trkpt lat="42.336858976632357" lon="2.046328000724316">
        <ele>1770</ele>
      </trkpt>
      <trkpt lat="42.336636018007994" lon="2.046448029577732">
        <ele>1769</ele>
      </trkpt>
      <trkpt lat="42.336572986096144" lon="2.046473007649183">
        <ele>1769</ele>
      </trkpt>
      <trkpt lat="42.336356984451413" lon="2.046605022624135">
        <ele>1768</ele>
      </trkpt>
      <trkpt lat="42.336159003898501" lon="2.046706024557352">
        <ele>1767</ele>
      </trkpt>
      <trkpt lat="42.335976026952267" lon="2.046762015670538">
        <ele>1766</ele>
      </trkpt>
      <trkpt lat="42.335901008918881" lon="2.046807026490569">
        <ele>1765</ele>
      </trkpt>
      <trkpt lat="42.335881981998682" lon="2.046840973198414">
        <ele>1765</ele>
      </trkpt>
      <trkpt lat="42.335881981998682" lon="2.046840973198414">
        <ele>1765</ele>
      </trkpt>
      <trkpt lat="42.335801012814045" lon="2.046877015382052">
        <ele>1765</ele>
      </trkpt>
      <trkpt lat="42.33566296286881" lon="2.046943986788392">
        <ele>1764</ele>
      </trkpt>
      <trkpt lat="42.335580987855792" lon="2.047202987596393">
        <ele>1763</ele>
      </trkpt>
      <trkpt lat="42.33557503670454" lon="2.047240035608411">
        <ele>1763</ele>
      </trkpt>
      <trkpt lat="42.335581993684173" lon="2.047365009784699">
        <ele>1762</ele>
      </trkpt>
      <trkpt lat="42.335600014775991" lon="2.047448996454477">
        <ele>1761</ele>
      </trkpt>
      <trkpt lat="42.335614012554288" lon="2.047621998935938">
        <ele>1761</ele>
      </trkpt>
      <trkpt lat="42.335603032261133" lon="2.04766801558435">
        <ele>1761</ele>
      </trkpt>
      <trkpt lat="42.335578976199031" lon="2.047976972535253">
        <ele>1761</ele>
      </trkpt>
      <trkpt lat="42.335599008947611" lon="2.048148969188333">
        <ele>1761</ele>
      </trkpt>
      <trkpt lat="42.335605965927243" lon="2.048242008313537">
        <ele>1760</ele>
      </trkpt>
      <trkpt lat="42.33562096953392" lon="2.04846203327179">
        <ele>1759</ele>
      </trkpt>
      <trkpt lat="42.335648965090513" lon="2.048670994117856">
        <ele>1757</ele>
      </trkpt>
      <trkpt lat="42.335656005889177" lon="2.048779036849737">
        <ele>1758</ele>
      </trkpt>
      <trkpt lat="42.335699005052447" lon="2.049090005457401">
        <ele>1755</ele>
      </trkpt>
      <trkpt lat="42.33574602752924" lon="2.049242975190282">
        <ele>1754</ele>
      </trkpt>
      <trkpt lat="42.335763964802027" lon="2.049339031800628">
        <ele>1753</ele>
      </trkpt>
      <trkpt lat="42.335815010592341" lon="2.049619993194938">
        <ele>1749</ele>
      </trkpt>
      <trkpt lat="42.335823979228735" lon="2.049654023721814">
        <ele>1749</ele>
      </trkpt>
      <trkpt lat="42.33585599809885" lon="2.049744967371225">
        <ele>1748</ele>
      </trkpt>
      <trkpt lat="42.335877036675811" lon="2.049777992069721">
        <ele>1748</ele>
      </trkpt>
      <trkpt lat="42.335920035839081" lon="2.049878994002938">
        <ele>1747</ele>
      </trkpt>
      <trkpt lat="42.336022965610027" lon="2.050121985375881">
        <ele>1744</ele>
      </trkpt>
      <trkpt lat="42.33606998808682" lon="2.050200020894408">
        <ele>1742</ele>
      </trkpt>
      <trkpt lat="42.336212983354926" lon="2.050304962322116">
        <ele>1742</ele>
      </trkpt>
      <trkpt lat="42.336294958367944" lon="2.050460027530789">
        <ele>1739</ele>
      </trkpt>
      <trkpt lat="42.336264029145241" lon="2.050533033907414">
        <ele>1736</ele>
      </trkpt>
      <trkpt lat="42.33622002415359" lon="2.050580978393555">
        <ele>1735</ele>
      </trkpt>
      <trkpt lat="42.336077028885484" lon="2.050629006698728">
        <ele>1733</ele>
      </trkpt>
      <trkpt lat="42.335862033069134" lon="2.050747023895383">
        <ele>1729</ele>
      </trkpt>
      <trkpt lat="42.335810987278819" lon="2.050781976431608">
        <ele>1729</ele>
      </trkpt>
      <trkpt lat="42.335688024759293" lon="2.050850037485361">
        <ele>1727</ele>
      </trkpt>
      <trkpt lat="42.335557015612721" lon="2.050937041640282">
        <ele>1726</ele>
      </trkpt>
      <trkpt lat="42.335348976776004" lon="2.051029996946454">
        <ele>1724</ele>
      </trkpt>
      <trkpt lat="42.335215033963323" lon="2.051077019423246">
        <ele>1722</ele>
      </trkpt>
      <trkpt lat="42.335187960416079" lon="2.051141979172826">
        <ele>1721</ele>
      </trkpt>
      <trkpt lat="42.335143033415079" lon="2.051194030791521">
        <ele>1720</ele>
      </trkpt>
      <trkpt lat="42.334986962378025" lon="2.051272988319397">
        <ele>1717</ele>
      </trkpt>
      <trkpt lat="42.334913033992052" lon="2.051308024674654">
        <ele>1716</ele>
      </trkpt>
      <trkpt lat="42.334843967109919" lon="2.051344988867641">
        <ele>1714</ele>
      </trkpt>
      <trkpt lat="42.334842039272189" lon="2.051420006901026">
        <ele>1713</ele>
      </trkpt>
      <trkpt lat="42.3347810190171" lon="2.051534000784159">
        <ele>1710</ele>
      </trkpt>
      <trkpt lat="42.334618996828794" lon="2.051640031859279">
        <ele>1709</ele>
      </trkpt>
      <trkpt lat="42.334456974640489" lon="2.051732987165451">
        <ele>1707</ele>
      </trkpt>
      <trkpt lat="42.334363013505936" lon="2.051739022135735">
        <ele>1707</ele>
      </trkpt>
      <trkpt lat="42.334195962175727" lon="2.051691999658942">
        <ele>1707</ele>
      </trkpt>
      <trkpt lat="42.334127984941006" lon="2.05162201076746">
        <ele>1707</ele>
      </trkpt>
      <trkpt lat="42.334131002426147" lon="2.051545986905694">
        <ele>1707</ele>
      </trkpt>
      <trkpt lat="42.334184981882572" lon="2.051393017172813">
        <ele>1706</ele>
      </trkpt>
      <trkpt lat="42.334241978824139" lon="2.051250021904707">
        <ele>1705</ele>
      </trkpt>
      <trkpt lat="42.334186993539333" lon="2.05110602080822">
        <ele>1701</ele>
      </trkpt>
      <trkpt lat="42.334172995761037" lon="2.051081964746118">
        <ele>1701</ele>
      </trkpt>
      <trkpt lat="42.334149023517966" lon="2.051048018038273">
        <ele>1700</ele>
      </trkpt>
      <trkpt lat="42.334070987999439" lon="2.050936035811901">
        <ele>1696</ele>
      </trkpt>
      <trkpt lat="42.334026983007789" lon="2.050902005285025">
        <ele>1694</ele>
      </trkpt>
      <trkpt lat="42.333996975794435" lon="2.050885995849967">
        <ele>1693</ele>
      </trkpt>
      <trkpt lat="42.333996975794435" lon="2.050885995849967">
        <ele>1693</ele>
      </trkpt>
      <trkpt lat="42.333953976631165" lon="2.050847020000219">
        <ele>1691</ele>
      </trkpt>
      <trkpt lat="42.333927992731333" lon="2.050840985029936">
        <ele>1690</ele>
      </trkpt>
      <trkpt lat="42.33390100300312" lon="2.0508480258286">
        <ele>1689</ele>
      </trkpt>
      <trkpt lat="42.333849035203457" lon="2.050885995849967">
        <ele>1688</ele>
      </trkpt>
      <trkpt lat="42.333806036040187" lon="2.050932012498379">
        <ele>1688</ele>
      </trkpt>
      <trkpt lat="42.33379103243351" lon="2.050976017490029">
        <ele>1688</ele>
      </trkpt>
      <trkpt lat="42.333654994145036" lon="2.051100991666317">
        <ele>1687</ele>
      </trkpt>
      <trkpt lat="42.333605960011482" lon="2.051163017749786">
        <ele>1687</ele>
      </trkpt>
      <trkpt lat="42.333505963906646" lon="2.051340965554118">
        <ele>1687</ele>
      </trkpt>
      <trkpt lat="42.333424994722009" lon="2.051524026319385">
        <ele>1687</ele>
      </trkpt>
      <trkpt lat="42.333344025537372" lon="2.051781015470624">
        <ele>1687</ele>
      </trkpt>
      <trkpt lat="42.333346037194133" lon="2.051958041265607">
        <ele>1687</ele>
      </trkpt>
      <trkpt lat="42.333338996395469" lon="2.052107993513346">
        <ele>1686</ele>
      </trkpt>
      <trkpt lat="42.333375038579106" lon="2.052221987396479">
        <ele>1686</ele>
      </trkpt>
      <trkpt lat="42.333495989441872" lon="2.052455004304647">
        <ele>1683</ele>
      </trkpt>
      <trkpt lat="42.333593973889947" lon="2.05250496044755">
        <ele>1681</ele>
      </trkpt>
      <trkpt lat="42.333618029952049" lon="2.052521975710988">
        <ele>1681</ele>
      </trkpt>
      <trkpt lat="42.333726994693279" lon="2.052623983472586">
        <ele>1681</ele>
      </trkpt>
      <trkpt lat="42.333870995789766" lon="2.05276396125555">
        <ele>1680</ele>
      </trkpt>
      <trkpt lat="42.334024971351027" lon="2.052884995937347">
        <ele>1678</ele>
      </trkpt>
      <trkpt lat="42.334088003262877" lon="2.052924977615476">
        <ele>1677</ele>
      </trkpt>
      <trkpt lat="42.33417903073132" lon="2.0529979839921">
        <ele>1675</ele>
      </trkpt>
      <trkpt lat="42.334300987422466" lon="2.053064033389092">
        <ele>1674</ele>
      </trkpt>
      <trkpt lat="42.334454040974379" lon="2.053167968988419">
        <ele>1672</ele>
      </trkpt>
      <trkpt lat="42.334554037079215" lon="2.053215997293592">
        <ele>1671</ele>
      </trkpt>
      <trkpt lat="42.334669958800077" lon="2.053284980356693">
        <ele>1670</ele>
      </trkpt>
      <trkpt lat="42.334895012900233" lon="2.053398974239826">
        <ele>1668</ele>
      </trkpt>
      <trkpt lat="42.334977993741632" lon="2.05346804112196">
        <ele>1667</ele>
      </trkpt>
      <trkpt lat="42.335149990394711" lon="2.053623022511601">
        <ele>1666</ele>
      </trkpt>
      <trkpt lat="42.335175974294543" lon="2.053657975047827">
        <ele>1666</ele>
      </trkpt>
      <trkpt lat="42.33523297123611" lon="2.053838018327951">
        <ele>1664</ele>
      </trkpt>
      <trkpt lat="42.335072960704565" lon="2.054146975278854">
        <ele>1660</ele>
      </trkpt>
      <trkpt lat="42.334865005686879" lon="2.054250994697213">
        <ele>1657</ele>
      </trkpt>
      <trkpt lat="42.334747994318604" lon="2.05439398996532">
        <ele>1655</ele>
      </trkpt>
      <trkpt lat="42.334745982661843" lon="2.054405976086855">
        <ele>1655</ele>
      </trkpt>
      <trkpt lat="42.334727039560676" lon="2.054517036303878">
        <ele>1655</ele>
      </trkpt>
      <trkpt lat="42.334786970168352" lon="2.054657014086843">
        <ele>1655</ele>
      </trkpt>
      <trkpt lat="42.334837010130286" lon="2.054686015471816">
        <ele>1654</ele>
      </trkpt>
      <trkpt lat="42.334957960993052" lon="2.054707976058126">
        <ele>1651</ele>
      </trkpt>
      <trkpt lat="42.335128029808402" lon="2.054679980501533">
        <ele>1650</ele>
      </trkpt>
      <trkpt lat="42.335366997867823" lon="2.054671011865139">
        <ele>1645</ele>
      </trkpt>
      <trkpt lat="42.335408991202712" lon="2.054638992995024">
        <ele>1645</ele>
      </trkpt>
      <trkpt lat="42.335615018382668" lon="2.054538996890187">
        <ele>1641</ele>
      </trkpt>
      <trkpt lat="42.33568400144577" lon="2.054460039362311">
        <ele>1640</ele>
      </trkpt>
      <trkpt lat="42.335711997002363" lon="2.054388960823417">
        <ele>1640</ele>
      </trkpt>
      <trkpt lat="42.335801012814045" lon="2.05426499247551">
        <ele>1637</ele>
      </trkpt>
      <trkpt lat="42.335845017805696" lon="2.054177988320589">
        <ele>1637</ele>
      </trkpt>
      <trkpt lat="42.335863960906863" lon="2.054106993600726">
        <ele>1638</ele>
      </trkpt>
      <trkpt lat="42.335967980325222" lon="2.053960980847478">
        <ele>1637</ele>
      </trkpt>
      <trkpt lat="42.336212983354926" lon="2.053890991955996">
        <ele>1630</ele>
      </trkpt>
      <trkpt lat="42.336311973631382" lon="2.053842041641474">
        <ele>1633</ele>
      </trkpt>
      <trkpt lat="42.336329994723201" lon="2.053852016106248">
        <ele>1632</ele>
      </trkpt>
      <trkpt lat="42.336381962522864" lon="2.053842041641474">
        <ele>1632</ele>
      </trkpt>
      <trkpt lat="42.336393026635051" lon="2.053842963650823">
        <ele>1632</ele>
      </trkpt>
      <trkpt lat="42.336450023576617" lon="2.053838018327951">
        <ele>1632</ele>
      </trkpt>
      <trkpt lat="42.336469972506166" lon="2.053827960044146">
        <ele>1632</ele>
      </trkpt>
      <trkpt lat="42.336481036618352" lon="2.053851010277867">
        <ele>1632</ele>
      </trkpt>
      <trkpt lat="42.336358996108174" lon="2.054053014144301">
        <ele>1632</ele>
      </trkpt>
      <trkpt lat="42.336352039128542" lon="2.054080003872514">
        <ele>1632</ele>
      </trkpt>
      <trkpt lat="42.336329994723201" lon="2.054141024127603">
        <ele>1633</ele>
      </trkpt>
      <trkpt lat="42.336326977238059" lon="2.054182011634111">
        <ele>1633</ele>
      </trkpt>
      <trkpt lat="42.33628498390317" lon="2.054464984685183">
        <ele>1633</ele>
      </trkpt>
      <trkpt lat="42.336218012496829" lon="2.054793974384666">
        <ele>1635</ele>
      </trkpt>
      <trkpt lat="42.336140982806683" lon="2.05508298240602">
        <ele>1635</ele>
      </trkpt>
      <trkpt lat="42.336024977266788" lon="2.055334020406008">
        <ele>1633</ele>
      </trkpt>
      <trkpt lat="42.33585499227047" lon="2.0555330067873">
        <ele>1630</ele>
      </trkpt>
      <trkpt lat="42.335728006437421" lon="2.055703997612">
        <ele>1628</ele>
      </trkpt>
      <trkpt lat="42.335629016160965" lon="2.055970961228013">
        <ele>1625</ele>
      </trkpt>
      <trkpt lat="42.335592973977327" lon="2.056038016453385">
        <ele>1624</ele>
      </trkpt>
      <trkpt lat="42.335449978709221" lon="2.056275978684425">
        <ele>1622</ele>
      </trkpt>
      <trkpt lat="42.33525300398469" lon="2.056557023897767">
        <ele>1620</ele>
      </trkpt>
      <trkpt lat="42.335153007879853" lon="2.056672023609281">
        <ele>1620</ele>
      </trkpt>
      <trkpt lat="42.334960978478193" lon="2.0568229816854">
        <ele>1619</ele>
      </trkpt>
      <trkpt lat="42.334789987653494" lon="2.057057004421949">
        <ele>1618</ele>
      </trkpt>
      <trkpt lat="42.334751011803746" lon="2.057239981368184">
        <ele>1616</ele>
      </trkpt>
      <trkpt lat="42.334713963791728" lon="2.057589003816247">
        <ele>1614</ele>
      </trkpt>
      <trkpt lat="42.334707006812096" lon="2.057690005749464">
        <ele>1614</ele>
      </trkpt>
      <trkpt lat="42.334702983498573" lon="2.057716995477676">
        <ele>1614</ele>
      </trkpt>
      <trkpt lat="42.334686974063516" lon="2.05800399184227">
        <ele>1614</ele>
      </trkpt>
      <trkpt lat="42.334723016247153" lon="2.058345973491669">
        <ele>1611</ele>
      </trkpt>
      <trkpt lat="42.334744976833463" lon="2.058459967374802">
        <ele>1611</ele>
      </trkpt>
      <trkpt lat="42.334758974611759" lon="2.058602962642908">
        <ele>1611</ele>
      </trkpt>
      <trkpt lat="42.334740031510592" lon="2.058824999257922">
        <ele>1610</ele>
      </trkpt>
      <trkpt lat="42.334713041782379" lon="2.059046030044556">
        <ele>1608</ele>
      </trkpt>
      <trkpt lat="42.334655039012432" lon="2.059312993660569">
        <ele>1605</ele>
      </trkpt>
      <trkpt lat="42.33460902236402" lon="2.059603007510305">
        <ele>1601</ele>
      </trkpt>
      <trkpt lat="42.334574991837144" lon="2.059882041066885">
        <ele>1599</ele>
      </trkpt>
      <trkpt lat="42.334526963531971" lon="2.060211030766368">
        <ele>1598</ele>
      </trkpt>
      <trkpt lat="42.334469966590405" lon="2.060491992160678">
        <ele>1596</ele>
      </trkpt>
      <trkpt lat="42.334404001012444" lon="2.060730960220099">
        <ele>1593</ele>
      </trkpt>
      <trkpt lat="42.334339963272214" lon="2.061013011261821">
        <ele>1591</ele>
      </trkpt>
      <trkpt lat="42.334306016564369" lon="2.061310987919569">
        <ele>1588</ele>
      </trkpt>
      <trkpt lat="42.334262011572719" lon="2.06154802814126">
        <ele>1584</ele>
      </trkpt>
      <trkpt lat="42.334210965782404" lon="2.061852961778641">
        <ele>1581</ele>
      </trkpt>
      <trkpt lat="42.334211971610785" lon="2.061981037259102">
        <ele>1580</ele>
      </trkpt>
      <trkpt lat="42.334139971062541" lon="2.062215982005">
        <ele>1576</ele>
      </trkpt>
      <trkpt lat="42.333936961367726" lon="2.062417985871434">
        <ele>1573</ele>
      </trkpt>
      <trkpt lat="42.333821039646864" lon="2.062589982524514">
        <ele>1571</ele>
      </trkpt>
      <trkpt lat="42.333809975534678" lon="2.062605991959572">
        <ele>1571</ele>
      </trkpt>
      <trkpt lat="42.333798995241523" lon="2.062844038009644">
        <ele>1568</ele>
      </trkpt>
      <trkpt lat="42.333844006061554" lon="2.063077976927161">
        <ele>1565</ele>
      </trkpt>
      <trkpt lat="42.333861021324992" lon="2.063238993287087">
        <ele>1563</ele>
      </trkpt>
      <trkpt lat="42.333839982748032" lon="2.063328009098768">
        <ele>1562</ele>
      </trkpt>
      <trkpt lat="42.333768988028169" lon="2.06356898881495">
        <ele>1559</ele>
      </trkpt>
      <trkpt lat="42.333780974149704" lon="2.063860008493066">
        <ele>1557</ele>
      </trkpt>
      <trkpt lat="42.333792960271239" lon="2.06412797793746">
        <ele>1556</ele>
      </trkpt>
      <trkpt lat="42.333781979978085" lon="2.064375998452306">
        <ele>1552</ele>
      </trkpt>
      <trkpt lat="42.333735041320324" lon="2.064658971503377">
        <ele>1549</ele>
      </trkpt>
      <trkpt lat="42.333704028278589" lon="2.064973041415215">
        <ele>1548</ele>
      </trkpt>
      <trkpt lat="42.333663962781429" lon="2.065232964232564">
        <ele>1545</ele>
      </trkpt>
      <trkpt lat="42.333624986931682" lon="2.065453995019198">
        <ele>1543</ele>
      </trkpt>
      <trkpt lat="42.333596991375089" lon="2.065776027739048">
        <ele>1541</ele>
      </trkpt>
      <trkpt lat="42.33355700969696" lon="2.065881974995136">
        <ele>1540</ele>
      </trkpt>
      <trkpt lat="42.33355700969696" lon="2.06595397554338">
        <ele>1540</ele>
      </trkpt>
      <trkpt lat="42.333545023575425" lon="2.066003009676933">
        <ele>1540</ele>
      </trkpt>
      <trkpt lat="42.333534965291619" lon="2.066004015505314">
        <ele>1539</ele>
      </trkpt>
      <trkpt lat="42.333542006090283" lon="2.066055983304977">
        <ele>1540</ele>
      </trkpt>
      <trkpt lat="42.333538988605142" lon="2.066066963598132">
        <ele>1539</ele>
      </trkpt>
      <trkpt lat="42.333508981391788" lon="2.066279025748372">
        <ele>1538</ele>
      </trkpt>
      <trkpt lat="42.333484003320336" lon="2.066527968272567">
        <ele>1538</ele>
      </trkpt>
      <trkpt lat="42.333505963906646" lon="2.066737012937665">
        <ele>1539</ele>
      </trkpt>
      <trkpt lat="42.33353697694838" lon="2.066842960193753">
        <ele>1539</ele>
      </trkpt>
      <trkpt lat="42.333560027182102" lon="2.066916972398758">
        <ele>1539</ele>
      </trkpt>
      <trkpt lat="42.333530019968748" lon="2.066870033740997">
        <ele>1539</ele>
      </trkpt>
      <trkpt lat="42.333532031625509" lon="2.066867016255856">
        <ele>1539</ele>
      </trkpt>
      <trkpt lat="42.33353697694838" lon="2.066880008205771">
        <ele>1539</ele>
      </trkpt>
      <trkpt lat="42.333544017747045" lon="2.066890988498926">
        <ele>1539</ele>
      </trkpt>
      <trkpt lat="42.333623981103301" lon="2.066972041502595">
        <ele>1539</ele>
      </trkpt>
      <trkpt lat="42.333744009956717" lon="2.067059967666864">
        <ele>1539</ele>
      </trkpt>
      <trkpt lat="42.333866972476244" lon="2.067140014842153">
        <ele>1538</ele>
      </trkpt>
      <trkpt lat="42.333866972476244" lon="2.067140014842153">
        <ele>1538</ele>
      </trkpt>
      <trkpt lat="42.333957999944687" lon="2.067193994298577">
        <ele>1538</ele>
      </trkpt>
      <trkpt lat="42.334126979112625" lon="2.067274963483214">
        <ele>1537</ele>
      </trkpt>
      <trkpt lat="42.334320014342666" lon="2.067384012043476">
        <ele>1534</ele>
      </trkpt>
      <trkpt lat="42.334451023489237" lon="2.067576041445136">
        <ele>1532</ele>
      </trkpt>
      <trkpt lat="42.33463098295033" lon="2.067687017843127">
        <ele>1529</ele>
      </trkpt>
      <trkpt lat="42.33480297960341" lon="2.06778097897768">
        <ele>1527</ele>
      </trkpt>
      <trkpt lat="42.335012024268508" lon="2.067868988960981">
        <ele>1526</ele>
      </trkpt>
      <trkpt lat="42.335222996771336" lon="2.067906958982348">
        <ele>1523</ele>
      </trkpt>
      <trkpt lat="42.335416032001376" lon="2.067901007831097">
        <ele>1520</ele>
      </trkpt>
      <trkpt lat="42.335644019767642" lon="2.067938977852464">
        <ele>1517</ele>
      </trkpt>
      <trkpt lat="42.335821967571974" lon="2.067981977015734">
        <ele>1515</ele>
      </trkpt>
      <trkpt lat="42.335894973948598" lon="2.068175012245774">
        <ele>1513</ele>
      </trkpt>
      <trkpt lat="42.335715014487505" lon="2.068243995308876">
        <ele>1511</ele>
      </trkpt>
      <trkpt lat="42.335518961772323" lon="2.068243995308876">
        <ele>1509</ele>
      </trkpt>
      <trkpt lat="42.33525400981307" lon="2.068311972543597">
        <ele>1508</ele>
      </trkpt>
      <trkpt lat="42.33508201315999" lon="2.068383973091841">
        <ele>1507</ele>
      </trkpt>
      <trkpt lat="42.334834998473525" lon="2.068461002781987">
        <ele>1507</ele>
      </trkpt>
      <trkpt lat="42.334614973515272" lon="2.068408029153943">
        <ele>1507</ele>
      </trkpt>
      <trkpt lat="42.334559988230467" lon="2.068395959213376">
        <ele>1506</ele>
      </trkpt>
      <trkpt lat="42.334294030442834" lon="2.068400988355279">
        <ele>1505</ele>
      </trkpt>
      <trkpt lat="42.334152963012457" lon="2.068327981978655">
        <ele>1505</ele>
      </trkpt>
      <trkpt lat="42.333969986066222" lon="2.068365029990673">
        <ele>1503</ele>
      </trkpt>
      <trkpt lat="42.333810981363058" lon="2.068510036915541">
        <ele>1502</ele>
      </trkpt>
      <trkpt lat="42.333773011341691" lon="2.068539038300514">
        <ele>1501</ele>
      </trkpt>
      <trkpt lat="42.333737974986434" lon="2.068582959473133">
        <ele>1500</ele>
      </trkpt>
      <trkpt lat="42.333759013563395" lon="2.068636016920209">
        <ele>1500</ele>
      </trkpt>
      <trkpt lat="42.3338139988482" lon="2.068678010255098">
        <ele>1498</ele>
      </trkpt>
      <trkpt lat="42.333861021324992" lon="2.06868002191186">
        <ele>1497</ele>
      </trkpt>
      <trkpt lat="42.334025977179408" lon="2.068577008321881">
        <ele>1493</ele>
      </trkpt>
      <trkpt lat="42.334060007706285" lon="2.068593017756939">
        <ele>1492</ele>
      </trkpt>
      <trkpt lat="42.334125973284245" lon="2.068629981949925">
        <ele>1491</ele>
      </trkpt>
      <trkpt lat="42.3342249635607" lon="2.068726038560271">
        <ele>1489</ele>
      </trkpt>
      <trkpt lat="42.334240972995758" lon="2.068753028288484">
        <ele>1489</ele>
      </trkpt>
      <trkpt lat="42.334378017112613" lon="2.068928964436054">
        <ele>1485</ele>
      </trkpt>
      <trkpt lat="42.334465021267533" lon="2.068985961377621">
        <ele>1483</ele>
      </trkpt>
      <trkpt lat="42.334554959088564" lon="2.069100961089134">
        <ele>1480</ele>
      </trkpt>
      <trkpt lat="42.334589995443821" lon="2.069145971909165">
        <ele>1479</ele>
      </trkpt>
      <trkpt lat="42.334600975736976" lon="2.069156030192971">
        <ele>1479</ele>
      </trkpt>
      <trkpt lat="42.334641963243484" lon="2.069204980507493">
        <ele>1478</ele>
      </trkpt>
      <trkpt lat="42.334744976833463" lon="2.069371026009321">
        <ele>1474</ele>
      </trkpt>
      <trkpt lat="42.334779007360339" lon="2.06941100768745">
        <ele>1473</ele>
      </trkpt>
      <trkpt lat="42.334875985980034" lon="2.069530030712485">
        <ele>1470</ele>
      </trkpt>
      <trkpt lat="42.33488998375833" lon="2.069536987692118">
        <ele>1470</ele>
      </trkpt>
      <trkpt lat="42.334945974871516" lon="2.069558026269078">
        <ele>1469</ele>
      </trkpt>
      <trkpt lat="42.33499500900507" lon="2.069589961320162">
        <ele>1467</ele>
      </trkpt>
      <trkpt lat="42.335054017603397" lon="2.069618040695787">
        <ele>1466</ele>
      </trkpt>
      <trkpt lat="42.335084024816751" lon="2.069610999897122">
        <ele>1465</ele>
      </trkpt>
      <trkpt lat="42.335269013419747" lon="2.069573029875755">
        <ele>1461</ele>
      </trkpt>
      <trkpt lat="42.335449978709221" lon="2.069536987692118">
        <ele>1459</ele>
      </trkpt>
      <trkpt lat="42.335687018930912" lon="2.069595996290445">
        <ele>1456</ele>
      </trkpt>
      <trkpt lat="42.335817022249103" lon="2.069632960483432">
        <ele>1454</ele>
      </trkpt>
      <trkpt lat="42.336008967831731" lon="2.069635977968574">
        <ele>1452</ele>
      </trkpt>
      <trkpt lat="42.336101001128554" lon="2.069603037089109">
        <ele>1451</ele>
      </trkpt>
      <trkpt lat="42.336271991953254" lon="2.069646036252379">
        <ele>1447</ele>
      </trkpt>
      <trkpt lat="42.336282972246408" lon="2.06969196908176">
        <ele>1446</ele>
      </trkpt>
      <trkpt lat="42.336239973083138" lon="2.069734968245029">
        <ele>1445</ele>
      </trkpt>
      <trkpt lat="42.336218012496829" lon="2.06977897323668">
        <ele>1443</ele>
      </trkpt>
      <trkpt lat="42.336166966706514" lon="2.069820966571569">
        <ele>1441</ele>
      </trkpt>
      <trkpt lat="42.336157998070121" lon="2.069828007370234">
        <ele>1441</ele>
      </trkpt>
      <trkpt lat="42.336125979200006" lon="2.069877041503787">
        <ele>1440</ele>
      </trkpt>
      <trkpt lat="42.336087003350258" lon="2.069934038445354">
        <ele>1439</ele>
      </trkpt>
      <trkpt lat="42.336052972823381" lon="2.070037974044681">
        <ele>1442</ele>
      </trkpt>
      <trkpt lat="42.336001005023718" lon="2.070205025374889">
        <ele>1442</ele>
      </trkpt>
      <trkpt lat="42.335953982546926" lon="2.07029202952981">
        <ele>1442</ele>
      </trkpt>
      <trkpt lat="42.335905032232404" lon="2.070504007861018">
        <ele>1442</ele>
      </trkpt>
      <trkpt lat="42.335834037512541" lon="2.070677010342479">
        <ele>1439</ele>
      </trkpt>
      <trkpt lat="42.335804030299187" lon="2.070716992020607">
        <ele>1437</ele>
      </trkpt>
      <trkpt lat="42.335788020864129" lon="2.0707449875772">
        <ele>1437</ele>
      </trkpt>
      <trkpt lat="42.335751978680491" lon="2.070846995338798">
        <ele>1437</ele>
      </trkpt>
      <trkpt lat="42.335666986182332" lon="2.071025026962161">
        <ele>1436</ele>
      </trkpt>
      <trkpt lat="42.335650976747274" lon="2.071057967841625">
        <ele>1435</ele>
      </trkpt>
      <trkpt lat="42.335599008947611" lon="2.071270029991865">
        <ele>1433</ele>
      </trkpt>
      <trkpt lat="42.33557797037065" lon="2.071434985846281">
        <ele>1431</ele>
      </trkpt>
      <trkpt lat="42.335570007562637" lon="2.071617962792516">
        <ele>1429</ele>
      </trkpt>
      <trkpt lat="42.33566103503108" lon="2.071932032704353">
        <ele>1426</ele>
      </trkpt>
      <trkpt lat="42.335673021152616" lon="2.071960028260946">
        <ele>1425</ele>
      </trkpt>
      <trkpt lat="42.335743010044098" lon="2.072047032415867">
        <ele>1426</ele>
      </trkpt>
      <trkpt lat="42.335804030299187" lon="2.072180975228548">
        <ele>1424</ele>
      </trkpt>
      <trkpt lat="42.335945013910532" lon="2.072279965505004">
        <ele>1422</ele>
      </trkpt>
      <trkpt lat="42.335986001417041" lon="2.072321958839893">
        <ele>1421</ele>
      </trkpt>
      <trkpt lat="42.335996981710196" lon="2.072368981316686">
        <ele>1419</ele>
      </trkpt>
      <trkpt lat="42.335996981710196" lon="2.072368981316686">
        <ele>1419</ele>
      </trkpt>
      <trkpt lat="42.335997987538576" lon="2.072375016286969">
        <ele>1419</ele>
      </trkpt>
      <trkpt lat="42.335997987538576" lon="2.072375016286969">
        <ele>1419</ele>
      </trkpt>
      <trkpt lat="42.335916012525558" lon="2.072427989915013">
        <ele>1417</ele>
      </trkpt>
      <trkpt lat="42.335801012814045" lon="2.07250895909965">
        <ele>1419</ele>
      </trkpt>
      <trkpt lat="42.335760025307536" lon="2.072522034868598">
        <ele>1419</ele>
      </trkpt>
      <trkpt lat="42.335647959262133" lon="2.072554975748062">
        <ele>1419</ele>
      </trkpt>
      <trkpt lat="42.335594985634089" lon="2.072579031810165">
        <ele>1420</ele>
      </trkpt>
      <trkpt lat="42.335530025884509" lon="2.072595041245222">
        <ele>1421</ele>
      </trkpt>
      <trkpt lat="42.335395999252796" lon="2.072638040408492">
        <ele>1424</ele>
      </trkpt>
      <trkpt lat="42.335317963734269" lon="2.072694031521678">
        <ele>1426</ele>
      </trkpt>
      <trkpt lat="42.33523003757" lon="2.072739964351058">
        <ele>1428</ele>
      </trkpt>
      <trkpt lat="42.335158959031105" lon="2.072780029848218">
        <ele>1430</ele>
      </trkpt>
      <trkpt lat="42.335084024816751" lon="2.072813976556063">
        <ele>1432</ele>
      </trkpt>
      <trkpt lat="42.334997020661831" lon="2.072862004861236">
        <ele>1435</ele>
      </trkpt>
      <trkpt lat="42.33493197709322" lon="2.072897041216493">
        <ele>1438</ele>
      </trkpt>
      <trkpt lat="42.334842961281538" lon="2.072897041216493">
        <ele>1439</ele>
      </trkpt>
      <trkpt lat="42.334783030673862" lon="2.072897041216493">
        <ele>1440</ele>
      </trkpt>
      <trkpt lat="42.334653027355671" lon="2.072970969602466">
        <ele>1442</ele>
      </trkpt>
      <trkpt lat="42.334554037079215" lon="2.073058979585767">
        <ele>1444</ele>
      </trkpt>
      <trkpt lat="42.334402995184064" lon="2.073138020932674">
        <ele>1444</ele>
      </trkpt>
      <trkpt lat="42.334380028769374" lon="2.073153024539352">
        <ele>1444</ele>
      </trkpt>
      <trkpt lat="42.334242984652519" lon="2.07323701120913">
        <ele>1445</ele>
      </trkpt>
      <trkpt lat="42.334212977439165" lon="2.073254026472569">
        <ele>1445</ele>
      </trkpt>
      <trkpt lat="42.334147011861205" lon="2.073277998715639">
        <ele>1445</ele>
      </trkpt>
      <trkpt lat="42.333969986066222" lon="2.07334497012198">
        <ele>1446</ele>
      </trkpt>
      <trkpt lat="42.333927992731333" lon="2.073363997042179">
        <ele>1447</ele>
      </trkpt>
      <trkpt lat="42.333833025768399" lon="2.073367014527321">
        <ele>1446</ele>
      </trkpt>
      <trkpt lat="42.333633033558726" lon="2.073381012305617">
        <ele>1443</ele>
      </trkpt>
      <trkpt lat="42.33357603661716" lon="2.073414959013462">
        <ele>1442</ele>
      </trkpt>
      <trkpt lat="42.333538988605142" lon="2.07345200702548">
        <ele>1443</ele>
      </trkpt>
      <trkpt lat="42.333430023863912" lon="2.07351696677506">
        <ele>1440</ele>
      </trkpt>
      <trkpt lat="42.333245035260916" lon="2.073574969545007">
        <ele>1437</ele>
      </trkpt>
      <trkpt lat="42.333227014169097" lon="2.073585027828813">
        <ele>1437</ele>
      </trkpt>
      <trkpt lat="42.333199018612504" lon="2.073567006736994">
        <ele>1436</ele>
      </trkpt>
      <trkpt lat="42.33319298364222" lon="2.073543034493923">
        <ele>1435</ele>
      </trkpt>
      <trkpt lat="42.333194995298982" lon="2.073486959561706">
        <ele>1433</ele>
      </trkpt>
      <trkpt lat="42.333133975043893" lon="2.073485031723976">
        <ele>1431</ele>
      </trkpt>
      <trkpt lat="42.333038002252579" lon="2.073513027280569">
        <ele>1428</ele>
      </trkpt>
      <trkpt lat="42.332950998097658" lon="2.073492994531989">
        <ele>1424</ele>
      </trkpt>
      <trkpt lat="42.332929037511349" lon="2.073496012017131">
        <ele>1423</ele>
      </trkpt>
      <trkpt lat="42.332904981449246" lon="2.073512021452189">
        <ele>1423</ele>
      </trkpt>
      <trkpt lat="42.33278201892972" lon="2.073662979528308">
        <ele>1419</ele>
      </trkpt>
      <trkpt lat="42.332743965089321" lon="2.073716036975384">
        <ele>1418</ele>
      </trkpt>
      <trkpt lat="42.332685040310025" lon="2.073848973959684">
        <ele>1417</ele>
      </trkpt>
      <trkpt lat="42.332614967599511" lon="2.074064975604415">
        <ele>1416</ele>
      </trkpt>
      <trkpt lat="42.332595018669963" lon="2.074292041361332">
        <ele>1414</ele>
      </trkpt>
      <trkpt lat="42.332613039761782" lon="2.074550958350301">
        <ele>1412</ele>
      </trkpt>
      <trkpt lat="42.332595018669963" lon="2.074779029935598">
        <ele>1409</ele>
      </trkpt>
      <trkpt lat="42.332564005628228" lon="2.074906015768647">
        <ele>1408</ele>
      </trkpt>
      <trkpt lat="42.332489993423223" lon="2.075088992714882">
        <ele>1408</ele>
      </trkpt>
      <trkpt lat="42.332488987594843" lon="2.075177002698183">
        <ele>1408</ele>
      </trkpt>
      <trkpt lat="42.332488987594843" lon="2.075177002698183">
        <ele>1408</ele>
      </trkpt>
      <trkpt lat="42.332488987594843" lon="2.075182031840086">
        <ele>1408</ele>
      </trkpt>
      <trkpt lat="42.332465015351772" lon="2.075350005179644">
        <ele>1406</ele>
      </trkpt>
      <trkpt lat="42.332443976774812" lon="2.075422005727887">
        <ele>1404</ele>
      </trkpt>
      <trkpt lat="42.332413969561458" lon="2.075461987406015">
        <ele>1403</ele>
      </trkpt>
      <trkpt lat="42.332360995933414" lon="2.075480008497834">
        <ele>1401</ele>
      </trkpt>
      <trkpt lat="42.332328977063298" lon="2.075455030426383">
        <ele>1400</ele>
      </trkpt>
      <trkpt lat="42.332317996770144" lon="2.075442960485816">
        <ele>1399</ele>
      </trkpt>
      <trkpt lat="42.332136025652289" lon="2.075236011296511">
        <ele>1399</ele>
      </trkpt>
      <trkpt lat="42.331946007907391" lon="2.075101984664798">
        <ele>1403</ele>
      </trkpt>
      <trkpt lat="42.331741992384195" lon="2.074971981346607">
        <ele>1402</ele>
      </trkpt>
      <trkpt lat="42.331572007387877" lon="2.07493300549686">
        <ele>1404</ele>
      </trkpt>
      <trkpt lat="42.331389030441642" lon="2.074966030195355">
        <ele>1404</ele>
      </trkpt>
      <trkpt lat="42.331247963011265" lon="2.075079018250108">
        <ele>1405</ele>
      </trkpt>
      <trkpt lat="42.331160036846995" lon="2.07517197355628">
        <ele>1406</ele>
      </trkpt>
      <trkpt lat="42.33108501881361" lon="2.075177002698183">
        <ele>1406</ele>
      </trkpt>
      <trkpt lat="42.330954009667039" lon="2.075159987434745">
        <ele>1408</ele>
      </trkpt>
      <trkpt lat="42.330782013013959" lon="2.075172979384661">
        <ele>1409</ele>
      </trkpt>
      <trkpt lat="42.330606998875737" lon="2.075088992714882">
        <ele>1409</ele>
      </trkpt>
      <trkpt lat="42.330441037192941" lon="2.075058985501528">
        <ele>1409</ele>
      </trkpt>
      <trkpt lat="42.330378005281091" lon="2.07508496940136">
        <ele>1410</ele>
      </trkpt>
      <trkpt lat="42.330341963097453" lon="2.075108019635081">
        <ele>1410</ele>
      </trkpt>
      <trkpt lat="42.330115986987948" lon="2.075167028233409">
        <ele>1409</ele>
      </trkpt>
      <trkpt lat="42.329987995326519" lon="2.075271969661117">
        <ele>1409</ele>
      </trkpt>
      <trkpt lat="42.329887999221683" lon="2.075486965477467">
        <ele>1407</ele>
      </trkpt>
      <trkpt lat="42.329862015321851" lon="2.075673965737224">
        <ele>1404</ele>
      </trkpt>
      <trkpt lat="42.329867966473103" lon="2.075797012075782">
        <ele>1403</ele>
      </trkpt>
      <trkpt lat="42.329842988401651" lon="2.076009996235371">
        <ele>1400</ele>
      </trkpt>
      <trkpt lat="42.329867966473103" lon="2.076270002871752">
        <ele>1400</ele>
      </trkpt>
      <trkpt lat="42.32986100949347" lon="2.076494973152876">
        <ele>1399</ele>
      </trkpt>
      <trkpt lat="42.329870983958244" lon="2.076680967584252">
        <ele>1399</ele>
      </trkpt>
      <trkpt lat="42.329835025593638" lon="2.076912978664041">
        <ele>1398</ele>
      </trkpt>
      <trkpt lat="42.329866960644722" lon="2.077173991128802">
        <ele>1399</ele>
      </trkpt>
      <trkpt lat="42.329889005050063" lon="2.077428968623281">
        <ele>1398</ele>
      </trkpt>
      <trkpt lat="42.329878024756908" lon="2.077584033831954">
        <ele>1395</ele>
      </trkpt>
      <trkpt lat="42.329762019217014" lon="2.077657040208578">
        <ele>1393</ele>
      </trkpt>
      <trkpt lat="42.329687001183629" lon="2.077639019116759">
        <ele>1392</ele>
      </trkpt>
      <trkpt lat="42.329486003145576" lon="2.077642036601901">
        <ele>1392</ele>
      </trkpt>
      <trkpt lat="42.329362034797668" lon="2.077628038823605">
        <ele>1390</ele>
      </trkpt>
      <trkpt lat="42.329189032316208" lon="2.0777059905231">
        <ele>1388</ele>
      </trkpt>
      <trkpt lat="42.32915198430419" lon="2.077724011614919">
        <ele>1388</ele>
      </trkpt>
      <trkpt lat="42.329021980985999" lon="2.077853009104729">
        <ele>1388</ele>
      </trkpt>
      <trkpt lat="42.328901030123234" lon="2.077981000766158">
        <ele>1388</ele>
      </trkpt>
      <trkpt lat="42.328820982947946" lon="2.078064987435937">
        <ele>1387</ele>
      </trkpt>
      <trkpt lat="42.328771026805043" lon="2.078198008239269">
        <ele>1389</ele>
      </trkpt>
      <trkpt lat="42.328666001558304" lon="2.078338991850615">
        <ele>1389</ele>
      </trkpt>
      <trkpt lat="42.328660972416401" lon="2.078347038477659">
        <ele>1389</ele>
      </trkpt>
      <trkpt lat="42.32863599434495" lon="2.078404035419226">
        <ele>1390</ele>
      </trkpt>
      <trkpt lat="42.328580003231764" lon="2.078558010980487">
        <ele>1391</ele>
      </trkpt>
      <trkpt lat="42.3285729624331" lon="2.0788249745965">
        <ele>1392</ele>
      </trkpt>
      <trkpt lat="42.32855100184679" lon="2.078868979588151">
        <ele>1392</ele>
      </trkpt>
      <trkpt lat="42.328505991026759" lon="2.078895969316363">
        <ele>1391</ele>
      </trkpt>
      <trkpt lat="42.328380011022091" lon="2.07890996709466">
        <ele>1391</ele>
      </trkpt>
      <trkpt lat="42.328194016590714" lon="2.07890803925693">
        <ele>1389</ele>
      </trkpt>
      <trkpt lat="42.328089997172356" lon="2.078937962651253">
        <ele>1388</ele>
      </trkpt>
      <trkpt lat="42.327920012176037" lon="2.079115994274616">
        <ele>1386</ele>
      </trkpt>
      <trkpt lat="42.327837031334639" lon="2.079349011182785">
        <ele>1384</ele>
      </trkpt>
      <trkpt lat="42.327825967222452" lon="2.079383041709662">
        <ele>1384</ele>
      </trkpt>
      <trkpt lat="42.327801994979382" lon="2.079589990898967">
        <ele>1385</ele>
      </trkpt>
      <trkpt lat="42.327795037999749" lon="2.079689987003803">
        <ele>1385</ele>
      </trkpt>
      <trkpt lat="42.327758995816112" lon="2.079899031668901">
        <ele>1385</ele>
      </trkpt>
      <trkpt lat="42.327717002481222" lon="2.080190973356366">
        <ele>1385</ele>
      </trkpt>
      <trkpt lat="42.327722031623125" lon="2.080277977511287">
        <ele>1386</ele>
      </trkpt>
      <trkpt lat="42.327732006087899" lon="2.080375961959362">
        <ele>1386</ele>
      </trkpt>
      <trkpt lat="42.327758995816112" lon="2.08060403354466">
        <ele>1387</ele>
      </trkpt>
      <trkpt lat="42.327789003029466" lon="2.080861022695899">
        <ele>1388</ele>
      </trkpt>
      <trkpt lat="42.327830996364355" lon="2.081039976328611">
        <ele>1389</ele>
      </trkpt>
      <trkpt lat="42.327833008021116" lon="2.081137038767338">
        <ele>1388</ele>
      </trkpt>
      <trkpt lat="42.327843988314271" lon="2.081277016550303">
        <ele>1387</ele>
      </trkpt>
      <trkpt lat="42.327836025506258" lon="2.08140098489821">
        <ele>1385</ele>
      </trkpt>
      <trkpt lat="42.327853040769696" lon="2.081583961844444">
        <ele>1383</ele>
      </trkpt>
      <trkpt lat="42.327872989699244" lon="2.081762999296188">
        <ele>1382</ele>
      </trkpt>
      <trkpt lat="42.327883969992399" lon="2.081853020936251">
        <ele>1381</ele>
      </trkpt>
      <trkpt lat="42.327912971377373" lon="2.081912029534578">
        <ele>1382</ele>
      </trkpt>
      <trkpt lat="42.327922023832798" lon="2.081955028697848">
        <ele>1383</ele>
      </trkpt>
      <trkpt lat="42.327914983034134" lon="2.082026023417711">
        <ele>1382</ele>
      </trkpt>
      <trkpt lat="42.327881958335638" lon="2.082154015079141">
        <ele>1380</ele>
      </trkpt>
      <trkpt lat="42.327867038547993" lon="2.082360964268446">
        <ele>1380</ele>
      </trkpt>
      <trkpt lat="42.327834013849497" lon="2.082593981176615">
        <ele>1380</ele>
      </trkpt>
      <trkpt lat="42.327795960009098" lon="2.082684002816677">
        <ele>1378</ele>
      </trkpt>
      <trkpt lat="42.327769976109266" lon="2.08284099586308">
        <ele>1380</ele>
      </trkpt>
      <trkpt lat="42.327752960845828" lon="2.082936968654394">
        <ele>1379</ele>
      </trkpt>
      <trkpt lat="42.327700993046165" lon="2.083059009164572">
        <ele>1377</ele>
      </trkpt>
      <trkpt lat="42.327651036903262" lon="2.083173003047705">
        <ele>1376</ele>
      </trkpt>
      <trkpt lat="42.32760502025485" lon="2.083367966115475">
        <ele>1374</ele>
      </trkpt>
      <trkpt lat="42.327611977234483" lon="2.083563013002276">
        <ele>1372</ele>
      </trkpt>
      <trkpt lat="42.327595967799425" lon="2.083809021860361">
        <ele>1369</ele>
      </trkpt>
      <trkpt lat="42.327618012204766" lon="2.084100041538477">
        <ele>1367</ele>
      </trkpt>
      <trkpt lat="42.327649025246501" lon="2.084298022091389">
        <ele>1365</ele>
      </trkpt>
      <trkpt lat="42.327666962519288" lon="2.08434303291142">
        <ele>1365</ele>
      </trkpt>
      <trkpt lat="42.327739968895912" lon="2.084561968222261">
        <ele>1364</ele>
      </trkpt>
      <trkpt lat="42.327832002192736" lon="2.084870003163815">
        <ele>1362</ele>
      </trkpt>
      <trkpt lat="42.32794800773263" lon="2.085151970386505">
        <ele>1362</ele>
      </trkpt>
      <trkpt lat="42.328042974695563" lon="2.085336036980152">
        <ele>1361</ele>
      </trkpt>
      <trkpt lat="42.328180018812418" lon="2.085525970906019">
        <ele>1361</ele>
      </trkpt>
      <trkpt lat="42.32829300686717" lon="2.085606018081307">
        <ele>1361</ele>
      </trkpt>
      <trkpt lat="42.328456034883857" lon="2.085722023621202">
        <ele>1362</ele>
      </trkpt>
      <trkpt lat="42.328631971031427" lon="2.085754964500666">
        <ele>1364</ele>
      </trkpt>
      <trkpt lat="42.328783012926579" lon="2.085740966722369">
        <ele>1367</ele>
      </trkpt>
      <trkpt lat="42.328793993219733" lon="2.08574197255075">
        <ele>1367</ele>
      </trkpt>
      <trkpt lat="42.328985016793013" lon="2.085792012512684">
        <ele>1365</ele>
      </trkpt>
      <trkpt lat="42.329079983755946" lon="2.085837023332715">
        <ele>1366</ele>
      </trkpt>
      <trkpt lat="42.3291290178895" lon="2.085887985303998">
        <ele>1366</ele>
      </trkpt>
      <trkpt lat="42.329147038981318" lon="2.085949005559087">
        <ele>1363</ele>
      </trkpt>
      <trkpt lat="42.329107979312539" lon="2.086047995835543">
        <ele>1362</ele>
      </trkpt>
      <trkpt lat="42.328963978216052" lon="2.086248993873596">
        <ele>1363</ele>
      </trkpt>
      <trkpt lat="42.328825006261468" lon="2.086510006338358">
        <ele>1362</ele>
      </trkpt>
      <trkpt lat="42.328755017369986" lon="2.086602039635181">
        <ele>1361</ele>
      </trkpt>
      <trkpt lat="42.328671030700207" lon="2.08673195913434">
        <ele>1358</ele>
      </trkpt>
      <trkpt lat="42.328575979918242" lon="2.086798008531332">
        <ele>1357</ele>
      </trkpt>
      <trkpt lat="42.328409012407064" lon="2.086939997971058">
        <ele>1356</ele>
      </trkpt>
      <trkpt lat="42.328284960240126" lon="2.087150970473886">
        <ele>1356</ele>
      </trkpt>
      <trkpt lat="42.328145988285542" lon="2.087389016523957">
        <ele>1355</ele>
      </trkpt>
      <trkpt lat="42.328015984967351" lon="2.08765497431159">
        <ele>1351</ele>
      </trkpt>
      <trkpt lat="42.327829990535975" lon="2.087811967357993">
        <ele>1352</ele>
      </trkpt>
      <trkpt lat="42.327631004154682" lon="2.087966026738286">
        <ele>1352</ele>
      </trkpt>
      <trkpt lat="42.327504018321633" lon="2.088109022006393">
        <ele>1353</ele>
      </trkpt>
      <trkpt lat="42.327496977522969" lon="2.088123019784689">
        <ele>1353</ele>
      </trkpt>
      <trkpt lat="42.32734702527523" lon="2.088315971195698">
        <ele>1352</ele>
      </trkpt>
      <trkpt lat="42.327251974493265" lon="2.088521998375654">
        <ele>1353</ele>
      </trkpt>
      <trkpt lat="42.327209981158376" lon="2.088802959769964">
        <ele>1352</ele>
      </trkpt>
      <trkpt lat="42.327210986986756" lon="2.08883497864008">
        <ele>1352</ele>
      </trkpt>
      <trkpt lat="42.327195983380079" lon="2.088962970301509">
        <ele>1352</ele>
      </trkpt>
      <trkpt lat="42.327186008915305" lon="2.089277962222695">
        <ele>1351</ele>
      </trkpt>
      <trkpt lat="42.327185003086925" lon="2.089328002184629">
        <ele>1351</ele>
      </trkpt>
      <trkpt lat="42.327164970338345" lon="2.089475020766258">
        <ele>1351</ele>
      </trkpt>
      <trkpt lat="42.327152984216809" lon="2.089569987729192">
        <ele>1351</ele>
      </trkpt>
      <trkpt lat="42.327122977003455" lon="2.089795963838697">
        <ele>1350</ele>
      </trkpt>
      <trkpt lat="42.327087018638849" lon="2.090033004060388">
        <ele>1350</ele>
      </trkpt>
      <trkpt lat="42.327019041404128" lon="2.090310025960207">
        <ele>1350</ele>
      </trkpt>
      <trkpt lat="42.327006971463561" lon="2.090571038424969">
        <ele>1351</ele>
      </trkpt>
      <trkpt lat="42.327006971463561" lon="2.090603979304433">
        <ele>1351</ele>
      </trkpt>
      <trkpt lat="42.327058017253876" lon="2.090902039781213">
        <ele>1350</ele>
      </trkpt>
      <trkpt lat="42.326974030584097" lon="2.091149976477027">
        <ele>1350</ele>
      </trkpt>
      <trkpt lat="42.326951986178756" lon="2.091383999213576">
        <ele>1349</ele>
      </trkpt>
      <trkpt lat="42.326932037249207" lon="2.091710977256298">
        <ele>1349</ele>
      </trkpt>
      <trkpt lat="42.32687302865088" lon="2.092025969177485">
        <ele>1347</ele>
      </trkpt>
      <trkpt lat="42.326856013387442" lon="2.092056982219219">
        <ele>1347</ele>
      </trkpt>
      <trkpt lat="42.326758028939366" lon="2.092259991914034">
        <ele>1344</ele>
      </trkpt>
      <trkpt lat="42.326641017571092" lon="2.092475993558765">
        <ele>1341</ele>
      </trkpt>
      <trkpt lat="42.32661796733737" lon="2.09250901825726">
        <ele>1341</ele>
      </trkpt>
      <trkpt lat="42.326590977609158" lon="2.092589987441897">
        <ele>1341</ele>
      </trkpt>
      <trkpt lat="42.326455023139715" lon="2.092847982421517">
        <ele>1337</ele>
      </trkpt>
      <trkpt lat="42.326336000114679" lon="2.093007992953062">
        <ele>1334</ele>
      </trkpt>
      <trkpt lat="42.326255030930042" lon="2.093096002936363">
        <ele>1332</ele>
      </trkpt>
      <trkpt lat="42.326242960989475" lon="2.093105977401137">
        <ele>1332</ele>
      </trkpt>
      <trkpt lat="42.326141037046909" lon="2.093334970995784">
        <ele>1329</ele>
      </trkpt>
      <trkpt lat="42.326072975993156" lon="2.093606041744351">
        <ele>1327</ele>
      </trkpt>
      <trkpt lat="42.326021008193493" lon="2.093966966494918">
        <ele>1325</ele>
      </trkpt>
      <trkpt lat="42.326016984879971" lon="2.093989010900259">
        <ele>1325</ele>
      </trkpt>
      <trkpt lat="42.325975997373462" lon="2.094237031415105">
        <ele>1323</ele>
      </trkpt>
      <trkpt lat="42.325964011251926" lon="2.094297967851162">
        <ele>1322</ele>
      </trkpt>
      <trkpt lat="42.325931992381811" lon="2.09448697976768">
        <ele>1319</ele>
      </trkpt>
      <trkpt lat="42.325930986553431" lon="2.094583958387375">
        <ele>1318</ele>
      </trkpt>
      <trkpt lat="42.325935009866953" lon="2.094664005562663">
        <ele>1318</ele>
      </trkpt>
      <trkpt lat="42.325908020138741" lon="2.094785962253809">
        <ele>1317</ele>
      </trkpt>
      <trkpt lat="42.325865020975471" lon="2.094975979998708">
        <ele>1314</ele>
      </trkpt>
      <trkpt lat="42.325835013762116" lon="2.095126016065478">
        <ele>1311</ele>
      </trkpt>
      <trkpt lat="42.325779022648931" lon="2.095331959426403">
        <ele>1309</ele>
      </trkpt>
      <trkpt lat="42.325712973251939" lon="2.095576962456107">
        <ele>1308</ele>
      </trkpt>
      <trkpt lat="42.325696963816881" lon="2.095620967447758">
        <ele>1308</ele>
      </trkpt>
      <trkpt lat="42.325613982975483" lon="2.095772009342909">
        <ele>1306</ele>
      </trkpt>
      <trkpt lat="42.325523961335421" lon="2.095920033752918">
        <ele>1303</ele>
      </trkpt>
      <trkpt lat="42.325411979109049" lon="2.096156990155578">
        <ele>1302</ele>
      </trkpt>
      <trkpt lat="42.325238976627588" lon="2.096359999850392">
        <ele>1297</ele>
      </trkpt>
      <trkpt lat="42.325207041576505" lon="2.096375003457069">
        <ele>1296</ele>
      </trkpt>
      <trkpt lat="42.325068991631269" lon="2.096416996791959">
        <ele>1293</ele>
      </trkpt>
      <trkpt lat="42.325010988861322" lon="2.096452033147216">
        <ele>1293</ele>
      </trkpt>
      <trkpt lat="42.324868999421597" lon="2.096563009545207">
        <ele>1290</ele>
      </trkpt>
      <trkpt lat="42.324744025245309" lon="2.096680020913482">
        <ele>1287</ele>
      </trkpt>
      <trkpt lat="42.324543027207255" lon="2.096852017566562">
        <ele>1281</ele>
      </trkpt>
      <trkpt lat="42.324416963383555" lon="2.096987972036004">
        <ele>1279</ele>
      </trkpt>
      <trkpt lat="42.324321996420622" lon="2.097130967304111">
        <ele>1276</ele>
      </trkpt>
      <trkpt lat="42.324266005307436" lon="2.09721302613616">
        <ele>1275</ele>
      </trkpt>
      <trkpt lat="42.324156034737825" lon="2.097298018634319">
        <ele>1272</ele>
      </trkpt>
      <trkpt lat="42.324126027524471" lon="2.097359960898757">
        <ele>1271</ele>
      </trkpt>
      <trkpt lat="42.3241469822824" lon="2.097399020567536">
        <ele>1272</ele>
      </trkpt>
      <trkpt lat="42.324171038344502" lon="2.097456017509103">
        <ele>1273</ele>
      </trkpt>
      <trkpt lat="42.324214959517121" lon="2.097548972815275">
        <ele>1274</ele>
      </trkpt>
      <trkpt lat="42.324227029457688" lon="2.097577974200249">
        <ele>1274</ele>
      </trkpt>
      <trkpt lat="42.324227029457688" lon="2.097575962543488">
        <ele>1274</ele>
      </trkpt>
      <trkpt lat="42.324240021407604" lon="2.09760001860559">
        <ele>1275</ele>
      </trkpt>
      <trkpt lat="42.324320990592241" lon="2.097759023308754">
        <ele>1275</ele>
      </trkpt>
      <trkpt lat="42.324389973655343" lon="2.09792498499155">
        <ele>1275</ele>
      </trkpt>
      <trkpt lat="42.324469015002251" lon="2.098002014681697">
        <ele>1274</ele>
      </trkpt>
      <trkpt lat="42.324626008048654" lon="2.098136963322759">
        <ele>1275</ele>
      </trkpt>
      <trkpt lat="42.324740001931787" lon="2.09818297997117">
        <ele>1275</ele>
      </trkpt>
      <trkpt lat="42.324867993593216" lon="2.098177028819919">
        <ele>1277</ele>
      </trkpt>
      <trkpt lat="42.324990034103394" lon="2.09818197414279">
        <ele>1278</ele>
      </trkpt>
      <trkpt lat="42.325080977752805" lon="2.098190020769835">
        <ele>1279</ele>
      </trkpt>
      <trkpt lat="42.325239982455969" lon="2.098204018548131">
        <ele>1280</ele>
      </trkpt>
      <trkpt lat="42.325254986062646" lon="2.09820301271975">
        <ele>1280</ele>
      </trkpt>
      <trkpt lat="42.325435029342771" lon="2.098206030204892">
        <ele>1282</ele>
      </trkpt>
      <trkpt lat="42.325627980753779" lon="2.098178034648299">
        <ele>1285</ele>
      </trkpt>
      <trkpt lat="42.325747003778815" lon="2.098150961101055">
        <ele>1288</ele>
      </trkpt>
      <trkpt lat="42.325854962691665" lon="2.09813604131341">
        <ele>1290</ele>
      </trkpt>
      <trkpt lat="42.325978009030223" lon="2.0981399808079">
        <ele>1292</ele>
      </trkpt>
      <trkpt lat="42.326075993478298" lon="2.098149033263326">
        <ele>1294</ele>
      </trkpt>
      <trkpt lat="42.326190993189812" lon="2.098156996071339">
        <ele>1296</ele>
      </trkpt>
      <trkpt lat="42.326210020110011" lon="2.098162025213242">
        <ele>1296</ele>
      </trkpt>
      <trkpt lat="42.326259976252913" lon="2.098183985799551">
        <ele>1297</ele>
      </trkpt>
      <trkpt lat="42.326418980956078" lon="2.098241988569498">
        <ele>1298</ele>
      </trkpt>
      <trkpt lat="42.32644303701818" lon="2.098260009661317">
        <ele>1298</ele>
      </trkpt>
      <trkpt lat="42.326569017022848" lon="2.098318012431264">
        <ele>1300</ele>
      </trkpt>
      <trkpt lat="42.326648980379105" lon="2.098366962745786">
        <ele>1300</ele>
      </trkpt>
      <trkpt lat="42.326784012839198" lon="2.098411973565817">
        <ele>1300</ele>
      </trkpt>
      <trkpt lat="42.326885014772415" lon="2.098421026021242">
        <ele>1301</ele>
      </trkpt>
      <trkpt lat="42.32696196064353" lon="2.098409039899707">
        <ele>1302</ele>
      </trkpt>
      <trkpt lat="42.327060028910637" lon="2.09846100769937">
        <ele>1302</ele>
      </trkpt>
      <trkpt lat="42.327209981158376" lon="2.098594028502703">
        <ele>1302</ele>
      </trkpt>
      <trkpt lat="42.327233031392097" lon="2.09860903210938">
        <ele>1303</ele>
      </trkpt>
      <trkpt lat="42.32726002112031" lon="2.098629986867309">
        <ele>1303</ele>
      </trkpt>
      <trkpt lat="42.327382983639836" lon="2.098768958821893">
        <ele>1303</ele>
      </trkpt>
      <trkpt lat="42.327480968087912" lon="2.098831990733743">
        <ele>1303</ele>
      </trkpt>
      <trkpt lat="42.327655982226133" lon="2.098989989608526">
        <ele>1301</ele>
      </trkpt>
      <trkpt lat="42.327888999134302" lon="2.099068025127053">
        <ele>1301</ele>
      </trkpt>
      <trkpt lat="42.328009027987719" lon="2.099127033725381">
        <ele>1302</ele>
      </trkpt>
      <trkpt lat="42.32809703797102" lon="2.099163997918367">
        <ele>1302</ele>
      </trkpt>
      <trkpt lat="42.328195022419095" lon="2.099157040938735">
        <ele>1305</ele>
      </trkpt>
      <trkpt lat="42.328254031017423" lon="2.099171038717032">
        <ele>1304</ele>
      </trkpt>
      <trkpt lat="42.328286971896887" lon="2.099189981818199">
        <ele>1304</ele>
      </trkpt>
      <trkpt lat="42.328461986035109" lon="2.099331971257925">
        <ele>1303</ele>
      </trkpt>
      <trkpt lat="42.328591989353299" lon="2.099438002333045">
        <ele>1304</ele>
      </trkpt>
      <trkpt lat="42.32876499183476" lon="2.099622990936041">
        <ele>1307</ele>
      </trkpt>
      <trkpt lat="42.328883009031415" lon="2.099763974547386">
        <ele>1310</ele>
      </trkpt>
      <trkpt lat="42.328890971839428" lon="2.099766992032528">
        <ele>1310</ele>
      </trkpt>
      <trkpt lat="42.32891402207315" lon="2.099784007295966">
        <ele>1310</ele>
      </trkpt>
      <trkpt lat="42.328981999307871" lon="2.099846033379436">
        <ele>1310</ele>
      </trkpt>
      <trkpt lat="42.329005971550941" lon="2.099848967045546">
        <ele>1311</ele>
      </trkpt>
      <trkpt lat="42.329133041203022" lon="2.099936977028847">
        <ele>1313</ele>
      </trkpt>
      <trkpt lat="42.329179979860783" lon="2.100013000890613">
        <ele>1313</ele>
      </trkpt>
      <trkpt lat="42.329149972647429" lon="2.100164964795113">
        <ele>1314</ele>
      </trkpt>
      <trkpt lat="42.329080989584327" lon="2.100135963410139">
        <ele>1314</ele>
      </trkpt>
      <trkpt lat="42.329008989036083" lon="2.100151972845197">
        <ele>1315</ele>
      </trkpt>
      <trkpt lat="42.328882003203034" lon="2.100195977836847">
        <ele>1317</ele>
      </trkpt>
      <trkpt lat="42.328685028478503" lon="2.100197989493609">
        <ele>1317</ele>
      </trkpt>
      <trkpt lat="42.32850699685514" lon="2.100152978673577">
        <ele>1315</ele>
      </trkpt>
      <trkpt lat="42.328403983265162" lon="2.100131018087268">
        <ele>1313</ele>
      </trkpt>
      <trkpt lat="42.328353021293879" lon="2.100132023915649">
        <ele>1312</ele>
      </trkpt>
      <trkpt lat="42.32827196829021" lon="2.100123977288604">
        <ele>1310</ele>
      </trkpt>
      <trkpt lat="42.328180018812418" lon="2.100108973681927">
        <ele>1309</ele>
      </trkpt>
      <trkpt lat="42.328081028535962" lon="2.100121965631843">
        <ele>1308</ele>
      </trkpt>
      <trkpt lat="42.327936021611094" lon="2.100144010037184">
        <ele>1304</ele>
      </trkpt>
      <trkpt lat="42.327886987477541" lon="2.100147027522326">
        <ele>1302</ele>
      </trkpt>
      <trkpt lat="42.327698981389403" lon="2.100170999765396">
        <ele>1298</ele>
      </trkpt>
      <trkpt lat="42.327520027756691" lon="2.100229002535343">
        <ele>1297</ele>
      </trkpt>
      <trkpt lat="42.327335961163044" lon="2.100269990041852">
        <ele>1297</ele>
      </trkpt>
      <trkpt lat="42.327236970886588" lon="2.100293962284923">
        <ele>1296</ele>
      </trkpt>
      <trkpt lat="42.327181985601783" lon="2.100325981155038">
        <ele>1296</ele>
      </trkpt>
      <trkpt lat="42.327075032517314" lon="2.100465036928654">
        <ele>1295</ele>
      </trkpt>
      <trkpt lat="42.326904041692615" lon="2.100514993071556">
        <ele>1292</ele>
      </trkpt>
      <trkpt lat="42.326886020600796" lon="2.100495966151357">
        <ele>1292</ele>
      </trkpt>
      <trkpt lat="42.326757023110986" lon="2.100432012230158">
        <ele>1293</ele>
      </trkpt>
      <trkpt lat="42.326589971780777" lon="2.100451961159706">
        <ele>1293</ele>
      </trkpt>
      <trkpt lat="42.326412023976445" lon="2.100495966151357">
        <ele>1294</ele>
      </trkpt>
      <trkpt lat="42.326319990679622" lon="2.100519016385078">
        <ele>1293</ele>
      </trkpt>
      <trkpt lat="42.326121004298329" lon="2.100590011104941">
        <ele>1294</ele>
      </trkpt>
      <trkpt lat="42.325970968231559" lon="2.10067299194634">
        <ele>1295</ele>
      </trkpt>
      <trkpt lat="42.325796037912369" lon="2.100724959746003">
        <ele>1294</ele>
      </trkpt>
      <trkpt lat="42.325742980465293" lon="2.10073702968657">
        <ele>1294</ele>
      </trkpt>
      <trkpt lat="42.325712973251939" lon="2.100749015808106">
        <ele>1293</ele>
      </trkpt>
      <trkpt lat="42.325547011569142" lon="2.100880024954677">
        <ele>1295</ele>
      </trkpt>
      <trkpt lat="42.325486997142434" lon="2.100977003574371">
        <ele>1298</ele>
      </trkpt>
      <trkpt lat="42.325303014367819" lon="2.101110024377704">
        <ele>1298</ele>
      </trkpt>
      <trkpt lat="42.325039990246296" lon="2.101141037419438">
        <ele>1295</ele>
      </trkpt>
      <trkpt lat="42.324743019416928" lon="2.101263999938965">
        <ele>1293</ele>
      </trkpt>
      <trkpt lat="42.324200961738825" lon="2.10166197270155">
        <ele>1290</ele>
      </trkpt>
      <trkpt lat="42.323681032285094" lon="2.102064974606037">
        <ele>1286</ele>
      </trkpt>
      <trkpt lat="42.323323041200638" lon="2.102383989840746">
        <ele>1282</ele>
      </trkpt>
      <trkpt lat="42.323250034824014" lon="2.102378038689494">
        <ele>1280</ele>
      </trkpt>
      <trkpt lat="42.323140986263752" lon="2.102589011192322">
        <ele>1278</ele>
      </trkpt>
      <trkpt lat="42.323069991543889" lon="2.103077005594969">
        <ele>1278</ele>
      </trkpt>
      <trkpt lat="42.322957003489137" lon="2.103372970595956">
        <ele>1275</ele>
      </trkpt>
    </trkseg>
  </trk>

</gpx>