<?xml version="1.0" encoding="utf-8"?><gpx creator="Garmin Desktop App" version="1.1" xsi:schemaLocation="http://www.topografix.com/GPX/1/1 http://www.topografix.com/GPX/1/1/gpx.xsd http://www.garmin.com/xmlschemas/WaypointExtension/v1 http://www8.garmin.com/xmlschemas/WaypointExtensionv1.xsd http://www.garmin.com/xmlschemas/TrackPointExtension/v1 http://www.garmin.com/xmlschemas/TrackPointExtensionv1.xsd http://www.garmin.com/xmlschemas/GpxExtensions/v3 http://www8.garmin.com/xmlschemas/GpxExtensionsv3.xsd http://www.garmin.com/xmlschemas/ActivityExtension/v1 http://www8.garmin.com/xmlschemas/ActivityExtensionv1.xsd http://www.garmin.com/xmlschemas/AdventuresExtensions/v1 http://www8.garmin.com/xmlschemas/AdventuresExtensionv1.xsd http://www.garmin.com/xmlschemas/PressureExtension/v1 http://www.garmin.com/xmlschemas/PressureExtensionv1.xsd http://www.garmin.com/xmlschemas/TripExtensions/v1 http://www.garmin.com/xmlschemas/TripExtensionsv1.xsd http://www.garmin.com/xmlschemas/TripMetaDataExtensions/v1 http://www.garmin.com/xmlschemas/TripMetaDataExtensionsv1.xsd http://www.garmin.com/xmlschemas/ViaPointTransportationModeExtensions/v1 http://www.garmin.com/xmlschemas/ViaPointTransportationModeExtensionsv1.xsd http://www.garmin.com/xmlschemas/CreationTimeExtension/v1 http://www.garmin.com/xmlschemas/CreationTimeExtensionsv1.xsd http://www.garmin.com/xmlschemas/AccelerationExtension/v1 http://www.garmin.com/xmlschemas/AccelerationExtensionv1.xsd http://www.garmin.com/xmlschemas/PowerExtension/v1 http://www.garmin.com/xmlschemas/PowerExtensionv1.xsd http://www.garmin.com/xmlschemas/VideoExtension/v1 http://www.garmin.com/xmlschemas/VideoExtensionv1.xsd" xmlns="http://www.topografix.com/GPX/1/1" xmlns:xsi="http://www.w3.org/2001/XMLSchema-instance" xmlns:wptx1="http://www.garmin.com/xmlschemas/WaypointExtension/v1" xmlns:gpxtrx="http://www.garmin.com/xmlschemas/GpxExtensions/v3" xmlns:gpxtpx="http://www.garmin.com/xmlschemas/TrackPointExtension/v1" xmlns:gpxx="http://www.garmin.com/xmlschemas/GpxExtensions/v3" xmlns:trp="http://www.garmin.com/xmlschemas/TripExtensions/v1" xmlns:adv="http://www.garmin.com/xmlschemas/AdventuresExtensions/v1" xmlns:prs="http://www.garmin.com/xmlschemas/PressureExtension/v1" xmlns:tmd="http://www.garmin.com/xmlschemas/TripMetaDataExtensions/v1" xmlns:vptm="http://www.garmin.com/xmlschemas/ViaPointTransportationModeExtensions/v1" xmlns:ctx="http://www.garmin.com/xmlschemas/CreationTimeExtension/v1" xmlns:gpxacc="http://www.garmin.com/xmlschemas/AccelerationExtension/v1" xmlns:gpxpx="http://www.garmin.com/xmlschemas/PowerExtension/v1" xmlns:vidx1="http://www.garmin.com/xmlschemas/VideoExtension/v1">

  <metadata>
    <link href="http://www.garmin.com">
      <text>Garmin International</text>
    </link>
    <time>2026-05-10T12:50:22Z</time>
    <bounds maxlat="42.321772975847125" maxlon="2.719869995489717" minlat="42.299836026504636" minlon="2.572250012308359" />
  </metadata>

  <trk>
    <name>GR11_41_Talaixa-Albanya</name>
    <extensions>
      <gpxx:TrackExtension>
        <gpxx:DisplayColor>DarkCyan</gpxx:DisplayColor>
      </gpxx:TrackExtension>
    </extensions>
    <trkseg>
      <trkpt lat="42.300073988735676" lon="2.572250012308359">
        <ele>755</ele>
      </trkpt>
      <trkpt lat="42.300073988735676" lon="2.572309020906687">
        <ele>756</ele>
      </trkpt>
      <trkpt lat="42.300059990957379" lon="2.572342967614532">
        <ele>757</ele>
      </trkpt>
      <trkpt lat="42.300005005672574" lon="2.572349002584815">
        <ele>758</ele>
      </trkpt>
      <trkpt lat="42.299967035651207" lon="2.572351014241576">
        <ele>758</ele>
      </trkpt>
      <trkpt lat="42.299881037324667" lon="2.572340033948422">
        <ele>758</ele>
      </trkpt>
      <trkpt lat="42.299836026504636" lon="2.57238102145493">
        <ele>758</ele>
      </trkpt>
      <trkpt lat="42.299894029274583" lon="2.57246701978147">
        <ele>756</ele>
      </trkpt>
      <trkpt lat="42.299921019002795" lon="2.57255201227963">
        <ele>754</ele>
      </trkpt>
      <trkpt lat="42.299941973760724" lon="2.572628958150744">
        <ele>752</ele>
      </trkpt>
      <trkpt lat="42.29999603703618" lon="2.572759967297316">
        <ele>750</ele>
      </trkpt>
      <trkpt lat="42.300045993179083" lon="2.572877984493971">
        <ele>748</ele>
      </trkpt>
      <trkpt lat="42.300115982070565" lon="2.573021985590458">
        <ele>745</ele>
      </trkpt>
      <trkpt lat="42.30018999427557" lon="2.573109995573759">
        <ele>742</ele>
      </trkpt>
      <trkpt lat="42.300207009539008" lon="2.573142014443874">
        <ele>741</ele>
      </trkpt>
      <trkpt lat="42.3002989590168" lon="2.573276041075587">
        <ele>739</ele>
      </trkpt>
      <trkpt lat="42.300431979820132" lon="2.573479972779751">
        <ele>738</ele>
      </trkpt>
      <trkpt lat="42.30044798925519" lon="2.573491958901286">
        <ele>737</ele>
      </trkpt>
      <trkpt lat="42.300498029217124" lon="2.573525989428163">
        <ele>737</ele>
      </trkpt>
      <trkpt lat="42.300621997565031" lon="2.57365096360445">
        <ele>735</ele>
      </trkpt>
      <trkpt lat="42.300656028091908" lon="2.573680970817804">
        <ele>735</ele>
      </trkpt>
      <trkpt lat="42.300783013924956" lon="2.573848022148013">
        <ele>734</ele>
      </trkpt>
      <trkpt lat="42.30087898671627" lon="2.573957992717624">
        <ele>733</ele>
      </trkpt>
      <trkpt lat="42.300952998921275" lon="2.574044996872544">
        <ele>733</ele>
      </trkpt>
      <trkpt lat="42.300999015569687" lon="2.574150022119284">
        <ele>732</ele>
      </trkpt>
      <trkpt lat="42.301021981984377" lon="2.574176006019115">
        <ele>732</ele>
      </trkpt>
      <trkpt lat="42.301061041653156" lon="2.574224034324288">
        <ele>731</ele>
      </trkpt>
      <trkpt lat="42.301090965047479" lon="2.574279019609094">
        <ele>731</ele>
      </trkpt>
      <trkpt lat="42.301141005009413" lon="2.574370969086886">
        <ele>730</ele>
      </trkpt>
      <trkpt lat="42.301108986139297" lon="2.574440035969019">
        <ele>729</ele>
      </trkpt>
      <trkpt lat="42.301146034151316" lon="2.574535002931953">
        <ele>727</ele>
      </trkpt>
      <trkpt lat="42.301176963374019" lon="2.57461597211659">
        <ele>726</ele>
      </trkpt>
      <trkpt lat="42.301220968365669" lon="2.57463600486517">
        <ele>725</ele>
      </trkpt>
      <trkpt lat="42.301247036084533" lon="2.574624018743634">
        <ele>724</ele>
      </trkpt>
      <trkpt lat="42.301281988620758" lon="2.574590994045138">
        <ele>723</ele>
      </trkpt>
      <trkpt lat="42.301401011645794" lon="2.574478005990386">
        <ele>722</ele>
      </trkpt>
      <trkpt lat="42.301492961123586" lon="2.574381027370691">
        <ele>720</ele>
      </trkpt>
      <trkpt lat="42.301559010520577" lon="2.574300980195403">
        <ele>719</ele>
      </trkpt>
      <trkpt lat="42.301603015512228" lon="2.574247000738978">
        <ele>718</ele>
      </trkpt>
      <trkpt lat="42.301613995805383" lon="2.57422998547554">
        <ele>718</ele>
      </trkpt>
      <trkpt lat="42.301736958324909" lon="2.574196038767695">
        <ele>716</ele>
      </trkpt>
      <trkpt lat="42.301797978579998" lon="2.574177011847496">
        <ele>714</ele>
      </trkpt>
      <trkpt lat="42.301866039633751" lon="2.574166031554341">
        <ele>713</ele>
      </trkpt>
      <trkpt lat="42.301968969404697" lon="2.574167037382722">
        <ele>712</ele>
      </trkpt>
      <trkpt lat="42.302087992429733" lon="2.574230991303921">
        <ele>711</ele>
      </trkpt>
      <trkpt lat="42.302239034324884" lon="2.574180029332638">
        <ele>709</ele>
      </trkpt>
      <trkpt lat="42.302326960489154" lon="2.574070980772376">
        <ele>708</ele>
      </trkpt>
      <trkpt lat="42.302398039028049" lon="2.573960004374385">
        <ele>706</ele>
      </trkpt>
      <trkpt lat="42.302421005442739" lon="2.573917005211115">
        <ele>706</ele>
      </trkpt>
      <trkpt lat="42.302456041797996" lon="2.573794964700937">
        <ele>704</ele>
      </trkpt>
      <trkpt lat="42.302521001547575" lon="2.573673008009791">
        <ele>703</ele>
      </trkpt>
      <trkpt lat="42.302577998489141" lon="2.57358399219811">
        <ele>701</ele>
      </trkpt>
      <trkpt lat="42.302644969895482" lon="2.573515009135008">
        <ele>701</ele>
      </trkpt>
      <trkpt lat="42.302651004865766" lon="2.573512997478247">
        <ele>701</ele>
      </trkpt>
      <trkpt lat="42.302783019840717" lon="2.573602013289928">
        <ele>701</ele>
      </trkpt>
      <trkpt lat="42.302794000133872" lon="2.57362799718976">
        <ele>701</ele>
      </trkpt>
      <trkpt lat="42.302835993468761" lon="2.573674013838172">
        <ele>701</ele>
      </trkpt>
      <trkpt lat="42.302943030372262" lon="2.5737139955163">
        <ele>701</ele>
      </trkpt>
      <trkpt lat="42.3030049726367" lon="2.573704021051526">
        <ele>701</ele>
      </trkpt>
      <trkpt lat="42.303127013146877" lon="2.573718018829823">
        <ele>700</ele>
      </trkpt>
      <trkpt lat="42.303147967904806" lon="2.573802005499601">
        <ele>700</ele>
      </trkpt>
      <trkpt lat="42.303144028410316" lon="2.573840981349349">
        <ele>699</ele>
      </trkpt>
      <trkpt lat="42.303150985389948" lon="2.573880041018128">
        <ele>698</ele>
      </trkpt>
      <trkpt lat="42.303151991218328" lon="2.574019012972713">
        <ele>697</ele>
      </trkpt>
      <trkpt lat="42.303152997046709" lon="2.574040973559022">
        <ele>696</ele>
      </trkpt>
      <trkpt lat="42.303150985389948" lon="2.574061006307602">
        <ele>696</ele>
      </trkpt>
      <trkpt lat="42.303140005096793" lon="2.574176006019115">
        <ele>694</ele>
      </trkpt>
      <trkpt lat="42.303120978176594" lon="2.574369041249156">
        <ele>693</ele>
      </trkpt>
      <trkpt lat="42.30315400287509" lon="2.574547994881868">
        <ele>693</ele>
      </trkpt>
      <trkpt lat="42.30317504145205" lon="2.574671963229775">
        <ele>692</ele>
      </trkpt>
      <trkpt lat="42.303245030343533" lon="2.574818981811404">
        <ele>692</ele>
      </trkpt>
      <trkpt lat="42.3032830003649" lon="2.574903974309564">
        <ele>691</ele>
      </trkpt>
      <trkpt lat="42.303290963172913" lon="2.574946973472834">
        <ele>691</ele>
      </trkpt>
      <trkpt lat="42.303313007578254" lon="2.575072031468153">
        <ele>691</ele>
      </trkpt>
      <trkpt lat="42.303309990093112" lon="2.575186025351286">
        <ele>690</ele>
      </trkpt>
      <trkpt lat="42.30330697260797" lon="2.575288033112884">
        <ele>689</ele>
      </trkpt>
      <trkpt lat="42.303309990093112" lon="2.575415018945932">
        <ele>688</ele>
      </trkpt>
      <trkpt lat="42.303315019235015" lon="2.575433040037751">
        <ele>687</ele>
      </trkpt>
      <trkpt lat="42.303342008963227" lon="2.575552985072136">
        <ele>685</ele>
      </trkpt>
      <trkpt lat="42.303375033661723" lon="2.575651975348592">
        <ele>684</ele>
      </trkpt>
      <trkpt lat="42.303400011733174" lon="2.575717018917203">
        <ele>683</ele>
      </trkpt>
      <trkpt lat="42.303416021168232" lon="2.575759012252092">
        <ele>681</ele>
      </trkpt>
      <trkpt lat="42.303483998402953" lon="2.575893960893154">
        <ele>680</ele>
      </trkpt>
      <trkpt lat="42.303511993959546" lon="2.576006026938558">
        <ele>680</ele>
      </trkpt>
      <trkpt lat="42.303515011444688" lon="2.576017007231712">
        <ele>680</ele>
      </trkpt>
      <trkpt lat="42.303554993122816" lon="2.576101999729872">
        <ele>681</ele>
      </trkpt>
      <trkpt lat="42.303600003942847" lon="2.576236026361585">
        <ele>682</ele>
      </trkpt>
      <trkpt lat="42.30366999283433" lon="2.576344991102815">
        <ele>681</ele>
      </trkpt>
      <trkpt lat="42.303684996441007" lon="2.576385978609324">
        <ele>680</ele>
      </trkpt>
      <trkpt lat="42.303694970905781" lon="2.576512964442372">
        <ele>679</ele>
      </trkpt>
      <trkpt lat="42.303696982562542" lon="2.576713962480426">
        <ele>678</ele>
      </trkpt>
      <trkpt lat="42.303688013926148" lon="2.576771965250373">
        <ele>677</ele>
      </trkpt>
      <trkpt lat="42.303705029189587" lon="2.576828962191939">
        <ele>676</ele>
      </trkpt>
      <trkpt lat="42.303764959797263" lon="2.576983021572232">
        <ele>675</ele>
      </trkpt>
      <trkpt lat="42.303767977282405" lon="2.576990984380245">
        <ele>674</ele>
      </trkpt>
      <trkpt lat="42.303767977282405" lon="2.576990984380245">
        <ele>674</ele>
      </trkpt>
      <trkpt lat="42.303870990872383" lon="2.577254008501768">
        <ele>674</ele>
      </trkpt>
      <trkpt lat="42.30390602722764" lon="2.577314022928476">
        <ele>674</ele>
      </trkpt>
      <trkpt lat="42.303935028612614" lon="2.577378982678056">
        <ele>674</ele>
      </trkpt>
      <trkpt lat="42.303960006684065" lon="2.57743002846837">
        <ele>676</ele>
      </trkpt>
      <trkpt lat="42.303997976705432" lon="2.577617028728128">
        <ele>676</ele>
      </trkpt>
      <trkpt lat="42.304006023332477" lon="2.577668996527791">
        <ele>676</ele>
      </trkpt>
      <trkpt lat="42.304040975868702" lon="2.577742002904415">
        <ele>677</ele>
      </trkpt>
      <trkpt lat="42.304052961990237" lon="2.577806962653995">
        <ele>678</ele>
      </trkpt>
      <trkpt lat="42.304066959768534" lon="2.578003015369177">
        <ele>679</ele>
      </trkpt>
      <trkpt lat="42.304079029709101" lon="2.578065963461995">
        <ele>679</ele>
      </trkpt>
      <trkpt lat="42.30409998446703" lon="2.578223962336779">
        <ele>680</ele>
      </trkpt>
      <trkpt lat="42.304126974195242" lon="2.578392019495368">
        <ele>680</ele>
      </trkpt>
      <trkpt lat="42.304118005558848" lon="2.578556975349784">
        <ele>678</ele>
      </trkpt>
      <trkpt lat="42.304069977253675" lon="2.578767025843263">
        <ele>676</ele>
      </trkpt>
      <trkpt lat="42.304017003625631" lon="2.578908009454608">
        <ele>675</ele>
      </trkpt>
      <trkpt lat="42.30397098697722" lon="2.579060979187489">
        <ele>672</ele>
      </trkpt>
      <trkpt lat="42.303968975320458" lon="2.579161981120706">
        <ele>671</ele>
      </trkpt>
      <trkpt lat="42.303952965885401" lon="2.579347975552082">
        <ele>671</ele>
      </trkpt>
      <trkpt lat="42.303954977542162" lon="2.579460041597486">
        <ele>671</ele>
      </trkpt>
      <trkpt lat="42.303917007520795" lon="2.579586021602154">
        <ele>670</ele>
      </trkpt>
      <trkpt lat="42.30388599447906" lon="2.579718958586454">
        <ele>669</ele>
      </trkpt>
      <trkpt lat="42.303867973387241" lon="2.579844016581774">
        <ele>669</ele>
      </trkpt>
      <trkpt lat="42.303835032507777" lon="2.579958010464907">
        <ele>667</ele>
      </trkpt>
      <trkpt lat="42.303813993930817" lon="2.58005297742784">
        <ele>666</ele>
      </trkpt>
      <trkpt lat="42.303808964788914" lon="2.580173006281257">
        <ele>664</ele>
      </trkpt>
      <trkpt lat="42.303792033344507" lon="2.58026696741581">
        <ele>662</ele>
      </trkpt>
      <trkpt lat="42.303779041394591" lon="2.580397976562381">
        <ele>660</ele>
      </trkpt>
      <trkpt lat="42.303812988102436" lon="2.580426977947354">
        <ele>658</ele>
      </trkpt>
      <trkpt lat="42.303849030286074" lon="2.580431001260877">
        <ele>656</ele>
      </trkpt>
      <trkpt lat="42.30390896089375" lon="2.58052202872932">
        <ele>655</ele>
      </trkpt>
      <trkpt lat="42.30395196005702" lon="2.58063199929893">
        <ele>654</ele>
      </trkpt>
      <trkpt lat="42.304012980312109" lon="2.580827968195081">
        <ele>653</ele>
      </trkpt>
      <trkpt lat="42.304039970040321" lon="2.580960988998413">
        <ele>651</ele>
      </trkpt>
      <trkpt lat="42.304052039980888" lon="2.581087974831462">
        <ele>650</ele>
      </trkpt>
      <trkpt lat="42.304036030545831" lon="2.581157041713595">
        <ele>649</ele>
      </trkpt>
      <trkpt lat="42.304024966433644" lon="2.581243962049484">
        <ele>647</ele>
      </trkpt>
      <trkpt lat="42.304012980312109" lon="2.581384023651481">
        <ele>646</ele>
      </trkpt>
      <trkpt lat="42.304023038595915" lon="2.581535987555981">
        <ele>645</ele>
      </trkpt>
      <trkpt lat="42.303998982533813" lon="2.581639001145959">
        <ele>643</ele>
      </trkpt>
      <trkpt lat="42.303977021947503" lon="2.581740003079176">
        <ele>642</ele>
      </trkpt>
      <trkpt lat="42.303931005299091" lon="2.581842010840774">
        <ele>641</ele>
      </trkpt>
      <trkpt lat="42.30390502139926" lon="2.581976959481835">
        <ele>640</ele>
      </trkpt>
      <trkpt lat="42.303882976993918" lon="2.582057006657124">
        <ele>639</ele>
      </trkpt>
      <trkpt lat="42.303850036114454" lon="2.582192039117217">
        <ele>637</ele>
      </trkpt>
      <trkpt lat="42.303835032507777" lon="2.582319024950266">
        <ele>636</ele>
      </trkpt>
      <trkpt lat="42.303835032507777" lon="2.582407034933567">
        <ele>635</ele>
      </trkpt>
      <trkpt lat="42.303834026679397" lon="2.582525974139571">
        <ele>634</ele>
      </trkpt>
      <trkpt lat="42.303824974223971" lon="2.582689002156258">
        <ele>632</ele>
      </trkpt>
      <trkpt lat="42.303822040557861" lon="2.582788998261094">
        <ele>631</ele>
      </trkpt>
      <trkpt lat="42.303823968395591" lon="2.582868961617351">
        <ele>630</ele>
      </trkpt>
      <trkpt lat="42.30381902307272" lon="2.582954037934542">
        <ele>628</ele>
      </trkpt>
      <trkpt lat="42.303832015022635" lon="2.58305998519063">
        <ele>626</ele>
      </trkpt>
      <trkpt lat="42.303922036662698" lon="2.583146989345551">
        <ele>625</ele>
      </trkpt>
      <trkpt lat="42.303998982533813" lon="2.583283027634025">
        <ele>623</ele>
      </trkpt>
      <trkpt lat="42.304047010838985" lon="2.583388974890113">
        <ele>622</ele>
      </trkpt>
      <trkpt lat="42.304086992517114" lon="2.583490982651711">
        <ele>620</ele>
      </trkpt>
      <trkpt lat="42.304111970588565" lon="2.583613023161888">
        <ele>618</ele>
      </trkpt>
      <trkpt lat="42.304132003337145" lon="2.583721987903118">
        <ele>617</ele>
      </trkpt>
      <trkpt lat="42.304140971973538" lon="2.583816032856703">
        <ele>615</ele>
      </trkpt>
      <trkpt lat="42.304152958095074" lon="2.583894990384579">
        <ele>613</ele>
      </trkpt>
      <trkpt lat="42.304179025813937" lon="2.584015019237995">
        <ele>611</ele>
      </trkpt>
      <trkpt lat="42.304205009713769" lon="2.584123983979225">
        <ele>610</ele>
      </trkpt>
      <trkpt lat="42.304220013320446" lon="2.584291035309434">
        <ele>609</ele>
      </trkpt>
      <trkpt lat="42.304241973906755" lon="2.584376027807593">
        <ele>608</ele>
      </trkpt>
      <trkpt lat="42.304265024140477" lon="2.584506031125784">
        <ele>607</ele>
      </trkpt>
      <trkpt lat="42.30429201386869" lon="2.584634022787213">
        <ele>605</ele>
      </trkpt>
      <trkpt lat="42.304321015253663" lon="2.584749022498727">
        <ele>604</ele>
      </trkpt>
      <trkpt lat="42.304337024688721" lon="2.584854969754815">
        <ele>603</ele>
      </trkpt>
      <trkpt lat="42.304362002760172" lon="2.584942979738116">
        <ele>602</ele>
      </trkpt>
      <trkpt lat="42.304376000538468" lon="2.585023026913405">
        <ele>600</ele>
      </trkpt>
      <trkpt lat="42.304424028843641" lon="2.585166022181511">
        <ele>599</ele>
      </trkpt>
      <trkpt lat="42.304477002471685" lon="2.585180019959807">
        <ele>598</ele>
      </trkpt>
      <trkpt lat="42.304511032998562" lon="2.585188988596201">
        <ele>595</ele>
      </trkpt>
      <trkpt lat="42.304540034383535" lon="2.585213966667652">
        <ele>594</ele>
      </trkpt>
      <trkpt lat="42.304585967212915" lon="2.585297031328082">
        <ele>593</ele>
      </trkpt>
      <trkpt lat="42.304631983861327" lon="2.585428962484002">
        <ele>591</ele>
      </trkpt>
      <trkpt lat="42.304685041308403" lon="2.585581010207534">
        <ele>590</ele>
      </trkpt>
      <trkpt lat="42.30472200550139" lon="2.585671031847596">
        <ele>588</ele>
      </trkpt>
      <trkpt lat="42.304796017706394" lon="2.585785025730729">
        <ele>586</ele>
      </trkpt>
      <trkpt lat="42.304845973849297" lon="2.585888961330056">
        <ele>583</ele>
      </trkpt>
      <trkpt lat="42.304855026304722" lon="2.585986023768783">
        <ele>582</ele>
      </trkpt>
      <trkpt lat="42.304875981062651" lon="2.586129019036889">
        <ele>578</ele>
      </trkpt>
      <trkpt lat="42.304883021861315" lon="2.586242007091641">
        <ele>576</ele>
      </trkpt>
      <trkpt lat="42.304872963577509" lon="2.586371004581451">
        <ele>573</ele>
      </trkpt>
      <trkpt lat="42.304847985506058" lon="2.586500002071261">
        <ele>571</ele>
      </trkpt>
      <trkpt lat="42.304841028526425" lon="2.586616007611156">
        <ele>569</ele>
      </trkpt>
      <trkpt lat="42.304835999384522" lon="2.586723966524005">
        <ele>568</ele>
      </trkpt>
      <trkpt lat="42.304838011041284" lon="2.586906021460891">
        <ele>567</ele>
      </trkpt>
      <trkpt lat="42.304839016869664" lon="2.586950026452541">
        <ele>567</ele>
      </trkpt>
      <trkpt lat="42.304860977455974" lon="2.587082963436842">
        <ele>565</ele>
      </trkpt>
      <trkpt lat="42.304883021861315" lon="2.58716301061213">
        <ele>564</ele>
      </trkpt>
      <trkpt lat="42.304889978840947" lon="2.587225958704948">
        <ele>562</ele>
      </trkpt>
      <trkpt lat="42.304912023246288" lon="2.587414970621467">
        <ele>560</ele>
      </trkpt>
      <trkpt lat="42.30491504073143" lon="2.587493006139994">
        <ele>560</ele>
      </trkpt>
      <trkpt lat="42.304920991882682" lon="2.587671037763357">
        <ele>557</ele>
      </trkpt>
      <trkpt lat="42.304921997711062" lon="2.587797017768025">
        <ele>556</ele>
      </trkpt>
      <trkpt lat="42.304921997711062" lon="2.587797017768025">
        <ele>556</ele>
      </trkpt>
      <trkpt lat="42.305017970502377" lon="2.587874969467521">
        <ele>555</ele>
      </trkpt>
      <trkpt lat="42.305076979100704" lon="2.58791696280241">
        <ele>555</ele>
      </trkpt>
      <trkpt lat="42.30513003654778" lon="2.58800002746284">
        <ele>555</ele>
      </trkpt>
      <trkpt lat="42.305172029882669" lon="2.588106980547309">
        <ele>556</ele>
      </trkpt>
      <trkpt lat="42.305242018774152" lon="2.588121984153986">
        <ele>557</ele>
      </trkpt>
      <trkpt lat="42.305295998230577" lon="2.588059036061168">
        <ele>558</ele>
      </trkpt>
      <trkpt lat="42.305402029305696" lon="2.587969014421105">
        <ele>558</ele>
      </trkpt>
      <trkpt lat="42.305464977398515" lon="2.587924003601074">
        <ele>560</ele>
      </trkpt>
      <trkpt lat="42.305532032623887" lon="2.587919980287552">
        <ele>562</ele>
      </trkpt>
      <trkpt lat="42.305611995980144" lon="2.587928026914597">
        <ele>564</ele>
      </trkpt>
      <trkpt lat="42.30568902567029" lon="2.587930038571358">
        <ele>564</ele>
      </trkpt>
      <trkpt lat="42.305759014561772" lon="2.587955016642809">
        <ele>566</ele>
      </trkpt>
      <trkpt lat="42.305813999846578" lon="2.587947975844145">
        <ele>568</ele>
      </trkpt>
      <trkpt lat="42.305876025930047" lon="2.587835993617773">
        <ele>569</ele>
      </trkpt>
      <trkpt lat="42.305930005386472" lon="2.587732980027795">
        <ele>569</ele>
      </trkpt>
      <trkpt lat="42.306039975956082" lon="2.58770096115768">
        <ele>567</ele>
      </trkpt>
      <trkpt lat="42.306167967617512" lon="2.587731974199414">
        <ele>567</ele>
      </trkpt>
      <trkpt lat="42.306255977600813" lon="2.587803974747658">
        <ele>566</ele>
      </trkpt>
      <trkpt lat="42.306382963433862" lon="2.587941018864512">
        <ele>565</ele>
      </trkpt>
      <trkpt lat="42.306481031700969" lon="2.58800002746284">
        <ele>565</ele>
      </trkpt>
      <trkpt lat="42.306540962308645" lon="2.588017964735627">
        <ele>565</ele>
      </trkpt>
      <trkpt lat="42.306682029739022" lon="2.587897013872862">
        <ele>564</ele>
      </trkpt>
      <trkpt lat="42.306746989488602" lon="2.587826019152999">
        <ele>563</ele>
      </trkpt>
      <trkpt lat="42.306818990036845" lon="2.587661985307932">
        <ele>562</ele>
      </trkpt>
      <trkpt lat="42.306854026392102" lon="2.587562995031476">
        <ele>561</ele>
      </trkpt>
      <trkpt lat="42.306888978928328" lon="2.587387980893254">
        <ele>558</ele>
      </trkpt>
      <trkpt lat="42.30691303499043" lon="2.587244985625148">
        <ele>557</ele>
      </trkpt>
      <trkpt lat="42.306941030547023" lon="2.58707600645721">
        <ele>555</ele>
      </trkpt>
      <trkpt lat="42.306951005011797" lon="2.587052034214139">
        <ele>555</ele>
      </trkpt>
      <trkpt lat="42.306997021660209" lon="2.586888000369072">
        <ele>555</ele>
      </trkpt>
      <trkpt lat="42.307055024430156" lon="2.586756991222501">
        <ele>554</ele>
      </trkpt>
      <trkpt lat="42.307185027748346" lon="2.586727989837527">
        <ele>553</ele>
      </trkpt>
      <trkpt lat="42.30730103328824" lon="2.586650960147381">
        <ele>552</ele>
      </trkpt>
      <trkpt lat="42.30740899220109" lon="2.586562028154731">
        <ele>552</ele>
      </trkpt>
      <trkpt lat="42.30749599635601" lon="2.586489021778107">
        <ele>550</ele>
      </trkpt>
      <trkpt lat="42.30758199468255" lon="2.586503019556403">
        <ele>549</ele>
      </trkpt>
      <trkpt lat="42.30766799300909" lon="2.586551969870925">
        <ele>546</ele>
      </trkpt>
      <trkpt lat="42.307758014649153" lon="2.586599998176098">
        <ele>543</ele>
      </trkpt>
      <trkpt lat="42.307818029075861" lon="2.586631011217833">
        <ele>540</ele>
      </trkpt>
      <trkpt lat="42.307851975783706" lon="2.586661018431187">
        <ele>537</ele>
      </trkpt>
      <trkpt lat="42.307868991047144" lon="2.586674010381103">
        <ele>536</ele>
      </trkpt>
      <trkpt lat="42.307933028787374" lon="2.586739975959063">
        <ele>534</ele>
      </trkpt>
      <trkpt lat="42.308017015457153" lon="2.586852964013815">
        <ele>533</ele>
      </trkpt>
      <trkpt lat="42.308111982420087" lon="2.586893029510975">
        <ele>531</ele>
      </trkpt>
      <trkpt lat="42.308216001838446" lon="2.586898980662227">
        <ele>529</ele>
      </trkpt>
      <trkpt lat="42.308314992114902" lon="2.586866039782763">
        <ele>527</ele>
      </trkpt>
      <trkpt lat="42.308383975178003" lon="2.586821028962731">
        <ele>526</ele>
      </trkpt>
      <trkpt lat="42.308466034010053" lon="2.586767971515656">
        <ele>525</ele>
      </trkpt>
      <trkpt lat="42.308555971831083" lon="2.586779035627842">
        <ele>522</ele>
      </trkpt>
      <trkpt lat="42.308666026219726" lon="2.586785992607474">
        <ele>522</ele>
      </trkpt>
      <trkpt lat="42.308738026767969" lon="2.586829997599125">
        <ele>521</ele>
      </trkpt>
      <trkpt lat="42.308818995952606" lon="2.586923958733678">
        <ele>523</ele>
      </trkpt>
      <trkpt lat="42.308853026479483" lon="2.586953965947032">
        <ele>523</ele>
      </trkpt>
      <trkpt lat="42.308908011764288" lon="2.587023032829166">
        <ele>525</ele>
      </trkpt>
      <trkpt lat="42.308970037847757" lon="2.587061002850533">
        <ele>526</ele>
      </trkpt>
      <trkpt lat="42.309026028960943" lon="2.587128980085254">
        <ele>528</ele>
      </trkpt>
      <trkpt lat="42.309066010639071" lon="2.58716301061213">
        <ele>530</ele>
      </trkpt>
      <trkpt lat="42.309132982045412" lon="2.587160998955369">
        <ele>532</ele>
      </trkpt>
      <trkpt lat="42.309176987037063" lon="2.587152030318975">
        <ele>534</ele>
      </trkpt>
      <trkpt lat="42.309209005907178" lon="2.587139960378408">
        <ele>536</ele>
      </trkpt>
      <trkpt lat="42.309249993413687" lon="2.587102996185422">
        <ele>538</ele>
      </trkpt>
      <trkpt lat="42.30929802171886" lon="2.587044993415475">
        <ele>539</ele>
      </trkpt>
      <trkpt lat="42.3093649931252" lon="2.586981961503625">
        <ele>541</ele>
      </trkpt>
      <trkpt lat="42.309446968138218" lon="2.586910966783762">
        <ele>544</ele>
      </trkpt>
      <trkpt lat="42.309474041685462" lon="2.586871990934014">
        <ele>544</ele>
      </trkpt>
      <trkpt lat="42.30955702252686" lon="2.586751962080598">
        <ele>546</ele>
      </trkpt>
      <trkpt lat="42.309606978669763" lon="2.58671198040247">
        <ele>546</ele>
      </trkpt>
      <trkpt lat="42.309646038338542" lon="2.586673004552722">
        <ele>546</ele>
      </trkpt>
      <trkpt lat="42.309718960896134" lon="2.58656102232635">
        <ele>547</ele>
      </trkpt>
      <trkpt lat="42.309841001406312" lon="2.5864979904145">
        <ele>547</ele>
      </trkpt>
      <trkpt lat="42.309935968369246" lon="2.586463037878275">
        <ele>548</ele>
      </trkpt>
      <trkpt lat="42.309991959482431" lon="2.586415009573102">
        <ele>549</ele>
      </trkpt>
      <trkpt lat="42.310058008879423" lon="2.586373016238213">
        <ele>551</ele>
      </trkpt>
      <trkpt lat="42.310154987499118" lon="2.586446022614837">
        <ele>552</ele>
      </trkpt>
      <trkpt lat="42.310284990817308" lon="2.586452979594469">
        <ele>552</ele>
      </trkpt>
      <trkpt lat="42.310384986922145" lon="2.586379973217845">
        <ele>552</ele>
      </trkpt>
      <trkpt lat="42.310437960550189" lon="2.586340997368097">
        <ele>552</ele>
      </trkpt>
      <trkpt lat="42.310484983026981" lon="2.586332028731704">
        <ele>553</ele>
      </trkpt>
      <trkpt lat="42.310616998001933" lon="2.586339991539717">
        <ele>554</ele>
      </trkpt>
      <trkpt lat="42.310786982998252" lon="2.586354995146394">
        <ele>556</ele>
      </trkpt>
      <trkpt lat="42.310828976333141" lon="2.586357006803155">
        <ele>556</ele>
      </trkpt>
      <trkpt lat="42.310903994366527" lon="2.586300009861589">
        <ele>554</ele>
      </trkpt>
      <trkpt lat="42.311011031270027" lon="2.586214011535049">
        <ele>551</ele>
      </trkpt>
      <trkpt lat="42.311032991856337" lon="2.586184004321694">
        <ele>549</ele>
      </trkpt>
      <trkpt lat="42.311102980747819" lon="2.586120972409844">
        <ele>547</ele>
      </trkpt>
      <trkpt lat="42.311172969639301" lon="2.586091971024871">
        <ele>544</ele>
      </trkpt>
      <trkpt lat="42.311156960204244" lon="2.586150979623199">
        <ele>542</ele>
      </trkpt>
      <trkpt lat="42.311127036809921" lon="2.586228009313345">
        <ele>539</ele>
      </trkpt>
      <trkpt lat="42.311114966869354" lon="2.586342003196478">
        <ele>537</ele>
      </trkpt>
      <trkpt lat="42.311173975467682" lon="2.586272014304996">
        <ele>534</ele>
      </trkpt>
      <trkpt lat="42.311251005157828" lon="2.586118038743734">
        <ele>532</ele>
      </trkpt>
      <trkpt lat="42.311316970735788" lon="2.585994992405176">
        <ele>531</ele>
      </trkpt>
      <trkpt lat="42.311360975727439" lon="2.585906982421875">
        <ele>531</ele>
      </trkpt>
      <trkpt lat="42.311504976823926" lon="2.585715036839247">
        <ele>531</ele>
      </trkpt>
      <trkpt lat="42.311594998463988" lon="2.585632978007197">
        <ele>531</ele>
      </trkpt>
      <trkpt lat="42.311645960435271" lon="2.585598025470972">
        <ele>531</ele>
      </trkpt>
      <trkpt lat="42.311690971255302" lon="2.585559971630573">
        <ele>531</ele>
      </trkpt>
      <trkpt lat="42.311778981238604" lon="2.58548897691071">
        <ele>532</ele>
      </trkpt>
      <trkpt lat="42.311879983171821" lon="2.585338018834591">
        <ele>532</ele>
      </trkpt>
      <trkpt lat="42.311948966234922" lon="2.585198963060975">
        <ele>532</ele>
      </trkpt>
      <trkpt lat="42.312030019238591" lon="2.585055967792869">
        <ele>530</ele>
      </trkpt>
      <trkpt lat="42.312126997858286" lon="2.585038030520082">
        <ele>529</ele>
      </trkpt>
      <trkpt lat="42.312233028933406" lon="2.585038030520082">
        <ele>527</ele>
      </trkpt>
      <trkpt lat="42.312339982017875" lon="2.58510198444128">
        <ele>526</ele>
      </trkpt>
      <trkpt lat="42.312395973131061" lon="2.585155041888356">
        <ele>523</ele>
      </trkpt>
      <trkpt lat="42.312473002821207" lon="2.58518798276782">
        <ele>521</ele>
      </trkpt>
      <trkpt lat="42.312624966725707" lon="2.585214972496033">
        <ele>519</ele>
      </trkpt>
      <trkpt lat="42.312709037214518" lon="2.585204998031259">
        <ele>517</ele>
      </trkpt>
      <trkpt lat="42.312882961705327" lon="2.585093015804887">
        <ele>515</ele>
      </trkpt>
      <trkpt lat="42.312897965312004" lon="2.585081029683352">
        <ele>515</ele>
      </trkpt>
      <trkpt lat="42.313022017478943" lon="2.585005005821586">
        <ele>515</ele>
      </trkpt>
      <trkpt lat="42.313170963898301" lon="2.584964018315077">
        <ele>515</ele>
      </trkpt>
      <trkpt lat="42.313282024115324" lon="2.584976004436612">
        <ele>514</ele>
      </trkpt>
      <trkpt lat="42.313386965543032" lon="2.584911966696382">
        <ele>514</ele>
      </trkpt>
      <trkpt lat="42.313482016324997" lon="2.584882965311408">
        <ele>514</ele>
      </trkpt>
      <trkpt lat="42.313598021864891" lon="2.584855975583196">
        <ele>514</ele>
      </trkpt>
      <trkpt lat="42.313751997426152" lon="2.58488698862493">
        <ele>515</ele>
      </trkpt>
      <trkpt lat="42.313860962167382" lon="2.585002994164825">
        <ele>515</ele>
      </trkpt>
      <trkpt lat="42.313959030434489" lon="2.585181025788188">
        <ele>515</ele>
      </trkpt>
      <trkpt lat="42.31402600184083" lon="2.585362996906042">
        <ele>515</ele>
      </trkpt>
      <trkpt lat="42.314109988510609" lon="2.58546500466764">
        <ele>514</ele>
      </trkpt>
      <trkpt lat="42.314059026539326" lon="2.585561983287334">
        <ele>512</ele>
      </trkpt>
      <trkpt lat="42.313991971313953" lon="2.585591990500689">
        <ele>511</ele>
      </trkpt>
      <trkpt lat="42.314015021547675" lon="2.585684023797512">
        <ele>508</ele>
      </trkpt>
      <trkpt lat="42.314086016267538" lon="2.58570296689868">
        <ele>506</ele>
      </trkpt>
      <trkpt lat="42.314165979623795" lon="2.585688969120383">
        <ele>503</ele>
      </trkpt>
      <trkpt lat="42.314268993213773" lon="2.585692992433906">
        <ele>500</ele>
      </trkpt>
      <trkpt lat="42.314400002360344" lon="2.585673965513706">
        <ele>497</ele>
      </trkpt>
      <trkpt lat="42.314536040648818" lon="2.585668014362454">
        <ele>496</ele>
      </trkpt>
      <trkpt lat="42.314633019268513" lon="2.585730040445924">
        <ele>496</ele>
      </trkpt>
      <trkpt lat="42.314794035628438" lon="2.585801035165787">
        <ele>495</ele>
      </trkpt>
      <trkpt lat="42.314932001754642" lon="2.585826013237238">
        <ele>493</ele>
      </trkpt>
      <trkpt lat="42.315071979537606" lon="2.585844034329057">
        <ele>493</ele>
      </trkpt>
      <trkpt lat="42.315197037532926" lon="2.585884016007185">
        <ele>492</ele>
      </trkpt>
      <trkpt lat="42.315279012545943" lon="2.585921986028552">
        <ele>490</ele>
      </trkpt>
      <trkpt lat="42.315354030579329" lon="2.586014019325376">
        <ele>489</ele>
      </trkpt>
      <trkpt lat="42.315461989492178" lon="2.586126001551747">
        <ele>486</ele>
      </trkpt>
      <trkpt lat="42.315587969496846" lon="2.586275031790137">
        <ele>485</ele>
      </trkpt>
      <trkpt lat="42.315690983086824" lon="2.586391037330031">
        <ele>483</ele>
      </trkpt>
      <trkpt lat="42.315773963928223" lon="2.586471000686288">
        <ele>483</ele>
      </trkpt>
      <trkpt lat="42.315844036638737" lon="2.586562028154731">
        <ele>481</ele>
      </trkpt>
      <trkpt lat="42.315857028588653" lon="2.586679039523006">
        <ele>480</ele>
      </trkpt>
      <trkpt lat="42.315858034417033" lon="2.586771994829178">
        <ele>478</ele>
      </trkpt>
      <trkpt lat="42.315867003053427" lon="2.586895963177085">
        <ele>477</ele>
      </trkpt>
      <trkpt lat="42.315898016095161" lon="2.58699101395905">
        <ele>475</ele>
      </trkpt>
      <trkpt lat="42.315956018865108" lon="2.587124034762383">
        <ele>473</ele>
      </trkpt>
      <trkpt lat="42.316007986664772" lon="2.587234005331993">
        <ele>471</ele>
      </trkpt>
      <trkpt lat="42.316086022183299" lon="2.587321009486914">
        <ele>469</ele>
      </trkpt>
      <trkpt lat="42.316157016903162" lon="2.58739803917706">
        <ele>468</ele>
      </trkpt>
      <trkpt lat="42.316203033551574" lon="2.587407007813454">
        <ele>467</ele>
      </trkpt>
      <trkpt lat="42.316224994137883" lon="2.587410025298595">
        <ele>465</ele>
      </trkpt>
      <trkpt lat="42.31626003049314" lon="2.587417988106608">
        <ele>465</ele>
      </trkpt>
      <trkpt lat="42.316370001062751" lon="2.587410025298595">
        <ele>465</ele>
      </trkpt>
      <trkpt lat="42.316414006054401" lon="2.587392004206777">
        <ele>464</ele>
      </trkpt>
      <trkpt lat="42.316439989954233" lon="2.587375994771719">
        <ele>463</ele>
      </trkpt>
      <trkpt lat="42.316507967188954" lon="2.587306005880237">
        <ele>461</ele>
      </trkpt>
      <trkpt lat="42.31653998605907" lon="2.58722797036171">
        <ele>459</ele>
      </trkpt>
      <trkpt lat="42.316532023251057" lon="2.58716301061213">
        <ele>457</ele>
      </trkpt>
      <trkpt lat="42.316541997715831" lon="2.587094027549028">
        <ele>456</ele>
      </trkpt>
      <trkpt lat="42.316568987444043" lon="2.586973998695612">
        <ele>455</ele>
      </trkpt>
      <trkpt lat="42.316641993820667" lon="2.586953965947032">
        <ele>453</ele>
      </trkpt>
      <trkpt lat="42.316708965227008" lon="2.58699101395905">
        <ele>453</ele>
      </trkpt>
      <trkpt lat="42.316810972988605" lon="2.5870989728719">
        <ele>453</ele>
      </trkpt>
      <trkpt lat="42.316893031820655" lon="2.587152030318975">
        <ele>453</ele>
      </trkpt>
      <trkpt lat="42.316893031820655" lon="2.587234005331993">
        <ele>452</ele>
      </trkpt>
      <trkpt lat="42.316879034042358" lon="2.587305000051856">
        <ele>451</ele>
      </trkpt>
      <trkpt lat="42.316851960495114" lon="2.587476996704936">
        <ele>450</ele>
      </trkpt>
      <trkpt lat="42.316848021000624" lon="2.587513960897923">
        <ele>449</ele>
      </trkpt>
      <trkpt lat="42.316854977980256" lon="2.587583027780056">
        <ele>449</ele>
      </trkpt>
      <trkpt lat="42.316894959658384" lon="2.587627032771707">
        <ele>448</ele>
      </trkpt>
      <trkpt lat="42.316929996013641" lon="2.587716970592737">
        <ele>446</ele>
      </trkpt>
      <trkpt lat="42.316895965486765" lon="2.587749995291233">
        <ele>446</ele>
      </trkpt>
      <trkpt lat="42.31690501794219" lon="2.587775979191065">
        <ele>447</ele>
      </trkpt>
      <trkpt lat="42.316921027377248" lon="2.587798023596406">
        <ele>447</ele>
      </trkpt>
      <trkpt lat="42.316971989348531" lon="2.587829036638141">
        <ele>446</ele>
      </trkpt>
      <trkpt lat="42.317018005996943" lon="2.587905982509255">
        <ele>444</ele>
      </trkpt>
      <trkpt lat="42.317059999331832" lon="2.587873041629791">
        <ele>443</ele>
      </trkpt>
      <trkpt lat="42.31709897518158" lon="2.587882010266185">
        <ele>443</ele>
      </trkpt>
      <trkpt lat="42.317144991829991" lon="2.58797898888588">
        <ele>441</ele>
      </trkpt>
      <trkpt lat="42.317198971286416" lon="2.588011007755995">
        <ele>440</ele>
      </trkpt>
      <trkpt lat="42.317250017076731" lon="2.58804202079773">
        <ele>440</ele>
      </trkpt>
      <trkpt lat="42.317233001813293" lon="2.588090971112251">
        <ele>440</ele>
      </trkpt>
      <trkpt lat="42.317225961014628" lon="2.58810899220407">
        <ele>440</ele>
      </trkpt>
      <trkpt lat="42.317201988771558" lon="2.588160037994385">
        <ele>440</ele>
      </trkpt>
      <trkpt lat="42.317104004323483" lon="2.588303033262491">
        <ele>441</ele>
      </trkpt>
      <trkpt lat="42.317015994340181" lon="2.588421972468495">
        <ele>442</ele>
      </trkpt>
      <trkpt lat="42.31696997769177" lon="2.58847301825881">
        <ele>443</ele>
      </trkpt>
      <trkpt lat="42.316886996850371" lon="2.588520962744951">
        <ele>445</ele>
      </trkpt>
      <trkpt lat="42.316790018230677" lon="2.588603021577001">
        <ele>447</ele>
      </trkpt>
      <trkpt lat="42.316739978268743" lon="2.588655995205045">
        <ele>449</ele>
      </trkpt>
      <trkpt lat="42.316694967448711" lon="2.588683990761638">
        <ele>450</ele>
      </trkpt>
      <trkpt lat="42.316650962457061" lon="2.588672004640102">
        <ele>450</ele>
      </trkpt>
      <trkpt lat="42.316521964967251" lon="2.588698994368315">
        <ele>450</ele>
      </trkpt>
      <trkpt lat="42.316462034359574" lon="2.588751967996359">
        <ele>449</ele>
      </trkpt>
      <trkpt lat="42.316406965255737" lon="2.588809970766306">
        <ele>448</ele>
      </trkpt>
      <trkpt lat="42.316272016614676" lon="2.588832015171647">
        <ele>446</ele>
      </trkpt>
      <trkpt lat="42.316146958619356" lon="2.588951960206032">
        <ele>446</ele>
      </trkpt>
      <trkpt lat="42.316040005534887" lon="2.588922958821058">
        <ele>445</ele>
      </trkpt>
      <trkpt lat="42.315920982509851" lon="2.588855987414718">
        <ele>444</ele>
      </trkpt>
      <trkpt lat="42.315805982798338" lon="2.588807037100196">
        <ele>442</ele>
      </trkpt>
      <trkpt lat="42.315683020278811" lon="2.588706035166979">
        <ele>441</ele>
      </trkpt>
      <trkpt lat="42.315629962831736" lon="2.588634034618735">
        <ele>440</ele>
      </trkpt>
      <trkpt lat="42.315534995868802" lon="2.588523980230093">
        <ele>439</ele>
      </trkpt>
      <trkpt lat="42.315483028069139" lon="2.588486010208726">
        <ele>439</ele>
      </trkpt>
      <trkpt lat="42.315333997830749" lon="2.588462959975004">
        <ele>438</ele>
      </trkpt>
      <trkpt lat="42.315317988395691" lon="2.588446028530598">
        <ele>438</ele>
      </trkpt>
      <trkpt lat="42.315199971199036" lon="2.588352989405394">
        <ele>436</ele>
      </trkpt>
      <trkpt lat="42.315022023394704" lon="2.588218040764332">
        <ele>436</ele>
      </trkpt>
      <trkpt lat="42.314991010352969" lon="2.588174035772681">
        <ele>435</ele>
      </trkpt>
      <trkpt lat="42.314862012863159" lon="2.588093988597393">
        <ele>435</ele>
      </trkpt>
      <trkpt lat="42.314839968457818" lon="2.588079990819097">
        <ele>435</ele>
      </trkpt>
      <trkpt lat="42.314723962917924" lon="2.588028023019433">
        <ele>435</ele>
      </trkpt>
      <trkpt lat="42.314684987068176" lon="2.587973037734628">
        <ele>435</ele>
      </trkpt>
      <trkpt lat="42.314621033146977" lon="2.587998015806079">
        <ele>434</ele>
      </trkpt>
      <trkpt lat="42.314588008448482" lon="2.588079990819097">
        <ele>432</ele>
      </trkpt>
      <trkpt lat="42.31451902538538" lon="2.588173029944301">
        <ele>431</ele>
      </trkpt>
      <trkpt lat="42.314513996243477" lon="2.588184010237455">
        <ele>431</ele>
      </trkpt>
      <trkpt lat="42.314506033435464" lon="2.588232038542628">
        <ele>431</ele>
      </trkpt>
      <trkpt lat="42.314540985971689" lon="2.588350977748632">
        <ele>431</ele>
      </trkpt>
      <trkpt lat="42.31456596404314" lon="2.588475029915571">
        <ele>431</ele>
      </trkpt>
      <trkpt lat="42.31458499096334" lon="2.588543007150292">
        <ele>433</ele>
      </trkpt>
      <trkpt lat="42.314576022326946" lon="2.588662030175328">
        <ele>433</ele>
      </trkpt>
      <trkpt lat="42.314550960436463" lon="2.588798990473151">
        <ele>433</ele>
      </trkpt>
      <trkpt lat="42.314546015113592" lon="2.588812988251448">
        <ele>433</ele>
      </trkpt>
      <trkpt lat="42.31454199180007" lon="2.588898986577988">
        <ele>433</ele>
      </trkpt>
      <trkpt lat="42.314518019556999" lon="2.588970987126231">
        <ele>433</ele>
      </trkpt>
      <trkpt lat="42.314506033435464" lon="2.589008035138249">
        <ele>433</ele>
      </trkpt>
      <trkpt lat="42.314448030665517" lon="2.58914097212255">
        <ele>431</ele>
      </trkpt>
      <trkpt lat="42.314392039552331" lon="2.589304000139237">
        <ele>431</ele>
      </trkpt>
      <trkpt lat="42.314331019297242" lon="2.589458981528878">
        <ele>431</ele>
      </trkpt>
      <trkpt lat="42.314303023740649" lon="2.589516984298825">
        <ele>431</ele>
      </trkpt>
      <trkpt lat="42.314287014305592" lon="2.589594013988972">
        <ele>432</ele>
      </trkpt>
      <trkpt lat="42.314265975728631" lon="2.589623015373945">
        <ele>433</ele>
      </trkpt>
      <trkpt lat="42.314236974343657" lon="2.589644975960255">
        <ele>434</ele>
      </trkpt>
      <trkpt lat="42.314213002100587" lon="2.589670037850738">
        <ele>434</ele>
      </trkpt>
      <trkpt lat="42.314205039292574" lon="2.589699039235711">
        <ele>434</ele>
      </trkpt>
      <trkpt lat="42.314161034300923" lon="2.589900037273765">
        <ele>435</ele>
      </trkpt>
      <trkpt lat="42.314136978238821" lon="2.589952005073428">
        <ele>435</ele>
      </trkpt>
      <trkpt lat="42.314032958820462" lon="2.590072033926845">
        <ele>435</ele>
      </trkpt>
      <trkpt lat="42.314028013497591" lon="2.590086031705141">
        <ele>435</ele>
      </trkpt>
      <trkpt lat="42.314004963263869" lon="2.590099023655057">
        <ele>436</ele>
      </trkpt>
      <trkpt lat="42.313942015171051" lon="2.590183010324836">
        <ele>437</ele>
      </trkpt>
      <trkpt lat="42.313850987702608" lon="2.590221986174583">
        <ele>437</ele>
      </trkpt>
      <trkpt lat="42.313797008246183" lon="2.590252999216318">
        <ele>436</ele>
      </trkpt>
      <trkpt lat="42.313691982999444" lon="2.590315025299788">
        <ele>435</ele>
      </trkpt>
      <trkpt lat="42.313593998551369" lon="2.590295998379588">
        <ele>433</ele>
      </trkpt>
      <trkpt lat="42.313564997166395" lon="2.590284012258053">
        <ele>433</ele>
      </trkpt>
      <trkpt lat="42.313470030203462" lon="2.590284012258053">
        <ele>431</ele>
      </trkpt>
      <trkpt lat="42.313444968312979" lon="2.590379985049367">
        <ele>429</ele>
      </trkpt>
      <trkpt lat="42.313440022990108" lon="2.590381996706128">
        <ele>428</ele>
      </trkpt>
      <trkpt lat="42.313400041311979" lon="2.590370010584593">
        <ele>427</ele>
      </trkpt>
      <trkpt lat="42.313371039927006" lon="2.590349977836013">
        <ele>425</ele>
      </trkpt>
      <trkpt lat="42.313305996358395" lon="2.590326005592942">
        <ele>425</ele>
      </trkpt>
      <trkpt lat="42.313254028558731" lon="2.590283006429672">
        <ele>423</ele>
      </trkpt>
      <trkpt lat="42.313206000253558" lon="2.590231960639358">
        <ele>423</ele>
      </trkpt>
      <trkpt lat="42.313151014968753" lon="2.590132970362902">
        <ele>421</ele>
      </trkpt>
      <trkpt lat="42.313061999157071" lon="2.590030040591955">
        <ele>419</ele>
      </trkpt>
      <trkpt lat="42.313084965571761" lon="2.590062981471419">
        <ele>418</ele>
      </trkpt>
      <trkpt lat="42.313114972785115" lon="2.590194996446371">
        <ele>416</ele>
      </trkpt>
      <trkpt lat="42.313144979998469" lon="2.590336985886097">
        <ele>414</ele>
      </trkpt>
      <trkpt lat="42.313153026625514" lon="2.590373028069735">
        <ele>413</ele>
      </trkpt>
      <trkpt lat="42.313184039667249" lon="2.590547036379576">
        <ele>412</ele>
      </trkpt>
      <trkpt lat="42.313189990818501" lon="2.590692965313792">
        <ele>412</ele>
      </trkpt>
      <trkpt lat="42.313202982768416" lon="2.59096504189074">
        <ele>412</ele>
      </trkpt>
      <trkpt lat="42.313189990818501" lon="2.59101097472012">
        <ele>412</ele>
      </trkpt>
      <trkpt lat="42.313174987211823" lon="2.591034024953842">
        <ele>411</ele>
      </trkpt>
      <trkpt lat="42.313174987211823" lon="2.591034024953842">
        <ele>411</ele>
      </trkpt>
      <trkpt lat="42.313168030232191" lon="2.591046011075378">
        <ele>411</ele>
      </trkpt>
      <trkpt lat="42.31312301941216" lon="2.591088004410267">
        <ele>410</ele>
      </trkpt>
      <trkpt lat="42.313039032742381" lon="2.591078029945493">
        <ele>410</ele>
      </trkpt>
      <trkpt lat="42.313003996387124" lon="2.591088004410267">
        <ele>411</ele>
      </trkpt>
      <trkpt lat="42.313001984730363" lon="2.591185988858342">
        <ele>413</ele>
      </trkpt>
      <trkpt lat="42.312979018315673" lon="2.59126603603363">
        <ele>414</ele>
      </trkpt>
      <trkpt lat="42.312982035800815" lon="2.591368965804577">
        <ele>415</ele>
      </trkpt>
      <trkpt lat="42.312992010265589" lon="2.591471979394555">
        <ele>417</ele>
      </trkpt>
      <trkpt lat="42.312980024144053" lon="2.591557977721095">
        <ele>418</ele>
      </trkpt>
      <trkpt lat="42.312980024144053" lon="2.59169602766633">
        <ele>420</ele>
      </trkpt>
      <trkpt lat="42.312981029972434" lon="2.591770039871335">
        <ele>421</ele>
      </trkpt>
      <trkpt lat="42.312978012487292" lon="2.591848997399211">
        <ele>421</ele>
      </trkpt>
      <trkpt lat="42.312944987788796" lon="2.591943964362145">
        <ele>422</ele>
      </trkpt>
      <trkpt lat="42.312991004437208" lon="2.592076985165477">
        <ele>423</ele>
      </trkpt>
      <trkpt lat="42.312995027750731" lon="2.592172035947442">
        <ele>425</ele>
      </trkpt>
      <trkpt lat="42.312998967245221" lon="2.592271026223898">
        <ele>426</ele>
      </trkpt>
      <trkpt lat="42.312997039407492" lon="2.592430030927062">
        <ele>427</ele>
      </trkpt>
      <trkpt lat="42.312989998608828" lon="2.592486022040248">
        <ele>428</ele>
      </trkpt>
      <trkpt lat="42.312979018315673" lon="2.592595992609859">
        <ele>429</ele>
      </trkpt>
      <trkpt lat="42.312997961416841" lon="2.59270696900785">
        <ele>430</ele>
      </trkpt>
      <trkpt lat="42.313052024692297" lon="2.592858010903001">
        <ele>432</ele>
      </trkpt>
      <trkpt lat="42.313041966408491" lon="2.592885000631213">
        <ele>433</ele>
      </trkpt>
      <trkpt lat="42.313049007207155" lon="2.592982985079289">
        <ele>435</ele>
      </trkpt>
      <trkpt lat="42.313045989722013" lon="2.593034030869603">
        <ele>437</ele>
      </trkpt>
      <trkpt lat="42.313045989722013" lon="2.593082981184125">
        <ele>439</ele>
      </trkpt>
      <trkpt lat="42.313029980286956" lon="2.593090021982789">
        <ele>441</ele>
      </trkpt>
      <trkpt lat="42.312984969466925" lon="2.593121035024524">
        <ele>443</ele>
      </trkpt>
      <trkpt lat="42.312948005273938" lon="2.593171996995807">
        <ele>445</ele>
      </trkpt>
      <trkpt lat="42.312886985018849" lon="2.593205021694303">
        <ele>446</ele>
      </trkpt>
      <trkpt lat="42.312830993905663" lon="2.593238968402147">
        <ele>449</ele>
      </trkpt>
      <trkpt lat="42.312749018892646" lon="2.593218013644218">
        <ele>451</ele>
      </trkpt>
      <trkpt lat="42.312594959512353" lon="2.593136038631201">
        <ele>452</ele>
      </trkpt>
      <trkpt lat="42.312576016411185" lon="2.593149030581117">
        <ele>453</ele>
      </trkpt>
      <trkpt lat="42.312603006139398" lon="2.593210972845554">
        <ele>455</ele>
      </trkpt>
      <trkpt lat="42.3126529622823" lon="2.593276016414166">
        <ele>457</ele>
      </trkpt>
      <trkpt lat="42.312606023624539" lon="2.593309041112661">
        <ele>459</ele>
      </trkpt>
      <trkpt lat="42.312511978670955" lon="2.593292025849223">
        <ele>461</ele>
      </trkpt>
      <trkpt lat="42.312516001984477" lon="2.593324966728687">
        <ele>463</ele>
      </trkpt>
      <trkpt lat="42.312499992549419" lon="2.593357991427183">
        <ele>465</ele>
      </trkpt>
      <trkpt lat="42.31252103112638" lon="2.59341498836875">
        <ele>467</ele>
      </trkpt>
      <trkpt lat="42.3125009983778" lon="2.593448013067246">
        <ele>469</ele>
      </trkpt>
      <trkpt lat="42.312476020306349" lon="2.593475002795458">
        <ele>471</ele>
      </trkpt>
      <trkpt lat="42.312470991164446" lon="2.59352202527225">
        <ele>472</ele>
      </trkpt>
      <trkpt lat="42.312498986721039" lon="2.593563012778759">
        <ele>474</ele>
      </trkpt>
      <trkpt lat="42.312522958964109" lon="2.593648005276918">
        <ele>476</ele>
      </trkpt>
      <trkpt lat="42.312526982277632" lon="2.593657979741693">
        <ele>478</ele>
      </trkpt>
      <trkpt lat="42.312571993097663" lon="2.593766022473574">
        <ele>480</ele>
      </trkpt>
      <trkpt lat="42.312611974775791" lon="2.593840034678578">
        <ele>483</ele>
      </trkpt>
      <trkpt lat="42.312677018344402" lon="2.593987975269556">
        <ele>485</ele>
      </trkpt>
      <trkpt lat="42.312739966437221" lon="2.594095012173057">
        <ele>486</ele>
      </trkpt>
      <trkpt lat="42.312775002792478" lon="2.594172963872552">
        <ele>488</ele>
      </trkpt>
      <trkpt lat="42.312720017507672" lon="2.594186961650848">
        <ele>490</ele>
      </trkpt>
      <trkpt lat="42.312712976709008" lon="2.594218980520964">
        <ele>491</ele>
      </trkpt>
      <trkpt lat="42.312730997800827" lon="2.594287041574717">
        <ele>493</ele>
      </trkpt>
      <trkpt lat="42.312714988365769" lon="2.594314031302929">
        <ele>495</ele>
      </trkpt>
      <trkpt lat="42.312710965052247" lon="2.59436197578907">
        <ele>497</ele>
      </trkpt>
      <trkpt lat="42.31273896060884" lon="2.594437999650836">
        <ele>499</ele>
      </trkpt>
      <trkpt lat="42.312770979478955" lon="2.594515029340982">
        <ele>501</ele>
      </trkpt>
      <trkpt lat="42.312827976420522" lon="2.594628017395735">
        <ele>503</ele>
      </trkpt>
      <trkpt lat="42.312873993068933" lon="2.594707980751991">
        <ele>504</ele>
      </trkpt>
      <trkpt lat="42.312925960868597" lon="2.594782998785377">
        <ele>506</ele>
      </trkpt>
      <trkpt lat="42.312971977517009" lon="2.594851981848478">
        <ele>508</ele>
      </trkpt>
      <trkpt lat="42.312999973073602" lon="2.594901015982032">
        <ele>510</ele>
      </trkpt>
      <trkpt lat="42.313029980286956" lon="2.5950269959867">
        <ele>512</ele>
      </trkpt>
      <trkpt lat="42.313013970851898" lon="2.595074018463492">
        <ele>514</ele>
      </trkpt>
      <trkpt lat="42.313026962801814" lon="2.595152975991368">
        <ele>516</ele>
      </trkpt>
      <trkpt lat="42.313036015257239" lon="2.595216007903218">
        <ele>517</ele>
      </trkpt>
      <trkpt lat="42.313048001378775" lon="2.59528499096632">
        <ele>520</ele>
      </trkpt>
      <trkpt lat="42.313056970015168" lon="2.595359003171325">
        <ele>521</ele>
      </trkpt>
      <trkpt lat="42.313066022470593" lon="2.595433015376329">
        <ele>524</ele>
      </trkpt>
      <trkpt lat="42.313109021633863" lon="2.595552038401365">
        <ele>525</ele>
      </trkpt>
      <trkpt lat="42.313140034675598" lon="2.595644993707538">
        <ele>527</ele>
      </trkpt>
      <trkpt lat="42.313159983605146" lon="2.595723029226065">
        <ele>530</ele>
      </trkpt>
      <trkpt lat="42.313207006081939" lon="2.595853032544255">
        <ele>532</ele>
      </trkpt>
      <trkpt lat="42.313267020508647" lon="2.595941964536905">
        <ele>535</ele>
      </trkpt>
      <trkpt lat="42.313311025500298" lon="2.59599301032722">
        <ele>536</ele>
      </trkpt>
      <trkpt lat="42.313363999128342" lon="2.596118990331888">
        <ele>538</ele>
      </trkpt>
      <trkpt lat="42.313366010785103" lon="2.596229966729879">
        <ele>540</ele>
      </trkpt>
      <trkpt lat="42.313323011621833" lon="2.596214041113854">
        <ele>541</ele>
      </trkpt>
      <trkpt lat="42.313251011073589" lon="2.596199959516525">
        <ele>543</ele>
      </trkpt>
      <trkpt lat="42.313131988048553" lon="2.59618503972888">
        <ele>545</ele>
      </trkpt>
      <trkpt lat="42.313143974170089" lon="2.596231978386641">
        <ele>547</ele>
      </trkpt>
      <trkpt lat="42.31314598582685" lon="2.596300961449742">
        <ele>549</ele>
      </trkpt>
      <trkpt lat="42.313087983056903" lon="2.596313031390309">
        <ele>551</ele>
      </trkpt>
      <trkpt lat="42.313098963350058" lon="2.596390983089805">
        <ele>553</ele>
      </trkpt>
      <trkpt lat="42.313126958906651" lon="2.596546970307827">
        <ele>554</ele>
      </trkpt>
      <trkpt lat="42.313139028847218" lon="2.596632968634367">
        <ele>556</ele>
      </trkpt>
      <trkpt lat="42.313121007755399" lon="2.596730031073093">
        <ele>558</ele>
      </trkpt>
      <trkpt lat="42.31314598582685" lon="2.596836984157562">
        <ele>559</ele>
      </trkpt>
      <trkpt lat="42.313152020797133" lon="2.596847964450717">
        <ele>560</ele>
      </trkpt>
      <trkpt lat="42.313161995261908" lon="2.596879983320832">
        <ele>560</ele>
      </trkpt>
      <trkpt lat="42.31314598582685" lon="2.596993977203965">
        <ele>562</ele>
      </trkpt>
      <trkpt lat="42.313124025240541" lon="2.597061032429338">
        <ele>564</ele>
      </trkpt>
      <trkpt lat="42.313124025240541" lon="2.597144013270736">
        <ele>565</ele>
      </trkpt>
      <trkpt lat="42.313106004148722" lon="2.597234034910798">
        <ele>567</ele>
      </trkpt>
      <trkpt lat="42.313124025240541" lon="2.597294971346855">
        <ele>570</ele>
      </trkpt>
      <trkpt lat="42.313149003311992" lon="2.597409971058369">
        <ele>573</ele>
      </trkpt>
      <trkpt lat="42.313169036060572" lon="2.597495969384909">
        <ele>575</ele>
      </trkpt>
      <trkpt lat="42.313170963898301" lon="2.597514996305108">
        <ele>575</ele>
      </trkpt>
      <trkpt lat="42.313202982768416" lon="2.597623039036989">
        <ele>577</ele>
      </trkpt>
      <trkpt lat="42.313213041052222" lon="2.597697973251343">
        <ele>577</ele>
      </trkpt>
      <trkpt lat="42.313216980546713" lon="2.597743989899755">
        <ele>580</ele>
      </trkpt>
      <trkpt lat="42.313229972496629" lon="2.59784298017621">
        <ele>581</ele>
      </trkpt>
      <trkpt lat="42.313213963061571" lon="2.597966026514769">
        <ele>583</ele>
      </trkpt>
      <trkpt lat="42.313178004696965" lon="2.59814104065299">
        <ele>587</ele>
      </trkpt>
      <trkpt lat="42.313201976940036" lon="2.598227960988879">
        <ele>588</ele>
      </trkpt>
      <trkpt lat="42.313213041052222" lon="2.598301973193884">
        <ele>589</ele>
      </trkpt>
      <trkpt lat="42.313211029395461" lon="2.598404986783862">
        <ele>591</ele>
      </trkpt>
      <trkpt lat="42.313208011910319" lon="2.59850800037384">
        <ele>593</ele>
      </trkpt>
      <trkpt lat="42.313206000253558" lon="2.598601039499044">
        <ele>595</ele>
      </trkpt>
      <trkpt lat="42.313189990818501" lon="2.598703969269991">
        <ele>596</ele>
      </trkpt>
      <trkpt lat="42.313182028010488" lon="2.598771024495363">
        <ele>598</ele>
      </trkpt>
      <trkpt lat="42.313208011910319" lon="2.598901027813554">
        <ele>600</ele>
      </trkpt>
      <trkpt lat="42.313211029395461" lon="2.598999012261629">
        <ele>602</ele>
      </trkpt>
      <trkpt lat="42.31321002356708" lon="2.599061038345099">
        <ele>603</ele>
      </trkpt>
      <trkpt lat="42.313232989981771" lon="2.599165979772806">
        <ele>605</ele>
      </trkpt>
      <trkpt lat="42.313199965283275" lon="2.599283996969461">
        <ele>608</ele>
      </trkpt>
      <trkpt lat="42.313211029395461" lon="2.599378963932395">
        <ele>609</ele>
      </trkpt>
      <trkpt lat="42.313227038830519" lon="2.599478038027883">
        <ele>611</ele>
      </trkpt>
      <trkpt lat="42.313251011073589" lon="2.599594965577126">
        <ele>613</ele>
      </trkpt>
      <trkpt lat="42.313279006630182" lon="2.599680963903666">
        <ele>615</ele>
      </trkpt>
      <trkpt lat="42.313288981094956" lon="2.599782971665263">
        <ele>616</ele>
      </trkpt>
      <trkpt lat="42.313303984701633" lon="2.599878022447228">
        <ele>618</ele>
      </trkpt>
      <trkpt lat="42.313314964994788" lon="2.599932001903653">
        <ele>620</ele>
      </trkpt>
      <trkpt lat="42.313336003571749" lon="2.600047001615167">
        <ele>622</ele>
      </trkpt>
      <trkpt lat="42.313371961936355" lon="2.600154960528016">
        <ele>623</ele>
      </trkpt>
      <trkpt lat="42.313375985249877" lon="2.60027096606791">
        <ele>625</ele>
      </trkpt>
      <trkpt lat="42.313393000513315" lon="2.600349001586437">
        <ele>626</ele>
      </trkpt>
      <trkpt lat="42.313366010785103" lon="2.600431982427836">
        <ele>628</ele>
      </trkpt>
      <trkpt lat="42.313372967764735" lon="2.600468024611473">
        <ele>630</ele>
      </trkpt>
      <trkpt lat="42.313387971371412" lon="2.600514963269234">
        <ele>633</ele>
      </trkpt>
      <trkpt lat="42.313414961099625" lon="2.600617976859212">
        <ele>635</ele>
      </trkpt>
      <trkpt lat="42.313433988019824" lon="2.6006980240345">
        <ele>636</ele>
      </trkpt>
      <trkpt lat="42.313472041860223" lon="2.600797014310956">
        <ele>638</ele>
      </trkpt>
      <trkpt lat="42.313508000224829" lon="2.600943027064204">
        <ele>640</ele>
      </trkpt>
      <trkpt lat="42.313529038801789" lon="2.601001029834151">
        <ele>642</ele>
      </trkpt>
      <trkpt lat="42.313558040186763" lon="2.601089039817452">
        <ele>644</ele>
      </trkpt>
      <trkpt lat="42.313620988279581" lon="2.601246032863855">
        <ele>645</ele>
      </trkpt>
      <trkpt lat="42.313620988279581" lon="2.601246032863855">
        <ele>648</ele>
      </trkpt>
      <trkpt lat="42.313630962744355" lon="2.601268999278545">
        <ele>649</ele>
      </trkpt>
      <trkpt lat="42.313653007149696" lon="2.601305963471532">
        <ele>651</ele>
      </trkpt>
      <trkpt lat="42.313673039898276" lon="2.601333037018776">
        <ele>652</ele>
      </trkpt>
      <trkpt lat="42.313759038224816" lon="2.60149497538805">
        <ele>655</ele>
      </trkpt>
      <trkpt lat="42.313772030174732" lon="2.601520959287882">
        <ele>655</ele>
      </trkpt>
      <trkpt lat="42.3137909732759" lon="2.601635958999395">
        <ele>656</ele>
      </trkpt>
      <trkpt lat="42.313828021287918" lon="2.601679963991046">
        <ele>656</ele>
      </trkpt>
      <trkpt lat="42.313866997137666" lon="2.601694967597723">
        <ele>657</ele>
      </trkpt>
      <trkpt lat="42.313935980200768" lon="2.601720029488206">
        <ele>659</ele>
      </trkpt>
      <trkpt lat="42.314004963263869" lon="2.601839974522591">
        <ele>661</ele>
      </trkpt>
      <trkpt lat="42.313947966322303" lon="2.601915998384357">
        <ele>664</ele>
      </trkpt>
      <trkpt lat="42.313952995464206" lon="2.601957991719246">
        <ele>665</ele>
      </trkpt>
      <trkpt lat="42.313975039869547" lon="2.602006020024419">
        <ele>667</ele>
      </trkpt>
      <trkpt lat="42.31400697492063" lon="2.602081038057804">
        <ele>669</ele>
      </trkpt>
      <trkpt lat="42.314029019325972" lon="2.6021399628371">
        <ele>671</ele>
      </trkpt>
      <trkpt lat="42.314073024317622" lon="2.602289998903871">
        <ele>673</ele>
      </trkpt>
      <trkpt lat="42.314094984903932" lon="2.602404998615384">
        <ele>675</ele>
      </trkpt>
      <trkpt lat="42.314109988510609" lon="2.60250398889184">
        <ele>677</ele>
      </trkpt>
      <trkpt lat="42.314106971025467" lon="2.602636003866792">
        <ele>679</ele>
      </trkpt>
      <trkpt lat="42.314116023480892" lon="2.602757038548589">
        <ele>681</ele>
      </trkpt>
      <trkpt lat="42.314128009602427" lon="2.602818980813026">
        <ele>681</ele>
      </trkpt>
      <trkpt lat="42.314117029309273" lon="2.602871032431722">
        <ele>682</ele>
      </trkpt>
      <trkpt lat="42.314114011824131" lon="2.60293398052454">
        <ele>683</ele>
      </trkpt>
      <trkpt lat="42.314061960205436" lon="2.603022996336222">
        <ele>684</ele>
      </trkpt>
      <trkpt lat="42.314043017104268" lon="2.603077981621027">
        <ele>684</ele>
      </trkpt>
      <trkpt lat="42.314012004062533" lon="2.603112012147903">
        <ele>684</ele>
      </trkpt>
      <trkpt lat="42.313878983259201" lon="2.60318904183805">
        <ele>684</ele>
      </trkpt>
      <trkpt lat="42.31383497826755" lon="2.603246038779616">
        <ele>684</ele>
      </trkpt>
      <trkpt lat="42.313837995752692" lon="2.603274034336209">
        <ele>684</ele>
      </trkpt>
      <trkpt lat="42.313817963004112" lon="2.603388028219342">
        <ele>684</ele>
      </trkpt>
      <trkpt lat="42.313815029338002" lon="2.603554995730519">
        <ele>684</ele>
      </trkpt>
      <trkpt lat="42.313798014074564" lon="2.603644011542201">
        <ele>683</ele>
      </trkpt>
      <trkpt lat="42.313796002417803" lon="2.603733027353883">
        <ele>683</ele>
      </trkpt>
      <trkpt lat="42.313770018517971" lon="2.603849032893777">
        <ele>683</ele>
      </trkpt>
      <trkpt lat="42.313780998811126" lon="2.603968977928162">
        <ele>683</ele>
      </trkpt>
      <trkpt lat="42.313767001032829" lon="2.60405296459794">
        <ele>683</ele>
      </trkpt>
      <trkpt lat="42.31374504044652" lon="2.604140974581242">
        <ele>683</ele>
      </trkpt>
      <trkpt lat="42.313715033233166" lon="2.604304002597928">
        <ele>683</ele>
      </trkpt>
      <trkpt lat="42.313676979392767" lon="2.604388995096088">
        <ele>684</ele>
      </trkpt>
      <trkpt lat="42.313647978007793" lon="2.604540959000588">
        <ele>684</ele>
      </trkpt>
      <trkpt lat="42.31366197578609" lon="2.604628968983889">
        <ele>685</ele>
      </trkpt>
      <trkpt lat="42.313691982999444" lon="2.604696024209261">
        <ele>685</ele>
      </trkpt>
      <trkpt lat="42.313692988827825" lon="2.604721002280712">
        <ele>685</ele>
      </trkpt>
      <trkpt lat="42.313701035454869" lon="2.604847988113761">
        <ele>686</ele>
      </trkpt>
      <trkpt lat="42.313688965514302" lon="2.60493197478354">
        <ele>688</ele>
      </trkpt>
      <trkpt lat="42.31366197578609" lon="2.605087962001562">
        <ele>689</ele>
      </trkpt>
      <trkpt lat="42.313650995492935" lon="2.605183012783527">
        <ele>690</ele>
      </trkpt>
      <trkpt lat="42.313626017421484" lon="2.605288038030267">
        <ele>691</ele>
      </trkpt>
      <trkpt lat="42.313588969409466" lon="2.605401026085019">
        <ele>693</ele>
      </trkpt>
      <trkpt lat="42.313568014651537" lon="2.60546799749136">
        <ele>694</ele>
      </trkpt>
      <trkpt lat="42.313492996618152" lon="2.60559800080955">
        <ele>695</ele>
      </trkpt>
      <trkpt lat="42.313486961647868" lon="2.605629013851285">
        <ele>697</ele>
      </trkpt>
      <trkpt lat="42.313459971919656" lon="2.605739990249276">
        <ele>698</ele>
      </trkpt>
      <trkpt lat="42.31342401355505" lon="2.605849960818887">
        <ele>700</ele>
      </trkpt>
      <trkpt lat="42.313420996069908" lon="2.605949034914374">
        <ele>701</ele>
      </trkpt>
      <trkpt lat="42.313414039090276" lon="2.606031009927392">
        <ele>703</ele>
      </trkpt>
      <trkpt lat="42.313400041311979" lon="2.606114996597171">
        <ele>704</ele>
      </trkpt>
      <trkpt lat="42.313405992463231" lon="2.606135029345751">
        <ele>705</ele>
      </trkpt>
      <trkpt lat="42.313379002735019" lon="2.606225972995162">
        <ele>705</ele>
      </trkpt>
      <trkpt lat="42.313345978036523" lon="2.606325969099999">
        <ele>706</ele>
      </trkpt>
      <trkpt lat="42.313309013843536" lon="2.606368968263269">
        <ele>706</ele>
      </trkpt>
      <trkpt lat="42.313290992751718" lon="2.606492014601827">
        <ele>707</ele>
      </trkpt>
      <trkpt lat="42.313310019671917" lon="2.606554040685296">
        <ele>707</ele>
      </trkpt>
      <trkpt lat="42.313351007178426" lon="2.606636015698314">
        <ele>708</ele>
      </trkpt>
      <trkpt lat="42.313368022441864" lon="2.606706004589796">
        <ele>709</ele>
      </trkpt>
      <trkpt lat="42.313356958329678" lon="2.606771970167756">
        <ele>710</ele>
      </trkpt>
      <trkpt lat="42.313362993299961" lon="2.606838019564748">
        <ele>713</ele>
      </trkpt>
      <trkpt lat="42.313362993299961" lon="2.606871966272593">
        <ele>714</ele>
      </trkpt>
      <trkpt lat="42.313362993299961" lon="2.606871966272593">
        <ele>714</ele>
      </trkpt>
      <trkpt lat="42.313368022441864" lon="2.606987971812487">
        <ele>716</ele>
      </trkpt>
      <trkpt lat="42.313397023826838" lon="2.607048992067576">
        <ele>717</ele>
      </trkpt>
      <trkpt lat="42.313391994684935" lon="2.607115963473916">
        <ele>719</ele>
      </trkpt>
      <trkpt lat="42.313423007726669" lon="2.607193998992443">
        <ele>722</ele>
      </trkpt>
      <trkpt lat="42.313431976363063" lon="2.607201961800456">
        <ele>723</ele>
      </trkpt>
      <trkpt lat="42.313431976363063" lon="2.607201961800456">
        <ele>724</ele>
      </trkpt>
      <trkpt lat="42.313430970534682" lon="2.607201961800456">
        <ele>724</ele>
      </trkpt>
      <trkpt lat="42.313465001061559" lon="2.607288965955377">
        <ele>725</ele>
      </trkpt>
      <trkpt lat="42.313499031588435" lon="2.607394997030497">
        <ele>726</ele>
      </trkpt>
      <trkpt lat="42.313539013266563" lon="2.607503961771727">
        <ele>727</ele>
      </trkpt>
      <trkpt lat="42.31355401687324" lon="2.607517959550023">
        <ele>727</ele>
      </trkpt>
      <trkpt lat="42.313582012429833" lon="2.607601024210453">
        <ele>728</ele>
      </trkpt>
      <trkpt lat="42.313676979392767" lon="2.607741001993418">
        <ele>728</ele>
      </trkpt>
      <trkpt lat="42.313681002706289" lon="2.607753993943334">
        <ele>728</ele>
      </trkpt>
      <trkpt lat="42.313688965514302" lon="2.607801016420126">
        <ele>728</ele>
      </trkpt>
      <trkpt lat="42.313729031011462" lon="2.607934959232807">
        <ele>729</ele>
      </trkpt>
      <trkpt lat="42.313764989376068" lon="2.608061023056507">
        <ele>730</ele>
      </trkpt>
      <trkpt lat="42.313793990761042" lon="2.608195971697569">
        <ele>732</ele>
      </trkpt>
      <trkpt lat="42.313785022124648" lon="2.608327986672521">
        <ele>735</ele>
      </trkpt>
      <trkpt lat="42.313808994367719" lon="2.608423959463835">
        <ele>736</ele>
      </trkpt>
      <trkpt lat="42.313860040158033" lon="2.608535019680858">
        <ele>738</ele>
      </trkpt>
      <trkpt lat="42.31387403793633" lon="2.608612971380353">
        <ele>739</ele>
      </trkpt>
      <trkpt lat="42.313913013786077" lon="2.608703998848796">
        <ele>741</ele>
      </trkpt>
      <trkpt lat="42.313961964100599" lon="2.608815981075168">
        <ele>743</ele>
      </trkpt>
      <trkpt lat="42.31398300267756" lon="2.608907008543611">
        <ele>745</ele>
      </trkpt>
      <trkpt lat="42.313995994627476" lon="2.609001975506544">
        <ele>747</ele>
      </trkpt>
      <trkpt lat="42.31402700766921" lon="2.609109012410045">
        <ele>749</ele>
      </trkpt>
      <trkpt lat="42.3140690010041" lon="2.6092270296067">
        <ele>751</ele>
      </trkpt>
      <trkpt lat="42.314119040966034" lon="2.609352003782988">
        <ele>752</ele>
      </trkpt>
      <trkpt lat="42.314138989895582" lon="2.609460968524218">
        <ele>754</ele>
      </trkpt>
      <trkpt lat="42.314153993502259" lon="2.609540009871125">
        <ele>756</ele>
      </trkpt>
      <trkpt lat="42.314204033464193" lon="2.609693985432386">
        <ele>758</ele>
      </trkpt>
      <trkpt lat="42.314186012372375" lon="2.609841004014015">
        <ele>760</ele>
      </trkpt>
      <trkpt lat="42.314235968515277" lon="2.609881991520524">
        <ele>761</ele>
      </trkpt>
      <trkpt lat="42.314278967678547" lon="2.609929013997316">
        <ele>763</ele>
      </trkpt>
      <trkpt lat="42.31435096822679" lon="2.610054994001985">
        <ele>764</ele>
      </trkpt>
      <trkpt lat="42.314364966005087" lon="2.610105033963919">
        <ele>766</ele>
      </trkpt>
      <trkpt lat="42.314389022067189" lon="2.610187008976936">
        <ele>768</ele>
      </trkpt>
      <trkpt lat="42.314488012343645" lon="2.610368980094791">
        <ele>771</ele>
      </trkpt>
      <trkpt lat="42.31456495821476" lon="2.610392030328512">
        <ele>771</ele>
      </trkpt>
      <trkpt lat="42.314597982913256" lon="2.610351964831352">
        <ele>772</ele>
      </trkpt>
      <trkpt lat="42.314632013440132" lon="2.610290022566915">
        <ele>773</ele>
      </trkpt>
      <trkpt lat="42.314719017595053" lon="2.610201006755233">
        <ele>775</ele>
      </trkpt>
      <trkpt lat="42.314834017306566" lon="2.610077960416675">
        <ele>776</ele>
      </trkpt>
      <trkpt lat="42.314891014248133" lon="2.609981987625361">
        <ele>777</ele>
      </trkpt>
      <trkpt lat="42.314947005361319" lon="2.609893977642059">
        <ele>779</ele>
      </trkpt>
      <trkpt lat="42.315018000081182" lon="2.609802028164268">
        <ele>780</ele>
      </trkpt>
      <trkpt lat="42.315043983981013" lon="2.609701026231051">
        <ele>781</ele>
      </trkpt>
      <trkpt lat="42.315083965659142" lon="2.609631959348917">
        <ele>783</ele>
      </trkpt>
      <trkpt lat="42.315111961215734" lon="2.609631037339568">
        <ele>784</ele>
      </trkpt>
      <trkpt lat="42.31510098092258" lon="2.609762968495488">
        <ele>786</ele>
      </trkpt>
      <trkpt lat="42.315097041428089" lon="2.609843015670776">
        <ele>788</ele>
      </trkpt>
      <trkpt lat="42.315093018114567" lon="2.609932031482458">
        <ele>789</ele>
      </trkpt>
      <trkpt lat="42.315097963437438" lon="2.610017023980618">
        <ele>791</ele>
      </trkpt>
      <trkpt lat="42.315093018114567" lon="2.610037978738546">
        <ele>793</ele>
      </trkpt>
      <trkpt lat="42.315084971487522" lon="2.610154990106821">
        <ele>794</ele>
      </trkpt>
      <trkpt lat="42.315097041428089" lon="2.610335033386946">
        <ele>796</ele>
      </trkpt>
      <trkpt lat="42.315073991194367" lon="2.610449027270079">
        <ele>797</ele>
      </trkpt>
      <trkpt lat="42.315082959830761" lon="2.61056100949645">
        <ele>799</ele>
      </trkpt>
      <trkpt lat="42.315052030608058" lon="2.610677015036345">
        <ele>800</ele>
      </trkpt>
      <trkpt lat="42.315052030608058" lon="2.61079603806138">
        <ele>802</ele>
      </trkpt>
      <trkpt lat="42.315039038658142" lon="2.610920006409288">
        <ele>803</ele>
      </trkpt>
      <trkpt lat="42.315012970939279" lon="2.610999969765544">
        <ele>805</ele>
      </trkpt>
      <trkpt lat="42.315013976767659" lon="2.61114296503365">
        <ele>807</ele>
      </trkpt>
      <trkpt lat="42.315037027001381" lon="2.611238015815616">
        <ele>808</ele>
      </trkpt>
      <trkpt lat="42.315011965110898" lon="2.611344968900085">
        <ele>810</ele>
      </trkpt>
      <trkpt lat="42.314996961504221" lon="2.611426021903753">
        <ele>811</ele>
      </trkpt>
      <trkpt lat="42.314996961504221" lon="2.611550996080041">
        <ele>812</ele>
      </trkpt>
      <trkpt lat="42.314966032281518" lon="2.611615033820272">
        <ele>814</ele>
      </trkpt>
      <trkpt lat="42.314899982884526" lon="2.611671024933457">
        <ele>815</ele>
      </trkpt>
      <trkpt lat="42.314896965399384" lon="2.611770015209913">
        <ele>817</ele>
      </trkpt>
      <trkpt lat="42.314896965399384" lon="2.611855007708073">
        <ele>818</ele>
      </trkpt>
      <trkpt lat="42.314894031733274" lon="2.611950980499387">
        <ele>820</ele>
      </trkpt>
      <trkpt lat="42.314898977056146" lon="2.612001020461321">
        <ele>821</ele>
      </trkpt>
      <trkpt lat="42.314903000369668" lon="2.612068997696042">
        <ele>824</ele>
      </trkpt>
      <trkpt lat="42.314903000369668" lon="2.612136974930763">
        <ele>825</ele>
      </trkpt>
      <trkpt lat="42.314897971227765" lon="2.612251974642277">
        <ele>825</ele>
      </trkpt>
      <trkpt lat="42.314926972612739" lon="2.612340990453959">
        <ele>824</ele>
      </trkpt>
      <trkpt lat="42.314982963725924" lon="2.612477028742433">
        <ele>823</ele>
      </trkpt>
      <trkpt lat="42.31505898758769" lon="2.612614994868636">
        <ele>821</ele>
      </trkpt>
      <trkpt lat="42.315146997570992" lon="2.612720020115376">
        <ele>820</ele>
      </trkpt>
      <trkpt lat="42.315155966207385" lon="2.612739969044924">
        <ele>820</ele>
      </trkpt>
      <trkpt lat="42.315178010612726" lon="2.612765030935407">
        <ele>822</ele>
      </trkpt>
      <trkpt lat="42.315246993675828" lon="2.612852035090327">
        <ele>824</ele>
      </trkpt>
      <trkpt lat="42.315342966467142" lon="2.612940967082977">
        <ele>826</ele>
      </trkpt>
      <trkpt lat="42.315440028905869" lon="2.613017996773124">
        <ele>828</ele>
      </trkpt>
      <trkpt lat="42.315450003370643" lon="2.613028977066279">
        <ele>830</ele>
      </trkpt>
      <trkpt lat="42.315500965341926" lon="2.613085974007845">
        <ele>833</ele>
      </trkpt>
      <trkpt lat="42.31555100530386" lon="2.61315998621285">
        <ele>835</ele>
      </trkpt>
      <trkpt lat="42.31559400446713" lon="2.613281020894647">
        <ele>837</ele>
      </trkpt>
      <trkpt lat="42.315620994195342" lon="2.613384034484625">
        <ele>838</ele>
      </trkpt>
      <trkpt lat="42.315646978095174" lon="2.613530969247222">
        <ele>840</ele>
      </trkpt>
      <trkpt lat="42.315677991136909" lon="2.613643035292625">
        <ele>841</ele>
      </trkpt>
      <trkpt lat="42.31570104137063" lon="2.613716963678598">
        <ele>844</ele>
      </trkpt>
      <trkpt lat="42.315712021663785" lon="2.613816959783435">
        <ele>845</ele>
      </trkpt>
      <trkpt lat="42.315793996676803" lon="2.613948974758387">
        <ele>845</ele>
      </trkpt>
      <trkpt lat="42.315881000831723" lon="2.614075038582087">
        <ele>847</ele>
      </trkpt>
      <trkpt lat="42.315932968631387" lon="2.614144021645188">
        <ele>849</ele>
      </trkpt>
      <trkpt lat="42.315987031906843" lon="2.614253992214799">
        <ele>850</ele>
      </trkpt>
      <trkpt lat="42.31604503467679" lon="2.614386007189751">
        <ele>851</ele>
      </trkpt>
      <trkpt lat="42.316121980547905" lon="2.614473011344671">
        <ele>853</ele>
      </trkpt>
      <trkpt lat="42.316150981932878" lon="2.614488014951348">
        <ele>855</ele>
      </trkpt>
      <trkpt lat="42.316253995522857" lon="2.614530008286238">
        <ele>858</ele>
      </trkpt>
      <trkpt lat="42.316336976364255" lon="2.614561021327972">
        <ele>860</ele>
      </trkpt>
      <trkpt lat="42.316451976075768" lon="2.614606032148004">
        <ele>862</ele>
      </trkpt>
      <trkpt lat="42.316547026857734" lon="2.614700999110937">
        <ele>863</ele>
      </trkpt>
      <trkpt lat="42.316621039062738" lon="2.61483502574265">
        <ele>865</ele>
      </trkpt>
      <trkpt lat="42.31671298854053" lon="2.615043986588717">
        <ele>867</ele>
      </trkpt>
      <trkpt lat="42.316781971603632" lon="2.615096038207412">
        <ele>869</ele>
      </trkpt>
      <trkpt lat="42.316847015172243" lon="2.615164015442133">
        <ele>870</ele>
      </trkpt>
      <trkpt lat="42.316946005448699" lon="2.615234004333615">
        <ele>871</ele>
      </trkpt>
      <trkpt lat="42.317021023482084" lon="2.615250013768673">
        <ele>872</ele>
      </trkpt>
      <trkpt lat="42.317067962139845" lon="2.615240039303899">
        <ele>874</ele>
      </trkpt>
      <trkpt lat="42.31714298017323" lon="2.615263005718589">
        <ele>875</ele>
      </trkpt>
      <trkpt lat="42.317278012633324" lon="2.61530801653862">
        <ele>875</ele>
      </trkpt>
      <trkpt lat="42.317489990964532" lon="2.615270968526602">
        <ele>875</ele>
      </trkpt>
      <trkpt lat="42.317599039524794" lon="2.615289995446801">
        <ele>876</ele>
      </trkpt>
      <trkpt lat="42.31767900288105" lon="2.615332994610071">
        <ele>878</ele>
      </trkpt>
      <trkpt lat="42.317761983722448" lon="2.615382028743625">
        <ele>878</ele>
      </trkpt>
      <trkpt lat="42.317898022010922" lon="2.615484958514571">
        <ele>875</ele>
      </trkpt>
      <trkpt lat="42.318030958995223" lon="2.615613033995032">
        <ele>874</ele>
      </trkpt>
      <trkpt lat="42.318085022270679" lon="2.615710012614727">
        <ele>873</ele>
      </trkpt>
      <trkpt lat="42.318113017827272" lon="2.615772038698196">
        <ele>873</ele>
      </trkpt>
      <trkpt lat="42.318150987848639" lon="2.615949986502528">
        <ele>873</ele>
      </trkpt>
      <trkpt lat="42.318118968978524" lon="2.616156013682485">
        <ele>873</ele>
      </trkpt>
      <trkpt lat="42.318103965371847" lon="2.616337984800339">
        <ele>873</ele>
      </trkpt>
      <trkpt lat="42.31810899451375" lon="2.616483997553587">
        <ele>875</ele>
      </trkpt>
      <trkpt lat="42.318130033090711" lon="2.616655994206667">
        <ele>875</ele>
      </trkpt>
      <trkpt lat="42.31813196092844" lon="2.616837965324521">
        <ele>876</ele>
      </trkpt>
      <trkpt lat="42.318173032253981" lon="2.616951037198305">
        <ele>877</ele>
      </trkpt>
      <trkpt lat="42.318251989781857" lon="2.617038041353226">
        <ele>878</ele>
      </trkpt>
      <trkpt lat="42.318404959514737" lon="2.61707198806107">
        <ele>878</ele>
      </trkpt>
      <trkpt lat="42.318514008074999" lon="2.617086991667748">
        <ele>878</ele>
      </trkpt>
      <trkpt lat="42.318634958937764" lon="2.617099983617663">
        <ele>878</ele>
      </trkpt>
      <trkpt lat="42.318821959197521" lon="2.61715798638761">
        <ele>878</ele>
      </trkpt>
      <trkpt lat="42.318883985280991" lon="2.617196962237358">
        <ele>877</ele>
      </trkpt>
      <trkpt lat="42.318980041891336" lon="2.617252031341195">
        <ele>877</ele>
      </trkpt>
      <trkpt lat="42.319081965833902" lon="2.61730601079762">
        <ele>877</ele>
      </trkpt>
      <trkpt lat="42.31918103992939" lon="2.617400977760553">
        <ele>876</ele>
      </trkpt>
      <trkpt lat="42.319310959428549" lon="2.617539027705789">
        <ele>876</ele>
      </trkpt>
      <trkpt lat="42.319371979683638" lon="2.617555959150195">
        <ele>875</ele>
      </trkpt>
      <trkpt lat="42.319416990503669" lon="2.617635000497103">
        <ele>872</ele>
      </trkpt>
      <trkpt lat="42.319420007988811" lon="2.617743965238333">
        <ele>870</ele>
      </trkpt>
      <trkpt lat="42.319428976625204" lon="2.617754023522139">
        <ele>867</ele>
      </trkpt>
      <trkpt lat="42.319455966353416" lon="2.617843961343169">
        <ele>864</ele>
      </trkpt>
      <trkpt lat="42.319496031850576" lon="2.617889977991581">
        <ele>862</ele>
      </trkpt>
      <trkpt lat="42.319509023800492" lon="2.617903975769877">
        <ele>859</ele>
      </trkpt>
      <trkpt lat="42.319448003545403" lon="2.618050994351506">
        <ele>859</ele>
      </trkpt>
      <trkpt lat="42.319440962746739" lon="2.618073038756847">
        <ele>859</ele>
      </trkpt>
      <trkpt lat="42.319392012432218" lon="2.618212010711432">
        <ele>860</ele>
      </trkpt>
      <trkpt lat="42.319357981905341" lon="2.618306977674365">
        <ele>862</ele>
      </trkpt>
      <trkpt lat="42.319349013268948" lon="2.618386019021273">
        <ele>864</ele>
      </trkpt>
      <trkpt lat="42.319337027147412" lon="2.618433041498065">
        <ele>865</ele>
      </trkpt>
      <trkpt lat="42.319305008277297" lon="2.618563966825604">
        <ele>866</ele>
      </trkpt>
      <trkpt lat="42.319261003285646" lon="2.618677038699389">
        <ele>868</ele>
      </trkpt>
      <trkpt lat="42.319208029657602" lon="2.618778962641954">
        <ele>870</ele>
      </trkpt>
      <trkpt lat="42.319158995524049" lon="2.6188750192523">
        <ele>871</ele>
      </trkpt>
      <trkpt lat="42.319121025502682" lon="2.618973003700376">
        <ele>872</ele>
      </trkpt>
      <trkpt lat="42.31911800801754" lon="2.618989013135433">
        <ele>873</ele>
      </trkpt>
      <trkpt lat="42.319115996360779" lon="2.619014997035265">
        <ele>874</ele>
      </trkpt>
      <trkpt lat="42.319094035774469" lon="2.619088003411889">
        <ele>876</ele>
      </trkpt>
      <trkpt lat="42.319032009691" lon="2.619225969538093">
        <ele>878</ele>
      </trkpt>
      <trkpt lat="42.318991022184491" lon="2.619290007278323">
        <ele>880</ele>
      </trkpt>
      <trkpt lat="42.318940982222557" lon="2.619333006441593">
        <ele>882</ele>
      </trkpt>
      <trkpt lat="42.31886001303792" lon="2.619439037516713">
        <ele>883</ele>
      </trkpt>
      <trkpt lat="42.318801004439592" lon="2.619596030563116">
        <ele>884</ele>
      </trkpt>
      <trkpt lat="42.318799998611212" lon="2.619683034718037">
        <ele>887</ele>
      </trkpt>
      <trkpt lat="42.318776026368141" lon="2.619741959497333">
        <ele>888</ele>
      </trkpt>
      <trkpt lat="42.318776026368141" lon="2.619802979752421">
        <ele>890</ele>
      </trkpt>
      <trkpt lat="42.318766973912716" lon="2.619881015270948">
        <ele>892</ele>
      </trkpt>
      <trkpt lat="42.318739984184504" lon="2.619982017204166">
        <ele>893</ele>
      </trkpt>
      <trkpt lat="42.318764040246606" lon="2.620019987225533">
        <ele>894</ele>
      </trkpt>
      <trkpt lat="42.318827994167805" lon="2.620032979175448">
        <ele>896</ele>
      </trkpt>
      <trkpt lat="42.318891026079655" lon="2.620061980560422">
        <ele>898</ele>
      </trkpt>
      <trkpt lat="42.318914998322725" lon="2.620103973895311">
        <ele>899</ele>
      </trkpt>
      <trkpt lat="42.318965960294008" lon="2.6201840210706">
        <ele>900</ele>
      </trkpt>
      <trkpt lat="42.318981969729066" lon="2.62020799331367">
        <ele>900</ele>
      </trkpt>
      <trkpt lat="42.319000996649265" lon="2.620245963335037">
        <ele>900</ele>
      </trkpt>
      <trkpt lat="42.31907500885427" lon="2.620323998853564">
        <ele>900</ele>
      </trkpt>
      <trkpt lat="42.319098981097341" lon="2.620344031602144">
        <ele>901</ele>
      </trkpt>
      <trkpt lat="42.319150026887655" lon="2.620393987745047">
        <ele>902</ele>
      </trkpt>
      <trkpt lat="42.319171987473965" lon="2.620391976088285">
        <ele>904</ele>
      </trkpt>
      <trkpt lat="42.319268966093659" lon="2.620416032150388">
        <ele>905</ele>
      </trkpt>
      <trkpt lat="42.319325041025877" lon="2.62048501521349">
        <ele>905</ele>
      </trkpt>
      <trkpt lat="42.319353958591819" lon="2.620581993833184">
        <ele>906</ele>
      </trkpt>
      <trkpt lat="42.319367034360766" lon="2.620667992159724">
        <ele>907</ele>
      </trkpt>
      <trkpt lat="42.319405004382133" lon="2.620763964951038">
        <ele>908</ele>
      </trkpt>
      <trkpt lat="42.319463007152081" lon="2.620805958285928">
        <ele>911</ele>
      </trkpt>
      <trkpt lat="42.319521009922028" lon="2.620817022398114">
        <ele>912</ele>
      </trkpt>
      <trkpt lat="42.31957096606493" lon="2.620805036276579">
        <ele>912</ele>
      </trkpt>
      <trkpt lat="42.31965403072536" lon="2.620858009904623">
        <ele>914</ele>
      </trkpt>
      <trkpt lat="42.319722007960081" lon="2.620935961604118">
        <ele>915</ele>
      </trkpt>
      <trkpt lat="42.319786967709661" lon="2.621051967144013">
        <ele>916</ele>
      </trkpt>
      <trkpt lat="42.319790991023183" lon="2.621079962700605">
        <ele>916</ele>
      </trkpt>
      <trkpt lat="42.319843964651227" lon="2.621251037344337">
        <ele>916</ele>
      </trkpt>
      <trkpt lat="42.319859974086285" lon="2.621292024850845">
        <ele>916</ele>
      </trkpt>
      <trkpt lat="42.319933986291289" lon="2.62145203538239">
        <ele>915</ele>
      </trkpt>
      <trkpt lat="42.320010010153055" lon="2.621587989851832">
        <ele>914</ele>
      </trkpt>
      <trkpt lat="42.320104977115989" lon="2.621715981513262">
        <ele>913</ele>
      </trkpt>
      <trkpt lat="42.32019298709929" lon="2.621853025630117">
        <ele>912</ele>
      </trkpt>
      <trkpt lat="42.320270016789436" lon="2.621930977329612">
        <ele>912</ele>
      </trkpt>
      <trkpt lat="42.320360038429499" lon="2.622036002576351">
        <ele>912</ele>
      </trkpt>
      <trkpt lat="42.32040798291564" lon="2.622113032266498">
        <ele>912</ele>
      </trkpt>
      <trkpt lat="42.320477971807122" lon="2.622258961200714">
        <ele>912</ele>
      </trkpt>
      <trkpt lat="42.320524994283915" lon="2.622329033911228">
        <ele>912</ele>
      </trkpt>
      <trkpt lat="42.32057997956872" lon="2.622414026409388">
        <ele>911</ele>
      </trkpt>
      <trkpt lat="42.320586014539003" lon="2.622432969510555">
        <ele>911</ele>
      </trkpt>
      <trkpt lat="42.320697996765375" lon="2.622589040547609">
        <ele>911</ele>
      </trkpt>
      <trkpt lat="42.320776032283902" lon="2.622714014723897">
        <ele>911</ele>
      </trkpt>
      <trkpt lat="42.320847027003765" lon="2.622865978628397">
        <ele>911</ele>
      </trkpt>
      <trkpt lat="42.320866975933313" lon="2.623024983331561">
        <ele>911</ele>
      </trkpt>
      <trkpt lat="42.32088097371161" lon="2.623161021620035">
        <ele>911</ele>
      </trkpt>
      <trkpt lat="42.320882985368371" lon="2.623182982206345">
        <ele>911</ele>
      </trkpt>
      <trkpt lat="42.320933025330305" lon="2.623351039364934">
        <ele>910</ele>
      </trkpt>
      <trkpt lat="42.320964960381389" lon="2.623509038239718">
        <ele>910</ele>
      </trkpt>
      <trkpt lat="42.321024974808097" lon="2.623600987717509">
        <ele>910</ele>
      </trkpt>
      <trkpt lat="42.321076020598412" lon="2.623772984370589">
        <ele>910</ele>
      </trkpt>
      <trkpt lat="42.321080965921283" lon="2.623783964663744">
        <ele>910</ele>
      </trkpt>
      <trkpt lat="42.321155983954668" lon="2.623869040980935">
        <ele>911</ele>
      </trkpt>
      <trkpt lat="42.321153972297907" lon="2.624021004885435">
        <ele>912</ele>
      </trkpt>
      <trkpt lat="42.321150032803416" lon="2.624105997383595">
        <ele>912</ele>
      </trkpt>
      <trkpt lat="42.321132011711597" lon="2.624188978224993">
        <ele>912</ele>
      </trkpt>
      <trkpt lat="42.321146009489894" lon="2.624265002086759">
        <ele>910</ele>
      </trkpt>
      <trkpt lat="42.321165958419442" lon="2.624403974041343">
        <ele>910</ele>
      </trkpt>
      <trkpt lat="42.321172999218106" lon="2.624522997066379">
        <ele>910</ele>
      </trkpt>
      <trkpt lat="42.321166964247823" lon="2.624669009819627">
        <ele>909</ele>
      </trkpt>
      <trkpt lat="42.321166964247823" lon="2.624758025631309">
        <ele>909</ele>
      </trkpt>
      <trkpt lat="42.321180962026119" lon="2.624865984544158">
        <ele>909</ele>
      </trkpt>
      <trkpt lat="42.321192026138306" lon="2.624921975657344">
        <ele>909</ele>
      </trkpt>
      <trkpt lat="42.321200994774699" lon="2.624965980648994">
        <ele>909</ele>
      </trkpt>
      <trkpt lat="42.321206023916602" lon="2.625022977590561">
        <ele>909</ele>
      </trkpt>
      <trkpt lat="42.321188002824783" lon="2.625129008665681">
        <ele>910</ele>
      </trkpt>
      <trkpt lat="42.321185991168022" lon="2.625165972858667">
        <ele>910</ele>
      </trkpt>
      <trkpt lat="42.321208035573363" lon="2.625359008088708">
        <ele>910</ele>
      </trkpt>
      <trkpt lat="42.321214992552996" lon="2.625369988381863">
        <ele>911</ele>
      </trkpt>
      <trkpt lat="42.321227984502912" lon="2.625417010858655">
        <ele>911</ele>
      </trkpt>
      <trkpt lat="42.321304008364677" lon="2.625532010570169">
        <ele>912</ele>
      </trkpt>
      <trkpt lat="42.321367040276527" lon="2.625644998624921">
        <ele>912</ele>
      </trkpt>
      <trkpt lat="42.321380032226443" lon="2.625734014436603">
        <ele>912</ele>
      </trkpt>
      <trkpt lat="42.32139403000474" lon="2.625839961692691">
        <ele>912</ele>
      </trkpt>
      <trkpt lat="42.321457983925939" lon="2.625981029123068">
        <ele>910</ele>
      </trkpt>
      <trkpt lat="42.321457983925939" lon="2.625981029123068">
        <ele>910</ele>
      </trkpt>
      <trkpt lat="42.321486985310912" lon="2.626053029671311">
        <ele>908</ele>
      </trkpt>
      <trkpt lat="42.321517998352647" lon="2.626113966107369">
        <ele>904</ele>
      </trkpt>
      <trkpt lat="42.321517998352647" lon="2.626113966107369">
        <ele>900</ele>
      </trkpt>
      <trkpt lat="42.321517998352647" lon="2.626113966107369">
        <ele>898</ele>
      </trkpt>
      <trkpt lat="42.321605002507567" lon="2.626240029931068">
        <ele>897</ele>
      </trkpt>
      <trkpt lat="42.321657976135612" lon="2.62633197940886">
        <ele>895</ele>
      </trkpt>
      <trkpt lat="42.321683960035443" lon="2.626355029642582">
        <ele>894</ele>
      </trkpt>
      <trkpt lat="42.321757972240448" lon="2.626414960250258">
        <ele>893</ele>
      </trkpt>
      <trkpt lat="42.321758978068829" lon="2.626419989392161">
        <ele>890</ele>
      </trkpt>
      <trkpt lat="42.321729976683855" lon="2.626486038789153">
        <ele>890</ele>
      </trkpt>
      <trkpt lat="42.321751015260816" lon="2.626483021304011">
        <ele>891</ele>
      </trkpt>
      <trkpt lat="42.321749003604054" lon="2.62648100964725">
        <ele>892</ele>
      </trkpt>
      <trkpt lat="42.321772975847125" lon="2.626478997990489">
        <ele>894</ele>
      </trkpt>
      <trkpt lat="42.321768030524254" lon="2.626492995768786">
        <ele>896</ele>
      </trkpt>
      <trkpt lat="42.321759983897209" lon="2.626531971618533">
        <ele>898</ele>
      </trkpt>
      <trkpt lat="42.321770964190364" lon="2.626621993258596">
        <ele>900</ele>
      </trkpt>
      <trkpt lat="42.321754032745957" lon="2.626692987978458">
        <ele>902</ele>
      </trkpt>
      <trkpt lat="42.321757972240448" lon="2.626869007945061">
        <ele>904</ele>
      </trkpt>
      <trkpt lat="42.321712961420417" lon="2.626999011263251">
        <ele>906</ele>
      </trkpt>
      <trkpt lat="42.321731988340616" lon="2.627076962962747">
        <ele>907</ele>
      </trkpt>
      <trkpt lat="42.321724025532603" lon="2.627119962126017">
        <ele>909</ele>
      </trkpt>
      <trkpt lat="42.321668034419417" lon="2.627187017351389">
        <ele>910</ele>
      </trkpt>
      <trkpt lat="42.321654036641121" lon="2.627260023728013">
        <ele>912</ele>
      </trkpt>
      <trkpt lat="42.321621011942625" lon="2.627289025112987">
        <ele>915</ele>
      </trkpt>
      <trkpt lat="42.321579018607736" lon="2.627335041761398">
        <ele>916</ele>
      </trkpt>
      <trkpt lat="42.321556974202394" lon="2.627345016226172">
        <ele>917</ele>
      </trkpt>
      <trkpt lat="42.321444991976023" lon="2.627439983189106">
        <ele>918</ele>
      </trkpt>
      <trkpt lat="42.321328986436129" lon="2.627498991787434">
        <ele>919</ele>
      </trkpt>
      <trkpt lat="42.3211819678545" lon="2.627493962645531">
        <ele>919</ele>
      </trkpt>
      <trkpt lat="42.32113603502512" lon="2.627481976523995">
        <ele>919</ele>
      </trkpt>
      <trkpt lat="42.321056993678212" lon="2.627451969310641">
        <ele>920</ele>
      </trkpt>
      <trkpt lat="42.320960015058517" lon="2.627520030364394">
        <ele>920</ele>
      </trkpt>
      <trkpt lat="42.320884997025132" lon="2.627614997327328">
        <ele>919</ele>
      </trkpt>
      <trkpt lat="42.320749964565039" lon="2.627698983997107">
        <ele>919</ele>
      </trkpt>
      <trkpt lat="42.32070998288691" lon="2.627775007858872">
        <ele>919</ele>
      </trkpt>
      <trkpt lat="42.320677964016795" lon="2.627857988700271">
        <ele>922</ele>
      </trkpt>
      <trkpt lat="42.3206000123173" lon="2.627881038933992">
        <ele>924</ele>
      </trkpt>
      <trkpt lat="42.32047202065587" lon="2.627901993691921">
        <ele>924</ele>
      </trkpt>
      <trkpt lat="42.320463974028826" lon="2.627907022833824">
        <ele>925</ele>
      </trkpt>
      <trkpt lat="42.320417035371065" lon="2.627953039482236">
        <ele>925</ele>
      </trkpt>
      <trkpt lat="42.320409994572401" lon="2.628020010888577">
        <ele>926</ele>
      </trkpt>
      <trkpt lat="42.320452993735671" lon="2.628023028373718">
        <ele>927</ele>
      </trkpt>
      <trkpt lat="42.320504961535335" lon="2.628041971474886">
        <ele>928</ele>
      </trkpt>
      <trkpt lat="42.32055801898241" lon="2.628066027536988">
        <ele>928</ele>
      </trkpt>
      <trkpt lat="42.320582997053862" lon="2.628077007830143">
        <ele>929</ele>
      </trkpt>
      <trkpt lat="42.320608980953693" lon="2.62811497785151">
        <ele>930</ele>
      </trkpt>
      <trkpt lat="42.32064401730895" lon="2.628170968964696">
        <ele>932</ele>
      </trkpt>
      <trkpt lat="42.320617027580738" lon="2.628263002261519">
        <ele>934</ele>
      </trkpt>
      <trkpt lat="42.32064301148057" lon="2.628365010023117">
        <ele>936</ele>
      </trkpt>
      <trkpt lat="42.320613004267216" lon="2.628498030826449">
        <ele>938</ele>
      </trkpt>
      <trkpt lat="42.320598000660539" lon="2.628594003617764">
        <ele>939</ele>
      </trkpt>
      <trkpt lat="42.320640999823809" lon="2.628571959212422">
        <ele>941</ele>
      </trkpt>
      <trkpt lat="42.320676958188415" lon="2.62854496948421">
        <ele>942</ele>
      </trkpt>
      <trkpt lat="42.320734038949013" lon="2.628490990027785">
        <ele>945</ele>
      </trkpt>
      <trkpt lat="42.320783995091915" lon="2.628459976986051">
        <ele>947</ele>
      </trkpt>
      <trkpt lat="42.320811990648508" lon="2.628443967550993">
        <ele>948</ele>
      </trkpt>
      <trkpt lat="42.320852978155017" lon="2.628353023901582">
        <ele>950</ele>
      </trkpt>
      <trkpt lat="42.320886002853513" lon="2.628294015303254">
        <ele>950</ele>
      </trkpt>
      <trkpt lat="42.320968983694911" lon="2.628250010311604">
        <ele>952</ele>
      </trkpt>
      <trkpt lat="42.320983987301588" lon="2.628260990604758">
        <ele>952</ele>
      </trkpt>
      <trkpt lat="42.320985998958349" lon="2.628268031403422">
        <ele>953</ele>
      </trkpt>
      <trkpt lat="42.320993039757013" lon="2.628313964232802">
        <ele>955</ele>
      </trkpt>
      <trkpt lat="42.321001002565026" lon="2.628328967839479">
        <ele>957</ele>
      </trkpt>
      <trkpt lat="42.321020029485226" lon="2.628373978659511">
        <ele>959</ele>
      </trkpt>
      <trkpt lat="42.321008965373039" lon="2.628466011956334">
        <ele>976</ele>
      </trkpt>
      <trkpt lat="42.321001002565026" lon="2.628510016947985">
        <ele>982</ele>
      </trkpt>
      <trkpt lat="42.320997985079885" lon="2.628616970032454">
        <ele>985</ele>
      </trkpt>
      <trkpt lat="42.320996979251504" lon="2.628664998337627">
        <ele>987</ele>
      </trkpt>
      <trkpt lat="42.320998990908265" lon="2.628711014986038">
        <ele>997</ele>
      </trkpt>
      <trkpt lat="42.321020029485226" lon="2.628861973062158">
        <ele>999</ele>
      </trkpt>
      <trkpt lat="42.320997985079885" lon="2.628960041329265">
        <ele>999</ele>
      </trkpt>
      <trkpt lat="42.320990022271872" lon="2.629176964983344">
        <ele>1001</ele>
      </trkpt>
      <trkpt lat="42.32096697203815" lon="2.629517018795013">
        <ele>1002</ele>
      </trkpt>
      <trkpt lat="42.32094400562346" lon="2.629669988527894">
        <ele>1004</ele>
      </trkpt>
      <trkpt lat="42.320937970653176" lon="2.629894036799669">
        <ele>1006</ele>
      </trkpt>
      <trkpt lat="42.320938976481557" lon="2.629949022084475">
        <ele>1008</ele>
      </trkpt>
      <trkpt lat="42.320942999795079" lon="2.629964025691152">
        <ele>1011</ele>
      </trkpt>
      <trkpt lat="42.320942999795079" lon="2.629984980449081">
        <ele>1014</ele>
      </trkpt>
      <trkpt lat="42.32094400562346" lon="2.630195030942559">
        <ele>1016</ele>
      </trkpt>
      <trkpt lat="42.320958003401756" lon="2.630351018160582">
        <ele>1018</ele>
      </trkpt>
      <trkpt lat="42.320960015058517" lon="2.630418995395303">
        <ele>1020</ele>
      </trkpt>
      <trkpt lat="42.320959009230137" lon="2.630442967638373">
        <ele>1023</ele>
      </trkpt>
      <trkpt lat="42.320961020886898" lon="2.630441039800644">
        <ele>1024</ele>
      </trkpt>
      <trkpt lat="42.320975018665195" lon="2.630518991500139">
        <ele>1026</ele>
      </trkpt>
      <trkpt lat="42.320975018665195" lon="2.630518991500139">
        <ele>1028</ele>
      </trkpt>
      <trkpt lat="42.320954985916615" lon="2.630575988441706">
        <ele>1028</ele>
      </trkpt>
      <trkpt lat="42.320926990360022" lon="2.630742033943534">
        <ele>1030</ele>
      </trkpt>
      <trkpt lat="42.320919027552009" lon="2.630877988412976">
        <ele>1033</ele>
      </trkpt>
      <trkpt lat="42.320918021723628" lon="2.631069011986256">
        <ele>1041</ele>
      </trkpt>
      <trkpt lat="42.320927996188402" lon="2.631194991990924">
        <ele>1042</ele>
      </trkpt>
      <trkpt lat="42.32092497870326" lon="2.631339998915792">
        <ele>1044</ele>
      </trkpt>
      <trkpt lat="42.320931013673544" lon="2.63142398558557">
        <ele>1046</ele>
      </trkpt>
      <trkpt lat="42.320927996188402" lon="2.631490034982562">
        <ele>1048</ele>
      </trkpt>
      <trkpt lat="42.320935958996415" lon="2.631626995280385">
        <ele>1050</ele>
      </trkpt>
      <trkpt lat="42.320926990360022" lon="2.631676029413939">
        <ele>1052</ele>
      </trkpt>
      <trkpt lat="42.320927996188402" lon="2.631826987490058">
        <ele>1054</ele>
      </trkpt>
      <trkpt lat="42.320921961218119" lon="2.631865041330457">
        <ele>1057</ele>
      </trkpt>
      <trkpt lat="42.32090100646019" lon="2.631947016343474">
        <ele>1060</ele>
      </trkpt>
      <trkpt lat="42.320909975096583" lon="2.632120018824935">
        <ele>1061</ele>
      </trkpt>
      <trkpt lat="42.320907041430473" lon="2.632135022431612">
        <ele>1062</ele>
      </trkpt>
      <trkpt lat="42.320908969268203" lon="2.632245998829603">
        <ele>1064</ele>
      </trkpt>
      <trkpt lat="42.320878962054849" lon="2.632334008812904">
        <ele>1066</ele>
      </trkpt>
      <trkpt lat="42.32079598121345" lon="2.632558979094029">
        <ele>1068</ele>
      </trkpt>
      <trkpt lat="42.320778965950012" lon="2.632623016834259">
        <ele>1070</ele>
      </trkpt>
      <trkpt lat="42.320786006748676" lon="2.632699040696025">
        <ele>1071</ele>
      </trkpt>
      <trkpt lat="42.320810984820127" lon="2.63275402598083">
        <ele>1073</ele>
      </trkpt>
      <trkpt lat="42.320808973163366" lon="2.632772969081998">
        <ele>1075</ele>
      </trkpt>
      <trkpt lat="42.320806961506605" lon="2.632794007658958">
        <ele>1077</ele>
      </trkpt>
      <trkpt lat="42.320783995091915" lon="2.633001962676644">
        <ele>1079</ele>
      </trkpt>
      <trkpt lat="42.320779971778393" lon="2.633040016517043">
        <ele>1081</ele>
      </trkpt>
      <trkpt lat="42.320775026455522" lon="2.633102964609861">
        <ele>1083</ele>
      </trkpt>
      <trkpt lat="42.320791035890579" lon="2.633134983479977">
        <ele>1084</ele>
      </trkpt>
      <trkpt lat="42.320806039497256" lon="2.63316297903657">
        <ele>1086</ele>
      </trkpt>
      <trkpt lat="42.320792963728309" lon="2.633276972919703">
        <ele>1088</ele>
      </trkpt>
      <trkpt lat="42.320804027840495" lon="2.633331958204508">
        <ele>1090</ele>
      </trkpt>
      <trkpt lat="42.320865970104933" lon="2.633384009823203">
        <ele>1092</ele>
      </trkpt>
      <trkpt lat="42.320869993418455" lon="2.633387027308345">
        <ele>1094</ele>
      </trkpt>
      <trkpt lat="42.320869993418455" lon="2.633387027308345">
        <ele>1095</ele>
      </trkpt>
      <trkpt lat="42.32083504088223" lon="2.633432038128376">
        <ele>1095</ele>
      </trkpt>
      <trkpt lat="42.3207519762218" lon="2.633596993982792">
        <ele>1096</ele>
      </trkpt>
      <trkpt lat="42.320629013702273" lon="2.633774019777775">
        <ele>1098</ele>
      </trkpt>
      <trkpt lat="42.320541003718972" lon="2.633902011439204">
        <ele>1099</ele>
      </trkpt>
      <trkpt lat="42.320430027320981" lon="2.634005025029182">
        <ele>1101</ele>
      </trkpt>
      <trkpt lat="42.320344028994441" lon="2.634095968678594">
        <ele>1102</ele>
      </trkpt>
      <trkpt lat="42.320202039554715" lon="2.634197976440191">
        <ele>1103</ele>
      </trkpt>
      <trkpt lat="42.320088967680931" lon="2.634218009188771">
        <ele>1105</ele>
      </trkpt>
      <trkpt lat="42.320005986839533" lon="2.634280035272241">
        <ele>1107</ele>
      </trkpt>
      <trkpt lat="42.319974973797798" lon="2.634305013343692">
        <ele>1108</ele>
      </trkpt>
      <trkpt lat="42.319953013211489" lon="2.634337032213807">
        <ele>1109</ele>
      </trkpt>
      <trkpt lat="42.319953013211489" lon="2.634337032213807">
        <ele>1110</ele>
      </trkpt>
      <trkpt lat="42.319911019876599" lon="2.634401991963387">
        <ele>1110</ele>
      </trkpt>
      <trkpt lat="42.319839019328356" lon="2.634543981403112">
        <ele>1110</ele>
      </trkpt>
      <trkpt lat="42.319759977981448" lon="2.634653029963374">
        <ele>1109</ele>
      </trkpt>
      <trkpt lat="42.319641960784793" lon="2.634720001369715">
        <ele>1109</ele>
      </trkpt>
      <trkpt lat="42.319534001871943" lon="2.634785966947675">
        <ele>1109</ele>
      </trkpt>
      <trkpt lat="42.319466024637222" lon="2.634835001081228">
        <ele>1109</ele>
      </trkpt>
      <trkpt lat="42.319413973018527" lon="2.634909013286233">
        <ele>1109</ele>
      </trkpt>
      <trkpt lat="42.319362005218863" lon="2.634969027712941">
        <ele>1109</ele>
      </trkpt>
      <trkpt lat="42.319249017164111" lon="2.635113028809428">
        <ele>1109</ele>
      </trkpt>
      <trkpt lat="42.319243988022208" lon="2.635121997445822">
        <ele>1109</ele>
      </trkpt>
      <trkpt lat="42.319233007729053" lon="2.635144963860512">
        <ele>1109</ele>
      </trkpt>
      <trkpt lat="42.319117002189159" lon="2.635259041562676">
        <ele>1109</ele>
      </trkpt>
      <trkpt lat="42.319009965285659" lon="2.635325007140636">
        <ele>1109</ele>
      </trkpt>
      <trkpt lat="42.318913992494345" lon="2.635394996032119">
        <ele>1109</ele>
      </trkpt>
      <trkpt lat="42.318816008046269" lon="2.635446963831782">
        <ele>1109</ele>
      </trkpt>
      <trkpt lat="42.318716011941433" lon="2.635617032647133">
        <ele>1108</ele>
      </trkpt>
      <trkpt lat="42.318705031648278" lon="2.635660031810403">
        <ele>1108</ele>
      </trkpt>
      <trkpt lat="42.318626996129751" lon="2.635762961581349">
        <ele>1108</ele>
      </trkpt>
      <trkpt lat="42.318548038601875" lon="2.635873015969992">
        <ele>1110</ele>
      </trkpt>
      <trkpt lat="42.318486012518406" lon="2.635964965447784">
        <ele>1111</ele>
      </trkpt>
      <trkpt lat="42.318486012518406" lon="2.635964965447784">
        <ele>1111</ele>
      </trkpt>
      <trkpt lat="42.318481989204884" lon="2.635952979326248">
        <ele>1111</ele>
      </trkpt>
      <trkpt lat="42.318447958678007" lon="2.635958008468151">
        <ele>1111</ele>
      </trkpt>
      <trkpt lat="42.318375958129764" lon="2.635952979326248">
        <ele>1111</ele>
      </trkpt>
      <trkpt lat="42.318316027522087" lon="2.635950967669487">
        <ele>1111</ele>
      </trkpt>
      <trkpt lat="42.318174038082361" lon="2.635900005698204">
        <ele>1111</ele>
      </trkpt>
      <trkpt lat="42.318082004785538" lon="2.635883996263146">
        <ele>1110</ele>
      </trkpt>
      <trkpt lat="42.317989971488714" lon="2.635873015969992">
        <ele>1109</ele>
      </trkpt>
      <trkpt lat="42.317950995638967" lon="2.635896988213062">
        <ele>1109</ele>
      </trkpt>
      <trkpt lat="42.317869020625949" lon="2.636059010401368">
        <ele>1108</ele>
      </trkpt>
      <trkpt lat="42.317792996764183" lon="2.636192031204701">
        <ele>1106</ele>
      </trkpt>
      <trkpt lat="42.3177420347929" lon="2.636288003996015">
        <ele>1105</ele>
      </trkpt>
      <trkpt lat="42.317704986780882" lon="2.636366039514542">
        <ele>1105</ele>
      </trkpt>
      <trkpt lat="42.317683026194572" lon="2.636420018970966">
        <ele>1104</ele>
      </trkpt>
      <trkpt lat="42.317648995667696" lon="2.636525966227055">
        <ele>1104</ele>
      </trkpt>
      <trkpt lat="42.317632986232638" lon="2.636720007285476">
        <ele>1103</ele>
      </trkpt>
      <trkpt lat="42.317663999274373" lon="2.636929973959923">
        <ele>1103</ele>
      </trkpt>
      <trkpt lat="42.317666010931134" lon="2.637080010026693">
        <ele>1103</ele>
      </trkpt>
      <trkpt lat="42.31769903562963" lon="2.637235997244716">
        <ele>1103</ele>
      </trkpt>
      <trkpt lat="42.31769903562963" lon="2.637253012508154">
        <ele>1103</ele>
      </trkpt>
      <trkpt lat="42.31767900288105" lon="2.637420985847712">
        <ele>1103</ele>
      </trkpt>
      <trkpt lat="42.31770096346736" lon="2.637597005814314">
        <ele>1102</ele>
      </trkpt>
      <trkpt lat="42.317697023972869" lon="2.637618966400623">
        <ele>1102</ele>
      </trkpt>
      <trkpt lat="42.31770196929574" lon="2.637737989425659">
        <ele>1100</ele>
      </trkpt>
      <trkpt lat="42.317712027579546" lon="2.637890037149191">
        <ele>1099</ele>
      </trkpt>
      <trkpt lat="42.317704986780882" lon="2.638034038245678">
        <ele>1098</ele>
      </trkpt>
      <trkpt lat="42.317725019529462" lon="2.638173010200262">
        <ele>1097</ele>
      </trkpt>
      <trkpt lat="42.317723007872701" lon="2.638312987983227">
        <ele>1096</ele>
      </trkpt>
      <trkpt lat="42.317752009257674" lon="2.638478027656674">
        <ele>1095</ele>
      </trkpt>
      <trkpt lat="42.31776500120759" lon="2.638584980741143">
        <ele>1094</ele>
      </trkpt>
      <trkpt lat="42.317761983722448" lon="2.638680031523109">
        <ele>1094</ele>
      </trkpt>
      <trkpt lat="42.317749997600913" lon="2.638744991272688">
        <ele>1093</ele>
      </trkpt>
      <trkpt lat="42.31774102896452" lon="2.638819003477693">
        <ele>1093</ele>
      </trkpt>
      <trkpt lat="42.317712027579546" lon="2.639022013172507">
        <ele>1092</ele>
      </trkpt>
      <trkpt lat="42.317695012316108" lon="2.639089990407229">
        <ele>1091</ele>
      </trkpt>
      <trkpt lat="42.317623011767864" lon="2.639325018972158">
        <ele>1090</ele>
      </trkpt>
      <trkpt lat="42.317622005939484" lon="2.639342034235597">
        <ele>1090</ele>
      </trkpt>
      <trkpt lat="42.317570960149169" lon="2.639556024223566">
        <ele>1089</ele>
      </trkpt>
      <trkpt lat="42.317487979307771" lon="2.639700025320053">
        <ele>1089</ele>
      </trkpt>
      <trkpt lat="42.317349007353187" lon="2.63984302058816">
        <ele>1088</ele>
      </trkpt>
      <trkpt lat="42.317326040938497" lon="2.639862969517708">
        <ele>1088</ele>
      </trkpt>
      <trkpt lat="42.317258985713124" lon="2.639900017529726">
        <ele>1087</ele>
      </trkpt>
      <trkpt lat="42.317198971286416" lon="2.639960031956434">
        <ele>1087</ele>
      </trkpt>
      <trkpt lat="42.317067962139845" lon="2.640119036659598">
        <ele>1086</ele>
      </trkpt>
      <trkpt lat="42.316978024318814" lon="2.640197994187474">
        <ele>1086</ele>
      </trkpt>
      <trkpt lat="42.316836034879088" lon="2.640311988070607">
        <ele>1086</ele>
      </trkpt>
      <trkpt lat="42.31671198271215" lon="2.640350963920355">
        <ele>1086</ele>
      </trkpt>
      <trkpt lat="42.316565969958901" lon="2.640329003334045">
        <ele>1085</ele>
      </trkpt>
      <trkpt lat="42.316469997167587" lon="2.640326991677284">
        <ele>1084</ele>
      </trkpt>
      <trkpt lat="42.316292971372604" lon="2.640288015827537">
        <ele>1082</ele>
      </trkpt>
      <trkpt lat="42.31626195833087" lon="2.640254991129041">
        <ele>1081</ele>
      </trkpt>
      <trkpt lat="42.316147964447737" lon="2.640094980597496">
        <ele>1079</ele>
      </trkpt>
      <trkpt lat="42.3160479683429" lon="2.639928013086319">
        <ele>1077</ele>
      </trkpt>
      <trkpt lat="42.315972028300166" lon="2.639793986454606">
        <ele>1076</ele>
      </trkpt>
      <trkpt lat="42.315887035802007" lon="2.639642022550106">
        <ele>1074</ele>
      </trkpt>
      <trkpt lat="42.315801037475467" lon="2.63956599868834">
        <ele>1073</ele>
      </trkpt>
      <trkpt lat="42.315699029713869" lon="2.639512019231916">
        <ele>1071</ele>
      </trkpt>
      <trkpt lat="42.315664999186993" lon="2.63950003311038">
        <ele>1070</ele>
      </trkpt>
      <trkpt lat="42.315666005015373" lon="2.639558035880327">
        <ele>1068</ele>
      </trkpt>
      <trkpt lat="42.31566097587347" lon="2.639618972316384">
        <ele>1067</ele>
      </trkpt>
      <trkpt lat="42.3156370036304" lon="2.639635987579823">
        <ele>1064</ele>
      </trkpt>
      <trkpt lat="42.315643038600683" lon="2.639713017269969">
        <ele>1063</ele>
      </trkpt>
      <trkpt lat="42.315674973651767" lon="2.639826005324721">
        <ele>1061</ele>
      </trkpt>
      <trkpt lat="42.31572300195694" lon="2.639921978116036">
        <ele>1060</ele>
      </trkpt>
      <trkpt lat="42.315726019442081" lon="2.640062039718032">
        <ele>1059</ele>
      </trkpt>
      <trkpt lat="42.315735993906856" lon="2.640161029994488">
        <ele>1057</ele>
      </trkpt>
      <trkpt lat="42.315742028877139" lon="2.640341995283961">
        <ele>1057</ele>
      </trkpt>
      <trkpt lat="42.315759966149926" lon="2.64053100720048">
        <ele>1056</ele>
      </trkpt>
      <trkpt lat="42.315736999735236" lon="2.640608958899975">
        <ele>1055</ele>
      </trkpt>
      <trkpt lat="42.315720990300179" lon="2.64072597026825">
        <ele>1052</ele>
      </trkpt>
      <trkpt lat="42.31568100862205" lon="2.640853961929679">
        <ele>1050</ele>
      </trkpt>
      <trkpt lat="42.315603978931904" lon="2.641049008816481">
        <ele>1048</ele>
      </trkpt>
      <trkpt lat="42.315559973940253" lon="2.64115596190095">
        <ele>1047</ele>
      </trkpt>
      <trkpt lat="42.315495014190674" lon="2.64128596521914">
        <ele>1044</ele>
      </trkpt>
      <trkpt lat="42.315458972007036" lon="2.641446981579065">
        <ele>1042</ele>
      </trkpt>
      <trkpt lat="42.315451009199023" lon="2.641538009047508">
        <ele>1041</ele>
      </trkpt>
      <trkpt lat="42.31540298089385" lon="2.641635993495584">
        <ele>1039</ele>
      </trkpt>
      <trkpt lat="42.315364005044103" lon="2.641716040670872">
        <ele>1037</ele>
      </trkpt>
      <trkpt lat="42.315302984789014" lon="2.641712017357349">
        <ele>1035</ele>
      </trkpt>
      <trkpt lat="42.315266020596027" lon="2.641621995717287">
        <ele>1033</ele>
      </trkpt>
      <trkpt lat="42.315237019211054" lon="2.641644040122628">
        <ele>1030</ele>
      </trkpt>
      <trkpt lat="42.315197037532926" lon="2.641784017905593">
        <ele>1029</ele>
      </trkpt>
      <trkpt lat="42.315199971199036" lon="2.641935981810093">
        <ele>1028</ele>
      </trkpt>
      <trkpt lat="42.315197959542274" lon="2.64199398458004">
        <ele>1027</ele>
      </trkpt>
      <trkpt lat="42.315168036147952" lon="2.642088029533625">
        <ele>1025</ele>
      </trkpt>
      <trkpt lat="42.315116990357637" lon="2.641991972923279">
        <ele>1023</ele>
      </trkpt>
      <trkpt lat="42.315069967880845" lon="2.641916032880545">
        <ele>1021</ele>
      </trkpt>
      <trkpt lat="42.315039038658142" lon="2.641915027052164">
        <ele>1018</ele>
      </trkpt>
      <trkpt lat="42.314995033666492" lon="2.642046036198735">
        <ele>1016</ele>
      </trkpt>
      <trkpt lat="42.314978018403053" lon="2.642137985676527">
        <ele>1014</ele>
      </trkpt>
      <trkpt lat="42.314983969554305" lon="2.642179979011416">
        <ele>1014</ele>
      </trkpt>
      <trkpt lat="42.315002996474504" lon="2.642351975664496">
        <ele>1014</ele>
      </trkpt>
      <trkpt lat="42.314997967332602" lon="2.642464963719249">
        <ele>1014</ele>
      </trkpt>
      <trkpt lat="42.314953962340951" lon="2.642580969259143">
        <ele>1013</ele>
      </trkpt>
      <trkpt lat="42.314943987876177" lon="2.642653975635767">
        <ele>1012</ele>
      </trkpt>
      <trkpt lat="42.314935019239783" lon="2.642665039747953">
        <ele>1011</ele>
      </trkpt>
      <trkpt lat="42.314932001754642" lon="2.642653975635767">
        <ele>1011</ele>
      </trkpt>
      <trkpt lat="42.3149289842695" lon="2.642613993957639">
        <ele>1010</ele>
      </trkpt>
      <trkpt lat="42.314919009804726" lon="2.642469992861152">
        <ele>1007</ele>
      </trkpt>
      <trkpt lat="42.314905012026429" lon="2.642464963719249">
        <ele>1006</ele>
      </trkpt>
      <trkpt lat="42.314896965399384" lon="2.642472004517913">
        <ele>1003</ele>
      </trkpt>
      <trkpt lat="42.314850026741624" lon="2.642439985647798">
        <ele>1001</ele>
      </trkpt>
      <trkpt lat="42.314814990386367" lon="2.642459012567997">
        <ele>999</ele>
      </trkpt>
      <trkpt lat="42.314774002879858" lon="2.642519026994705">
        <ele>997</ele>
      </trkpt>
      <trkpt lat="42.3147579934448" lon="2.642620028927922">
        <ele>995</ele>
      </trkpt>
      <trkpt lat="42.314738966524601" lon="2.642679959535599">
        <ele>993</ele>
      </trkpt>
      <trkpt lat="42.31471499428153" lon="2.642805017530918">
        <ele>991</ele>
      </trkpt>
      <trkpt lat="42.314706025645137" lon="2.6427679695189">
        <ele>990</ele>
      </trkpt>
      <trkpt lat="42.31467199511826" lon="2.642657998949289">
        <ele>989</ele>
      </trkpt>
      <trkpt lat="42.314635030925274" lon="2.642685994505882">
        <ele>987</ele>
      </trkpt>
      <trkpt lat="42.314613992348313" lon="2.64276503585279">
        <ele>985</ele>
      </trkpt>
      <trkpt lat="42.31458599679172" lon="2.642822032794356">
        <ele>983</ele>
      </trkpt>
      <trkpt lat="42.314527994021773" lon="2.642861008644104">
        <ele>981</ele>
      </trkpt>
      <trkpt lat="42.314503015950322" lon="2.642932003363967">
        <ele>980</ele>
      </trkpt>
      <trkpt lat="42.314480971544981" lon="2.64298003166914">
        <ele>978</ele>
      </trkpt>
      <trkpt lat="42.314443001523614" lon="2.643047003075481">
        <ele>975</ele>
      </trkpt>
      <trkpt lat="42.314408970996737" lon="2.643130989745259">
        <ele>974</ele>
      </trkpt>
      <trkpt lat="42.314354991540313" lon="2.643183963373303">
        <ele>971</ele>
      </trkpt>
      <trkpt lat="42.31430696323514" lon="2.643235009163618">
        <ele>969</ele>
      </trkpt>
      <trkpt lat="42.314269999042153" lon="2.643312038853765">
        <ele>967</ele>
      </trkpt>
      <trkpt lat="42.314247032627463" lon="2.643372975289822">
        <ele>966</ele>
      </trkpt>
      <trkpt lat="42.314211996272206" lon="2.643444975838065">
        <ele>963</ele>
      </trkpt>
      <trkpt lat="42.314211996272206" lon="2.643444975838065">
        <ele>961</ele>
      </trkpt>
      <trkpt lat="42.314205961301923" lon="2.643465008586645">
        <ele>960</ele>
      </trkpt>
      <trkpt lat="42.31413496658206" lon="2.643588976934552">
        <ele>959</ele>
      </trkpt>
      <trkpt lat="42.314099008217454" lon="2.643639016896486">
        <ele>957</ele>
      </trkpt>
      <trkpt lat="42.314032958820462" lon="2.64358595944941">
        <ele>955</ele>
      </trkpt>
      <trkpt lat="42.313990965485573" lon="2.643548995256424">
        <ele>952</ele>
      </trkpt>
      <trkpt lat="42.313979985192418" lon="2.643565004691482">
        <ele>949</ele>
      </trkpt>
      <trkpt lat="42.313947966322303" lon="2.64360498636961">
        <ele>947</ele>
      </trkpt>
      <trkpt lat="42.313848976045847" lon="2.643731972202659">
        <ele>944</ele>
      </trkpt>
      <trkpt lat="42.313777981325984" lon="2.643686961382628">
        <ele>942</ele>
      </trkpt>
      <trkpt lat="42.313754009082913" lon="2.643566010519862">
        <ele>940</ele>
      </trkpt>
      <trkpt lat="42.313733976334333" lon="2.643456039950252">
        <ele>938</ele>
      </trkpt>
      <trkpt lat="42.313667004927993" lon="2.643503984436393">
        <ele>936</ele>
      </trkpt>
      <trkpt lat="42.31366197578609" lon="2.64354002662003">
        <ele>934</ele>
      </trkpt>
      <trkpt lat="42.313658958300948" lon="2.64354002662003">
        <ele>933</ele>
      </trkpt>
      <trkpt lat="42.313624005764723" lon="2.643619989976287">
        <ele>932</ele>
      </trkpt>
      <trkpt lat="42.313589975237846" lon="2.643704982474446">
        <ele>930</ele>
      </trkpt>
      <trkpt lat="42.313550999388099" lon="2.643810007721186">
        <ele>927</ele>
      </trkpt>
      <trkpt lat="42.313523003831506" lon="2.643899023532867">
        <ele>926</ele>
      </trkpt>
      <trkpt lat="42.313482016324997" lon="2.643978986889124">
        <ele>925</ele>
      </trkpt>
      <trkpt lat="42.313439017161727" lon="2.644082000479102">
        <ele>922</ele>
      </trkpt>
      <trkpt lat="42.313397023826838" lon="2.644156012684107">
        <ele>920</ele>
      </trkpt>
      <trkpt lat="42.313351007178426" lon="2.64422700740397">
        <ele>918</ele>
      </trkpt>
      <trkpt lat="42.313293004408479" lon="2.64422700740397">
        <ele>916</ele>
      </trkpt>
      <trkpt lat="42.313244976103306" lon="2.644237987697125">
        <ele>914</ele>
      </trkpt>
      <trkpt lat="42.313227960839868" lon="2.644328009337187">
        <ele>912</ele>
      </trkpt>
      <trkpt lat="42.313237013295293" lon="2.644424987956882">
        <ele>911</ele>
      </trkpt>
      <trkpt lat="42.313232989981771" lon="2.644488019868732">
        <ele>910</ele>
      </trkpt>
      <trkpt lat="42.313222009688616" lon="2.6446139998734">
        <ele>908</ele>
      </trkpt>
      <trkpt lat="42.313203988596797" lon="2.644705027341843">
        <ele>902</ele>
      </trkpt>
      <trkpt lat="42.313186973333359" lon="2.644721958786249">
        <ele>898</ele>
      </trkpt>
      <trkpt lat="42.313168030232191" lon="2.644736040383577">
        <ele>898</ele>
      </trkpt>
      <trkpt lat="42.313149003311992" lon="2.644749032333493">
        <ele>898</ele>
      </trkpt>
      <trkpt lat="42.313067028298974" lon="2.644863026216626">
        <ele>898</ele>
      </trkpt>
      <trkpt lat="42.313043978065252" lon="2.644878029823303">
        <ele>898</ele>
      </trkpt>
      <trkpt lat="42.312986981123686" lon="2.644992023706436">
        <ele>887</ele>
      </trkpt>
      <trkpt lat="42.312954040244222" lon="2.645229985937476">
        <ele>866</ele>
      </trkpt>
      <trkpt lat="42.312919003888965" lon="2.645327970385552">
        <ele>865</ele>
      </trkpt>
      <trkpt lat="42.312897965312004" lon="2.645415980368853">
        <ele>854</ele>
      </trkpt>
      <trkpt lat="42.312882961705327" lon="2.645699037238956">
        <ele>853</ele>
      </trkpt>
      <trkpt lat="42.312869969755411" lon="2.645871033892036">
        <ele>851</ele>
      </trkpt>
      <trkpt lat="42.312870975583792" lon="2.645901963114739">
        <ele>850</ele>
      </trkpt>
      <trkpt lat="42.312873993068933" lon="2.646294990554452">
        <ele>849</ele>
      </trkpt>
      <trkpt lat="42.312877010554075" lon="2.646554997190833">
        <ele>848</ele>
      </trkpt>
      <trkpt lat="42.312849014997482" lon="2.646806035190821">
        <ele>825</ele>
      </trkpt>
      <trkpt lat="42.312853038311005" lon="2.646919023245573">
        <ele>823</ele>
      </trkpt>
      <trkpt lat="42.312855971977115" lon="2.646917011588812">
        <ele>820</ele>
      </trkpt>
      <trkpt lat="42.312840968370438" lon="2.646992029622197">
        <ele>818</ele>
      </trkpt>
      <trkpt lat="42.312840968370438" lon="2.646992029622197">
        <ele>816</ele>
      </trkpt>
      <trkpt lat="42.312827976420522" lon="2.647089008241892">
        <ele>813</ele>
      </trkpt>
      <trkpt lat="42.312749018892646" lon="2.647404000163078">
        <ele>812</ele>
      </trkpt>
      <trkpt lat="42.312714988365769" lon="2.64751497656107">
        <ele>811</ele>
      </trkpt>
      <trkpt lat="42.312713982537389" lon="2.647540038451552">
        <ele>811</ele>
      </trkpt>
      <trkpt lat="42.312633013352752" lon="2.647957038134337">
        <ele>811</ele>
      </trkpt>
      <trkpt lat="42.312610968947411" lon="2.648071032017469">
        <ele>811</ele>
      </trkpt>
      <trkpt lat="42.312516001984477" lon="2.648212015628815">
        <ele>811</ele>
      </trkpt>
      <trkpt lat="42.312477026134729" lon="2.648237999528647">
        <ele>810</ele>
      </trkpt>
      <trkpt lat="42.312433021143079" lon="2.648431034758687">
        <ele>811</ele>
      </trkpt>
      <trkpt lat="42.312492029741406" lon="2.648523990064859">
        <ele>812</ele>
      </trkpt>
      <trkpt lat="42.312568975612521" lon="2.648650975897908">
        <ele>812</ele>
      </trkpt>
      <trkpt lat="42.312639970332384" lon="2.648714007809758">
        <ele>812</ele>
      </trkpt>
      <trkpt lat="42.312714988365769" lon="2.648823978379369">
        <ele>812</ele>
      </trkpt>
      <trkpt lat="42.312820013612509" lon="2.648933026939631">
        <ele>812</ele>
      </trkpt>
      <trkpt lat="42.312876004725695" lon="2.649089014157653">
        <ele>813</ele>
      </trkpt>
      <trkpt lat="42.312896959483624" lon="2.649124972522259">
        <ele>813</ele>
      </trkpt>
      <trkpt lat="42.312931995838881" lon="2.649222034960985">
        <ele>812</ele>
      </trkpt>
      <trkpt lat="42.312995027750731" lon="2.64934197999537">
        <ele>812</ele>
      </trkpt>
      <trkpt lat="42.313038026914001" lon="2.649420015513897">
        <ele>811</ele>
      </trkpt>
      <trkpt lat="42.313049007207155" lon="2.649452034384012">
        <ele>811</ele>
      </trkpt>
      <trkpt lat="42.313126036897302" lon="2.649511964991689">
        <ele>811</ele>
      </trkpt>
      <trkpt lat="42.313161995261908" lon="2.649653032422066">
        <ele>811</ele>
      </trkpt>
      <trkpt lat="42.313135005533695" lon="2.649842966347933">
        <ele>810</ele>
      </trkpt>
      <trkpt lat="42.313132993876934" lon="2.649913961067796">
        <ele>810</ele>
      </trkpt>
      <trkpt lat="42.313125031068921" lon="2.650110013782978">
        <ele>810</ele>
      </trkpt>
      <trkpt lat="42.313066022470593" lon="2.650282010436058">
        <ele>808</ele>
      </trkpt>
      <trkpt lat="42.313012965023518" lon="2.650469010695815">
        <ele>806</ele>
      </trkpt>
      <trkpt lat="42.312940964475274" lon="2.650638995692134">
        <ele>805</ele>
      </trkpt>
      <trkpt lat="42.312900982797146" lon="2.650775033980608">
        <ele>804</ele>
      </trkpt>
      <trkpt lat="42.312857983633876" lon="2.65088802203536">
        <ele>801</ele>
      </trkpt>
      <trkpt lat="42.312793023884296" lon="2.651004027575254">
        <ele>800</ele>
      </trkpt>
      <trkpt lat="42.312706019729376" lon="2.651091031730175">
        <ele>798</ele>
      </trkpt>
      <trkpt lat="42.312633013352752" lon="2.651183987036347">
        <ele>797</ele>
      </trkpt>
      <trkpt lat="42.312596971169114" lon="2.651228997856379">
        <ele>795</ele>
      </trkpt>
      <trkpt lat="42.312516001984477" lon="2.651262022554874">
        <ele>793</ele>
      </trkpt>
      <trkpt lat="42.312466967850924" lon="2.65136101283133">
        <ele>791</ele>
      </trkpt>
      <trkpt lat="42.312447018921375" lon="2.651411974802613">
        <ele>791</ele>
      </trkpt>
      <trkpt lat="42.312409970909357" lon="2.651485987007618">
        <ele>791</ele>
      </trkpt>
      <trkpt lat="42.312296982854605" lon="2.651600986719132">
        <ele>790</ele>
      </trkpt>
      <trkpt lat="42.312278039753437" lon="2.651629988104105">
        <ele>790</ele>
      </trkpt>
      <trkpt lat="42.312201010063291" lon="2.651787986978889">
        <ele>788</ele>
      </trkpt>
      <trkpt lat="42.312077963724732" lon="2.651926036924124">
        <ele>787</ele>
      </trkpt>
      <trkpt lat="42.31202800758183" lon="2.651906004175544">
        <ele>785</ele>
      </trkpt>
      <trkpt lat="42.311949972063303" lon="2.651737025007606">
        <ele>782</ele>
      </trkpt>
      <trkpt lat="42.31192197650671" lon="2.651695031672716">
        <ele>780</ele>
      </trkpt>
      <trkpt lat="42.311881994828582" lon="2.651696037501097">
        <ele>776</ele>
      </trkpt>
      <trkpt lat="42.311842013150454" lon="2.651639962568879">
        <ele>775</ele>
      </trkpt>
      <trkpt lat="42.311756014823914" lon="2.651552958413959">
        <ele>773</ele>
      </trkpt>
      <trkpt lat="42.311711004003882" lon="2.651557987555862">
        <ele>769</ele>
      </trkpt>
      <trkpt lat="42.311698012053967" lon="2.651564022526145">
        <ele>768</ele>
      </trkpt>
      <trkpt lat="42.311572032049298" lon="2.651627976447344">
        <ele>767</ele>
      </trkpt>
      <trkpt lat="42.311473041772842" lon="2.651866022497416">
        <ele>768</ele>
      </trkpt>
      <trkpt lat="42.311473041772842" lon="2.651885971426964">
        <ele>768</ele>
      </trkpt>
      <trkpt lat="42.311543030664325" lon="2.651984039694071">
        <ele>768</ele>
      </trkpt>
      <trkpt lat="42.311703041195869" lon="2.65236902050674">
        <ele>766</ele>
      </trkpt>
      <trkpt lat="42.311795996502042" lon="2.652625003829598">
        <ele>765</ele>
      </trkpt>
      <trkpt lat="42.311820974573493" lon="2.652874030172825">
        <ele>764</ele>
      </trkpt>
      <trkpt lat="42.311771018430591" lon="2.653153985738754">
        <ele>764</ele>
      </trkpt>
      <trkpt lat="42.311744028702378" lon="2.653207965195179">
        <ele>764</ele>
      </trkpt>
      <trkpt lat="42.311716033145785" lon="2.653207965195179">
        <ele>763</ele>
      </trkpt>
      <trkpt lat="42.31157798320055" lon="2.653245013207197">
        <ele>763</ele>
      </trkpt>
      <trkpt lat="42.311374973505735" lon="2.653336962684989">
        <ele>761</ele>
      </trkpt>
      <trkpt lat="42.311331974342465" lon="2.653360012918711">
        <ele>761</ele>
      </trkpt>
      <trkpt lat="42.311195014044642" lon="2.653524968773127">
        <ele>760</ele>
      </trkpt>
      <trkpt lat="42.311127036809921" lon="2.653638040646911">
        <ele>759</ele>
      </trkpt>
      <trkpt lat="42.31101899407804" lon="2.653820011764765">
        <ele>757</ele>
      </trkpt>
      <trkpt lat="42.310883039608598" lon="2.654008017852902">
        <ele>756</ele>
      </trkpt>
      <trkpt lat="42.310768961906433" lon="2.65406702645123">
        <ele>755</ele>
      </trkpt>
      <trkpt lat="42.310624038800597" lon="2.654381012544036">
        <ele>753</ele>
      </trkpt>
      <trkpt lat="42.310601994395256" lon="2.654557032510638">
        <ele>753</ele>
      </trkpt>
      <trkpt lat="42.310552960261703" lon="2.654746966436505">
        <ele>752</ele>
      </trkpt>
      <trkpt lat="42.310504009947181" lon="2.654958022758365">
        <ele>751</ele>
      </trkpt>
      <trkpt lat="42.310472996905446" lon="2.655206965282559">
        <ele>749</ele>
      </trkpt>
      <trkpt lat="42.310442989692092" lon="2.655416009947658">
        <ele>748</ele>
      </trkpt>
      <trkpt lat="42.310389010235667" lon="2.655663024634123">
        <ele>747</ele>
      </trkpt>
      <trkpt lat="42.310379035770893" lon="2.655800990760326">
        <ele>746</ele>
      </trkpt>
      <trkpt lat="42.310382975265384" lon="2.656079018488526">
        <ele>744</ele>
      </trkpt>
      <trkpt lat="42.310424968600273" lon="2.656247997656465">
        <ele>743</ele>
      </trkpt>
      <trkpt lat="42.31043703854084" lon="2.656395016238093">
        <ele>743</ele>
      </trkpt>
      <trkpt lat="42.31043997220695" lon="2.656446984037757">
        <ele>742</ele>
      </trkpt>
      <trkpt lat="42.310472996905446" lon="2.656632978469133">
        <ele>742</ele>
      </trkpt>
      <trkpt lat="42.310512978583574" lon="2.656758036464453">
        <ele>741</ele>
      </trkpt>
      <trkpt lat="42.31056896969676" lon="2.656963979825378">
        <ele>740</ele>
      </trkpt>
      <trkpt lat="42.310591014102101" lon="2.65720596536994">
        <ele>739</ele>
      </trkpt>
      <trkpt lat="42.310607023537159" lon="2.657408975064755">
        <ele>738</ele>
      </trkpt>
      <trkpt lat="42.310600988566875" lon="2.657661018893123">
        <ele>737</ele>
      </trkpt>
      <trkpt lat="42.310619009658694" lon="2.657888000831008">
        <ele>735</ele>
      </trkpt>
      <trkpt lat="42.310620015487075" lon="2.657998977228999">
        <ele>734</ele>
      </trkpt>
      <trkpt lat="42.310637030750513" lon="2.658169968053699">
        <ele>733</ele>
      </trkpt>
      <trkpt lat="42.310702996328473" lon="2.658355040475726">
        <ele>732</ele>
      </trkpt>
      <trkpt lat="42.310752030462027" lon="2.658514967188239">
        <ele>730</ele>
      </trkpt>
      <trkpt lat="42.31075999327004" lon="2.658539023250341">
        <ele>729</ele>
      </trkpt>
      <trkpt lat="42.310756975784898" lon="2.658661985769868">
        <ele>727</ele>
      </trkpt>
      <trkpt lat="42.310752030462027" lon="2.658673971891403">
        <ele>727</ele>
      </trkpt>
      <trkpt lat="42.310622027143836" lon="2.658854015171528">
        <ele>725</ele>
      </trkpt>
      <trkpt lat="42.310620015487075" lon="2.65885703265667">
        <ele>724</ele>
      </trkpt>
      <trkpt lat="42.31056796386838" lon="2.659027017652988">
        <ele>724</ele>
      </trkpt>
      <trkpt lat="42.310555977746844" lon="2.659098012372851">
        <ele>724</ele>
      </trkpt>
      <trkpt lat="42.310528988018632" lon="2.659388026222587">
        <ele>723</ele>
      </trkpt>
      <trkpt lat="42.310511972755194" lon="2.659618025645614">
        <ele>721</ele>
      </trkpt>
      <trkpt lat="42.310494035482407" lon="2.659842995926738">
        <ele>720</ele>
      </trkpt>
      <trkpt lat="42.310469979420304" lon="2.660063020884991">
        <ele>719</ele>
      </trkpt>
      <trkpt lat="42.310488000512123" lon="2.660350017249584">
        <ele>717</ele>
      </trkpt>
      <trkpt lat="42.310499986633658" lon="2.660475997254252">
        <ele>717</ele>
      </trkpt>
      <trkpt lat="42.310612974688411" lon="2.660682024434209">
        <ele>716</ele>
      </trkpt>
      <trkpt lat="42.310642981901765" lon="2.660728041082621">
        <ele>715</ele>
      </trkpt>
      <trkpt lat="42.310827970504761" lon="2.66072703525424">
        <ele>715</ele>
      </trkpt>
      <trkpt lat="42.311004996299744" lon="2.660661991685629">
        <ele>713</ele>
      </trkpt>
      <trkpt lat="42.311141034588218" lon="2.660629972815514">
        <ele>713</ele>
      </trkpt>
      <trkpt lat="42.311353012919426" lon="2.66064397059381">
        <ele>711</ele>
      </trkpt>
      <trkpt lat="42.311521992087364" lon="2.660667020827532">
        <ele>710</ele>
      </trkpt>
      <trkpt lat="42.311716033145785" lon="2.660716976970434">
        <ele>710</ele>
      </trkpt>
      <trkpt lat="42.311903033405542" lon="2.66070700250566">
        <ele>710</ele>
      </trkpt>
      <trkpt lat="42.311972016468644" lon="2.660696022212505">
        <ele>710</ele>
      </trkpt>
      <trkpt lat="42.312139989808202" lon="2.660752013325691">
        <ele>710</ele>
      </trkpt>
      <trkpt lat="42.312295977026224" lon="2.660801969468594">
        <ele>710</ele>
      </trkpt>
      <trkpt lat="42.312381975352764" lon="2.660817978903651">
        <ele>710</ele>
      </trkpt>
      <trkpt lat="42.312465962022543" lon="2.660840023308992">
        <ele>709</ele>
      </trkpt>
      <trkpt lat="42.312537962570786" lon="2.660847986117005">
        <ele>709</ele>
      </trkpt>
      <trkpt lat="42.312728986144066" lon="2.660891991108656">
        <ele>709</ele>
      </trkpt>
      <trkpt lat="42.312886985018849" lon="2.660896014422178">
        <ele>710</ele>
      </trkpt>
      <trkpt lat="42.313001984730363" lon="2.660887967795134">
        <ele>710</ele>
      </trkpt>
      <trkpt lat="42.313112961128354" lon="2.660876987501979">
        <ele>710</ele>
      </trkpt>
      <trkpt lat="42.313194014132023" lon="2.66087899915874">
        <ele>710</ele>
      </trkpt>
      <trkpt lat="42.313216980546713" lon="2.660895008593798">
        <ele>710</ele>
      </trkpt>
      <trkpt lat="42.313345978036523" lon="2.660966003313661">
        <ele>709</ele>
      </trkpt>
      <trkpt lat="42.313462989404798" lon="2.661065999418497">
        <ele>709</ele>
      </trkpt>
      <trkpt lat="42.313492996618152" lon="2.661078991368413">
        <ele>709</ele>
      </trkpt>
      <trkpt lat="42.313612019643188" lon="2.661103969439864">
        <ele>708</ele>
      </trkpt>
      <trkpt lat="42.313758032396436" lon="2.661103969439864">
        <ele>708</ele>
      </trkpt>
      <trkpt lat="42.313836989924312" lon="2.661009002476931">
        <ele>708</ele>
      </trkpt>
      <trkpt lat="42.313977973535657" lon="2.660930966958404">
        <ele>708</ele>
      </trkpt>
      <trkpt lat="42.314032036811113" lon="2.660953011363745">
        <ele>708</ele>
      </trkpt>
      <trkpt lat="42.314130021259189" lon="2.661015959456563">
        <ele>708</ele>
      </trkpt>
      <trkpt lat="42.314148964360356" lon="2.661128025501967">
        <ele>708</ele>
      </trkpt>
      <trkpt lat="42.314233034849167" lon="2.661337992176414">
        <ele>707</ele>
      </trkpt>
      <trkpt lat="42.314352979883552" lon="2.661441005766392">
        <ele>707</ele>
      </trkpt>
      <trkpt lat="42.314464962109923" lon="2.661521974951029">
        <ele>707</ele>
      </trkpt>
      <trkpt lat="42.314475020393729" lon="2.661533961072564">
        <ele>707</ele>
      </trkpt>
      <trkpt lat="42.314575016498566" lon="2.661618031561375">
        <ele>707</ele>
      </trkpt>
      <trkpt lat="42.314650034531951" lon="2.661646027117968">
        <ele>707</ele>
      </trkpt>
      <trkpt lat="42.314763022586703" lon="2.661704029887915">
        <ele>707</ele>
      </trkpt>
      <trkpt lat="42.314836028963327" lon="2.661818023771048">
        <ele>707</ele>
      </trkpt>
      <trkpt lat="42.314856983721256" lon="2.66191097907722">
        <ele>706</ele>
      </trkpt>
      <trkpt lat="42.314850026741624" lon="2.662119017913938">
        <ele>706</ele>
      </trkpt>
      <trkpt lat="42.314852960407734" lon="2.662325967103243">
        <ele>706</ele>
      </trkpt>
      <trkpt lat="42.314847009256482" lon="2.662400985136628">
        <ele>706</ele>
      </trkpt>
      <trkpt lat="42.314828988164663" lon="2.66255596652627">
        <ele>706</ele>
      </trkpt>
      <trkpt lat="42.314810967072845" lon="2.662729974836111">
        <ele>706</ele>
      </trkpt>
      <trkpt lat="42.31480099260807" lon="2.66285503283143">
        <ele>705</ele>
      </trkpt>
      <trkpt lat="42.314782971516252" lon="2.663040021434426">
        <ele>705</ele>
      </trkpt>
      <trkpt lat="42.314783977344632" lon="2.663268009200692">
        <ele>705</ele>
      </trkpt>
      <trkpt lat="42.314770985394716" lon="2.663463978096843">
        <ele>705</ele>
      </trkpt>
      <trkpt lat="42.314811972901225" lon="2.663634968921542">
        <ele>705</ele>
      </trkpt>
      <trkpt lat="42.314876010641456" lon="2.663805037736893">
        <ele>705</ele>
      </trkpt>
      <trkpt lat="42.314958991482854" lon="2.663978040218353">
        <ele>705</ele>
      </trkpt>
      <trkpt lat="42.314981035888195" lon="2.664045011624694">
        <ele>704</ele>
      </trkpt>
      <trkpt lat="42.315044989809394" lon="2.664282973855734">
        <ele>703</ele>
      </trkpt>
      <trkpt lat="42.315094023942947" lon="2.664504004642367">
        <ele>702</ele>
      </trkpt>
      <trkpt lat="42.315111039206386" lon="2.664654040709138">
        <ele>701</ele>
      </trkpt>
      <trkpt lat="42.315067034214735" lon="2.66487599350512">
        <ele>700</ele>
      </trkpt>
      <trkpt lat="42.315069967880845" lon="2.66511102207005">
        <ele>699</ele>
      </trkpt>
      <trkpt lat="42.315049013122916" lon="2.66526298597455">
        <ele>698</ele>
      </trkpt>
      <trkpt lat="42.315031997859478" lon="2.665332974866033">
        <ele>697</ele>
      </trkpt>
      <trkpt lat="42.315010037273169" lon="2.665586024522781">
        <ele>696</ele>
      </trkpt>
      <trkpt lat="42.31503501534462" lon="2.665803031995893">
        <ele>695</ele>
      </trkpt>
      <trkpt lat="42.315043983981013" lon="2.665827004238963">
        <ele>695</ele>
      </trkpt>
      <trkpt lat="42.315053036436439" lon="2.665892969816923">
        <ele>694</ele>
      </trkpt>
      <trkpt lat="42.315085977315903" lon="2.666106959804893">
        <ele>694</ele>
      </trkpt>
      <trkpt lat="42.315096035599709" lon="2.66637702472508">
        <ele>693</ele>
      </trkpt>
      <trkpt lat="42.315111039206386" lon="2.666568970307708">
        <ele>692</ele>
      </trkpt>
      <trkpt lat="42.315129982307553" lon="2.666777009144425">
        <ele>692</ele>
      </trkpt>
      <trkpt lat="42.315115984529257" lon="2.667053025215864">
        <ele>692</ele>
      </trkpt>
      <trkpt lat="42.315019005909562" lon="2.667304985225201">
        <ele>691</ele>
      </trkpt>
      <trkpt lat="42.31499302200973" lon="2.667344966903329">
        <ele>691</ele>
      </trkpt>
      <trkpt lat="42.314967038109899" lon="2.667415961623192">
        <ele>691</ele>
      </trkpt>
      <trkpt lat="42.314925966784358" lon="2.667485028505325">
        <ele>691</ele>
      </trkpt>
      <trkpt lat="42.314890008419752" lon="2.667520986869931">
        <ele>691</ele>
      </trkpt>
      <trkpt lat="42.314811972901225" lon="2.667676974087954">
        <ele>690</ele>
      </trkpt>
      <trkpt lat="42.314706025645137" lon="2.667838996276259">
        <ele>690</ele>
      </trkpt>
      <trkpt lat="42.314684987068176" lon="2.667846037074924">
        <ele>690</ele>
      </trkpt>
      <trkpt lat="42.314575016498566" lon="2.667818041518331">
        <ele>689</ele>
      </trkpt>
      <trkpt lat="42.314475020393729" lon="2.667762972414494">
        <ele>689</ele>
      </trkpt>
      <trkpt lat="42.314378041774035" lon="2.667760038748384">
        <ele>688</ele>
      </trkpt>
      <trkpt lat="42.31426496990025" lon="2.667892975732684">
        <ele>688</ele>
      </trkpt>
      <trkpt lat="42.314224988222122" lon="2.66811802983284">
        <ele>688</ele>
      </trkpt>
      <trkpt lat="42.314195986837149" lon="2.668354986235499">
        <ele>686</ele>
      </trkpt>
      <trkpt lat="42.314179977402091" lon="2.668629996478558">
        <ele>685</ele>
      </trkpt>
      <trkpt lat="42.314141001552343" lon="2.668908024206758">
        <ele>685</ele>
      </trkpt>
      <trkpt lat="42.314129015430808" lon="2.669093012809753">
        <ele>684</ele>
      </trkpt>
      <trkpt lat="42.314073024317622" lon="2.669294010847807">
        <ele>683</ele>
      </trkpt>
      <trkpt lat="42.313969004899263" lon="2.669550999999046">
        <ele>683</ele>
      </trkpt>
      <trkpt lat="42.313927011564374" lon="2.669626018032432">
        <ele>683</ele>
      </trkpt>
      <trkpt lat="42.313826009631157" lon="2.669820981100202">
        <ele>682</ele>
      </trkpt>
      <trkpt lat="42.313759038224816" lon="2.669992977753282">
        <ele>682</ele>
      </trkpt>
      <trkpt lat="42.313714027404785" lon="2.670143013820052">
        <ele>682</ele>
      </trkpt>
      <trkpt lat="42.313706986606121" lon="2.670312998816371">
        <ele>682</ele>
      </trkpt>
      <trkpt lat="42.31370598077774" lon="2.670352980494499">
        <ele>682</ele>
      </trkpt>
      <trkpt lat="42.313692988827825" lon="2.670495975762606">
        <ele>682</ele>
      </trkpt>
      <trkpt lat="42.313729031011462" lon="2.670750031247735">
        <ele>682</ele>
      </trkpt>
      <trkpt lat="42.313772030174732" lon="2.670953962951899">
        <ele>684</ele>
      </trkpt>
      <trkpt lat="42.313779992982745" lon="2.671022024005652">
        <ele>684</ele>
      </trkpt>
      <trkpt lat="42.313773036003113" lon="2.671220004558563">
        <ele>684</ele>
      </trkpt>
      <trkpt lat="42.31376901268959" lon="2.671271972358227">
        <ele>685</ele>
      </trkpt>
      <trkpt lat="42.313765995204449" lon="2.671382026746869">
        <ele>685</ele>
      </trkpt>
      <trkpt lat="42.313720984384418" lon="2.671559974551201">
        <ele>685</ele>
      </trkpt>
      <trkpt lat="42.313720984384418" lon="2.671559974551201">
        <ele>685</ele>
      </trkpt>
      <trkpt lat="42.313686031848192" lon="2.671769019216299">
        <ele>685</ele>
      </trkpt>
      <trkpt lat="42.313607996329665" lon="2.671996001154184">
        <ele>685</ele>
      </trkpt>
      <trkpt lat="42.313573965802789" lon="2.672078981995583">
        <ele>685</ele>
      </trkpt>
      <trkpt lat="42.313524009659886" lon="2.672325996682048">
        <ele>685</ele>
      </trkpt>
      <trkpt lat="42.313514035195112" lon="2.672357009723783">
        <ele>685</ele>
      </trkpt>
      <trkpt lat="42.31351001188159" lon="2.672376036643982">
        <ele>685</ele>
      </trkpt>
      <trkpt lat="42.313529038801789" lon="2.672640988603234">
        <ele>685</ele>
      </trkpt>
      <trkpt lat="42.313530966639519" lon="2.672692034393549">
        <ele>684</ele>
      </trkpt>
      <trkpt lat="42.313526021316648" lon="2.672800999134779">
        <ele>684</ele>
      </trkpt>
      <trkpt lat="42.313486039638519" lon="2.673028986901045">
        <ele>683</ele>
      </trkpt>
      <trkpt lat="42.313466006889939" lon="2.673096964135766">
        <ele>683</ele>
      </trkpt>
      <trkpt lat="42.313354024663568" lon="2.673308020457625">
        <ele>682</ele>
      </trkpt>
      <trkpt lat="42.31331798247993" lon="2.673450009897351">
        <ele>682</ele>
      </trkpt>
      <trkpt lat="42.313305996358395" lon="2.673623012378812">
        <ele>681</ele>
      </trkpt>
      <trkpt lat="42.313350001350045" lon="2.6737289596349">
        <ele>679</ele>
      </trkpt>
      <trkpt lat="42.313371961936355" lon="2.673830967396498">
        <ele>679</ele>
      </trkpt>
      <trkpt lat="42.313442034646869" lon="2.673955019563437">
        <ele>678</ele>
      </trkpt>
      <trkpt lat="42.31353297829628" lon="2.674059960991144">
        <ele>677</ele>
      </trkpt>
      <trkpt lat="42.313686031848192" lon="2.674147970974445">
        <ele>676</ele>
      </trkpt>
      <trkpt lat="42.313772030174732" lon="2.674186024814844">
        <ele>676</ele>
      </trkpt>
      <trkpt lat="42.313952995464206" lon="2.674319967627525">
        <ele>675</ele>
      </trkpt>
      <trkpt lat="42.314102025702596" lon="2.674482995644212">
        <ele>675</ele>
      </trkpt>
      <trkpt lat="42.314174026250839" lon="2.674545021727681">
        <ele>675</ele>
      </trkpt>
      <trkpt lat="42.314279973506927" lon="2.674631020054221">
        <ele>675</ele>
      </trkpt>
      <trkpt lat="42.314352979883552" lon="2.674634037539363">
        <ele>675</ele>
      </trkpt>
      <trkpt lat="42.314398996531963" lon="2.674662033095956">
        <ele>675</ele>
      </trkpt>
      <trkpt lat="42.314482983201742" lon="2.674696985632181">
        <ele>675</ele>
      </trkpt>
      <trkpt lat="42.314621033146977" lon="2.674636971205473">
        <ele>675</ele>
      </trkpt>
      <trkpt lat="42.314732009544969" lon="2.674496993422508">
        <ele>675</ele>
      </trkpt>
      <trkpt lat="42.314760005101562" lon="2.674466986209154">
        <ele>675</ele>
      </trkpt>
      <trkpt lat="42.314881961792707" lon="2.674262970685959">
        <ele>676</ele>
      </trkpt>
      <trkpt lat="42.314962008967996" lon="2.674117041751742">
        <ele>676</ele>
      </trkpt>
      <trkpt lat="42.315049013122916" lon="2.674031965434551">
        <ele>676</ele>
      </trkpt>
      <trkpt lat="42.315071979537606" lon="2.674011010676622">
        <ele>676</ele>
      </trkpt>
      <trkpt lat="42.315134005621076" lon="2.673989972099662">
        <ele>677</ele>
      </trkpt>
      <trkpt lat="42.315327040851116" lon="2.673976980149746">
        <ele>676</ele>
      </trkpt>
      <trkpt lat="42.315600039437413" lon="2.673934986814857">
        <ele>676</ele>
      </trkpt>
      <trkpt lat="42.315643960610032" lon="2.673926018178463">
        <ele>676</ele>
      </trkpt>
      <trkpt lat="42.315846970304847" lon="2.673978991806507">
        <ele>676</ele>
      </trkpt>
      <trkpt lat="42.316000023856759" lon="2.674078987911344">
        <ele>676</ele>
      </trkpt>
      <trkpt lat="42.31617696583271" lon="2.674160962924361">
        <ele>676</ele>
      </trkpt>
      <trkpt lat="42.316313004121184" lon="2.674246039241552">
        <ele>676</ele>
      </trkpt>
      <trkpt lat="42.316332031041384" lon="2.674254002049565">
        <ele>676</ele>
      </trkpt>
      <trkpt lat="42.316442001610994" lon="2.674366990104318">
        <ele>675</ele>
      </trkpt>
      <trkpt lat="42.316458011046052" lon="2.674401020631194">
        <ele>675</ele>
      </trkpt>
      <trkpt lat="42.316503021866083" lon="2.674458017572761">
        <ele>675</ele>
      </trkpt>
      <trkpt lat="42.31651802547276" lon="2.674486013129354">
        <ele>675</ele>
      </trkpt>
      <trkpt lat="42.316574016585946" lon="2.674714000895619">
        <ele>673</ele>
      </trkpt>
      <trkpt lat="42.316593965515494" lon="2.674889015033841">
        <ele>672</ele>
      </trkpt>
      <trkpt lat="42.316592037677765" lon="2.675010971724987">
        <ele>672</ele>
      </trkpt>
      <trkpt lat="42.316587008535862" lon="2.675047013908625">
        <ele>671</ele>
      </trkpt>
      <trkpt lat="42.31660301797092" lon="2.675182968378067">
        <ele>671</ele>
      </trkpt>
      <trkpt lat="42.316611986607313" lon="2.675250023603439">
        <ele>670</ele>
      </trkpt>
      <trkpt lat="42.316644005477428" lon="2.675435012206435">
        <ele>669</ele>
      </trkpt>
      <trkpt lat="42.316637970507145" lon="2.675480023026466">
        <ele>669</ele>
      </trkpt>
      <trkpt lat="42.316634031012654" lon="2.675514975562692">
        <ele>667</ele>
      </trkpt>
      <trkpt lat="42.316634031012654" lon="2.675514975562692">
        <ele>667</ele>
      </trkpt>
      <trkpt lat="42.316640987992287" lon="2.675540959462524">
        <ele>666</ele>
      </trkpt>
      <trkpt lat="42.316640987992287" lon="2.67555202357471">
        <ele>666</ele>
      </trkpt>
      <trkpt lat="42.316661020740867" lon="2.675661994144321">
        <ele>665</ele>
      </trkpt>
      <trkpt lat="42.316651968285441" lon="2.675742963328958">
        <ele>662</ele>
      </trkpt>
      <trkpt lat="42.316653979942203" lon="2.675757966935635">
        <ele>659</ele>
      </trkpt>
      <trkpt lat="42.316682981327176" lon="2.675797026604414">
        <ele>656</ele>
      </trkpt>
      <trkpt lat="42.316727992147207" lon="2.675830973312259">
        <ele>654</ele>
      </trkpt>
      <trkpt lat="42.316748024895787" lon="2.675889981910586">
        <ele>653</ele>
      </trkpt>
      <trkpt lat="42.316762022674084" lon="2.675930969417095">
        <ele>651</ele>
      </trkpt>
      <trkpt lat="42.316660014912486" lon="2.676260964944959">
        <ele>649</ele>
      </trkpt>
      <trkpt lat="42.31664702296257" lon="2.676290972158313">
        <ele>648</ele>
      </trkpt>
      <trkpt lat="42.316581979393959" lon="2.676464980468154">
        <ele>646</ele>
      </trkpt>
      <trkpt lat="42.316525988280773" lon="2.67667100764811">
        <ele>643</ele>
      </trkpt>
      <trkpt lat="42.316509978845716" lon="2.676732027903199">
        <ele>640</ele>
      </trkpt>
      <trkpt lat="42.316505033522844" lon="2.676765974611044">
        <ele>636</ele>
      </trkpt>
      <trkpt lat="42.316506039351225" lon="2.676768992096186">
        <ele>635</ele>
      </trkpt>
      <trkpt lat="42.316486006602645" lon="2.676824983209372">
        <ele>635</ele>
      </trkpt>
      <trkpt lat="42.316472008824348" lon="2.676890026777983">
        <ele>635</ele>
      </trkpt>
      <trkpt lat="42.316481983289123" lon="2.67699496820569">
        <ele>635</ele>
      </trkpt>
      <trkpt lat="42.316477037966251" lon="2.677089013159275">
        <ele>635</ele>
      </trkpt>
      <trkpt lat="42.316476032137871" lon="2.6771239656955">
        <ele>634</ele>
      </trkpt>
      <trkpt lat="42.316436972469091" lon="2.677231002599001">
        <ele>633</ele>
      </trkpt>
      <trkpt lat="42.31638902798295" lon="2.677471982315183">
        <ele>632</ele>
      </trkpt>
      <trkpt lat="42.316385004669428" lon="2.677483968436718">
        <ele>632</ele>
      </trkpt>
      <trkpt lat="42.316307974979281" lon="2.677641967311502">
        <ele>631</ele>
      </trkpt>
      <trkpt lat="42.316290037706494" lon="2.67774498090148">
        <ele>629</ele>
      </trkpt>
      <trkpt lat="42.316257013007998" lon="2.677913960069418">
        <ele>629</ele>
      </trkpt>
      <trkpt lat="42.316213008016348" lon="2.678156029433012">
        <ele>627</ele>
      </trkpt>
      <trkpt lat="42.316214013844728" lon="2.678170027211309">
        <ele>627</ele>
      </trkpt>
      <trkpt lat="42.316202027723193" lon="2.678273962810636">
        <ele>626</ele>
      </trkpt>
      <trkpt lat="42.316190963611007" lon="2.67834797501564">
        <ele>626</ele>
      </trkpt>
      <trkpt lat="42.316175037994981" lon="2.67841100692749">
        <ele>626</ele>
      </trkpt>
      <trkpt lat="42.316158022731543" lon="2.678494993597269">
        <ele>624</ele>
      </trkpt>
      <trkpt lat="42.316118041053414" lon="2.678572023287416">
        <ele>624</ele>
      </trkpt>
      <trkpt lat="42.316060960292816" lon="2.678724993020296">
        <ele>623</ele>
      </trkpt>
      <trkpt lat="42.316017039120197" lon="2.678935965523124">
        <ele>622</ele>
      </trkpt>
      <trkpt lat="42.315988959744573" lon="2.679136041551828">
        <ele>621</ele>
      </trkpt>
      <trkpt lat="42.315986026078463" lon="2.679152972996235">
        <ele>620</ele>
      </trkpt>
      <trkpt lat="42.31598200276494" lon="2.679347014054656">
        <ele>619</ele>
      </trkpt>
      <trkpt lat="42.315928023308516" lon="2.679581958800554">
        <ele>617</ele>
      </trkpt>
      <trkpt lat="42.315903967246413" lon="2.679655971005559">
        <ele>616</ele>
      </trkpt>
      <trkpt lat="42.315779998898506" lon="2.679863004013896">
        <ele>615</ele>
      </trkpt>
      <trkpt lat="42.315732976421714" lon="2.67995797097683">
        <ele>614</ele>
      </trkpt>
      <trkpt lat="42.315691988915205" lon="2.680024020373821">
        <ele>614</ele>
      </trkpt>
      <trkpt lat="42.315583024173975" lon="2.68021403811872">
        <ele>613</ele>
      </trkpt>
      <trkpt lat="42.315546981990337" lon="2.680411012843251">
        <ele>611</ele>
      </trkpt>
      <trkpt lat="42.315526027232409" lon="2.68056096509099">
        <ele>610</ele>
      </trkpt>
      <trkpt lat="42.31550800614059" lon="2.680706977844238">
        <ele>610</ele>
      </trkpt>
      <trkpt lat="42.315483028069139" lon="2.680880986154079">
        <ele>608</ele>
      </trkpt>
      <trkpt lat="42.315471963956952" lon="2.681130012497306">
        <ele>607</ele>
      </trkpt>
      <trkpt lat="42.315468024462461" lon="2.681161025539041">
        <ele>606</ele>
      </trkpt>
      <trkpt lat="42.315504988655448" lon="2.681385995820165">
        <ele>605</ele>
      </trkpt>
      <trkpt lat="42.315538013353944" lon="2.681532008573413">
        <ele>604</ele>
      </trkpt>
      <trkpt lat="42.315524015575647" lon="2.681609038263559">
        <ele>603</ele>
      </trkpt>
      <trkpt lat="42.315427036955953" lon="2.681838031858206">
        <ele>602</ele>
      </trkpt>
      <trkpt lat="42.315457966178656" lon="2.681932998821139">
        <ele>601</ele>
      </trkpt>
      <trkpt lat="42.315600961446762" lon="2.682004999369383">
        <ele>600</ele>
      </trkpt>
      <trkpt lat="42.315627029165626" lon="2.682041041553021">
        <ele>600</ele>
      </trkpt>
      <trkpt lat="42.315686959773302" lon="2.682197028771043">
        <ele>599</ele>
      </trkpt>
      <trkpt lat="42.315697018057108" lon="2.682223012670875">
        <ele>599</ele>
      </trkpt>
      <trkpt lat="42.315749991685152" lon="2.682299036532641">
        <ele>598</ele>
      </trkpt>
      <trkpt lat="42.315826015546918" lon="2.682534987106919">
        <ele>597</ele>
      </trkpt>
      <trkpt lat="42.315843030810356" lon="2.682589972391725">
        <ele>596</ele>
      </trkpt>
      <trkpt lat="42.31593799777329" lon="2.682714024558663">
        <ele>595</ele>
      </trkpt>
      <trkpt lat="42.316078981384635" lon="2.682847967371345">
        <ele>594</ele>
      </trkpt>
      <trkpt lat="42.316215019673109" lon="2.682831035926938">
        <ele>592</ele>
      </trkpt>
      <trkpt lat="42.31626195833087" lon="2.682770015671849">
        <ele>592</ele>
      </trkpt>
      <trkpt lat="42.316350974142551" lon="2.682634983211756">
        <ele>591</ele>
      </trkpt>
      <trkpt lat="42.316401014104486" lon="2.682568011805415">
        <ele>590</ele>
      </trkpt>
      <trkpt lat="42.316514002159238" lon="2.682426022365689">
        <ele>589</ele>
      </trkpt>
      <trkpt lat="42.316620033234358" lon="2.68234396353364">
        <ele>588</ele>
      </trkpt>
      <trkpt lat="42.316661020740867" lon="2.682355027645826">
        <ele>588</ele>
      </trkpt>
      <trkpt lat="42.31684098020196" lon="2.682408001273871">
        <ele>587</ele>
      </trkpt>
      <trkpt lat="42.316917004063725" lon="2.682445971295238">
        <ele>586</ele>
      </trkpt>
      <trkpt lat="42.316934019327164" lon="2.682456029579043">
        <ele>586</ele>
      </trkpt>
      <trkpt lat="42.317110039293766" lon="2.682480001822114">
        <ele>584</ele>
      </trkpt>
      <trkpt lat="42.317219004034996" lon="2.682521995157003">
        <ele>584</ele>
      </trkpt>
      <trkpt lat="42.317319000139832" lon="2.682595001533628">
        <ele>583</ele>
      </trkpt>
      <trkpt lat="42.31739703565836" lon="2.6827949937433">
        <ele>580</ele>
      </trkpt>
      <trkpt lat="42.317476999014616" lon="2.682960033416748">
        <ele>578</ele>
      </trkpt>
      <trkpt lat="42.317595016211271" lon="2.683135969564319">
        <ele>576</ele>
      </trkpt>
      <trkpt lat="42.31772099621594" lon="2.683204030618072">
        <ele>575</ele>
      </trkpt>
      <trkpt lat="42.317771958187222" lon="2.6832440122962">
        <ele>574</ele>
      </trkpt>
      <trkpt lat="42.317800037562847" lon="2.68326697871089">
        <ele>573</ele>
      </trkpt>
      <trkpt lat="42.317842030897737" lon="2.683354988694191">
        <ele>573</ele>
      </trkpt>
      <trkpt lat="42.317833984270692" lon="2.683613989502192">
        <ele>570</ele>
      </trkpt>
      <trkpt lat="42.317832978442311" lon="2.683778023347259">
        <ele>569</ele>
      </trkpt>
      <trkpt lat="42.317867008969188" lon="2.683982960879803">
        <ele>567</ele>
      </trkpt>
      <trkpt lat="42.31787296012044" lon="2.684185970574617">
        <ele>565</ele>
      </trkpt>
      <trkpt lat="42.317833984270692" lon="2.684356039389968">
        <ele>564</ele>
      </trkpt>
      <trkpt lat="42.317771036177874" lon="2.684558965265751">
        <ele>562</ele>
      </trkpt>
      <trkpt lat="42.317762989550829" lon="2.684599030762911">
        <ele>562</ele>
      </trkpt>
      <trkpt lat="42.317747985944152" lon="2.68462099134922">
        <ele>562</ele>
      </trkpt>
      <trkpt lat="42.317727031186223" lon="2.684840010479093">
        <ele>561</ele>
      </trkpt>
      <trkpt lat="42.317729964852333" lon="2.685079984366894">
        <ele>559</ele>
      </trkpt>
      <trkpt lat="42.317714961245656" lon="2.68532901071012">
        <ele>557</ele>
      </trkpt>
      <trkpt lat="42.317685959860682" lon="2.685521962121129">
        <ele>555</ele>
      </trkpt>
      <trkpt lat="42.317639021202922" lon="2.685718014836311">
        <ele>555</ele>
      </trkpt>
      <trkpt lat="42.317607002332807" lon="2.685868972912431">
        <ele>553</ele>
      </trkpt>
      <trkpt lat="42.317598033696413" lon="2.685932004824281">
        <ele>552</ele>
      </trkpt>
      <trkpt lat="42.317578000947833" lon="2.686069970950484">
        <ele>552</ele>
      </trkpt>
      <trkpt lat="42.31757196597755" lon="2.686182959005237">
        <ele>551</ele>
      </trkpt>
      <trkpt lat="42.317556962370872" lon="2.686441959813237">
        <ele>550</ele>
      </trkpt>
      <trkpt lat="42.317564003169537" lon="2.686514966189861">
        <ele>549</ele>
      </trkpt>
      <trkpt lat="42.317561991512775" lon="2.686680005863309">
        <ele>548</ele>
      </trkpt>
      <trkpt lat="42.317579006776214" lon="2.686902964487672">
        <ele>547</ele>
      </trkpt>
      <trkpt lat="42.317586969584227" lon="2.687063980847597">
        <ele>545</ele>
      </trkpt>
      <trkpt lat="42.317659975960851" lon="2.687271013855934">
        <ele>544</ele>
      </trkpt>
      <trkpt lat="42.317694006487727" lon="2.687335973605514">
        <ele>544</ele>
      </trkpt>
      <trkpt lat="42.317723007872701" lon="2.687394982203841">
        <ele>543</ele>
      </trkpt>
      <trkpt lat="42.317801965400577" lon="2.687470000237227">
        <ele>543</ele>
      </trkpt>
      <trkpt lat="42.317821998149157" lon="2.687487015500665">
        <ele>542</ele>
      </trkpt>
      <trkpt lat="42.317895004525781" lon="2.687532026320696">
        <ele>541</ele>
      </trkpt>
      <trkpt lat="42.317949989810586" lon="2.687610983848572">
        <ele>541</ele>
      </trkpt>
      <trkpt lat="42.317988965660334" lon="2.687748027965426">
        <ele>540</ele>
      </trkpt>
      <trkpt lat="42.318003969267011" lon="2.687788009643555">
        <ele>539</ele>
      </trkpt>
      <trkpt lat="42.318062977865338" lon="2.687851963564754">
        <ele>539</ele>
      </trkpt>
      <trkpt lat="42.318178983405232" lon="2.687989007681608">
        <ele>538</ele>
      </trkpt>
      <trkpt lat="42.318263975903392" lon="2.688079029321671">
        <ele>537</ele>
      </trkpt>
      <trkpt lat="42.318277973681688" lon="2.688162010163069">
        <ele>537</ele>
      </trkpt>
      <trkpt lat="42.318297000601888" lon="2.688365019857884">
        <ele>536</ele>
      </trkpt>
      <trkpt lat="42.318286020308733" lon="2.68848798237741">
        <ele>533</ele>
      </trkpt>
      <trkpt lat="42.318247966468334" lon="2.688558977097273">
        <ele>531</ele>
      </trkpt>
      <trkpt lat="42.318270010873675" lon="2.688693003728986">
        <ele>528</ele>
      </trkpt>
      <trkpt lat="42.318309992551804" lon="2.688822001218796">
        <ele>526</ele>
      </trkpt>
      <trkpt lat="42.318266993388534" lon="2.688865000382066">
        <ele>524</ele>
      </trkpt>
      <trkpt lat="42.318218965083361" lon="2.688876986503601">
        <ele>520</ele>
      </trkpt>
      <trkpt lat="42.318203961476684" lon="2.688899030908942">
        <ele>518</ele>
      </trkpt>
      <trkpt lat="42.318219970911741" lon="2.688949992880225">
        <ele>519</ele>
      </trkpt>
      <trkpt lat="42.318307980895042" lon="2.689159959554672">
        <ele>518</ele>
      </trkpt>
      <trkpt lat="42.318355003371835" lon="2.689305972307921">
        <ele>516</ele>
      </trkpt>
      <trkpt lat="42.318457011133432" lon="2.689499007537961">
        <ele>514</ele>
      </trkpt>
      <trkpt lat="42.318564970046282" lon="2.689661029726267">
        <ele>513</ele>
      </trkpt>
      <trkpt lat="42.318610986694694" lon="2.689844006672502">
        <ele>511</ele>
      </trkpt>
      <trkpt lat="42.318641999736428" lon="2.690046010538936">
        <ele>510</ele>
      </trkpt>
      <trkpt lat="42.318689022213221" lon="2.6902050152421">
        <ele>508</ele>
      </trkpt>
      <trkpt lat="42.318712994456291" lon="2.690287996083498">
        <ele>507</ele>
      </trkpt>
      <trkpt lat="42.318725986406207" lon="2.690372988581657">
        <ele>507</ele>
      </trkpt>
      <trkpt lat="42.318804021924734" lon="2.690545991063118">
        <ele>506</ele>
      </trkpt>
      <trkpt lat="42.318854983896017" lon="2.690713964402676">
        <ele>504</ele>
      </trkpt>
      <trkpt lat="42.318879039958119" lon="2.690826030448079">
        <ele>502</ele>
      </trkpt>
      <trkpt lat="42.318917009979486" lon="2.690923009067774">
        <ele>498</ele>
      </trkpt>
      <trkpt lat="42.318916004151106" lon="2.690929966047406">
        <ele>498</ele>
      </trkpt>
      <trkpt lat="42.318885996937752" lon="2.690994003787637">
        <ele>496</ele>
      </trkpt>
      <trkpt lat="42.318825982511044" lon="2.691014036536217">
        <ele>493</ele>
      </trkpt>
      <trkpt lat="42.318803016096354" lon="2.691058963537216">
        <ele>490</ele>
      </trkpt>
      <trkpt lat="42.318773008882999" lon="2.69108897075057">
        <ele>489</ele>
      </trkpt>
      <trkpt lat="42.318758005276322" lon="2.691098023205996">
        <ele>487</ele>
      </trkpt>
      <trkpt lat="42.318676030263305" lon="2.691177986562252">
        <ele>484</ele>
      </trkpt>
      <trkpt lat="42.31866798363626" lon="2.691262979060412">
        <ele>481</ele>
      </trkpt>
      <trkpt lat="42.318646023049951" lon="2.691305978223681">
        <ele>480</ele>
      </trkpt>
      <trkpt lat="42.318634958937764" lon="2.691378984600306">
        <ele>476</ele>
      </trkpt>
      <trkpt lat="42.318639988079667" lon="2.691402034834027">
        <ele>475</ele>
      </trkpt>
      <trkpt lat="42.318625990301371" lon="2.691520974040031">
        <ele>475</ele>
      </trkpt>
      <trkpt lat="42.318628001958132" lon="2.691572019830346">
        <ele>472</ele>
      </trkpt>
      <trkpt lat="42.318609980866313" lon="2.691620970144868">
        <ele>471</ele>
      </trkpt>
      <trkpt lat="42.318611992523074" lon="2.691672015935183">
        <ele>469</ele>
      </trkpt>
      <trkpt lat="42.318579973652959" lon="2.691887011751533">
        <ele>468</ele>
      </trkpt>
      <trkpt lat="42.318574022501707" lon="2.691906038671732">
        <ele>468</ele>
      </trkpt>
      <trkpt lat="42.318568993359804" lon="2.691964963451028">
        <ele>468</ele>
      </trkpt>
      <trkpt lat="42.318543009459972" lon="2.692192029207945">
        <ele>465</ele>
      </trkpt>
      <trkpt lat="42.318528005853295" lon="2.692323960363865">
        <ele>465</ele>
      </trkpt>
      <trkpt lat="42.318548038601875" lon="2.69252797588706">
        <ele>462</ele>
      </trkpt>
      <trkpt lat="42.318567987531424" lon="2.692702990025282">
        <ele>460</ele>
      </trkpt>
      <trkpt lat="42.318587014451623" lon="2.692961990833283">
        <ele>457</ele>
      </trkpt>
      <trkpt lat="42.318588020280004" lon="2.69297800026834">
        <ele>457</ele>
      </trkpt>
      <trkpt lat="42.318595983088017" lon="2.693156031891704">
        <ele>455</ele>
      </trkpt>
      <trkpt lat="42.318575028330088" lon="2.693377984687686">
        <ele>453</ele>
      </trkpt>
      <trkpt lat="42.31855901889503" lon="2.693604966625571">
        <ele>452</ele>
      </trkpt>
      <trkpt lat="42.318515013903379" lon="2.693818034604192">
        <ele>451</ele>
      </trkpt>
      <trkpt lat="42.318443013355136" lon="2.693950971588492">
        <ele>450</ele>
      </trkpt>
      <trkpt lat="42.31834402307868" lon="2.694146018475294">
        <ele>449</ele>
      </trkpt>
      <trkpt lat="42.318320972844958" lon="2.694289013743401">
        <ele>448</ele>
      </trkpt>
      <trkpt lat="42.318348968401551" lon="2.694393033161759">
        <ele>447</ele>
      </trkpt>
      <trkpt lat="42.318345028907061" lon="2.694467967376113">
        <ele>444</ele>
      </trkpt>
      <trkpt lat="42.318351985886693" lon="2.694615991786122">
        <ele>441</ele>
      </trkpt>
      <trkpt lat="42.318360032513738" lon="2.694714982062578">
        <ele>439</ele>
      </trkpt>
      <trkpt lat="42.318342011421919" lon="2.694859988987446">
        <ele>436</ele>
      </trkpt>
      <trkpt lat="42.318332036957145" lon="2.694945987313986">
        <ele>434</ele>
      </trkpt>
      <trkpt lat="42.318315021693707" lon="2.695000972598791">
        <ele>433</ele>
      </trkpt>
      <trkpt lat="42.318243021145463" lon="2.695100968703628">
        <ele>432</ele>
      </trkpt>
      <trkpt lat="42.318178983405232" lon="2.695229966193438">
        <ele>429</ele>
      </trkpt>
      <trkpt lat="42.318154005333781" lon="2.695263996720314">
        <ele>429</ele>
      </trkpt>
      <trkpt lat="42.318112011998892" lon="2.695324011147022">
        <ele>427</ele>
      </trkpt>
      <trkpt lat="42.318104971200228" lon="2.695497013628483">
        <ele>426</ele>
      </trkpt>
      <trkpt lat="42.31810899451375" lon="2.695613019168377">
        <ele>426</ele>
      </trkpt>
      <trkpt lat="42.318125003948808" lon="2.695647971704602">
        <ele>425</ele>
      </trkpt>
      <trkpt lat="42.318117041140795" lon="2.695692982524633">
        <ele>425</ele>
      </trkpt>
      <trkpt lat="42.318104971200228" lon="2.695863973349333">
        <ele>424</ele>
      </trkpt>
      <trkpt lat="42.318102959543467" lon="2.695937985554338">
        <ele>423</ele>
      </trkpt>
      <trkpt lat="42.318074963986874" lon="2.696040999144316">
        <ele>423</ele>
      </trkpt>
      <trkpt lat="42.317997012287378" lon="2.696267981082201">
        <ele>422</ele>
      </trkpt>
      <trkpt lat="42.317943032830954" lon="2.696465039625764">
        <ele>421</ele>
      </trkpt>
      <trkpt lat="42.317941021174192" lon="2.696479959413409">
        <ele>421</ele>
      </trkpt>
      <trkpt lat="42.317924005910754" lon="2.696726974099875">
        <ele>418</ele>
      </trkpt>
      <trkpt lat="42.317881006747484" lon="2.696899976581335">
        <ele>417</ele>
      </trkpt>
      <trkpt lat="42.317861979827285" lon="2.696919003501535">
        <ele>416</ele>
      </trkpt>
      <trkpt lat="42.317803977057338" lon="2.697069039568305">
        <ele>415</ele>
      </trkpt>
      <trkpt lat="42.317752009257674" lon="2.697185967117548">
        <ele>413</ele>
      </trkpt>
      <trkpt lat="42.317683026194572" lon="2.697236007079482">
        <ele>409</ele>
      </trkpt>
      <trkpt lat="42.317669028416276" lon="2.697242964059115">
        <ele>406</ele>
      </trkpt>
      <trkpt lat="42.317594010382891" lon="2.6973179820925">
        <ele>404</ele>
      </trkpt>
      <trkpt lat="42.317535001784563" lon="2.697362992912531">
        <ele>403</ele>
      </trkpt>
      <trkpt lat="42.317511029541492" lon="2.697368022054434">
        <ele>401</ele>
      </trkpt>
      <trkpt lat="42.31748697347939" lon="2.697402974590659">
        <ele>401</ele>
      </trkpt>
      <trkpt lat="42.317436011508107" lon="2.697546975687146">
        <ele>399</ele>
      </trkpt>
      <trkpt lat="42.317415978759527" lon="2.697587963193655">
        <ele>399</ele>
      </trkpt>
      <trkpt lat="42.317295027896762" lon="2.69776901230216">
        <ele>398</ele>
      </trkpt>
      <trkpt lat="42.317164018750191" lon="2.697988031432033">
        <ele>396</ele>
      </trkpt>
      <trkpt lat="42.317118002101779" lon="2.69804704003036">
        <ele>395</ele>
      </trkpt>
      <trkpt lat="42.317017000168562" lon="2.698266981169581">
        <ele>393</ele>
      </trkpt>
      <trkpt lat="42.316983975470066" lon="2.698361026123166">
        <ele>393</ele>
      </trkpt>
      <trkpt lat="42.316955979913473" lon="2.698438977822661">
        <ele>392</ele>
      </trkpt>
      <trkpt lat="42.316924966871738" lon="2.698698984459043">
        <ele>391</ele>
      </trkpt>
      <trkpt lat="42.31694801710546" lon="2.699070973321796">
        <ele>388</ele>
      </trkpt>
      <trkpt lat="42.316936030983925" lon="2.699361992999911">
        <ele>386</ele>
      </trkpt>
      <trkpt lat="42.316846009343863" lon="2.699582017958164">
        <ele>385</ele>
      </trkpt>
      <trkpt lat="42.316749030724168" lon="2.69970003515482">
        <ele>383</ele>
      </trkpt>
      <trkpt lat="42.316624978557229" lon="2.699814029037952">
        <ele>382</ele>
      </trkpt>
      <trkpt lat="42.316588014364243" lon="2.69983297213912">
        <ele>382</ele>
      </trkpt>
      <trkpt lat="42.316429009661078" lon="2.699847975745797">
        <ele>380</ele>
      </trkpt>
      <trkpt lat="42.316229017451406" lon="2.699943026527762">
        <ele>379</ele>
      </trkpt>
      <trkpt lat="42.316155005246401" lon="2.69996196962893">
        <ele>378</ele>
      </trkpt>
      <trkpt lat="42.316027013584971" lon="2.699983008205891">
        <ele>378</ele>
      </trkpt>
      <trkpt lat="42.315914025530219" lon="2.699965992942452">
        <ele>376</ele>
      </trkpt>
      <trkpt lat="42.315772958099842" lon="2.699934979900718">
        <ele>375</ele>
      </trkpt>
      <trkpt lat="42.315667010843754" lon="2.699956018477678">
        <ele>374</ele>
      </trkpt>
      <trkpt lat="42.315579000860453" lon="2.700034976005554">
        <ele>372</ele>
      </trkpt>
      <trkpt lat="42.315433993935585" lon="2.70008702762425">
        <ele>369</ele>
      </trkpt>
      <trkpt lat="42.315403986722231" lon="2.700101025402546">
        <ele>369</ele>
      </trkpt>
      <trkpt lat="42.315274989232421" lon="2.700079986825585">
        <ele>366</ele>
      </trkpt>
      <trkpt lat="42.315257973968983" lon="2.700077975168824">
        <ele>365</ele>
      </trkpt>
      <trkpt lat="42.315140040591359" lon="2.700080992653966">
        <ele>363</ele>
      </trkpt>
      <trkpt lat="42.315067034214735" lon="2.70011099986732">
        <ele>362</ele>
      </trkpt>
      <trkpt lat="42.314922027289867" lon="2.700081998482347">
        <ele>360</ele>
      </trkpt>
      <trkpt lat="42.314878022298217" lon="2.700101025402546">
        <ele>359</ele>
      </trkpt>
      <trkpt lat="42.314830999821424" lon="2.70013002678752">
        <ele>359</ele>
      </trkpt>
      <trkpt lat="42.314766040071845" lon="2.700165985152125">
        <ele>358</ele>
      </trkpt>
      <trkpt lat="42.31473796069622" lon="2.700205966830254">
        <ele>358</ele>
      </trkpt>
      <trkpt lat="42.314654979854822" lon="2.700293976813555">
        <ele>357</ele>
      </trkpt>
      <trkpt lat="42.314588008448482" lon="2.700323984026909">
        <ele>356</ele>
      </trkpt>
      <trkpt lat="42.314464040100574" lon="2.700379975140095">
        <ele>353</ele>
      </trkpt>
      <trkpt lat="42.314377035945654" lon="2.700349967926741">
        <ele>351</ele>
      </trkpt>
      <trkpt lat="42.314309980720282" lon="2.700393972918391">
        <ele>347</ele>
      </trkpt>
      <trkpt lat="42.31426496990025" lon="2.700395984575152">
        <ele>344</ele>
      </trkpt>
      <trkpt lat="42.314249966293573" lon="2.700362959876657">
        <ele>340</ele>
      </trkpt>
      <trkpt lat="42.314206967130303" lon="2.700361032038927">
        <ele>340</ele>
      </trkpt>
      <trkpt lat="42.314145024865866" lon="2.700363965705037">
        <ele>338</ele>
      </trkpt>
      <trkpt lat="42.314138989895582" lon="2.700364971533418">
        <ele>338</ele>
      </trkpt>
      <trkpt lat="42.314094984903932" lon="2.700439989566803">
        <ele>336</ele>
      </trkpt>
      <trkpt lat="42.314073024317622" lon="2.700493969023228">
        <ele>335</ele>
      </trkpt>
      <trkpt lat="42.314079981297255" lon="2.700519030913711">
        <ele>335</ele>
      </trkpt>
      <trkpt lat="42.314115017652512" lon="2.700605029240251">
        <ele>335</ele>
      </trkpt>
      <trkpt lat="42.314129015430808" lon="2.700638975948095">
        <ele>334</ele>
      </trkpt>
      <trkpt lat="42.31424099765718" lon="2.700745007023215">
        <ele>333</ele>
      </trkpt>
      <trkpt lat="42.314395979046822" lon="2.700895965099335">
        <ele>331</ele>
      </trkpt>
      <trkpt lat="42.314544003456831" lon="2.700995039194822">
        <ele>329</ele>
      </trkpt>
      <trkpt lat="42.314698984846473" lon="2.701081959530711">
        <ele>328</ele>
      </trkpt>
      <trkpt lat="42.314860001206398" lon="2.701063016429544">
        <ele>326</ele>
      </trkpt>
      <trkpt lat="42.31497198343277" lon="2.701067961752415">
        <ele>326</ele>
      </trkpt>
      <trkpt lat="42.315130988135934" lon="2.701145997270942">
        <ele>322</ele>
      </trkpt>
      <trkpt lat="42.315132999792695" lon="2.701161000877619">
        <ele>323</ele>
      </trkpt>
      <trkpt lat="42.315140040591359" lon="2.701209029182792">
        <ele>322</ele>
      </trkpt>
      <trkpt lat="42.315154038369656" lon="2.70148403942585">
        <ele>320</ele>
      </trkpt>
      <trkpt lat="42.315178010612726" lon="2.701627034693956">
        <ele>319</ele>
      </trkpt>
      <trkpt lat="42.315211035311222" lon="2.701716972514987">
        <ele>319</ele>
      </trkpt>
      <trkpt lat="42.315115984529257" lon="2.701784027740359">
        <ele>317</ele>
      </trkpt>
      <trkpt lat="42.315108021721244" lon="2.701715966686606">
        <ele>316</ele>
      </trkpt>
      <trkpt lat="42.315108021721244" lon="2.701535001397133">
        <ele>316</ele>
      </trkpt>
      <trkpt lat="42.315094023942947" lon="2.701444979757071">
        <ele>316</ele>
      </trkpt>
      <trkpt lat="42.315067034214735" lon="2.701276000589132">
        <ele>316</ele>
      </trkpt>
      <trkpt lat="42.314899982884526" lon="2.701212968677282">
        <ele>315</ele>
      </trkpt>
      <trkpt lat="42.314736032858491" lon="2.701291004195809">
        <ele>315</ele>
      </trkpt>
      <trkpt lat="42.314681969583035" lon="2.701306007802486">
        <ele>315</ele>
      </trkpt>
      <trkpt lat="42.31452195905149" lon="2.701256973668933">
        <ele>313</ele>
      </trkpt>
      <trkpt lat="42.314537968486547" lon="2.701424024999142">
        <ele>312</ele>
      </trkpt>
      <trkpt lat="42.314616004005075" lon="2.701439028605819">
        <ele>311</ele>
      </trkpt>
      <trkpt lat="42.31479998677969" lon="2.70140097476542">
        <ele>309</ele>
      </trkpt>
      <trkpt lat="42.31484298594296" lon="2.701394017785788">
        <ele>309</ele>
      </trkpt>
      <trkpt lat="42.314887996762991" lon="2.701420001685619">
        <ele>309</ele>
      </trkpt>
      <trkpt lat="42.314938958734274" lon="2.701488984748721">
        <ele>308</ele>
      </trkpt>
      <trkpt lat="42.3149289842695" lon="2.701564002782106">
        <ele>307</ele>
      </trkpt>
      <trkpt lat="42.314876010641456" lon="2.701815962791443">
        <ele>304</ele>
      </trkpt>
      <trkpt lat="42.314844997599721" lon="2.702024001628161">
        <ele>302</ele>
      </trkpt>
      <trkpt lat="42.314876010641456" lon="2.702222988009453">
        <ele>300</ele>
      </trkpt>
      <trkpt lat="42.314914986491203" lon="2.702405964955688">
        <ele>297</ele>
      </trkpt>
      <trkpt lat="42.314987992867827" lon="2.702601011842489">
        <ele>294</ele>
      </trkpt>
      <trkpt lat="42.315098969265819" lon="2.702622972428799">
        <ele>293</ele>
      </trkpt>
      <trkpt lat="42.315154960379004" lon="2.702595982700586">
        <ele>293</ele>
      </trkpt>
      <trkpt lat="42.315255040302873" lon="2.702616015449166">
        <ele>291</ele>
      </trkpt>
      <trkpt lat="42.315240036696196" lon="2.702704025432468">
        <ele>290</ele>
      </trkpt>
      <trkpt lat="42.315182033926249" lon="2.702750964090228">
        <ele>289</ele>
      </trkpt>
      <trkpt lat="42.315047001466155" lon="2.702808966860175">
        <ele>287</ele>
      </trkpt>
      <trkpt lat="42.314908029511571" lon="2.702981969341636">
        <ele>285</ele>
      </trkpt>
      <trkpt lat="42.314717005938292" lon="2.702980041503906">
        <ele>283</ele>
      </trkpt>
      <trkpt lat="42.314702002331614" lon="2.70299001596868">
        <ele>283</ele>
      </trkpt>
      <trkpt lat="42.314702002331614" lon="2.703120019286871">
        <ele>281</ele>
      </trkpt>
      <trkpt lat="42.314851032570004" lon="2.703158995136619">
        <ele>279</ele>
      </trkpt>
      <trkpt lat="42.315030992031097" lon="2.703060004860163">
        <ele>277</ele>
      </trkpt>
      <trkpt lat="42.315184967592359" lon="2.702994961291552">
        <ele>276</ele>
      </trkpt>
      <trkpt lat="42.31523098424077" lon="2.702979035675526">
        <ele>276</ele>
      </trkpt>
      <trkpt lat="42.315285969525576" lon="2.702979035675526">
        <ele>275</ele>
      </trkpt>
      <trkpt lat="42.315404992550611" lon="2.702965037897229">
        <ele>274</ele>
      </trkpt>
      <trkpt lat="42.315440028905869" lon="2.702997978776693">
        <ele>273</ele>
      </trkpt>
      <trkpt lat="42.315453020855784" lon="2.703088000416756">
        <ele>273</ele>
      </trkpt>
      <trkpt lat="42.315370962023735" lon="2.703259997069836">
        <ele>271</ele>
      </trkpt>
      <trkpt lat="42.315216986462474" lon="2.703368961811066">
        <ele>269</ele>
      </trkpt>
      <trkpt lat="42.315209023654461" lon="2.703369967639446">
        <ele>269</ele>
      </trkpt>
      <trkpt lat="42.315179016441107" lon="2.703381031751633">
        <ele>268</ele>
      </trkpt>
      <trkpt lat="42.315153032541275" lon="2.703437022864819">
        <ele>268</ele>
      </trkpt>
      <trkpt lat="42.315120007842779" lon="2.703454960137606">
        <ele>268</ele>
      </trkpt>
      <trkpt lat="42.315005008131266" lon="2.703534001484513">
        <ele>267</ele>
      </trkpt>
      <trkpt lat="42.314872993156314" lon="2.703670961782336">
        <ele>266</ele>
      </trkpt>
      <trkpt lat="42.314758999273181" lon="2.703718990087509">
        <ele>266</ele>
      </trkpt>
      <trkpt lat="42.314609969034791" lon="2.703730976209045">
        <ele>265</ele>
      </trkpt>
      <trkpt lat="42.314449036493897" lon="2.703750003129244">
        <ele>265</ele>
      </trkpt>
      <trkpt lat="42.314238986000419" lon="2.703802976757288">
        <ele>265</ele>
      </trkpt>
      <trkpt lat="42.314077969640493" lon="2.703781016170979">
        <ele>264</ele>
      </trkpt>
      <trkpt lat="42.313912007957697" lon="2.703759977594018">
        <ele>264</ele>
      </trkpt>
      <trkpt lat="42.313728025183082" lon="2.703643972054124">
        <ele>263</ele>
      </trkpt>
      <trkpt lat="42.313542030751705" lon="2.703564008697867">
        <ele>262</ele>
      </trkpt>
      <trkpt lat="42.313398029655218" lon="2.703423025086522">
        <ele>262</ele>
      </trkpt>
      <trkpt lat="42.313377996906638" lon="2.703427970409393">
        <ele>262</ele>
      </trkpt>
      <trkpt lat="42.313259979709983" lon="2.703262008726597">
        <ele>261</ele>
      </trkpt>
      <trkpt lat="42.313172975555062" lon="2.703068973496556">
        <ele>261</ele>
      </trkpt>
      <trkpt lat="42.313170963898301" lon="2.703064028173685">
        <ele>261</ele>
      </trkpt>
      <trkpt lat="42.313187979161739" lon="2.702825982123613">
        <ele>261</ele>
      </trkpt>
      <trkpt lat="42.313207006081939" lon="2.702752975746989">
        <ele>260</ele>
      </trkpt>
      <trkpt lat="42.313213963061571" lon="2.702690027654171">
        <ele>259</ele>
      </trkpt>
      <trkpt lat="42.313227038830519" lon="2.702662032097578">
        <ele>259</ele>
      </trkpt>
      <trkpt lat="42.313219998031855" lon="2.702588019892573">
        <ele>259</ele>
      </trkpt>
      <trkpt lat="42.313185967504978" lon="2.702362965792418">
        <ele>256</ele>
      </trkpt>
      <trkpt lat="42.313143974170089" lon="2.702267998829484">
        <ele>256</ele>
      </trkpt>
      <trkpt lat="42.313009025529027" lon="2.702128021046519">
        <ele>254</ele>
      </trkpt>
      <trkpt lat="42.312896959483624" lon="2.701963987201452">
        <ele>253</ele>
      </trkpt>
      <trkpt lat="42.312840968370438" lon="2.701910007745028">
        <ele>253</ele>
      </trkpt>
      <trkpt lat="42.312718005850911" lon="2.701888969168067">
        <ele>253</ele>
      </trkpt>
      <trkpt lat="42.312571993097663" lon="2.701915036886931">
        <ele>253</ele>
      </trkpt>
      <trkpt lat="42.312506027519703" lon="2.701927023008466">
        <ele>253</ele>
      </trkpt>
      <trkpt lat="42.312423968687654" lon="2.701982008293271">
        <ele>253</ele>
      </trkpt>
      <trkpt lat="42.312266975641251" lon="2.702076975256205">
        <ele>253</ele>
      </trkpt>
      <trkpt lat="42.312206039205194" lon="2.702118968591094">
        <ele>254</ele>
      </trkpt>
      <trkpt lat="42.312064971774817" lon="2.702247966080904">
        <ele>255</ele>
      </trkpt>
      <trkpt lat="42.311933962628245" lon="2.702404037117958">
        <ele>255</ele>
      </trkpt>
      <trkpt lat="42.311855005100369" lon="2.702568992972374">
        <ele>254</ele>
      </trkpt>
      <trkpt lat="42.311800019815564" lon="2.702682986855507">
        <ele>253</ele>
      </trkpt>
      <trkpt lat="42.3117929790169" lon="2.702693967148662">
        <ele>253</ele>
      </trkpt>
      <trkpt lat="42.311688959598541" lon="2.702854983508587">
        <ele>253</ele>
      </trkpt>
      <trkpt lat="42.311600027605891" lon="2.703049024567008">
        <ele>253</ele>
      </trkpt>
      <trkpt lat="42.311591980978847" lon="2.703058999031782">
        <ele>253</ele>
      </trkpt>
      <trkpt lat="42.31149097904563" lon="2.703234013170004">
        <ele>252</ele>
      </trkpt>
      <trkpt lat="42.311394000425935" lon="2.703406009823084">
        <ele>252</ele>
      </trkpt>
      <trkpt lat="42.311325017362833" lon="2.703501982614398">
        <ele>252</ele>
      </trkpt>
      <trkpt lat="42.311268020421267" lon="2.70359099842608">
        <ele>252</ele>
      </trkpt>
      <trkpt lat="42.311105998232961" lon="2.703723013401032">
        <ele>253</ele>
      </trkpt>
      <trkpt lat="42.310943976044655" lon="2.703751008957624">
        <ele>253</ele>
      </trkpt>
      <trkpt lat="42.310795029625297" lon="2.703742040321231">
        <ele>253</ele>
      </trkpt>
      <trkpt lat="42.310722023248672" lon="2.703729970380664">
        <ele>253</ele>
      </trkpt>
      <trkpt lat="42.310571987181902" lon="2.70374002866447">
        <ele>253</ele>
      </trkpt>
      <trkpt lat="42.31033100746572" lon="2.703775987029076">
        <ele>252</ele>
      </trkpt>
      <trkpt lat="42.310187006369233" lon="2.703825021162629">
        <ele>252</ele>
      </trkpt>
      <trkpt lat="42.310031019151211" lon="2.703866008669138">
        <ele>250</ele>
      </trkpt>
      <trkpt lat="42.309960024431348" lon="2.703898027539253">
        <ele>249</ele>
      </trkpt>
      <trkpt lat="42.309780986979604" lon="2.703953012824059">
        <ele>248</ele>
      </trkpt>
      <trkpt lat="42.309741005301476" lon="2.703948989510536">
        <ele>248</ele>
      </trkpt>
      <trkpt lat="42.309527015313506" lon="2.703995006158948">
        <ele>247</ele>
      </trkpt>
      <trkpt lat="42.309374967589974" lon="2.704043034464121">
        <ele>247</ele>
      </trkpt>
      <trkpt lat="42.309310007840395" lon="2.704048985615373">
        <ele>247</ele>
      </trkpt>
      <trkpt lat="42.309242030605674" lon="2.704070024192333">
        <ele>247</ele>
      </trkpt>
      <trkpt lat="42.309186039492488" lon="2.704074969515204">
        <ele>247</ele>
      </trkpt>
      <trkpt lat="42.309067016467452" lon="2.704098019748926">
        <ele>247</ele>
      </trkpt>
      <trkpt lat="42.30902099981904" lon="2.704125009477139">
        <ele>246</ele>
      </trkpt>
      <trkpt lat="42.308840034529567" lon="2.704263981431723">
        <ele>245</ele>
      </trkpt>
      <trkpt lat="42.308812960982323" lon="2.704274039715529">
        <ele>245</ele>
      </trkpt>
      <trkpt lat="42.308713970705867" lon="2.704331036657095">
        <ele>245</ele>
      </trkpt>
      <trkpt lat="42.308684969320893" lon="2.704375041648746">
        <ele>245</ele>
      </trkpt>
      <trkpt lat="42.308635013177991" lon="2.704475959762931">
        <ele>245</ele>
      </trkpt>
      <trkpt lat="42.308579022064805" lon="2.7045570127666">
        <ele>245</ele>
      </trkpt>
      <trkpt lat="42.308452036231756" lon="2.704648962244391">
        <ele>246</ele>
      </trkpt>
      <trkpt lat="42.308302000164986" lon="2.704761028289795">
        <ele>247</ele>
      </trkpt>
      <trkpt lat="42.308153975754976" lon="2.704878961667419">
        <ele>248</ele>
      </trkpt>
      <trkpt lat="42.307990025728941" lon="2.704907963052392">
        <ele>248</ele>
      </trkpt>
      <trkpt lat="42.30783898383379" lon="2.705019023269415">
        <ele>248</ele>
      </trkpt>
      <trkpt lat="42.307671010494232" lon="2.705125976353884">
        <ele>247</ele>
      </trkpt>
      <trkpt lat="42.307614013552666" lon="2.705162018537521">
        <ele>246</ele>
      </trkpt>
      <trkpt lat="42.307573026046157" lon="2.705177022144198">
        <ele>246</ele>
      </trkpt>
      <trkpt lat="42.307428019121289" lon="2.705264026299119">
        <ele>243</ele>
      </trkpt>
      <trkpt lat="42.307247975841165" lon="2.70539696328342">
        <ele>242</ele>
      </trkpt>
      <trkpt lat="42.30723800137639" lon="2.705449014902115">
        <ele>243</ele>
      </trkpt>
      <trkpt lat="42.307233978062868" lon="2.705535013228655">
        <ele>242</ele>
      </trkpt>
      <trkpt lat="42.307255016639829" lon="2.705764006823301">
        <ele>241</ele>
      </trkpt>
      <trkpt lat="42.307264991104603" lon="2.705871965736151">
        <ele>241</ele>
      </trkpt>
      <trkpt lat="42.307302039116621" lon="2.706100959330797">
        <ele>240</ele>
      </trkpt>
      <trkpt lat="42.307358030229807" lon="2.706218976527453">
        <ele>239</ele>
      </trkpt>
      <trkpt lat="42.307394994422793" lon="2.706357026472688">
        <ele>239</ele>
      </trkpt>
      <trkpt lat="42.307438999414444" lon="2.706600017845631">
        <ele>239</ele>
      </trkpt>
      <trkpt lat="42.307484010234475" lon="2.706710994243622">
        <ele>239</ele>
      </trkpt>
      <trkpt lat="42.307505970820785" lon="2.706784000620246">
        <ele>239</ele>
      </trkpt>
      <trkpt lat="42.307524997740984" lon="2.706854995340109">
        <ele>239</ele>
      </trkpt>
      <trkpt lat="42.30758098885417" lon="2.707064962014556">
        <ele>240</ele>
      </trkpt>
      <trkpt lat="42.307600015774369" lon="2.707098992541432">
        <ele>241</ele>
      </trkpt>
      <trkpt lat="42.307662041857839" lon="2.70726403221488">
        <ele>243</ele>
      </trkpt>
      <trkpt lat="42.307660030201077" lon="2.707495959475637">
        <ele>244</ele>
      </trkpt>
      <trkpt lat="42.307633962482214" lon="2.707743979990482">
        <ele>244</ele>
      </trkpt>
      <trkpt lat="42.307614013552666" lon="2.708013961091638">
        <ele>245</ele>
      </trkpt>
      <trkpt lat="42.307599009945989" lon="2.708224011585116">
        <ele>245</ele>
      </trkpt>
      <trkpt lat="42.307573026046157" lon="2.708460967987776">
        <ele>246</ele>
      </trkpt>
      <trkpt lat="42.307562967762351" lon="2.708540009334683">
        <ele>246</ele>
      </trkpt>
      <trkpt lat="42.307555004954338" lon="2.708596000447869">
        <ele>246</ele>
      </trkpt>
      <trkpt lat="42.307532960548997" lon="2.70885500125587">
        <ele>246</ele>
      </trkpt>
      <trkpt lat="42.307489039376378" lon="2.708993973210454">
        <ele>246</ele>
      </trkpt>
      <trkpt lat="42.307464983314276" lon="2.70911299623549">
        <ele>246</ele>
      </trkpt>
      <trkpt lat="42.307316958904266" lon="2.709273006767035">
        <ele>246</ele>
      </trkpt>
      <trkpt lat="42.307144962251186" lon="2.709213998168707">
        <ele>246</ele>
      </trkpt>
      <trkpt lat="42.307056030258536" lon="2.709151972085238">
        <ele>246</ele>
      </trkpt>
      <trkpt lat="42.30689400807023" lon="2.7089639659971">
        <ele>246</ele>
      </trkpt>
      <trkpt lat="42.30682703666389" lon="2.709096986800432">
        <ele>248</ele>
      </trkpt>
      <trkpt lat="42.306642970070243" lon="2.709149960428476">
        <ele>249</ele>
      </trkpt>
      <trkpt lat="42.306486982852221" lon="2.709296979010105">
        <ele>250</ele>
      </trkpt>
      <trkpt lat="42.306414982303977" lon="2.709426982328296">
        <ele>251</ele>
      </trkpt>
      <trkpt lat="42.3063999786973" lon="2.709481967613101">
        <ele>252</ele>
      </trkpt>
      <trkpt lat="42.306382041424513" lon="2.709598978981376">
        <ele>253</ele>
      </trkpt>
      <trkpt lat="42.306382041424513" lon="2.709598978981376">
        <ele>254</ele>
      </trkpt>
      <trkpt lat="42.306383969262242" lon="2.709635021165013">
        <ele>254</ele>
      </trkpt>
      <trkpt lat="42.306351028382778" lon="2.709893016144633">
        <ele>255</ele>
      </trkpt>
      <trkpt lat="42.306256983429193" lon="2.710172971710563">
        <ele>255</ele>
      </trkpt>
      <trkpt lat="42.306214990094304" lon="2.710447981953621">
        <ele>255</ele>
      </trkpt>
      <trkpt lat="42.306207027286291" lon="2.710604975000024">
        <ele>255</ele>
      </trkpt>
      <trkpt lat="42.306203003972769" lon="2.710715029388666">
        <ele>255</ele>
      </trkpt>
      <trkpt lat="42.306199986487627" lon="2.710779989138246">
        <ele>255</ele>
      </trkpt>
      <trkpt lat="42.306180037558079" lon="2.710904041305184">
        <ele>255</ele>
      </trkpt>
      <trkpt lat="42.306210966780782" lon="2.711086012423039">
        <ele>255</ele>
      </trkpt>
      <trkpt lat="42.306220019236207" lon="2.711320035159588">
        <ele>255</ele>
      </trkpt>
      <trkpt lat="42.306238040328026" lon="2.711517009884119">
        <ele>254</ele>
      </trkpt>
      <trkpt lat="42.306249020621181" lon="2.711597979068756">
        <ele>253</ele>
      </trkpt>
      <trkpt lat="42.306261006742716" lon="2.711779028177261">
        <ele>253</ele>
      </trkpt>
      <trkpt lat="42.306290008127689" lon="2.711982037872076">
        <ele>252</ele>
      </trkpt>
      <trkpt lat="42.306329989805818" lon="2.712239027023315">
        <ele>251</ele>
      </trkpt>
      <trkpt lat="42.306362008675933" lon="2.712456034496427">
        <ele>250</ele>
      </trkpt>
      <trkpt lat="42.306366031989455" lon="2.712514959275723">
        <ele>250</ele>
      </trkpt>
      <trkpt lat="42.306375000625849" lon="2.712782006710768">
        <ele>250</ele>
      </trkpt>
      <trkpt lat="42.306390004232526" lon="2.712974958121777">
        <ele>249</ele>
      </trkpt>
      <trkpt lat="42.306370977312326" lon="2.7130860183388">
        <ele>249</ele>
      </trkpt>
      <trkpt lat="42.306366031989455" lon="2.71328198723495">
        <ele>249</ele>
      </trkpt>
      <trkpt lat="42.306358991190791" lon="2.713318029418588">
        <ele>249</ele>
      </trkpt>
      <trkpt lat="42.306332001462579" lon="2.713530007749796">
        <ele>249</ele>
      </trkpt>
      <trkpt lat="42.306316997855902" lon="2.713601002469659">
        <ele>249</ele>
      </trkpt>
      <trkpt lat="42.306296965107322" lon="2.713837958872318">
        <ele>248</ele>
      </trkpt>
      <trkpt lat="42.306296965107322" lon="2.713905014097691">
        <ele>248</ele>
      </trkpt>
      <trkpt lat="42.306285984814167" lon="2.714165020734072">
        <ele>248</ele>
      </trkpt>
      <trkpt lat="42.306265030056238" lon="2.714369036257267">
        <ele>246</ele>
      </trkpt>
      <trkpt lat="42.306263018399477" lon="2.714661983773112">
        <ele>245</ele>
      </trkpt>
      <trkpt lat="42.306279027834535" lon="2.714836997911334">
        <ele>244</ele>
      </trkpt>
      <trkpt lat="42.306294031441212" lon="2.714877985417843">
        <ele>244</ele>
      </trkpt>
      <trkpt lat="42.306307023391128" lon="2.715002037584782">
        <ele>243</ele>
      </trkpt>
      <trkpt lat="42.306177020072937" lon="2.715246034786105">
        <ele>242</ele>
      </trkpt>
      <trkpt lat="42.306041987612844" lon="2.715372014790773">
        <ele>242</ele>
      </trkpt>
      <trkpt lat="42.306021032854915" lon="2.715500006452203">
        <ele>241</ele>
      </trkpt>
      <trkpt lat="42.306051040068269" lon="2.715744003653526">
        <ele>239</ele>
      </trkpt>
      <trkpt lat="42.306065959855914" lon="2.716062013059855">
        <ele>238</ele>
      </trkpt>
      <trkpt lat="42.306106025353074" lon="2.716228980571032">
        <ele>237</ele>
      </trkpt>
      <trkpt lat="42.306118011474609" lon="2.716250019147992">
        <ele>237</ele>
      </trkpt>
      <trkpt lat="42.306117005646229" lon="2.716270973905921">
        <ele>237</ele>
      </trkpt>
      <trkpt lat="42.306112982332706" lon="2.7163100335747">
        <ele>237</ele>
      </trkpt>
      <trkpt lat="42.306168973445892" lon="2.716586971655488">
        <ele>237</ele>
      </trkpt>
      <trkpt lat="42.306156987324357" lon="2.716626031324267">
        <ele>237</ele>
      </trkpt>
      <trkpt lat="42.306036958470941" lon="2.71678302437067">
        <ele>237</ele>
      </trkpt>
      <trkpt lat="42.305983984842896" lon="2.716843960806727">
        <ele>238</ele>
      </trkpt>
      <trkpt lat="42.305954983457923" lon="2.716941023245454">
        <ele>238</ele>
      </trkpt>
      <trkpt lat="42.305852975696325" lon="2.717047976329923">
        <ele>238</ele>
      </trkpt>
      <trkpt lat="42.305778041481972" lon="2.717125006020069">
        <ele>239</ele>
      </trkpt>
      <trkpt lat="42.305645020678639" lon="2.717295996844769">
        <ele>240</ele>
      </trkpt>
      <trkpt lat="42.305527003481984" lon="2.717550974339247">
        <ele>239</ele>
      </trkpt>
      <trkpt lat="42.305466989055276" lon="2.717778040096164">
        <ele>239</ele>
      </trkpt>
      <trkpt lat="42.305432036519051" lon="2.71802899427712">
        <ele>240</ele>
      </trkpt>
      <trkpt lat="42.305418960750103" lon="2.718271985650063">
        <ele>240</ele>
      </trkpt>
      <trkpt lat="42.305407980456948" lon="2.718509025871754">
        <ele>240</ele>
      </trkpt>
      <trkpt lat="42.305401023477316" lon="2.718786969780922">
        <ele>240</ele>
      </trkpt>
      <trkpt lat="42.305413009598851" lon="2.719005988910794">
        <ele>240</ele>
      </trkpt>
      <trkpt lat="42.305452991276979" lon="2.719230959191918">
        <ele>240</ele>
      </trkpt>
      <trkpt lat="42.305478975176811" lon="2.719386024400592">
        <ele>240</ele>
      </trkpt>
      <trkpt lat="42.30547402985394" lon="2.719423994421959">
        <ele>240</ele>
      </trkpt>
      <trkpt lat="42.305461959913373" lon="2.719564978033304">
        <ele>240</ele>
      </trkpt>
      <trkpt lat="42.305447040125728" lon="2.719692969694734">
        <ele>239</ele>
      </trkpt>
      <trkpt lat="42.305459026247263" lon="2.719796989113092">
        <ele>239</ele>
      </trkpt>
      <trkpt lat="42.305452991276979" lon="2.719869995489717">
        <ele>239</ele>
      </trkpt>
    </trkseg>
  </trk>

</gpx>