<?xml version="1.0" encoding="utf-8"?><gpx creator="Garmin Desktop App" version="1.1" xsi:schemaLocation="http://www.topografix.com/GPX/1/1 http://www.topografix.com/GPX/1/1/gpx.xsd http://www.garmin.com/xmlschemas/WaypointExtension/v1 http://www8.garmin.com/xmlschemas/WaypointExtensionv1.xsd http://www.garmin.com/xmlschemas/TrackPointExtension/v1 http://www.garmin.com/xmlschemas/TrackPointExtensionv1.xsd http://www.garmin.com/xmlschemas/GpxExtensions/v3 http://www8.garmin.com/xmlschemas/GpxExtensionsv3.xsd http://www.garmin.com/xmlschemas/ActivityExtension/v1 http://www8.garmin.com/xmlschemas/ActivityExtensionv1.xsd http://www.garmin.com/xmlschemas/AdventuresExtensions/v1 http://www8.garmin.com/xmlschemas/AdventuresExtensionv1.xsd http://www.garmin.com/xmlschemas/PressureExtension/v1 http://www.garmin.com/xmlschemas/PressureExtensionv1.xsd http://www.garmin.com/xmlschemas/TripExtensions/v1 http://www.garmin.com/xmlschemas/TripExtensionsv1.xsd http://www.garmin.com/xmlschemas/TripMetaDataExtensions/v1 http://www.garmin.com/xmlschemas/TripMetaDataExtensionsv1.xsd http://www.garmin.com/xmlschemas/ViaPointTransportationModeExtensions/v1 http://www.garmin.com/xmlschemas/ViaPointTransportationModeExtensionsv1.xsd http://www.garmin.com/xmlschemas/CreationTimeExtension/v1 http://www.garmin.com/xmlschemas/CreationTimeExtensionsv1.xsd http://www.garmin.com/xmlschemas/AccelerationExtension/v1 http://www.garmin.com/xmlschemas/AccelerationExtensionv1.xsd http://www.garmin.com/xmlschemas/PowerExtension/v1 http://www.garmin.com/xmlschemas/PowerExtensionv1.xsd http://www.garmin.com/xmlschemas/VideoExtension/v1 http://www.garmin.com/xmlschemas/VideoExtensionv1.xsd" xmlns="http://www.topografix.com/GPX/1/1" xmlns:xsi="http://www.w3.org/2001/XMLSchema-instance" xmlns:wptx1="http://www.garmin.com/xmlschemas/WaypointExtension/v1" xmlns:gpxtrx="http://www.garmin.com/xmlschemas/GpxExtensions/v3" xmlns:gpxtpx="http://www.garmin.com/xmlschemas/TrackPointExtension/v1" xmlns:gpxx="http://www.garmin.com/xmlschemas/GpxExtensions/v3" xmlns:trp="http://www.garmin.com/xmlschemas/TripExtensions/v1" xmlns:adv="http://www.garmin.com/xmlschemas/AdventuresExtensions/v1" xmlns:prs="http://www.garmin.com/xmlschemas/PressureExtension/v1" xmlns:tmd="http://www.garmin.com/xmlschemas/TripMetaDataExtensions/v1" xmlns:vptm="http://www.garmin.com/xmlschemas/ViaPointTransportationModeExtensions/v1" xmlns:ctx="http://www.garmin.com/xmlschemas/CreationTimeExtension/v1" xmlns:gpxacc="http://www.garmin.com/xmlschemas/AccelerationExtension/v1" xmlns:gpxpx="http://www.garmin.com/xmlschemas/PowerExtension/v1" xmlns:vidx1="http://www.garmin.com/xmlschemas/VideoExtension/v1">

  <metadata>
    <link href="http://www.garmin.com">
      <text>Garmin International</text>
    </link>
    <time>2026-05-10T12:50:31Z</time>
    <bounds maxlat="42.404002966359258" maxlon="2.798972027376294" minlat="42.305452991276979" minlon="2.716517988592386" />
  </metadata>

  <trk>
    <name>GR11_42_Albanya-LaVajol</name>
    <extensions>
      <gpxx:TrackExtension>
        <gpxx:DisplayColor>Magenta</gpxx:DisplayColor>
      </gpxx:TrackExtension>
    </extensions>
    <trkseg>
      <trkpt lat="42.305452991276979" lon="2.719869995489717">
        <ele>239</ele>
      </trkpt>
      <trkpt lat="42.30545399710536" lon="2.719926992431283">
        <ele>237</ele>
      </trkpt>
      <trkpt lat="42.305494984611869" lon="2.720111981034279">
        <ele>238</ele>
      </trkpt>
      <trkpt lat="42.305537983775139" lon="2.720326976850629">
        <ele>238</ele>
      </trkpt>
      <trkpt lat="42.305575031787157" lon="2.720487993210554">
        <ele>238</ele>
      </trkpt>
      <trkpt lat="42.305648038163781" lon="2.720774989575148">
        <ele>238</ele>
      </trkpt>
      <trkpt lat="42.305721966549754" lon="2.720972970128059">
        <ele>238</ele>
      </trkpt>
      <trkpt lat="42.305817017331719" lon="2.721171034500003">
        <ele>238</ele>
      </trkpt>
      <trkpt lat="42.305864039808512" lon="2.721279999241233">
        <ele>238</ele>
      </trkpt>
      <trkpt lat="42.305930005386472" lon="2.721470016986132">
        <ele>238</ele>
      </trkpt>
      <trkpt lat="42.305936962366104" lon="2.72148703224957">
        <ele>238</ele>
      </trkpt>
      <trkpt lat="42.305973004549742" lon="2.721622986719012">
        <ele>238</ele>
      </trkpt>
      <trkpt lat="42.305987002328038" lon="2.721675960347056">
        <ele>238</ele>
      </trkpt>
      <trkpt lat="42.30603301897645" lon="2.721670009195805">
        <ele>237</ele>
      </trkpt>
      <trkpt lat="42.306080963462591" lon="2.721615023910999">
        <ele>237</ele>
      </trkpt>
      <trkpt lat="42.306122034788132" lon="2.721631033346057">
        <ele>238</ele>
      </trkpt>
      <trkpt lat="42.306261006742716" lon="2.721605971455574">
        <ele>238</ele>
      </trkpt>
      <trkpt lat="42.306397967040539" lon="2.721541011705995">
        <ele>239</ele>
      </trkpt>
      <trkpt lat="42.306516990065575" lon="2.721479991450906">
        <ele>241</ele>
      </trkpt>
      <trkpt lat="42.306565018370748" lon="2.721468005329371">
        <ele>241</ele>
      </trkpt>
      <trkpt lat="42.3066780064255" lon="2.721460964530706">
        <ele>243</ele>
      </trkpt>
      <trkpt lat="42.306684963405132" lon="2.721458030864596">
        <ele>243</ele>
      </trkpt>
      <trkpt lat="42.306805998086929" lon="2.721396004781127">
        <ele>244</ele>
      </trkpt>
      <trkpt lat="42.30682997033" lon="2.721385024487972">
        <ele>244</ele>
      </trkpt>
      <trkpt lat="42.306938013061881" lon="2.72135803475976">
        <ele>246</ele>
      </trkpt>
      <trkpt lat="42.307056030258536" lon="2.721329033374786">
        <ele>246</ele>
      </trkpt>
      <trkpt lat="42.307185027748346" lon="2.721279999241233">
        <ele>247</ele>
      </trkpt>
      <trkpt lat="42.307305978611112" lon="2.721258960664272">
        <ele>247</ele>
      </trkpt>
      <trkpt lat="42.307368004694581" lon="2.721234988421202">
        <ele>248</ele>
      </trkpt>
      <trkpt lat="42.30738996528089" lon="2.72123197093606">
        <ele>248</ele>
      </trkpt>
      <trkpt lat="42.307529021054506" lon="2.721192995086312">
        <ele>249</ele>
      </trkpt>
      <trkpt lat="42.307681990787387" lon="2.721148990094662">
        <ele>250</ele>
      </trkpt>
      <trkpt lat="42.307723984122276" lon="2.721143960952759">
        <ele>251</ele>
      </trkpt>
      <trkpt lat="42.307887012138963" lon="2.721178997308016">
        <ele>252</ele>
      </trkpt>
      <trkpt lat="42.307940991595387" lon="2.721229959279299">
        <ele>252</ele>
      </trkpt>
      <trkpt lat="42.308059008792043" lon="2.7213179692626">
        <ele>253</ele>
      </trkpt>
      <trkpt lat="42.308171996846795" lon="2.721370020881295">
        <ele>254</ele>
      </trkpt>
      <trkpt lat="42.308351034298539" lon="2.721418971195817">
        <ele>255</ele>
      </trkpt>
      <trkpt lat="42.308491012081504" lon="2.721441015601158">
        <ele>256</ele>
      </trkpt>
      <trkpt lat="42.308628978207707" lon="2.721419977024198">
        <ele>257</ele>
      </trkpt>
      <trkpt lat="42.308773985132575" lon="2.721370020881295">
        <ele>258</ele>
      </trkpt>
      <trkpt lat="42.30887096375227" lon="2.721287040039897">
        <ele>259</ele>
      </trkpt>
      <trkpt lat="42.308901976794004" lon="2.721272958442569">
        <ele>260</ele>
      </trkpt>
      <trkpt lat="42.308938018977642" lon="2.721256026998162">
        <ele>261</ele>
      </trkpt>
      <trkpt lat="42.309036003425717" lon="2.72123197093606">
        <ele>264</ele>
      </trkpt>
      <trkpt lat="42.309186039492488" lon="2.721260972321034">
        <ele>265</ele>
      </trkpt>
      <trkpt lat="42.309354012832046" lon="2.721244962885976">
        <ele>266</ele>
      </trkpt>
      <trkpt lat="42.309499019756913" lon="2.721207998692989">
        <ele>267</ele>
      </trkpt>
      <trkpt lat="42.309590969234705" lon="2.721146978437901">
        <ele>268</ele>
      </trkpt>
      <trkpt lat="42.309670010581613" lon="2.721149995923042">
        <ele>270</ele>
      </trkpt>
      <trkpt lat="42.309745028614998" lon="2.721169022843242">
        <ele>270</ele>
      </trkpt>
      <trkpt lat="42.309863967821002" lon="2.721163993701339">
        <ele>272</ele>
      </trkpt>
      <trkpt lat="42.310006963089108" lon="2.721161982044578">
        <ele>273</ele>
      </trkpt>
      <trkpt lat="42.310050968080759" lon="2.721183020621538">
        <ele>273</ele>
      </trkpt>
      <trkpt lat="42.310110982507467" lon="2.721184026449919">
        <ele>273</ele>
      </trkpt>
      <trkpt lat="42.31015901081264" lon="2.721196012571454">
        <ele>274</ele>
      </trkpt>
      <trkpt lat="42.310294965282083" lon="2.72118603810668">
        <ele>275</ele>
      </trkpt>
      <trkpt lat="42.310348022729158" lon="2.72118897177279">
        <ele>276</ele>
      </trkpt>
      <trkpt lat="42.310476014390588" lon="2.721196012571454">
        <ele>277</ele>
      </trkpt>
      <trkpt lat="42.310555977746844" lon="2.72120900452137">
        <ele>278</ele>
      </trkpt>
      <trkpt lat="42.310603000223637" lon="2.721263989806175">
        <ele>278</ele>
      </trkpt>
      <trkpt lat="42.310667037963867" lon="2.721248986199498">
        <ele>277</ele>
      </trkpt>
      <trkpt lat="42.310708025470376" lon="2.721224008128047">
        <ele>280</ele>
      </trkpt>
      <trkpt lat="42.310726968571544" lon="2.721197018399835">
        <ele>283</ele>
      </trkpt>
      <trkpt lat="42.310726968571544" lon="2.721197018399835">
        <ele>286</ele>
      </trkpt>
      <trkpt lat="42.310745995491743" lon="2.721187965944409">
        <ele>287</ele>
      </trkpt>
      <trkpt lat="42.310750018805265" lon="2.721184026449919">
        <ele>289</ele>
      </trkpt>
      <trkpt lat="42.310750018805265" lon="2.721184026449919">
        <ele>291</ele>
      </trkpt>
      <trkpt lat="42.310762004926801" lon="2.72118897177279">
        <ele>293</ele>
      </trkpt>
      <trkpt lat="42.310779020190239" lon="2.721194000914693">
        <ele>294</ele>
      </trkpt>
      <trkpt lat="42.310787988826632" lon="2.721190983429551">
        <ele>294</ele>
      </trkpt>
      <trkpt lat="42.310787988826632" lon="2.721190983429551">
        <ele>294</ele>
      </trkpt>
      <trkpt lat="42.310815984383225" lon="2.721194000914693">
        <ele>294</ele>
      </trkpt>
      <trkpt lat="42.310829982161522" lon="2.72118897177279">
        <ele>294</ele>
      </trkpt>
      <trkpt lat="42.310840040445328" lon="2.72118603810668">
        <ele>294</ele>
      </trkpt>
      <trkpt lat="42.310840040445328" lon="2.72118603810668">
        <ele>294</ele>
      </trkpt>
      <trkpt lat="42.310848003253341" lon="2.721186960116029">
        <ele>294</ele>
      </trkpt>
      <trkpt lat="42.310854038223624" lon="2.721190983429551">
        <ele>294</ele>
      </trkpt>
      <trkpt lat="42.310859989374876" lon="2.721194000914693">
        <ele>294</ele>
      </trkpt>
      <trkpt lat="42.31086602434516" lon="2.721196012571454">
        <ele>294</ele>
      </trkpt>
      <trkpt lat="42.31086703017354" lon="2.721194000914693">
        <ele>294</ele>
      </trkpt>
      <trkpt lat="42.310868036001921" lon="2.721195006743074">
        <ele>294</ele>
      </trkpt>
      <trkpt lat="42.310868036001921" lon="2.721195006743074">
        <ele>294</ele>
      </trkpt>
      <trkpt lat="42.310893014073372" lon="2.721197018399835">
        <ele>294</ele>
      </trkpt>
      <trkpt lat="42.310893014073372" lon="2.721197018399835">
        <ele>294</ele>
      </trkpt>
      <trkpt lat="42.310911035165191" lon="2.721194000914693">
        <ele>294</ele>
      </trkpt>
      <trkpt lat="42.310916986316442" lon="2.721196012571454">
        <ele>295</ele>
      </trkpt>
      <trkpt lat="42.310916986316442" lon="2.721196012571454">
        <ele>295</ele>
      </trkpt>
      <trkpt lat="42.310923021286726" lon="2.721197018399835">
        <ele>295</ele>
      </trkpt>
      <trkpt lat="42.310923021286726" lon="2.721197018399835">
        <ele>297</ele>
      </trkpt>
      <trkpt lat="42.310926960781217" lon="2.721204981207848">
        <ele>299</ele>
      </trkpt>
      <trkpt lat="42.310950011014938" lon="2.721221996471286">
        <ele>303</ele>
      </trkpt>
      <trkpt lat="42.310964008793235" lon="2.721241023391485">
        <ele>306</ele>
      </trkpt>
      <trkpt lat="42.310964008793235" lon="2.721241023391485">
        <ele>306</ele>
      </trkpt>
      <trkpt lat="42.311008013784885" lon="2.721326015889645">
        <ele>307</ele>
      </trkpt>
      <trkpt lat="42.311076996847987" lon="2.721374966204166">
        <ele>308</ele>
      </trkpt>
      <trkpt lat="42.311076996847987" lon="2.721374966204166">
        <ele>311</ele>
      </trkpt>
      <trkpt lat="42.311076996847987" lon="2.721374966204166">
        <ele>314</ele>
      </trkpt>
      <trkpt lat="42.311084037646651" lon="2.721379995346069">
        <ele>317</ele>
      </trkpt>
      <trkpt lat="42.311130976304412" lon="2.721399022266269">
        <ele>319</ele>
      </trkpt>
      <trkpt lat="42.311174981296062" lon="2.721450990065932">
        <ele>321</ele>
      </trkpt>
      <trkpt lat="42.311213035136461" lon="2.721536988392472">
        <ele>323</ele>
      </trkpt>
      <trkpt lat="42.311296015977859" lon="2.721589040011168">
        <ele>325</ele>
      </trkpt>
      <trkpt lat="42.311312025412917" lon="2.721590967848897">
        <ele>327</ele>
      </trkpt>
      <trkpt lat="42.311428030952811" lon="2.721674032509327">
        <ele>328</ele>
      </trkpt>
      <trkpt lat="42.311524003744125" lon="2.721760030835867">
        <ele>330</ele>
      </trkpt>
      <trkpt lat="42.311539007350802" lon="2.721773022785783">
        <ele>332</ele>
      </trkpt>
      <trkpt lat="42.311539007350802" lon="2.721773022785783">
        <ele>332</ele>
      </trkpt>
      <trkpt lat="42.311621988192201" lon="2.721781991422176">
        <ele>335</ele>
      </trkpt>
      <trkpt lat="42.311861962080002" lon="2.721880981698632">
        <ele>337</ele>
      </trkpt>
      <trkpt lat="42.311945026740432" lon="2.721914006397128">
        <ele>338</ele>
      </trkpt>
      <trkpt lat="42.311945026740432" lon="2.721914006397128">
        <ele>340</ele>
      </trkpt>
      <trkpt lat="42.311976039782166" lon="2.721932027488947">
        <ele>343</ele>
      </trkpt>
      <trkpt lat="42.31217997148633" lon="2.722011990845203">
        <ele>344</ele>
      </trkpt>
      <trkpt lat="42.312259012833238" lon="2.722045015543699">
        <ele>346</ele>
      </trkpt>
      <trkpt lat="42.31237200088799" lon="2.722101006656885">
        <ele>348</ele>
      </trkpt>
      <trkpt lat="42.312481971457601" lon="2.722162026911974">
        <ele>350</ele>
      </trkpt>
      <trkpt lat="42.312614992260933" lon="2.72224098443985">
        <ele>352</ele>
      </trkpt>
      <trkpt lat="42.312641981989145" lon="2.722251964733005">
        <ele>355</ele>
      </trkpt>
      <trkpt lat="42.312658997252584" lon="2.72226202301681">
        <ele>358</ele>
      </trkpt>
      <trkpt lat="42.31271599419415" lon="2.722288006916642">
        <ele>359</ele>
      </trkpt>
      <trkpt lat="42.312814984470606" lon="2.722362019121647">
        <ele>359</ele>
      </trkpt>
      <trkpt lat="42.31290802359581" lon="2.722423039376736">
        <ele>359</ele>
      </trkpt>
      <trkpt lat="42.312957979738712" lon="2.722452962771058">
        <ele>362</ele>
      </trkpt>
      <trkpt lat="42.312995027750731" lon="2.722463021054864">
        <ele>373</ele>
      </trkpt>
      <trkpt lat="42.312995027750731" lon="2.722463021054864">
        <ele>375</ele>
      </trkpt>
      <trkpt lat="42.313192002475262" lon="2.722489004954696">
        <ele>377</ele>
      </trkpt>
      <trkpt lat="42.313451003283262" lon="2.722581960260868">
        <ele>380</ele>
      </trkpt>
      <trkpt lat="42.313717966899276" lon="2.722739037126303">
        <ele>381</ele>
      </trkpt>
      <trkpt lat="42.313765995204449" lon="2.722767032682896">
        <ele>383</ele>
      </trkpt>
      <trkpt lat="42.313827015459538" lon="2.72282101213932">
        <ele>384</ele>
      </trkpt>
      <trkpt lat="42.31396003626287" lon="2.722968030720949">
        <ele>385</ele>
      </trkpt>
      <trkpt lat="42.314133960753679" lon="2.723045982420445">
        <ele>388</ele>
      </trkpt>
      <trkpt lat="42.314269999042153" lon="2.723082024604082">
        <ele>390</ele>
      </trkpt>
      <trkpt lat="42.314349040389061" lon="2.723118988797069">
        <ele>392</ele>
      </trkpt>
      <trkpt lat="42.314425986260176" lon="2.723243962973356">
        <ele>393</ele>
      </trkpt>
      <trkpt lat="42.314409976825118" lon="2.723291991278529">
        <ele>395</ele>
      </trkpt>
      <trkpt lat="42.31439002789557" lon="2.723328033462167">
        <ele>395</ele>
      </trkpt>
      <trkpt lat="42.314394973218441" lon="2.723447978496552">
        <ele>397</ele>
      </trkpt>
      <trkpt lat="42.31439396739006" lon="2.72357203066349">
        <ele>398</ele>
      </trkpt>
      <trkpt lat="42.31441299431026" lon="2.723703039810062">
        <ele>400</ele>
      </trkpt>
      <trkpt lat="42.314445013180375" lon="2.723791971802712">
        <ele>402</ele>
      </trkpt>
      <trkpt lat="42.314464040100574" lon="2.723860032856464">
        <ele>404</ele>
      </trkpt>
      <trkpt lat="42.314465967938304" lon="2.723942007869482">
        <ele>405</ele>
      </trkpt>
      <trkpt lat="42.314429003745317" lon="2.724061030894518">
        <ele>408</ele>
      </trkpt>
      <trkpt lat="42.31445599347353" lon="2.724148035049439">
        <ele>410</ele>
      </trkpt>
      <trkpt lat="42.314482983201742" lon="2.724231015890837">
        <ele>413</ele>
      </trkpt>
      <trkpt lat="42.314545009285212" lon="2.724326988682151">
        <ele>415</ele>
      </trkpt>
      <trkpt lat="42.314570993185043" lon="2.724369987845421">
        <ele>418</ele>
      </trkpt>
      <trkpt lat="42.314622038975358" lon="2.724441988393664">
        <ele>421</ele>
      </trkpt>
      <trkpt lat="42.314676018431783" lon="2.724468978121877">
        <ele>422</ele>
      </trkpt>
      <trkpt lat="42.314853966236115" lon="2.724499991163611">
        <ele>423</ele>
      </trkpt>
      <trkpt lat="42.314996039494872" lon="2.72451801225543">
        <ele>425</ele>
      </trkpt>
      <trkpt lat="42.315002996474504" lon="2.724525975063443">
        <ele>426</ele>
      </trkpt>
      <trkpt lat="42.315033003687859" lon="2.724531004205346">
        <ele>426</ele>
      </trkpt>
      <trkpt lat="42.315097963437438" lon="2.724551036953926">
        <ele>427</ele>
      </trkpt>
      <trkpt lat="42.315243976190686" lon="2.724618008360267">
        <ele>429</ele>
      </trkpt>
      <trkpt lat="42.315309019759297" lon="2.72460401058197">
        <ele>429</ele>
      </trkpt>
      <trkpt lat="42.315477998927236" lon="2.72447400726378">
        <ele>431</ele>
      </trkpt>
      <trkpt lat="42.315601967275143" lon="2.724361019209027">
        <ele>431</ele>
      </trkpt>
      <trkpt lat="42.31570003554225" lon="2.724265968427062">
        <ele>433</ele>
      </trkpt>
      <trkpt lat="42.315844036638737" lon="2.724144011735916">
        <ele>434</ele>
      </trkpt>
      <trkpt lat="42.315879995003343" lon="2.724133031442761">
        <ele>434</ele>
      </trkpt>
      <trkpt lat="42.316048974171281" lon="2.72406798787415">
        <ele>435</ele>
      </trkpt>
      <trkpt lat="42.316183000802994" lon="2.724039992317557">
        <ele>436</ele>
      </trkpt>
      <trkpt lat="42.316290959715843" lon="2.723994981497526">
        <ele>438</ele>
      </trkpt>
      <trkpt lat="42.3163450229913" lon="2.723944019526243">
        <ele>439</ele>
      </trkpt>
      <trkpt lat="42.316377041861415" lon="2.723892973735929">
        <ele>439</ele>
      </trkpt>
      <trkpt lat="42.316440995782614" lon="2.723764982074499">
        <ele>439</ele>
      </trkpt>
      <trkpt lat="42.316523976624012" lon="2.723563984036446">
        <ele>440</ele>
      </trkpt>
      <trkpt lat="42.316545015200973" lon="2.723393999040127">
        <ele>442</ele>
      </trkpt>
      <trkpt lat="42.316555995494127" lon="2.723355023190379">
        <ele>442</ele>
      </trkpt>
      <trkpt lat="42.316575022414327" lon="2.723233988508582">
        <ele>443</ele>
      </trkpt>
      <trkpt lat="42.316559012979269" lon="2.722968030720949">
        <ele>446</ele>
      </trkpt>
      <trkpt lat="42.316566975787282" lon="2.722794022411108">
        <ele>447</ele>
      </trkpt>
      <trkpt lat="42.316597988829017" lon="2.722717998549342">
        <ele>448</ele>
      </trkpt>
      <trkpt lat="42.316685998812318" lon="2.722678016871214">
        <ele>450</ele>
      </trkpt>
      <trkpt lat="42.316825976595283" lon="2.722721016034484">
        <ele>452</ele>
      </trkpt>
      <trkpt lat="42.31699001044035" lon="2.722736019641161">
        <ele>452</ele>
      </trkpt>
      <trkpt lat="42.317023035138845" lon="2.722717998549342">
        <ele>452</ele>
      </trkpt>
      <trkpt lat="42.317072991281748" lon="2.722690002992749">
        <ele>452</ele>
      </trkpt>
      <trkpt lat="42.31713904067874" lon="2.722667958587408">
        <ele>453</ele>
      </trkpt>
      <trkpt lat="42.317200982943177" lon="2.722638035193086">
        <ele>453</ele>
      </trkpt>
      <trkpt lat="42.317278012633324" lon="2.722589001059532">
        <ele>453</ele>
      </trkpt>
      <trkpt lat="42.31731497682631" lon="2.722573997452855">
        <ele>453</ele>
      </trkpt>
      <trkpt lat="42.317470964044333" lon="2.722487999126315">
        <ele>453</ele>
      </trkpt>
      <trkpt lat="42.317494014278054" lon="2.72247601300478">
        <ele>453</ele>
      </trkpt>
      <trkpt lat="42.317574983462691" lon="2.722423961386085">
        <ele>453</ele>
      </trkpt>
      <trkpt lat="42.317716972902417" lon="2.722290018573403">
        <ele>454</ele>
      </trkpt>
      <trkpt lat="42.317776987329125" lon="2.722251964733005">
        <ele>454</ele>
      </trkpt>
      <trkpt lat="42.31783096678555" lon="2.722323965281248">
        <ele>456</ele>
      </trkpt>
      <trkpt lat="42.317816969007254" lon="2.722404012456536">
        <ele>458</ele>
      </trkpt>
      <trkpt lat="42.317740023136139" lon="2.722556982189417">
        <ele>460</ele>
      </trkpt>
      <trkpt lat="42.31770096346736" lon="2.722674999386072">
        <ele>462</ele>
      </trkpt>
      <trkpt lat="42.3176349978894" lon="2.722838027402759">
        <ele>465</ele>
      </trkpt>
      <trkpt lat="42.317624017596245" lon="2.722859987989068">
        <ele>468</ele>
      </trkpt>
      <trkpt lat="42.31761496514082" lon="2.722881026566029">
        <ele>467</ele>
      </trkpt>
      <trkpt lat="42.317543970420957" lon="2.722964007407427">
        <ele>467</ele>
      </trkpt>
      <trkpt lat="42.317504994571209" lon="2.72301304154098">
        <ele>469</ele>
      </trkpt>
      <trkpt lat="42.317417990416288" lon="2.723105996847153">
        <ele>471</ele>
      </trkpt>
      <trkpt lat="42.317355964332819" lon="2.72322803735733">
        <ele>473</ele>
      </trkpt>
      <trkpt lat="42.317311959341168" lon="2.723330967128277">
        <ele>474</ele>
      </trkpt>
      <trkpt lat="42.31726803816855" lon="2.723478991538286">
        <ele>476</ele>
      </trkpt>
      <trkpt lat="42.317242976278067" lon="2.723634978756309">
        <ele>477</ele>
      </trkpt>
      <trkpt lat="42.317234007641673" lon="2.723799012601376">
        <ele>480</ele>
      </trkpt>
      <trkpt lat="42.317238030955195" lon="2.72393798455596">
        <ele>482</ele>
      </trkpt>
      <trkpt lat="42.317252028733492" lon="2.724009985104203">
        <ele>483</ele>
      </trkpt>
      <trkpt lat="42.31731497682631" lon="2.724128002300859">
        <ele>485</ele>
      </trkpt>
      <trkpt lat="42.31739703565836" lon="2.72419597953558">
        <ele>487</ele>
      </trkpt>
      <trkpt lat="42.317498959600925" lon="2.724234033375979">
        <ele>489</ele>
      </trkpt>
      <trkpt lat="42.317566014826298" lon="2.724253982305527">
        <ele>491</ele>
      </trkpt>
      <trkpt lat="42.317646984010935" lon="2.724249958992004">
        <ele>493</ele>
      </trkpt>
      <trkpt lat="42.317716972902417" lon="2.724254988133907">
        <ele>494</ele>
      </trkpt>
      <trkpt lat="42.317777993157506" lon="2.724265968427062">
        <ele>496</ele>
      </trkpt>
      <trkpt lat="42.317867008969188" lon="2.724309973418713">
        <ele>498</ele>
      </trkpt>
      <trkpt lat="42.317874971777201" lon="2.724315002560616">
        <ele>499</ele>
      </trkpt>
      <trkpt lat="42.317985026165843" lon="2.724378034472466">
        <ele>501</ele>
      </trkpt>
      <trkpt lat="42.31804302893579" lon="2.724408963695169">
        <ele>502</ele>
      </trkpt>
      <trkpt lat="42.318120980635285" lon="2.724480964243412">
        <ele>506</ele>
      </trkpt>
      <trkpt lat="42.318150987848639" lon="2.724503008648753">
        <ele>507</ele>
      </trkpt>
      <trkpt lat="42.318240003660321" lon="2.724481970071793">
        <ele>507</ele>
      </trkpt>
      <trkpt lat="42.31826095841825" lon="2.724467972293496">
        <ele>507</ele>
      </trkpt>
      <trkpt lat="42.318297000601888" lon="2.724438970908523">
        <ele>508</ele>
      </trkpt>
      <trkpt lat="42.318404037505388" lon="2.724354984238744">
        <ele>509</ele>
      </trkpt>
      <trkpt lat="42.31840998865664" lon="2.724355990067124">
        <ele>509</ele>
      </trkpt>
      <trkpt lat="42.318442007526755" lon="2.724336041137576">
        <ele>509</ele>
      </trkpt>
      <trkpt lat="42.318476038053632" lon="2.724326988682151">
        <ele>510</ele>
      </trkpt>
      <trkpt lat="42.318592965602875" lon="2.724284995347261">
        <ele>511</ele>
      </trkpt>
      <trkpt lat="42.318611992523074" lon="2.724279966205359">
        <ele>511</ele>
      </trkpt>
      <trkpt lat="42.318722968921065" lon="2.72430301643908">
        <ele>513</ele>
      </trkpt>
      <trkpt lat="42.3187539819628" lon="2.724313996732235">
        <ele>514</ele>
      </trkpt>
      <trkpt lat="42.318790024146438" lon="2.72434601560235">
        <ele>514</ele>
      </trkpt>
      <trkpt lat="42.318834029138088" lon="2.724465960636735">
        <ele>516</ele>
      </trkpt>
      <trkpt lat="42.318863030523062" lon="2.724596969783306">
        <ele>517</ele>
      </trkpt>
      <trkpt lat="42.31890301220119" lon="2.724809031933546">
        <ele>518</ele>
      </trkpt>
      <trkpt lat="42.318950034677982" lon="2.724972981959581">
        <ele>520</ele>
      </trkpt>
      <trkpt lat="42.319022035226226" lon="2.725129975005984">
        <ele>521</ele>
      </trkpt>
      <trkpt lat="42.319076014682651" lon="2.72522896528244">
        <ele>522</ele>
      </trkpt>
      <trkpt lat="42.319175004959106" lon="2.725380007177591">
        <ele>524</ele>
      </trkpt>
      <trkpt lat="42.31922697275877" lon="2.72552702575922">
        <ele>527</ele>
      </trkpt>
      <trkpt lat="42.319272989407182" lon="2.725668009370565">
        <ele>528</ele>
      </trkpt>
      <trkpt lat="42.319336021319032" lon="2.725825002416968">
        <ele>530</ele>
      </trkpt>
      <trkpt lat="42.31935303658247" lon="2.725903037935495">
        <ele>532</ele>
      </trkpt>
      <trkpt lat="42.319358987733722" lon="2.725949976593256">
        <ele>533</ele>
      </trkpt>
      <trkpt lat="42.319374997168779" lon="2.725983001291752">
        <ele>533</ele>
      </trkpt>
      <trkpt lat="42.319406010210514" lon="2.726141000166535">
        <ele>535</ele>
      </trkpt>
      <trkpt lat="42.31935597024858" lon="2.726275026798248">
        <ele>537</ele>
      </trkpt>
      <trkpt lat="42.319296961650252" lon="2.726443000137806">
        <ele>538</ele>
      </trkpt>
      <trkpt lat="42.319235019385815" lon="2.72660200484097">
        <ele>539</ele>
      </trkpt>
      <trkpt lat="42.319210041314363" lon="2.72670803591609">
        <ele>539</ele>
      </trkpt>
      <trkpt lat="42.319252034649253" lon="2.726847007870674">
        <ele>541</ele>
      </trkpt>
      <trkpt lat="42.319281036034226" lon="2.726792022585869">
        <ele>544</ele>
      </trkpt>
      <trkpt lat="42.319353958591819" lon="2.726681968197227">
        <ele>545</ele>
      </trkpt>
      <trkpt lat="42.319450015202165" lon="2.726548025384545">
        <ele>547</ele>
      </trkpt>
      <trkpt lat="42.31952503323555" lon="2.726438976824284">
        <ele>548</ele>
      </trkpt>
      <trkpt lat="42.319635003805161" lon="2.726348033174872">
        <ele>549</ele>
      </trkpt>
      <trkpt lat="42.319752015173435" lon="2.726264968514442">
        <ele>550</ele>
      </trkpt>
      <trkpt lat="42.319863997399807" lon="2.726178970187903">
        <ele>551</ele>
      </trkpt>
      <trkpt lat="42.319973967969418" lon="2.72606497630477">
        <ele>552</ele>
      </trkpt>
      <trkpt lat="42.320024007931352" lon="2.725947964936495">
        <ele>553</ele>
      </trkpt>
      <trkpt lat="42.320026019588113" lon="2.725946037098765">
        <ele>554</ele>
      </trkpt>
      <trkpt lat="42.320035994052887" lon="2.725950982421637">
        <ele>554</ele>
      </trkpt>
      <trkpt lat="42.320191981270909" lon="2.726026000455022">
        <ele>555</ele>
      </trkpt>
      <trkpt lat="42.32027898542583" lon="2.726090038195252">
        <ele>555</ele>
      </trkpt>
      <trkpt lat="42.320430027320981" lon="2.726219035685062">
        <ele>556</ele>
      </trkpt>
      <trkpt lat="42.320534968748689" lon="2.726377034559846">
        <ele>556</ele>
      </trkpt>
      <trkpt lat="42.320571010932326" lon="2.726421961560845">
        <ele>556</ele>
      </trkpt>
      <trkpt lat="42.320593977347016" lon="2.726476024836302">
        <ele>557</ele>
      </trkpt>
      <trkpt lat="42.320593977347016" lon="2.726605022326112">
        <ele>557</ele>
      </trkpt>
      <trkpt lat="42.320590959861875" lon="2.726783975958824">
        <ele>557</ele>
      </trkpt>
      <trkpt lat="42.320599006488919" lon="2.726869974285364">
        <ele>557</ele>
      </trkpt>
      <trkpt lat="42.320615015923977" lon="2.727151019498706">
        <ele>557</ele>
      </trkpt>
      <trkpt lat="42.32064301148057" lon="2.727340031415224">
        <ele>557</ele>
      </trkpt>
      <trkpt lat="42.320662038400769" lon="2.727499036118388">
        <ele>557</ele>
      </trkpt>
      <trkpt lat="42.320694979280233" lon="2.727703973650932">
        <ele>558</ele>
      </trkpt>
      <trkpt lat="42.320777038112283" lon="2.727896003052592">
        <ele>558</ele>
      </trkpt>
      <trkpt lat="42.32090201228857" lon="2.728071017190814">
        <ele>558</ele>
      </trkpt>
      <trkpt lat="42.321045007556677" lon="2.728202026337385">
        <ele>558</ele>
      </trkpt>
      <trkpt lat="42.321163024753332" lon="2.728304034098983">
        <ele>558</ele>
      </trkpt>
      <trkpt lat="42.321261009201407" lon="2.728449963033199">
        <ele>558</ele>
      </trkpt>
      <trkpt lat="42.321297973394394" lon="2.728550964966416">
        <ele>558</ele>
      </trkpt>
      <trkpt lat="42.321387995034456" lon="2.728606034070253">
        <ele>558</ele>
      </trkpt>
      <trkpt lat="42.321556974202394" lon="2.728658001869917">
        <ele>558</ele>
      </trkpt>
      <trkpt lat="42.321554962545633" lon="2.728661019355059">
        <ele>558</ele>
      </trkpt>
      <trkpt lat="42.321697035804391" lon="2.728704018518329">
        <ele>559</ele>
      </trkpt>
      <trkpt lat="42.3218899872154" lon="2.728780964389443">
        <ele>560</ele>
      </trkpt>
      <trkpt lat="42.322069024667144" lon="2.728823041543365">
        <ele>560</ele>
      </trkpt>
      <trkpt lat="42.322230041027069" lon="2.728896969929338">
        <ele>561</ele>
      </trkpt>
      <trkpt lat="42.322353003546596" lon="2.728939969092608">
        <ele>561</ele>
      </trkpt>
      <trkpt lat="42.322429027408361" lon="2.728976011276245">
        <ele>562</ele>
      </trkpt>
      <trkpt lat="42.322588032111526" lon="2.729057986289263">
        <ele>563</ele>
      </trkpt>
      <trkpt lat="42.322775032371283" lon="2.729085981845856">
        <ele>564</ele>
      </trkpt>
      <trkpt lat="42.322848038747907" lon="2.729075001552701">
        <ele>565</ele>
      </trkpt>
      <trkpt lat="42.322994973510504" lon="2.729104002937675">
        <ele>566</ele>
      </trkpt>
      <trkpt lat="42.323064962401986" lon="2.729121018201113">
        <ele>566</ele>
      </trkpt>
      <trkpt lat="42.323218015953898" lon="2.729139039292932">
        <ele>568</ele>
      </trkpt>
      <trkpt lat="42.32341599650681" lon="2.729196958243847">
        <ele>569</ele>
      </trkpt>
      <trkpt lat="42.323553962633014" lon="2.729241969063878">
        <ele>570</ele>
      </trkpt>
      <trkpt lat="42.323635015636683" lon="2.729275999590755">
        <ele>571</ele>
      </trkpt>
      <trkpt lat="42.323739035055041" lon="2.729307012632489">
        <ele>572</ele>
      </trkpt>
      <trkpt lat="42.323890998959541" lon="2.729369960725308">
        <ele>572</ele>
      </trkpt>
      <trkpt lat="42.324027037248015" lon="2.729433998465538">
        <ele>573</ele>
      </trkpt>
      <trkpt lat="42.324184030294418" lon="2.729516979306936">
        <ele>574</ele>
      </trkpt>
      <trkpt lat="42.324261981993914" lon="2.729570036754012">
        <ele>575</ele>
      </trkpt>
      <trkpt lat="42.324349991977215" lon="2.729679001495242">
        <ele>576</ele>
      </trkpt>
      <trkpt lat="42.324417969211936" lon="2.72973801009357">
        <ele>576</ele>
      </trkpt>
      <trkpt lat="42.324504973366857" lon="2.72984798066318">
        <ele>577</ele>
      </trkpt>
      <trkpt lat="42.324574962258339" lon="2.730012014508247">
        <ele>578</ele>
      </trkpt>
      <trkpt lat="42.324663978070021" lon="2.730160960927606">
        <ele>578</ele>
      </trkpt>
      <trkpt lat="42.324688034132123" lon="2.730186022818089">
        <ele>579</ele>
      </trkpt>
      <trkpt lat="42.324763974174857" lon="2.730309991165996">
        <ele>579</ele>
      </trkpt>
      <trkpt lat="42.3248550016433" lon="2.730407975614071">
        <ele>579</ele>
      </trkpt>
      <trkpt lat="42.324952986091375" lon="2.730515012517571">
        <ele>580</ele>
      </trkpt>
      <trkpt lat="42.325088018551469" lon="2.730652978643775">
        <ele>580</ele>
      </trkpt>
      <trkpt lat="42.325220033526421" lon="2.73074802942574">
        <ele>580</ele>
      </trkpt>
      <trkpt lat="42.325377026572824" lon="2.730803014710546">
        <ele>580</ele>
      </trkpt>
      <trkpt lat="42.325463024899364" lon="2.730848025530577">
        <ele>580</ele>
      </trkpt>
      <trkpt lat="42.325669974088669" lon="2.730910973623395">
        <ele>580</ele>
      </trkpt>
      <trkpt lat="42.325822021812201" lon="2.730931006371975">
        <ele>580</ele>
      </trkpt>
      <trkpt lat="42.325988989323378" lon="2.730968976393342">
        <ele>581</ele>
      </trkpt>
      <trkpt lat="42.326037017628551" lon="2.730982974171639">
        <ele>581</ele>
      </trkpt>
      <trkpt lat="42.326103989034891" lon="2.730990014970303">
        <ele>581</ele>
      </trkpt>
      <trkpt lat="42.32629400677979" lon="2.730975011363626">
        <ele>582</ele>
      </trkpt>
      <trkpt lat="42.326356032863259" lon="2.7309659589082">
        <ele>582</ele>
      </trkpt>
      <trkpt lat="42.326591983437538" lon="2.730871997773647">
        <ele>583</ele>
      </trkpt>
      <trkpt lat="42.326691979542375" lon="2.730849031358957">
        <ele>583</ele>
      </trkpt>
      <trkpt lat="42.326729027554393" lon="2.730842996388674">
        <ele>583</ele>
      </trkpt>
      <trkpt lat="42.326845033094287" lon="2.730861017480493">
        <ele>583</ele>
      </trkpt>
      <trkpt lat="42.326886020600796" lon="2.730896975845099">
        <ele>583</ele>
      </trkpt>
      <trkpt lat="42.326931031420827" lon="2.730936035513878">
        <ele>583</ele>
      </trkpt>
      <trkpt lat="42.32698299922049" lon="2.730960007756949">
        <ele>584</ele>
      </trkpt>
      <trkpt lat="42.327044019475579" lon="2.730943998321891">
        <ele>584</ele>
      </trkpt>
      <trkpt lat="42.327057011425495" lon="2.730950033292174">
        <ele>584</ele>
      </trkpt>
      <trkpt lat="42.327163964509964" lon="2.731014993041754">
        <ele>584</ele>
      </trkpt>
      <trkpt lat="42.327200006693602" lon="2.731047011911869">
        <ele>584</ele>
      </trkpt>
      <trkpt lat="42.327228002250195" lon="2.731055980548263">
        <ele>583</ele>
      </trkpt>
      <trkpt lat="42.327353982254863" lon="2.731130998581648">
        <ele>581</ele>
      </trkpt>
      <trkpt lat="42.327380971983075" lon="2.731132004410029">
        <ele>581</ele>
      </trkpt>
      <trkpt lat="42.327596973627806" lon="2.731063021346927">
        <ele>580</ele>
      </trkpt>
      <trkpt lat="42.327758995816112" lon="2.730969982221723">
        <ele>579</ele>
      </trkpt>
      <trkpt lat="42.327871983870864" lon="2.730841990560293">
        <ele>579</ele>
      </trkpt>
      <trkpt lat="42.327972985804081" lon="2.730654990300536">
        <ele>579</ele>
      </trkpt>
      <trkpt lat="42.327974997460842" lon="2.730635963380337">
        <ele>578</ele>
      </trkpt>
      <trkpt lat="42.328024031594396" lon="2.73044896312058">
        <ele>578</ele>
      </trkpt>
      <trkpt lat="42.328109024092555" lon="2.730215024203062">
        <ele>577</ele>
      </trkpt>
      <trkpt lat="42.328192004933953" lon="2.730074962601066">
        <ele>576</ele>
      </trkpt>
      <trkpt lat="42.328305998817086" lon="2.729907995089889">
        <ele>575</ele>
      </trkpt>
      <trkpt lat="42.328430972993374" lon="2.729756031185389">
        <ele>575</ele>
      </trkpt>
      <trkpt lat="42.32855100184679" lon="2.72963197901845">
        <ele>575</ele>
      </trkpt>
      <trkpt lat="42.328664995729923" lon="2.729466017335653">
        <ele>574</ele>
      </trkpt>
      <trkpt lat="42.328760968521237" lon="2.72928899154067">
        <ele>574</ele>
      </trkpt>
      <trkpt lat="42.328784018754959" lon="2.72918002679944">
        <ele>573</ele>
      </trkpt>
      <trkpt lat="42.328687040135264" lon="2.729081036522985">
        <ele>572</ele>
      </trkpt>
      <trkpt lat="42.328542033210397" lon="2.72896503098309">
        <ele>571</ele>
      </trkpt>
      <trkpt lat="42.328397026285529" lon="2.728811977431178">
        <ele>570</ele>
      </trkpt>
      <trkpt lat="42.328341035172343" lon="2.728760009631515">
        <ele>570</ele>
      </trkpt>
      <trkpt lat="42.328209020197392" lon="2.728591030463576">
        <ele>569</ele>
      </trkpt>
      <trkpt lat="42.32807801105082" lon="2.728396989405155">
        <ele>568</ele>
      </trkpt>
      <trkpt lat="42.328031994402409" lon="2.728352984413505">
        <ele>567</ele>
      </trkpt>
      <trkpt lat="42.327902996912599" lon="2.728191968053579">
        <ele>565</ele>
      </trkpt>
      <trkpt lat="42.327859997749329" lon="2.728179981932044">
        <ele>564</ele>
      </trkpt>
      <trkpt lat="42.327723037451506" lon="2.728057019412518">
        <ele>564</ele>
      </trkpt>
      <trkpt lat="42.327728988602757" lon="2.728044027462602">
        <ele>563</ele>
      </trkpt>
      <trkpt lat="42.327780034393072" lon="2.72802097722888">
        <ele>563</ele>
      </trkpt>
      <trkpt lat="42.327806018292904" lon="2.728052996098995">
        <ele>562</ele>
      </trkpt>
      <trkpt lat="42.327939039096236" lon="2.728153998032212">
        <ele>561</ele>
      </trkpt>
      <trkpt lat="42.328031994402409" lon="2.728223986923695">
        <ele>560</ele>
      </trkpt>
      <trkpt lat="42.3281429708004" lon="2.72832197137177">
        <ele>559</ele>
      </trkpt>
      <trkpt lat="42.328238021582365" lon="2.728412998840213">
        <ele>558</ele>
      </trkpt>
      <trkpt lat="42.328274985775352" lon="2.728452980518341">
        <ele>558</ele>
      </trkpt>
      <trkpt lat="42.328302981331944" lon="2.728476030752063">
        <ele>558</ele>
      </trkpt>
      <trkpt lat="42.328442959114909" lon="2.728546019643545">
        <ele>557</ele>
      </trkpt>
      <trkpt lat="42.328454023227096" lon="2.728548031300306">
        <ele>557</ele>
      </trkpt>
      <trkpt lat="42.328647980466485" lon="2.728630006313324">
        <ele>555</ele>
      </trkpt>
      <trkpt lat="42.328812014311552" lon="2.728699995204806">
        <ele>555</ele>
      </trkpt>
      <trkpt lat="42.328999014571309" lon="2.728745006024838">
        <ele>554</ele>
      </trkpt>
      <trkpt lat="42.32921602204442" lon="2.728766966611147">
        <ele>554</ele>
      </trkpt>
      <trkpt lat="42.329322975128889" lon="2.728762021288276">
        <ele>554</ele>
      </trkpt>
      <trkpt lat="42.329402016475797" lon="2.728746011853218">
        <ele>553</ele>
      </trkpt>
      <trkpt lat="42.329503018409014" lon="2.728725979104638">
        <ele>553</ele>
      </trkpt>
      <trkpt lat="42.329549035057425" lon="2.728693038225174">
        <ele>553</ele>
      </trkpt>
      <trkpt lat="42.32962497510016" lon="2.72864299826324">
        <ele>552</ele>
      </trkpt>
      <trkpt lat="42.329757995903492" lon="2.728473013266921">
        <ele>551</ele>
      </trkpt>
      <trkpt lat="42.329767970368266" lon="2.728463960811496">
        <ele>551</ele>
      </trkpt>
      <trkpt lat="42.329791020601988" lon="2.728444011881948">
        <ele>551</ele>
      </trkpt>
      <trkpt lat="42.329970980063081" lon="2.728301016613841">
        <ele>549</ele>
      </trkpt>
      <trkpt lat="42.330149011686444" lon="2.728147963061929">
        <ele>548</ele>
      </trkpt>
      <trkpt lat="42.330216988921165" lon="2.728023994714022">
        <ele>548</ele>
      </trkpt>
      <trkpt lat="42.330275997519493" lon="2.727983007207513">
        <ele>547</ele>
      </trkpt>
      <trkpt lat="42.330429973080754" lon="2.727954005822539">
        <ele>545</ele>
      </trkpt>
      <trkpt lat="42.330515971407294" lon="2.727922992780805">
        <ele>545</ele>
      </trkpt>
      <trkpt lat="42.330668019130826" lon="2.727830959483981">
        <ele>543</ele>
      </trkpt>
      <trkpt lat="42.330832974985242" lon="2.727729035541415">
        <ele>543</ele>
      </trkpt>
      <trkpt lat="42.330903969705105" lon="2.727680001407862">
        <ele>543</ele>
      </trkpt>
      <trkpt lat="42.331076972186565" lon="2.727540023624897">
        <ele>545</ele>
      </trkpt>
      <trkpt lat="42.331200018525124" lon="2.727380013093352">
        <ele>546</ele>
      </trkpt>
      <trkpt lat="42.331282999366522" lon="2.727263001725078">
        <ele>547</ele>
      </trkpt>
      <trkpt lat="42.331381989642978" lon="2.727171974256635">
        <ele>548</ele>
      </trkpt>
      <trkpt lat="42.331475028768182" lon="2.727026967331767">
        <ele>548</ele>
      </trkpt>
      <trkpt lat="42.331493971869349" lon="2.726930994540453">
        <ele>549</ele>
      </trkpt>
      <trkpt lat="42.331454996019602" lon="2.72675396874547">
        <ele>551</ele>
      </trkpt>
      <trkpt lat="42.331457007676363" lon="2.726756986230612">
        <ele>552</ele>
      </trkpt>
      <trkpt lat="42.331431023776531" lon="2.726633017882705">
        <ele>552</ele>
      </trkpt>
      <trkpt lat="42.331433035433292" lon="2.726603010669351">
        <ele>552</ele>
      </trkpt>
      <trkpt lat="42.331436974927783" lon="2.726547019556165">
        <ele>553</ele>
      </trkpt>
      <trkpt lat="42.331453990191221" lon="2.726418022066355">
        <ele>554</ele>
      </trkpt>
      <trkpt lat="42.331457007676363" lon="2.726364964619279">
        <ele>555</ele>
      </trkpt>
      <trkpt lat="42.33147201128304" lon="2.72632297128439">
        <ele>555</ele>
      </trkpt>
      <trkpt lat="42.331534037366509" lon="2.726110992953181">
        <ele>555</ele>
      </trkpt>
      <trkpt lat="42.331662029027939" lon="2.725975960493088">
        <ele>555</ele>
      </trkpt>
      <trkpt lat="42.331820027902722" lon="2.725921981036663">
        <ele>555</ele>
      </trkpt>
      <trkpt lat="42.331998981535435" lon="2.726003034040332">
        <ele>556</ele>
      </trkpt>
      <trkpt lat="42.33213703148067" lon="2.726059025153518">
        <ele>557</ele>
      </trkpt>
      <trkpt lat="42.332327971234918" lon="2.726075034588575">
        <ele>558</ele>
      </trkpt>
      <trkpt lat="42.33250399120152" lon="2.725996999070048">
        <ele>559</ele>
      </trkpt>
      <trkpt lat="42.332624020054936" lon="2.725881999358535">
        <ele>559</ele>
      </trkpt>
      <trkpt lat="42.332728961482644" lon="2.725737998262048">
        <ele>559</ele>
      </trkpt>
      <trkpt lat="42.332858964800835" lon="2.725544963032007">
        <ele>561</ele>
      </trkpt>
      <trkpt lat="42.332945968955755" lon="2.725447984412313">
        <ele>562</ele>
      </trkpt>
      <trkpt lat="42.333002965897322" lon="2.725415965542197">
        <ele>562</ele>
      </trkpt>
      <trkpt lat="42.333073960617185" lon="2.725394004955888">
        <ele>564</ele>
      </trkpt>
      <trkpt lat="42.333209998905659" lon="2.725410014390945">
        <ele>565</ele>
      </trkpt>
      <trkpt lat="42.333318963646889" lon="2.725417977198958">
        <ele>567</ele>
      </trkpt>
      <trkpt lat="42.333439998328686" lon="2.725430969148874">
        <ele>569</ele>
      </trkpt>
      <trkpt lat="42.333546029403806" lon="2.725429041311145">
        <ele>571</ele>
      </trkpt>
      <trkpt lat="42.333571007475257" lon="2.725433986634016">
        <ele>571</ele>
      </trkpt>
      <trkpt lat="42.333689024671912" lon="2.725445972755551">
        <ele>573</ele>
      </trkpt>
      <trkpt lat="42.333711991086602" lon="2.72544396109879">
        <ele>573</ele>
      </trkpt>
      <trkpt lat="42.333864038810134" lon="2.725437004119158">
        <ele>574</ele>
      </trkpt>
      <trkpt lat="42.333988007158041" lon="2.725445972755551">
        <ele>577</ele>
      </trkpt>
      <trkpt lat="42.334040980786085" lon="2.725453013554215">
        <ele>577</ele>
      </trkpt>
      <trkpt lat="42.334165032953024" lon="2.725468017160893">
        <ele>579</ele>
      </trkpt>
      <trkpt lat="42.334248013794422" lon="2.725473968312144">
        <ele>580</ele>
      </trkpt>
      <trkpt lat="42.334405006840825" lon="2.725582011044025">
        <ele>581</ele>
      </trkpt>
      <trkpt lat="42.334514977410436" lon="2.725692987442017">
        <ele>582</ele>
      </trkpt>
      <trkpt lat="42.334655961021781" lon="2.725821984931827">
        <ele>583</ele>
      </trkpt>
      <trkpt lat="42.334709018468857" lon="2.725855009630323">
        <ele>584</ele>
      </trkpt>
      <trkpt lat="42.334854025393724" lon="2.725938996300101">
        <ele>585</ele>
      </trkpt>
      <trkpt lat="42.334872968494892" lon="2.725945031270385">
        <ele>585</ele>
      </trkpt>
      <trkpt lat="42.334903981536627" lon="2.725955005735159">
        <ele>585</ele>
      </trkpt>
      <trkpt lat="42.334986962378025" lon="2.726026000455022">
        <ele>587</ele>
      </trkpt>
      <trkpt lat="42.33506198041141" lon="2.726274020969868">
        <ele>588</ele>
      </trkpt>
      <trkpt lat="42.335242023691535" lon="2.726345015689731">
        <ele>588</ele>
      </trkpt>
      <trkpt lat="42.335407985374331" lon="2.726394971832633">
        <ele>589</ele>
      </trkpt>
      <trkpt lat="42.335551986470819" lon="2.72640997543931">
        <ele>589</ele>
      </trkpt>
      <trkpt lat="42.335671009495854" lon="2.72640603594482">
        <ele>590</ele>
      </trkpt>
      <trkpt lat="42.335745021700859" lon="2.726367982104421">
        <ele>592</ele>
      </trkpt>
      <trkpt lat="42.335775028914213" lon="2.726332023739815">
        <ele>593</ele>
      </trkpt>
      <trkpt lat="42.335845017805696" lon="2.726224986836314">
        <ele>595</ele>
      </trkpt>
      <trkpt lat="42.335931016132236" lon="2.7261480409652">
        <ele>597</ele>
      </trkpt>
      <trkpt lat="42.335982983931899" lon="2.726089032366872">
        <ele>600</ele>
      </trkpt>
      <trkpt lat="42.335990024730563" lon="2.726049972698093">
        <ele>600</ele>
      </trkpt>
      <trkpt lat="42.335992958396673" lon="2.725946037098765">
        <ele>601</ele>
      </trkpt>
      <trkpt lat="42.335987007245421" lon="2.725879987701774">
        <ele>601</ele>
      </trkpt>
      <trkpt lat="42.335982983931899" lon="2.725757025182247">
        <ele>603</ele>
      </trkpt>
      <trkpt lat="42.335960017517209" lon="2.725682007148862">
        <ele>605</ele>
      </trkpt>
      <trkpt lat="42.335957000032067" lon="2.725648982450366">
        <ele>606</ele>
      </trkpt>
      <trkpt lat="42.335951970890164" lon="2.725610006600618">
        <ele>607</ele>
      </trkpt>
      <trkpt lat="42.335947025567293" lon="2.725558038800955">
        <ele>607</ele>
      </trkpt>
      <trkpt lat="42.335945013910532" lon="2.725518979132175">
        <ele>607</ele>
      </trkpt>
      <trkpt lat="42.335937973111868" lon="2.725352011620998">
        <ele>609</ele>
      </trkpt>
      <trkpt lat="42.335936967283487" lon="2.725304989144206">
        <ele>609</ele>
      </trkpt>
      <trkpt lat="42.33598398976028" lon="2.725137015804648">
        <ele>612</ele>
      </trkpt>
      <trkpt lat="42.335989018902183" lon="2.724988991394639">
        <ele>613</ele>
      </trkpt>
      <trkpt lat="42.335975021123886" lon="2.724937023594976">
        <ele>614</ele>
      </trkpt>
      <trkpt lat="42.336010979488492" lon="2.724756980314851">
        <ele>616</ele>
      </trkpt>
      <trkpt lat="42.336013996973634" lon="2.724638041108847">
        <ele>618</ele>
      </trkpt>
      <trkpt lat="42.335995975881815" lon="2.724503008648753">
        <ele>620</ele>
      </trkpt>
      <trkpt lat="42.335987007245421" lon="2.724375016987324">
        <ele>623</ele>
      </trkpt>
      <trkpt lat="42.335959011688828" lon="2.724221963435412">
        <ele>625</ele>
      </trkpt>
      <trkpt lat="42.335924981161952" lon="2.724054995924234">
        <ele>626</ele>
      </trkpt>
      <trkpt lat="42.335923975333571" lon="2.723936978727579">
        <ele>626</ele>
      </trkpt>
      <trkpt lat="42.335969991981983" lon="2.72376699373126">
        <ele>627</ele>
      </trkpt>
      <trkpt lat="42.335987007245421" lon="2.723742015659809">
        <ele>627</ele>
      </trkpt>
      <trkpt lat="42.336084991693497" lon="2.723678983747959">
        <ele>629</ele>
      </trkpt>
      <trkpt lat="42.33604802750051" lon="2.72348896600306">
        <ele>629</ele>
      </trkpt>
      <trkpt lat="42.336012991145253" lon="2.723441021516919">
        <ele>629</ele>
      </trkpt>
      <trkpt lat="42.335889022797346" lon="2.723234994336963">
        <ele>629</ele>
      </trkpt>
      <trkpt lat="42.33585599809885" lon="2.723176991567016">
        <ele>628</ele>
      </trkpt>
      <trkpt lat="42.335761031135917" lon="2.722984962165356">
        <ele>628</ele>
      </trkpt>
      <trkpt lat="42.335690958425403" lon="2.722741970792413">
        <ele>628</ele>
      </trkpt>
      <trkpt lat="42.335666986182332" lon="2.722503002732992">
        <ele>628</ele>
      </trkpt>
      <trkpt lat="42.33563999645412" lon="2.722351960837841">
        <ele>628</ele>
      </trkpt>
      <trkpt lat="42.335619041696191" lon="2.722281971946359">
        <ele>628</ele>
      </trkpt>
      <trkpt lat="42.335547963157296" lon="2.722127996385098">
        <ele>629</ele>
      </trkpt>
      <trkpt lat="42.335492977872491" lon="2.722014002501965">
        <ele>629</ele>
      </trkpt>
      <trkpt lat="42.335487026721239" lon="2.721954993903637">
        <ele>629</ele>
      </trkpt>
      <trkpt lat="42.335471017286181" lon="2.721905037760735">
        <ele>629</ele>
      </trkpt>
      <trkpt lat="42.335461964830756" lon="2.721845023334026">
        <ele>629</ele>
      </trkpt>
      <trkpt lat="42.335549974814057" lon="2.721632039174438">
        <ele>629</ele>
      </trkpt>
      <trkpt lat="42.335590040311217" lon="2.721609994769096">
        <ele>628</ele>
      </trkpt>
      <trkpt lat="42.335622981190681" lon="2.721611000597477">
        <ele>628</ele>
      </trkpt>
      <trkpt lat="42.335834037512541" lon="2.721653999760747">
        <ele>628</ele>
      </trkpt>
      <trkpt lat="42.335999999195337" lon="2.721721976995468">
        <ele>628</ele>
      </trkpt>
      <trkpt lat="42.336191022768617" lon="2.721814010292292">
        <ele>628</ele>
      </trkpt>
      <trkpt lat="42.336383974179626" lon="2.721887016668916">
        <ele>627</ele>
      </trkpt>
      <trkpt lat="42.336433008313179" lon="2.721883999183774">
        <ele>627</ele>
      </trkpt>
      <trkpt lat="42.336553959175944" lon="2.721764976158738">
        <ele>627</ele>
      </trkpt>
      <trkpt lat="42.336553037166595" lon="2.721757013350725">
        <ele>627</ele>
      </trkpt>
      <trkpt lat="42.336555970832705" lon="2.721621980890632">
        <ele>627</ele>
      </trkpt>
      <trkpt lat="42.336611039936543" lon="2.721414025872946">
        <ele>628</ele>
      </trkpt>
      <trkpt lat="42.336717993021011" lon="2.721223002299666">
        <ele>629</ele>
      </trkpt>
      <trkpt lat="42.336903987452388" lon="2.721054023131728">
        <ele>629</ele>
      </trkpt>
      <trkpt lat="42.337134992703795" lon="2.720995014533401">
        <ele>630</ele>
      </trkpt>
      <trkpt lat="42.337267007678747" lon="2.720970958471298">
        <ele>630</ele>
      </trkpt>
      <trkpt lat="42.337284022942185" lon="2.72095100954175">
        <ele>630</ele>
      </trkpt>
      <trkpt lat="42.337298020720482" lon="2.720902981236577">
        <ele>630</ele>
      </trkpt>
      <trkpt lat="42.337254015728831" lon="2.720717992633581">
        <ele>631</ele>
      </trkpt>
      <trkpt lat="42.337244963273406" lon="2.720664013177156">
        <ele>631</ele>
      </trkpt>
      <trkpt lat="42.33720799908042" lon="2.720562005415559">
        <ele>631</ele>
      </trkpt>
      <trkpt lat="42.337109008803964" lon="2.720403000712395">
        <ele>631</ele>
      </trkpt>
      <trkpt lat="42.337002977728844" lon="2.720195967704058">
        <ele>629</ele>
      </trkpt>
      <trkpt lat="42.336999038234353" lon="2.720137964934111">
        <ele>629</ele>
      </trkpt>
      <trkpt lat="42.337014963850379" lon="2.720041992142797">
        <ele>628</ele>
      </trkpt>
      <trkpt lat="42.33714496716857" lon="2.719863960519433">
        <ele>627</ele>
      </trkpt>
      <trkpt lat="42.337278993800282" lon="2.719710990786552">
        <ele>626</ele>
      </trkpt>
      <trkpt lat="42.337389970198274" lon="2.71953497081995">
        <ele>624</ele>
      </trkpt>
      <trkpt lat="42.337411008775234" lon="2.71936297416687">
        <ele>624</ele>
      </trkpt>
      <trkpt lat="42.337385024875402" lon="2.719185026362538">
        <ele>622</ele>
      </trkpt>
      <trkpt lat="42.337370021268725" lon="2.719027027487755">
        <ele>621</ele>
      </trkpt>
      <trkpt lat="42.33740002848208" lon="2.718779006972909">
        <ele>620</ele>
      </trkpt>
      <trkpt lat="42.337585017085075" lon="2.718611033633351">
        <ele>620</ele>
      </trkpt>
      <trkpt lat="42.337679984048009" lon="2.718585971742868">
        <ele>620</ele>
      </trkpt>
      <trkpt lat="42.337918030098081" lon="2.718577003106475">
        <ele>619</ele>
      </trkpt>
      <trkpt lat="42.337937979027629" lon="2.718555964529514">
        <ele>619</ele>
      </trkpt>
      <trkpt lat="42.338047027587891" lon="2.718413975089788">
        <ele>621</ele>
      </trkpt>
      <trkpt lat="42.338182982057333" lon="2.718356978148222">
        <ele>622</ele>
      </trkpt>
      <trkpt lat="42.338207960128784" lon="2.718358989804983">
        <ele>625</ele>
      </trkpt>
      <trkpt lat="42.338209971785545" lon="2.718358989804983">
        <ele>624</ele>
      </trkpt>
      <trkpt lat="42.338223969563842" lon="2.718429984524846">
        <ele>624</ele>
      </trkpt>
      <trkpt lat="42.338277027010918" lon="2.718570968136191">
        <ele>624</ele>
      </trkpt>
      <trkpt lat="42.338377023115754" lon="2.718784036114812">
        <ele>625</ele>
      </trkpt>
      <trkpt lat="42.338529992848635" lon="2.718960978090763">
        <ele>625</ele>
      </trkpt>
      <trkpt lat="42.338739959523082" lon="2.719009006395936">
        <ele>626</ele>
      </trkpt>
      <trkpt lat="42.338871974498034" lon="2.719087963923812">
        <ele>627</ele>
      </trkpt>
      <trkpt lat="42.33892603777349" lon="2.719248980283737">
        <ele>627</ele>
      </trkpt>
      <trkpt lat="42.338989991694689" lon="2.719449978321791">
        <ele>627</ele>
      </trkpt>
      <trkpt lat="42.339087976142764" lon="2.719604959711433">
        <ele>627</ele>
      </trkpt>
      <trkpt lat="42.339165005832911" lon="2.719735968858004">
        <ele>627</ele>
      </trkpt>
      <trkpt lat="42.339231977239251" lon="2.719900002703071">
        <ele>628</ele>
      </trkpt>
      <trkpt lat="42.339361980557442" lon="2.720106029883027">
        <ele>629</ele>
      </trkpt>
      <trkpt lat="42.339431969448924" lon="2.720194961875677">
        <ele>629</ele>
      </trkpt>
      <trkpt lat="42.33961503021419" lon="2.720325971022248">
        <ele>629</ele>
      </trkpt>
      <trkpt lat="42.339627016335726" lon="2.720329994335771">
        <ele>629</ele>
      </trkpt>
      <trkpt lat="42.339727012440562" lon="2.720404006540775">
        <ele>629</ele>
      </trkpt>
      <trkpt lat="42.339871013537049" lon="2.720464020967484">
        <ele>629</ele>
      </trkpt>
      <trkpt lat="42.340062037110329" lon="2.720523029565811">
        <ele>630</ele>
      </trkpt>
      <trkpt lat="42.340149963274598" lon="2.720550019294024">
        <ele>630</ele>
      </trkpt>
      <trkpt lat="42.340252976864576" lon="2.720523029565811">
        <ele>631</ele>
      </trkpt>
      <trkpt lat="42.340251971036196" lon="2.720466032624245">
        <ele>631</ele>
      </trkpt>
      <trkpt lat="42.340209977701306" lon="2.720410041511059">
        <ele>632</ele>
      </trkpt>
      <trkpt lat="42.340065976604819" lon="2.720385985448957">
        <ele>634</ele>
      </trkpt>
      <trkpt lat="42.339986013248563" lon="2.720379028469324">
        <ele>635</ele>
      </trkpt>
      <trkpt lat="42.339950976893306" lon="2.720366036519408">
        <ele>635</ele>
      </trkpt>
      <trkpt lat="42.339827008545399" lon="2.72028598934412">
        <ele>637</ele>
      </trkpt>
      <trkpt lat="42.339819967746735" lon="2.720280038192868">
        <ele>637</ele>
      </trkpt>
      <trkpt lat="42.339769005775452" lon="2.720214994624257">
        <ele>638</ele>
      </trkpt>
      <trkpt lat="42.339668003842235" lon="2.720130002126098">
        <ele>639</ele>
      </trkpt>
      <trkpt lat="42.339608995243907" lon="2.71994199603796">
        <ele>640</ele>
      </trkpt>
      <trkpt lat="42.339587034657598" lon="2.7197689935565">
        <ele>641</ele>
      </trkpt>
      <trkpt lat="42.339674038812518" lon="2.719715014100075">
        <ele>643</ele>
      </trkpt>
      <trkpt lat="42.339793983846903" lon="2.71978902630508">
        <ele>645</ele>
      </trkpt>
      <trkpt lat="42.339941002428532" lon="2.719884999096394">
        <ele>647</ele>
      </trkpt>
      <trkpt lat="42.340033035725355" lon="2.719934033229947">
        <ele>649</ele>
      </trkpt>
      <trkpt lat="42.340151974931359" lon="2.719981977716088">
        <ele>650</ele>
      </trkpt>
      <trkpt lat="42.340275021269917" lon="2.719882987439632">
        <ele>652</ele>
      </trkpt>
      <trkpt lat="42.34036797657609" lon="2.719786008819938">
        <ele>654</ele>
      </trkpt>
      <trkpt lat="42.340451963245869" lon="2.719672014936805">
        <ele>655</ele>
      </trkpt>
      <trkpt lat="42.34056000597775" lon="2.719507981091738">
        <ele>656</ele>
      </trkpt>
      <trkpt lat="42.340589007362723" lon="2.719478979706764">
        <ele>657</ele>
      </trkpt>
      <trkpt lat="42.340627983212471" lon="2.719419971108437">
        <ele>657</ele>
      </trkpt>
      <trkpt lat="42.340710964053869" lon="2.719302037730813">
        <ele>658</ele>
      </trkpt>
      <trkpt lat="42.340844990685582" lon="2.719164993613958">
        <ele>659</ele>
      </trkpt>
      <trkpt lat="42.340853959321976" lon="2.719155019149184">
        <ele>659</ele>
      </trkpt>
      <trkpt lat="42.340899975970387" lon="2.719114031642675">
        <ele>660</ele>
      </trkpt>
      <trkpt lat="42.341043977066875" lon="2.719010012224317">
        <ele>661</ele>
      </trkpt>
      <trkpt lat="42.341175992041826" lon="2.718914039433003">
        <ele>663</ele>
      </trkpt>
      <trkpt lat="42.341344971209764" lon="2.718842960894108">
        <ele>664</ele>
      </trkpt>
      <trkpt lat="42.34152702614665" lon="2.718831980600953">
        <ele>666</ele>
      </trkpt>
      <trkpt lat="42.341739004477859" lon="2.718861987814307">
        <ele>666</ele>
      </trkpt>
      <trkpt lat="42.341813016682863" lon="2.718899035826325">
        <ele>667</ele>
      </trkpt>
      <trkpt lat="42.34197998419404" lon="2.718959972262383">
        <ele>667</ele>
      </trkpt>
      <trkpt lat="42.342147035524249" lon="2.719002971425653">
        <ele>668</ele>
      </trkpt>
      <trkpt lat="42.342307968065143" lon="2.718990985304117">
        <ele>669</ele>
      </trkpt>
      <trkpt lat="42.342503014951944" lon="2.718893000856042">
        <ele>670</ele>
      </trkpt>
      <trkpt lat="42.342642992734909" lon="2.718787975609303">
        <ele>671</ele>
      </trkpt>
      <trkpt lat="42.342829992994666" lon="2.718672975897789">
        <ele>672</ele>
      </trkpt>
      <trkpt lat="42.342985980212688" lon="2.718485975638032">
        <ele>672</ele>
      </trkpt>
      <trkpt lat="42.34311799518764" lon="2.718334011733532">
        <ele>673</ele>
      </trkpt>
      <trkpt lat="42.343241963535547" lon="2.718144999817014">
        <ele>673</ele>
      </trkpt>
      <trkpt lat="42.343376995995641" lon="2.717888010665774">
        <ele>674</ele>
      </trkpt>
      <trkpt lat="42.343466011807323" lon="2.717672009021044">
        <ele>674</ele>
      </trkpt>
      <trkpt lat="42.343517979606986" lon="2.71740697324276">
        <ele>675</ele>
      </trkpt>
      <trkpt lat="42.343580005690455" lon="2.717185020446777">
        <ele>676</ele>
      </trkpt>
      <trkpt lat="42.343686036765575" lon="2.716953009366989">
        <ele>677</ele>
      </trkpt>
      <trkpt lat="42.343776980414987" lon="2.71671898663044">
        <ele>677</ele>
      </trkpt>
      <trkpt lat="42.343863984569907" lon="2.716542966663837">
        <ele>678</ele>
      </trkpt>
      <trkpt lat="42.34397697262466" lon="2.716517988592386">
        <ele>679</ele>
      </trkpt>
      <trkpt lat="42.344136983156204" lon="2.716593006625772">
        <ele>681</ele>
      </trkpt>
      <trkpt lat="42.344255000352859" lon="2.716757962480187">
        <ele>681</ele>
      </trkpt>
      <trkpt lat="42.344325995072722" lon="2.716874973848462">
        <ele>683</ele>
      </trkpt>
      <trkpt lat="42.344340998679399" lon="2.716883020475507">
        <ele>683</ele>
      </trkpt>
      <trkpt lat="42.344464967027307" lon="2.716914033517242">
        <ele>685</ele>
      </trkpt>
      <trkpt lat="42.344790017232299" lon="2.717117965221405">
        <ele>687</ele>
      </trkpt>
      <trkpt lat="42.344856988638639" lon="2.71719298325479">
        <ele>687</ele>
      </trkpt>
      <trkpt lat="42.344882972538471" lon="2.717208992689848">
        <ele>687</ele>
      </trkpt>
      <trkpt lat="42.345005013048649" lon="2.71727797575295">
        <ele>688</ele>
      </trkpt>
      <trkpt lat="42.345005013048649" lon="2.717275964096189">
        <ele>690</ele>
      </trkpt>
      <trkpt lat="42.345008030533791" lon="2.717274036258459">
        <ele>690</ele>
      </trkpt>
      <trkpt lat="42.345008030533791" lon="2.717284010723233">
        <ele>690</ele>
      </trkpt>
      <trkpt lat="42.345033008605242" lon="2.717331033200026">
        <ele>690</ele>
      </trkpt>
      <trkpt lat="42.345075001940131" lon="2.717433040961623">
        <ele>690</ele>
      </trkpt>
      <trkpt lat="42.345127975568175" lon="2.717610988765955">
        <ele>688</ele>
      </trkpt>
      <trkpt lat="42.345153959468007" lon="2.717818021774292">
        <ele>688</ele>
      </trkpt>
      <trkpt lat="42.345194024965167" lon="2.718045003712177">
        <ele>688</ele>
      </trkpt>
      <trkpt lat="42.345208022743464" lon="2.718137037009001">
        <ele>688</ele>
      </trkpt>
      <trkpt lat="42.345289997756481" lon="2.718296963721514">
        <ele>688</ele>
      </trkpt>
      <trkpt lat="42.345389993861318" lon="2.718425961211324">
        <ele>688</ele>
      </trkpt>
      <trkpt lat="42.345548998564482" lon="2.718484969809651">
        <ele>688</ele>
      </trkpt>
      <trkpt lat="42.345713032409549" lon="2.718534003943205">
        <ele>688</ele>
      </trkpt>
      <trkpt lat="42.345769023522735" lon="2.718561999499798">
        <ele>687</ele>
      </trkpt>
      <trkpt lat="42.345869019627571" lon="2.718596030026674">
        <ele>686</ele>
      </trkpt>
      <trkpt lat="42.346000028774142" lon="2.718623019754887">
        <ele>686</ele>
      </trkpt>
      <trkpt lat="42.346120979636908" lon="2.718635005876422">
        <ele>686</ele>
      </trkpt>
      <trkpt lat="42.34623203985393" lon="2.71865101531148">
        <ele>685</ele>
      </trkpt>
      <trkpt lat="42.346285013481975" lon="2.718655960634351">
        <ele>685</ele>
      </trkpt>
      <trkpt lat="42.346451980993152" lon="2.718683034181595">
        <ele>684</ele>
      </trkpt>
      <trkpt lat="42.346562035381794" lon="2.71869401447475">
        <ele>684</ele>
      </trkpt>
      <trkpt lat="42.346655996516347" lon="2.718701977282763">
        <ele>683</ele>
      </trkpt>
      <trkpt lat="42.346810977905989" lon="2.718728967010975">
        <ele>682</ele>
      </trkpt>
      <trkpt lat="42.346882978454232" lon="2.718743970617652">
        <ele>681</ele>
      </trkpt>
      <trkpt lat="42.347008036449552" lon="2.718747993931174">
        <ele>679</ele>
      </trkpt>
      <trkpt lat="42.347132004797459" lon="2.718713963404298">
        <ele>678</ele>
      </trkpt>
      <trkpt lat="42.347229989245534" lon="2.718653026968241">
        <ele>677</ele>
      </trkpt>
      <trkpt lat="42.347305007278919" lon="2.718618996441364">
        <ele>677</ele>
      </trkpt>
      <trkpt lat="42.347449008375406" lon="2.718540038913488">
        <ele>676</ele>
      </trkpt>
      <trkpt lat="42.3475650139153" lon="2.718495028093457">
        <ele>675</ele>
      </trkpt>
      <trkpt lat="42.347703985869884" lon="2.718431996181607">
        <ele>674</ele>
      </trkpt>
      <trkpt lat="42.347775986418128" lon="2.718411041423678">
        <ele>672</ele>
      </trkpt>
      <trkpt lat="42.347791995853186" lon="2.718402994796634">
        <ele>672</ele>
      </trkpt>
      <trkpt lat="42.347985031083226" lon="2.718323031440377">
        <ele>671</ele>
      </trkpt>
      <trkpt lat="42.348216036334634" lon="2.718258993700147">
        <ele>670</ele>
      </trkpt>
      <trkpt lat="42.348303040489554" lon="2.718252036720514">
        <ele>669</ele>
      </trkpt>
      <trkpt lat="42.348330030217767" lon="2.718299981206656">
        <ele>669</ele>
      </trkpt>
      <trkpt lat="42.348389038816094" lon="2.718411963433027">
        <ele>668</ele>
      </trkpt>
      <trkpt lat="42.348432037979364" lon="2.718532998114824">
        <ele>667</ele>
      </trkpt>
      <trkpt lat="42.348447041586041" lon="2.71865101531148">
        <ele>665</ele>
      </trkpt>
      <trkpt lat="42.348481994122267" lon="2.718762997537851">
        <ele>664</ele>
      </trkpt>
      <trkpt lat="42.348532034084201" lon="2.718876991420984">
        <ele>662</ele>
      </trkpt>
      <trkpt lat="42.348555000498891" lon="2.71901898086071">
        <ele>660</ele>
      </trkpt>
      <trkpt lat="42.348562041297555" lon="2.719055023044348">
        <ele>660</ele>
      </trkpt>
      <trkpt lat="42.348589031025767" lon="2.719161976128817">
        <ele>659</ele>
      </trkpt>
      <trkpt lat="42.348633036017418" lon="2.719335984438658">
        <ele>657</ele>
      </trkpt>
      <trkpt lat="42.348689027130604" lon="2.71948903799057">
        <ele>656</ele>
      </trkpt>
      <trkpt lat="42.348697995766997" lon="2.719517033547163">
        <ele>656</ele>
      </trkpt>
      <trkpt lat="42.348784999921918" lon="2.719622980803251">
        <ele>656</ele>
      </trkpt>
      <trkpt lat="42.348852977156639" lon="2.719774022698402">
        <ele>654</ele>
      </trkpt>
      <trkpt lat="42.348912991583347" lon="2.719862032681704">
        <ele>652</ele>
      </trkpt>
      <trkpt lat="42.3490259796381" lon="2.719948031008244">
        <ele>652</ele>
      </trkpt>
      <trkpt lat="42.349103009328246" lon="2.71994199603796">
        <ele>651</ele>
      </trkpt>
      <trkpt lat="42.349203005433083" lon="2.719871001318097">
        <ele>650</ele>
      </trkpt>
      <trkpt lat="42.349311970174313" lon="2.719806963577867">
        <ele>648</ele>
      </trkpt>
      <trkpt lat="42.349351029843092" lon="2.719757007434964">
        <ele>647</ele>
      </trkpt>
      <trkpt lat="42.349397968500853" lon="2.719715014100075">
        <ele>645</ele>
      </trkpt>
      <trkpt lat="42.349397968500853" lon="2.719715014100075">
        <ele>645</ele>
      </trkpt>
      <trkpt lat="42.34945303760469" lon="2.719643013551831">
        <ele>645</ele>
      </trkpt>
      <trkpt lat="42.349569965153933" lon="2.719550980255008">
        <ele>644</ele>
      </trkpt>
      <trkpt lat="42.349703991785645" lon="2.719461964443326">
        <ele>644</ele>
      </trkpt>
      <trkpt lat="42.349792001768947" lon="2.719455007463694">
        <ele>642</ele>
      </trkpt>
      <trkpt lat="42.349812034517527" lon="2.719528013840318">
        <ele>642</ele>
      </trkpt>
      <trkpt lat="42.349827038124204" lon="2.719643013551831">
        <ele>644</ele>
      </trkpt>
      <trkpt lat="42.349835000932217" lon="2.719689030200243">
        <ele>644</ele>
      </trkpt>
      <trkpt lat="42.34988302923739" lon="2.719863038510084">
        <ele>645</ele>
      </trkpt>
      <trkpt lat="42.349896021187305" lon="2.719920035451651">
        <ele>645</ele>
      </trkpt>
      <trkpt lat="42.349954023957253" lon="2.720036040991545">
        <ele>646</ele>
      </trkpt>
      <trkpt lat="42.349990988150239" lon="2.720074011012912">
        <ele>646</ele>
      </trkpt>
      <trkpt lat="42.35003599897027" lon="2.720127990469337">
        <ele>646</ele>
      </trkpt>
      <trkpt lat="42.350104982033372" lon="2.720170989632607">
        <ele>644</ele>
      </trkpt>
      <trkpt lat="42.350129038095474" lon="2.720188004896045">
        <ele>644</ele>
      </trkpt>
      <trkpt lat="42.35022702254355" lon="2.720276014879346">
        <ele>642</ele>
      </trkpt>
      <trkpt lat="42.350149992853403" lon="2.720363019034267">
        <ele>642</ele>
      </trkpt>
      <trkpt lat="42.350089978426695" lon="2.720432002097368">
        <ele>642</ele>
      </trkpt>
      <trkpt lat="42.350029963999987" lon="2.720654038712382">
        <ele>643</ele>
      </trkpt>
      <trkpt lat="42.350040022283792" lon="2.720783958211541">
        <ele>645</ele>
      </trkpt>
      <trkpt lat="42.350030969828367" lon="2.720817988738418">
        <ele>645</ele>
      </trkpt>
      <trkpt lat="42.350029963999987" lon="2.720948997884989">
        <ele>647</ele>
      </trkpt>
      <trkpt lat="42.350041028112173" lon="2.721053017303348">
        <ele>648</ele>
      </trkpt>
      <trkpt lat="42.350048990920186" lon="2.721172962337732">
        <ele>649</ele>
      </trkpt>
      <trkpt lat="42.350019989535213" lon="2.721328027546406">
        <ele>651</ele>
      </trkpt>
      <trkpt lat="42.349996017292142" lon="2.721397010609508">
        <ele>651</ele>
      </trkpt>
      <trkpt lat="42.349967015907168" lon="2.721603037789464">
        <ele>651</ele>
      </trkpt>
      <trkpt lat="42.349939020350575" lon="2.721731029450893">
        <ele>652</ele>
      </trkpt>
      <trkpt lat="42.349896021187305" lon="2.721928004175425">
        <ele>653</ele>
      </trkpt>
      <trkpt lat="42.349890992045403" lon="2.722054990008473">
        <ele>654</ele>
      </trkpt>
      <trkpt lat="42.349908007308841" lon="2.722158003598452">
        <ele>655</ele>
      </trkpt>
      <trkpt lat="42.349976990371943" lon="2.722292030230165">
        <ele>656</ele>
      </trkpt>
      <trkpt lat="42.350049996748567" lon="2.722405018284917">
        <ele>657</ele>
      </trkpt>
      <trkpt lat="42.350052008405328" lon="2.722449023276568">
        <ele>657</ele>
      </trkpt>
      <trkpt lat="42.350083021447062" lon="2.722567040473223">
        <ele>657</ele>
      </trkpt>
      <trkpt lat="42.350082015618682" lon="2.722587995231152">
        <ele>657</ele>
      </trkpt>
      <trkpt lat="42.350070029497147" lon="2.722809026017785">
        <ele>658</ele>
      </trkpt>
      <trkpt lat="42.350039016455412" lon="2.722960989922285">
        <ele>658</ele>
      </trkpt>
      <trkpt lat="42.349973972886801" lon="2.723142961040139">
        <ele>659</ele>
      </trkpt>
      <trkpt lat="42.349924016743898" lon="2.723266007378697">
        <ele>660</ele>
      </trkpt>
      <trkpt lat="42.34979703091085" lon="2.723407996818423">
        <ele>661</ele>
      </trkpt>
      <trkpt lat="42.349712960422039" lon="2.723431969061494">
        <ele>662</ele>
      </trkpt>
      <trkpt lat="42.349640037864447" lon="2.723457030951977">
        <ele>664</ele>
      </trkpt>
      <trkpt lat="42.349571976810694" lon="2.723527019843459">
        <ele>665</ele>
      </trkpt>
      <trkpt lat="42.349510034546256" lon="2.723610000684857">
        <ele>667</ele>
      </trkpt>
      <trkpt lat="42.349466029554605" lon="2.723676972091198">
        <ele>669</ele>
      </trkpt>
      <trkpt lat="42.349453959614038" lon="2.723690969869494">
        <ele>669</ele>
      </trkpt>
      <trkpt lat="42.349376007914543" lon="2.723802030086517">
        <ele>671</ele>
      </trkpt>
      <trkpt lat="42.349324962124228" lon="2.723887022584677">
        <ele>672</ele>
      </trkpt>
      <trkpt lat="42.349324962124228" lon="2.723887022584677">
        <ele>672</ele>
      </trkpt>
      <trkpt lat="42.349215997382998" lon="2.724006967619062">
        <ele>674</ele>
      </trkpt>
      <trkpt lat="42.349189007654786" lon="2.724072011187673">
        <ele>676</ele>
      </trkpt>
      <trkpt lat="42.349109966307878" lon="2.72428197786212">
        <ele>678</ele>
      </trkpt>
      <trkpt lat="42.34906998462975" lon="2.72434601560235">
        <ele>678</ele>
      </trkpt>
      <trkpt lat="42.349038971588016" lon="2.724460009485483">
        <ele>676</ele>
      </trkpt>
      <trkpt lat="42.349006030708551" lon="2.724528992548585">
        <ele>674</ele>
      </trkpt>
      <trkpt lat="42.348995972424746" lon="2.724586995318532">
        <ele>671</ele>
      </trkpt>
      <trkpt lat="42.348976023495197" lon="2.724780030548573">
        <ele>668</ele>
      </trkpt>
      <trkpt lat="42.348962025716901" lon="2.724808026105166">
        <ele>665</ele>
      </trkpt>
      <trkpt lat="42.348921960219741" lon="2.724896958097816">
        <ele>663</ele>
      </trkpt>
      <trkpt lat="42.348889019340277" lon="2.72496803663671">
        <ele>660</ele>
      </trkpt>
      <trkpt lat="42.348877033218741" lon="2.725153025239706">
        <ele>657</ele>
      </trkpt>
      <trkpt lat="42.348865969106555" lon="2.725272970274091">
        <ele>655</ele>
      </trkpt>
      <trkpt lat="42.348873009905219" lon="2.725405991077423">
        <ele>652</ele>
      </trkpt>
      <trkpt lat="42.348916009068489" lon="2.725589973852038">
        <ele>651</ele>
      </trkpt>
      <trkpt lat="42.349011981859803" lon="2.725673960521817">
        <ele>649</ele>
      </trkpt>
      <trkpt lat="42.349063027650118" lon="2.725708996877074">
        <ele>648</ele>
      </trkpt>
      <trkpt lat="42.349231000989676" lon="2.72576398216188">
        <ele>647</ele>
      </trkpt>
      <trkpt lat="42.349313981831074" lon="2.725794995203614">
        <ele>646</ele>
      </trkpt>
      <trkpt lat="42.349424958229065" lon="2.725932039320469">
        <ele>644</ele>
      </trkpt>
      <trkpt lat="42.349437028169632" lon="2.725980989634991">
        <ele>643</ele>
      </trkpt>
      <trkpt lat="42.349436022341251" lon="2.726060030981898">
        <ele>643</ele>
      </trkpt>
      <trkpt lat="42.349431999027729" lon="2.726147035136819">
        <ele>642</ele>
      </trkpt>
      <trkpt lat="42.349464017897844" lon="2.726353984326124">
        <ele>641</ele>
      </trkpt>
      <trkpt lat="42.349466029554605" lon="2.726369993761182">
        <ele>641</ele>
      </trkpt>
      <trkpt lat="42.349463012069464" lon="2.726418022066355">
        <ele>641</ele>
      </trkpt>
      <trkpt lat="42.349457982927561" lon="2.726595969870687">
        <ele>640</ele>
      </trkpt>
      <trkpt lat="42.349451025947928" lon="2.726649027317762">
        <ele>640</ele>
      </trkpt>
      <trkpt lat="42.34947700984776" lon="2.726908028125763">
        <ele>639</ele>
      </trkpt>
      <trkpt lat="42.349443985149264" lon="2.727129980921745">
        <ele>639</ele>
      </trkpt>
      <trkpt lat="42.349394029006362" lon="2.727321004495025">
        <ele>639</ele>
      </trkpt>
      <trkpt lat="42.349384976550937" lon="2.727528959512711">
        <ele>639</ele>
      </trkpt>
      <trkpt lat="42.349384976550937" lon="2.727652005851269">
        <ele>639</ele>
      </trkpt>
      <trkpt lat="42.349350024014711" lon="2.727865995839238">
        <ele>639</ele>
      </trkpt>
      <trkpt lat="42.34934801235795" lon="2.727880999445915">
        <ele>639</ele>
      </trkpt>
      <trkpt lat="42.349338037893176" lon="2.727999016642571">
        <ele>639</ele>
      </trkpt>
      <trkpt lat="42.349341977387667" lon="2.728034975007176">
        <ele>639</ele>
      </trkpt>
      <trkpt lat="42.349338037893176" lon="2.728093983605504">
        <ele>639</ele>
      </trkpt>
      <trkpt lat="42.349353963509202" lon="2.728160033002496">
        <ele>639</ele>
      </trkpt>
      <trkpt lat="42.349376007914543" lon="2.728344015777111">
        <ele>639</ele>
      </trkpt>
      <trkpt lat="42.349377013742924" lon="2.728353990241885">
        <ele>639</ele>
      </trkpt>
      <trkpt lat="42.349381959065795" lon="2.728379974141717">
        <ele>639</ele>
      </trkpt>
      <trkpt lat="42.349408026784658" lon="2.728603016585112">
        <ele>639</ele>
      </trkpt>
      <trkpt lat="42.349408026784658" lon="2.728619026020169">
        <ele>639</ele>
      </trkpt>
      <trkpt lat="42.349431999027729" lon="2.728856988251209">
        <ele>639</ele>
      </trkpt>
      <trkpt lat="42.34945697709918" lon="2.728978022933006">
        <ele>639</ele>
      </trkpt>
      <trkpt lat="42.349457982927561" lon="2.729070978239179">
        <ele>639</ele>
      </trkpt>
      <trkpt lat="42.349458988755941" lon="2.729320004582405">
        <ele>639</ele>
      </trkpt>
      <trkpt lat="42.349465023726225" lon="2.729450007900596">
        <ele>639</ele>
      </trkpt>
      <trkpt lat="42.349449014291167" lon="2.729626027867198">
        <ele>639</ele>
      </trkpt>
      <trkpt lat="42.349387994036078" lon="2.729772040620446">
        <ele>639</ele>
      </trkpt>
      <trkpt lat="42.349354969337583" lon="2.729978989809752">
        <ele>639</ele>
      </trkpt>
      <trkpt lat="42.349303001537919" lon="2.730173030868173">
        <ele>639</ele>
      </trkpt>
      <trkpt lat="42.349329991266131" lon="2.730353996157646">
        <ele>636</ele>
      </trkpt>
      <trkpt lat="42.349406015127897" lon="2.730543008074164">
        <ele>634</ele>
      </trkpt>
      <trkpt lat="42.349426969885826" lon="2.730654990300536">
        <ele>633</ele>
      </trkpt>
      <trkpt lat="42.349471980705857" lon="2.730782981961966">
        <ele>631</ele>
      </trkpt>
      <trkpt lat="42.349497964605689" lon="2.730865040794015">
        <ele>629</ele>
      </trkpt>
      <trkpt lat="42.34952000901103" lon="2.730965036898851">
        <ele>626</ele>
      </trkpt>
      <trkpt lat="42.34954297542572" lon="2.731109037995338">
        <ele>623</ele>
      </trkpt>
      <trkpt lat="42.349554039537907" lon="2.731271982192993">
        <ele>621</ele>
      </trkpt>
      <trkpt lat="42.349538030102849" lon="2.731452025473118">
        <ele>618</ele>
      </trkpt>
      <trkpt lat="42.349536018446088" lon="2.731682024896145">
        <ele>617</ele>
      </trkpt>
      <trkpt lat="42.349526965990663" lon="2.73188796825707">
        <ele>615</ele>
      </trkpt>
      <trkpt lat="42.349492013454437" lon="2.73214403539896">
        <ele>613</ele>
      </trkpt>
      <trkpt lat="42.349494025111198" lon="2.732300022616983">
        <ele>612</ele>
      </trkpt>
      <trkpt lat="42.349586980417371" lon="2.732398007065058">
        <ele>610</ele>
      </trkpt>
      <trkpt lat="42.349722012877464" lon="2.732453998178244">
        <ele>610</ele>
      </trkpt>
      <trkpt lat="42.349865008145571" lon="2.732485011219978">
        <ele>610</ele>
      </trkpt>
      <trkpt lat="42.350043039768934" lon="2.732536979019642">
        <ele>609</ele>
      </trkpt>
      <trkpt lat="42.3501449637115" lon="2.732590958476067">
        <ele>609</ele>
      </trkpt>
      <trkpt lat="42.350256023928523" lon="2.732656002044678">
        <ele>607</ele>
      </trkpt>
      <trkpt lat="42.350334981456399" lon="2.73270201869309">
        <ele>605</ele>
      </trkpt>
      <trkpt lat="42.350401030853391" lon="2.732714004814625">
        <ele>603</ele>
      </trkpt>
      <trkpt lat="42.350449981167912" lon="2.73270302452147">
        <ele>601</ele>
      </trkpt>
      <trkpt lat="42.350460961461067" lon="2.732699001207948">
        <ele>598</ele>
      </trkpt>
      <trkpt lat="42.350504966452718" lon="2.732625994831324">
        <ele>595</ele>
      </trkpt>
      <trkpt lat="42.350732032209635" lon="2.732465984299779">
        <ele>595</ele>
      </trkpt>
      <trkpt lat="42.350804032757878" lon="2.732415022328496">
        <ele>594</ele>
      </trkpt>
      <trkpt lat="42.350986003875732" lon="2.73236095905304">
        <ele>593</ele>
      </trkpt>
      <trkpt lat="42.351202005520463" lon="2.732345033437014">
        <ele>591</ele>
      </trkpt>
      <trkpt lat="42.351261014118791" lon="2.732332963496447">
        <ele>589</ele>
      </trkpt>
      <trkpt lat="42.351326979696751" lon="2.732274038717151">
        <ele>588</ele>
      </trkpt>
      <trkpt lat="42.351396968588233" lon="2.732227016240358">
        <ele>587</ele>
      </trkpt>
      <trkpt lat="42.351400991901755" lon="2.732222992926836">
        <ele>587</ele>
      </trkpt>
      <trkpt lat="42.351525966078043" lon="2.732201032340527">
        <ele>586</ele>
      </trkpt>
      <trkpt lat="42.351563014090061" lon="2.732248976826668">
        <ele>585</ele>
      </trkpt>
      <trkpt lat="42.351480033248663" lon="2.732412004843354">
        <ele>584</ele>
      </trkpt>
      <trkpt lat="42.351450026035309" lon="2.732528010383248">
        <ele>583</ele>
      </trkpt>
      <trkpt lat="42.351439967751503" lon="2.732676034793258">
        <ele>582</ele>
      </trkpt>
      <trkpt lat="42.351449020206928" lon="2.732926988974214">
        <ele>580</ele>
      </trkpt>
      <trkpt lat="42.351456983014941" lon="2.733113989233971">
        <ele>578</ele>
      </trkpt>
      <trkpt lat="42.351426975801587" lon="2.733253967016935">
        <ele>577</ele>
      </trkpt>
      <trkpt lat="42.351364027708769" lon="2.733581028878689">
        <ele>576</ele>
      </trkpt>
      <trkpt lat="42.351336032152176" lon="2.733737016096711">
        <ele>574</ele>
      </trkpt>
      <trkpt lat="42.35132304020226" lon="2.733916975557804">
        <ele>571</ele>
      </trkpt>
      <trkpt lat="42.351313987746835" lon="2.734162984415889">
        <ele>569</ele>
      </trkpt>
      <trkpt lat="42.351322034373879" lon="2.734358031302691">
        <ele>569</ele>
      </trkpt>
      <trkpt lat="42.351340977475047" lon="2.734691966325045">
        <ele>568</ele>
      </trkpt>
      <trkpt lat="42.351345000788569" lon="2.734867986291647">
        <ele>568</ele>
      </trkpt>
      <trkpt lat="42.351334020495415" lon="2.735081976279616">
        <ele>570</ele>
      </trkpt>
      <trkpt lat="42.351336032152176" lon="2.735283980146051">
        <ele>569</ele>
      </trkpt>
      <trkpt lat="42.351348018273711" lon="2.735477015376091">
        <ele>570</ele>
      </trkpt>
      <trkpt lat="42.351395962759852" lon="2.735652029514313">
        <ele>571</ele>
      </trkpt>
      <trkpt lat="42.351383976638317" lon="2.73586300201714">
        <ele>573</ele>
      </trkpt>
      <trkpt lat="42.351358998566866" lon="2.736072968691587">
        <ele>572</ele>
      </trkpt>
      <trkpt lat="42.351324968039989" lon="2.736235996708274">
        <ele>570</ele>
      </trkpt>
      <trkpt lat="42.351237963885069" lon="2.736517963930965">
        <ele>570</ele>
      </trkpt>
      <trkpt lat="42.351230001077056" lon="2.736632041633129">
        <ele>570</ele>
      </trkpt>
      <trkpt lat="42.351198988035321" lon="2.736690966412425">
        <ele>570</ele>
      </trkpt>
      <trkpt lat="42.35115397721529" lon="2.736847959458828">
        <ele>569</ele>
      </trkpt>
      <trkpt lat="42.351142996922135" lon="2.737017022445798">
        <ele>568</ele>
      </trkpt>
      <trkpt lat="42.351141991093755" lon="2.737052980810404">
        <ele>567</ele>
      </trkpt>
      <trkpt lat="42.351197982206941" lon="2.737219026312232">
        <ele>566</ele>
      </trkpt>
      <trkpt lat="42.351253973320127" lon="2.737360009923577">
        <ele>565</ele>
      </trkpt>
      <trkpt lat="42.351236036047339" lon="2.737423963844776">
        <ele>564</ele>
      </trkpt>
      <trkpt lat="42.351179039105773" lon="2.737519014626741">
        <ele>563</ele>
      </trkpt>
      <trkpt lat="42.351125981658697" lon="2.737609958276153">
        <ele>562</ele>
      </trkpt>
      <trkpt lat="42.351079965010285" lon="2.737626973539591">
        <ele>562</ele>
      </trkpt>
      <trkpt lat="42.35102497972548" lon="2.737614987418056">
        <ele>561</ele>
      </trkpt>
      <trkpt lat="42.35083001665771" lon="2.737619010731578">
        <ele>559</ele>
      </trkpt>
      <trkpt lat="42.350774025544524" lon="2.737616999074817">
        <ele>559</ele>
      </trkpt>
      <trkpt lat="42.350774025544524" lon="2.737616999074817">
        <ele>558</ele>
      </trkpt>
      <trkpt lat="42.350750975310802" lon="2.737632002681494">
        <ele>558</ele>
      </trkpt>
      <trkpt lat="42.350627006962895" lon="2.737784972414374">
        <ele>558</ele>
      </trkpt>
      <trkpt lat="42.350567998364568" lon="2.737913969904184">
        <ele>557</ele>
      </trkpt>
      <trkpt lat="42.350560035556555" lon="2.7379269618541">
        <ele>557</ele>
      </trkpt>
      <trkpt lat="42.350516030564904" lon="2.73803198710084">
        <ele>555</ele>
      </trkpt>
      <trkpt lat="42.350554000586271" lon="2.738111028447747">
        <ele>555</ele>
      </trkpt>
      <trkpt lat="42.350586019456387" lon="2.738135000690818">
        <ele>554</ele>
      </trkpt>
      <trkpt lat="42.350634969770908" lon="2.738266009837389">
        <ele>553</ele>
      </trkpt>
      <trkpt lat="42.350502032786608" lon="2.73848201148212">
        <ele>552</ele>
      </trkpt>
      <trkpt lat="42.350500021129847" lon="2.738491985946894">
        <ele>552</ele>
      </trkpt>
      <trkpt lat="42.350491974502802" lon="2.738545965403318">
        <ele>551</ele>
      </trkpt>
      <trkpt lat="42.350475965067744" lon="2.73861100897193">
        <ele>550</ele>
      </trkpt>
      <trkpt lat="42.350475965067744" lon="2.738620983436704">
        <ele>550</ele>
      </trkpt>
      <trkpt lat="42.3504420183599" lon="2.738818963989615">
        <ele>548</ele>
      </trkpt>
      <trkpt lat="42.350387033075094" lon="2.739039994776249">
        <ele>546</ele>
      </trkpt>
      <trkpt lat="42.350365994498134" lon="2.739217020571232">
        <ele>544</ele>
      </trkpt>
      <trkpt lat="42.350397007539868" lon="2.73934199474752">
        <ele>542</ele>
      </trkpt>
      <trkpt lat="42.350479988381267" lon="2.73951499722898">
        <ele>540</ele>
      </trkpt>
      <trkpt lat="42.350574033334851" lon="2.739645000547171">
        <ele>539</ele>
      </trkpt>
      <trkpt lat="42.350602028891444" lon="2.739668972790241">
        <ele>539</ele>
      </trkpt>
      <trkpt lat="42.350631030276418" lon="2.739715995267034">
        <ele>538</ele>
      </trkpt>
      <trkpt lat="42.350705964490771" lon="2.739832000806928">
        <ele>537</ele>
      </trkpt>
      <trkpt lat="42.350885001942515" lon="2.739783972501755">
        <ele>537</ele>
      </trkpt>
      <trkpt lat="42.351061021909118" lon="2.739775003865361">
        <ele>536</ele>
      </trkpt>
      <trkpt lat="42.351093962788582" lon="2.73979302495718">
        <ele>536</ele>
      </trkpt>
      <trkpt lat="42.351200999692082" lon="2.739935014396906">
        <ele>533</ele>
      </trkpt>
      <trkpt lat="42.351319016888738" lon="2.740029981359839">
        <ele>532</ele>
      </trkpt>
      <trkpt lat="42.351371990516782" lon="2.740075998008251">
        <ele>532</ele>
      </trkpt>
      <trkpt lat="42.35145497135818" lon="2.740225028246641">
        <ele>531</ele>
      </trkpt>
      <trkpt lat="42.351665021851659" lon="2.74030901491642">
        <ele>529</ele>
      </trkpt>
      <trkpt lat="42.35175303183496" lon="2.740350002422929">
        <ele>528</ele>
      </trkpt>
      <trkpt lat="42.351982025429606" lon="2.740314966067672">
        <ele>525</ele>
      </trkpt>
      <trkpt lat="42.352159973233938" lon="2.740310020744801">
        <ele>524</ele>
      </trkpt>
      <trkpt lat="42.352360971271992" lon="2.740364000201225">
        <ele>523</ele>
      </trkpt>
      <trkpt lat="42.352374969050288" lon="2.740369029343128">
        <ele>523</ele>
      </trkpt>
      <trkpt lat="42.352502038702369" lon="2.740505989640951">
        <ele>522</ele>
      </trkpt>
      <trkpt lat="42.352585019543767" lon="2.740682009607554">
        <ele>521</ele>
      </trkpt>
      <trkpt lat="42.352636987343431" lon="2.740872027352452">
        <ele>519</ele>
      </trkpt>
      <trkpt lat="42.352718040347099" lon="2.741061961278319">
        <ele>517</ele>
      </trkpt>
      <trkpt lat="42.352810995653272" lon="2.740994989871979">
        <ele>516</ele>
      </trkpt>
      <trkpt lat="42.352905962616205" lon="2.740839002653956">
        <ele>515</ele>
      </trkpt>
      <trkpt lat="42.352887019515038" lon="2.74073900654912">
        <ele>515</ele>
      </trkpt>
      <trkpt lat="42.352809989824891" lon="2.74054697714746">
        <ele>515</ele>
      </trkpt>
      <trkpt lat="42.352793980389833" lon="2.740372968837619">
        <ele>514</ele>
      </trkpt>
      <trkpt lat="42.352798003703356" lon="2.740261992439628">
        <ele>511</ele>
      </trkpt>
      <trkpt lat="42.352862041443586" lon="2.740314966067672">
        <ele>508</ele>
      </trkpt>
      <trkpt lat="42.352948961779475" lon="2.740382021293044">
        <ele>504</ele>
      </trkpt>
      <trkpt lat="42.353076031431556" lon="2.740398030728102">
        <ele>503</ele>
      </trkpt>
      <trkpt lat="42.353197988122702" lon="2.740362994372845">
        <ele>500</ele>
      </trkpt>
      <trkpt lat="42.353236963972449" lon="2.740328041836619">
        <ele>497</ele>
      </trkpt>
      <trkpt lat="42.353254985064268" lon="2.740296022966504">
        <ele>495</ele>
      </trkpt>
      <trkpt lat="42.353267977014184" lon="2.74022301658988">
        <ele>491</ele>
      </trkpt>
      <trkpt lat="42.353283986449242" lon="2.74013701826334">
        <ele>489</ele>
      </trkpt>
      <trkpt lat="42.353346012532711" lon="2.740070968866348">
        <ele>486</ele>
      </trkpt>
      <trkpt lat="42.353422958403826" lon="2.740026963874698">
        <ele>484</ele>
      </trkpt>
      <trkpt lat="42.353441985324025" lon="2.740006009116769">
        <ele>482</ele>
      </trkpt>
      <trkpt lat="42.353501999750733" lon="2.739934008568525">
        <ele>479</ele>
      </trkpt>
      <trkpt lat="42.35353896394372" lon="2.739895032718778">
        <ele>477</ele>
      </trkpt>
      <trkpt lat="42.353592021390796" lon="2.739878017455339">
        <ele>475</ele>
      </trkpt>
      <trkpt lat="42.353650024160743" lon="2.739813979715109">
        <ele>472</ele>
      </trkpt>
      <trkpt lat="42.353702997788787" lon="2.739770980551839">
        <ele>469</ele>
      </trkpt>
      <trkpt lat="42.353733005002141" lon="2.739777015522122">
        <ele>467</ele>
      </trkpt>
      <trkpt lat="42.353854961693287" lon="2.73981599137187">
        <ele>466</ele>
      </trkpt>
      <trkpt lat="42.353922016918659" lon="2.739895032718778">
        <ele>464</ele>
      </trkpt>
      <trkpt lat="42.353959986940026" lon="2.739904001355171">
        <ele>463</ele>
      </trkpt>
      <trkpt lat="42.353979013860226" lon="2.739934008568525">
        <ele>462</ele>
      </trkpt>
      <trkpt lat="42.354067023843527" lon="2.740016989409924">
        <ele>460</ele>
      </trkpt>
      <trkpt lat="42.354132989421487" lon="2.740067029371858">
        <ele>459</ele>
      </trkpt>
      <trkpt lat="42.354133995249867" lon="2.740070968866348">
        <ele>456</ele>
      </trkpt>
      <trkpt lat="42.354148998856544" lon="2.740087984129787">
        <ele>454</ele>
      </trkpt>
      <trkpt lat="42.354250000789762" lon="2.740201978012919">
        <ele>452</ele>
      </trkpt>
      <trkpt lat="42.354308003559709" lon="2.740293005481362">
        <ele>451</ele>
      </trkpt>
      <trkpt lat="42.354373969137669" lon="2.740375986322761">
        <ele>449</ele>
      </trkpt>
      <trkpt lat="42.35446298494935" lon="2.740446981042624">
        <ele>447</ele>
      </trkpt>
      <trkpt lat="42.354557029902935" lon="2.740539014339447">
        <ele>445</ele>
      </trkpt>
      <trkpt lat="42.354692984372377" lon="2.740581007674336">
        <ele>443</ele>
      </trkpt>
      <trkpt lat="42.354725003242493" lon="2.740572039037943">
        <ele>441</ele>
      </trkpt>
      <trkpt lat="42.354744030162692" lon="2.740552006289363">
        <ele>439</ele>
      </trkpt>
      <trkpt lat="42.354759033769369" lon="2.740467013791204">
        <ele>434</ele>
      </trkpt>
      <trkpt lat="42.35480597242713" lon="2.740396019071341">
        <ele>434</ele>
      </trkpt>
      <trkpt lat="42.354931030422449" lon="2.740384032949805">
        <ele>434</ele>
      </trkpt>
      <trkpt lat="42.355177039280534" lon="2.740457039326429">
        <ele>432</ele>
      </trkpt>
      <trkpt lat="42.355265971273184" lon="2.740489980205894">
        <ele>430</ele>
      </trkpt>
      <trkpt lat="42.355456994846463" lon="2.740578996017575">
        <ele>429</ele>
      </trkpt>
      <trkpt lat="42.355651035904884" lon="2.740721991285682">
        <ele>426</ele>
      </trkpt>
      <trkpt lat="42.355812974274158" lon="2.74089097045362">
        <ele>424</ele>
      </trkpt>
      <trkpt lat="42.355843987315893" lon="2.741003958508372">
        <ele>421</ele>
      </trkpt>
      <trkpt lat="42.355888998135924" lon="2.741165980696678">
        <ele>418</ele>
      </trkpt>
      <trkpt lat="42.356174988672137" lon="2.741431016474962">
        <ele>409</ele>
      </trkpt>
      <trkpt lat="42.356267021968961" lon="2.741552973166108">
        <ele>407</ele>
      </trkpt>
      <trkpt lat="42.356299962848425" lon="2.741606030613184">
        <ele>404</ele>
      </trkpt>
      <trkpt lat="42.356299962848425" lon="2.741606030613184">
        <ele>402</ele>
      </trkpt>
      <trkpt lat="42.356299962848425" lon="2.741606030613184">
        <ele>399</ele>
      </trkpt>
      <trkpt lat="42.35637397505343" lon="2.741772998124361">
        <ele>398</ele>
      </trkpt>
      <trkpt lat="42.356428038328886" lon="2.741876011714339">
        <ele>396</ele>
      </trkpt>
      <trkpt lat="42.356479000300169" lon="2.742167031392455">
        <ele>394</ele>
      </trkpt>
      <trkpt lat="42.356489980593324" lon="2.742203995585442">
        <ele>393</ele>
      </trkpt>
      <trkpt lat="42.356489980593324" lon="2.742203995585442">
        <ele>393</ele>
      </trkpt>
      <trkpt lat="42.356526022776961" lon="2.742389990016818">
        <ele>393</ele>
      </trkpt>
      <trkpt lat="42.356547983363271" lon="2.742478000000119">
        <ele>393</ele>
      </trkpt>
      <trkpt lat="42.356558963656425" lon="2.742599034681916">
        <ele>393</ele>
      </trkpt>
      <trkpt lat="42.356630964204669" lon="2.74286599829793">
        <ele>392</ele>
      </trkpt>
      <trkpt lat="42.356655020266771" lon="2.742911009117961">
        <ele>392</ele>
      </trkpt>
      <trkpt lat="42.356762979179621" lon="2.74310396052897">
        <ele>392</ele>
      </trkpt>
      <trkpt lat="42.356820981949568" lon="2.743129022419453">
        <ele>392</ele>
      </trkpt>
      <trkpt lat="42.356989961117506" lon="2.743154000490904">
        <ele>392</ele>
      </trkpt>
      <trkpt lat="42.357049975544214" lon="2.743158023804426">
        <ele>392</ele>
      </trkpt>
      <trkpt lat="42.357134968042374" lon="2.74325399659574">
        <ele>394</ele>
      </trkpt>
      <trkpt lat="42.357273017987609" lon="2.7434460259974">
        <ele>394</ele>
      </trkpt>
      <trkpt lat="42.357378965243697" lon="2.743548033758998">
        <ele>394</ele>
      </trkpt>
      <trkpt lat="42.357541993260384" lon="2.743674013763666">
        <ele>394</ele>
      </trkpt>
      <trkpt lat="42.357665039598942" lon="2.743847016245127">
        <ele>394</ele>
      </trkpt>
      <trkpt lat="42.357699992135167" lon="2.743968972936273">
        <ele>392</ele>
      </trkpt>
      <trkpt lat="42.357725976034999" lon="2.744201989844441">
        <ele>392</ele>
      </trkpt>
      <trkpt lat="42.357804011553526" lon="2.744363006204367">
        <ele>392</ele>
      </trkpt>
      <trkpt lat="42.357817003503442" lon="2.74437197484076">
        <ele>392</ele>
      </trkpt>
      <trkpt lat="42.357911970466375" lon="2.744455961510539">
        <ele>392</ele>
      </trkpt>
      <trkpt lat="42.357986988499761" lon="2.744615972042084">
        <ele>394</ele>
      </trkpt>
      <trkpt lat="42.358077010139823" lon="2.744770031422377">
        <ele>395</ele>
      </trkpt>
      <trkpt lat="42.358124032616615" lon="2.744835997000337">
        <ele>395</ele>
      </trkpt>
      <trkpt lat="42.358203995972872" lon="2.745055016130209">
        <ele>396</ele>
      </trkpt>
      <trkpt lat="42.358197961002588" lon="2.745088040828705">
        <ele>398</ele>
      </trkpt>
      <trkpt lat="42.358166025951505" lon="2.745187031105161">
        <ele>399</ele>
      </trkpt>
      <trkpt lat="42.358142975717783" lon="2.745262971147895">
        <ele>402</ele>
      </trkpt>
      <trkpt lat="42.358121015131474" lon="2.745323991402984">
        <ele>404</ele>
      </trkpt>
      <trkpt lat="42.358109029009938" lon="2.745348969474435">
        <ele>408</ele>
      </trkpt>
      <trkpt lat="42.358082961291075" lon="2.745388029143214">
        <ele>411</ele>
      </trkpt>
      <trkpt lat="42.358074998483062" lon="2.745452988892794">
        <ele>411</ele>
      </trkpt>
      <trkpt lat="42.358058989048004" lon="2.745519960299134">
        <ele>413</ele>
      </trkpt>
      <trkpt lat="42.358108023181558" lon="2.745614005252719">
        <ele>415</ele>
      </trkpt>
      <trkpt lat="42.358153034001589" lon="2.745649963617325">
        <ele>417</ele>
      </trkpt>
      <trkpt lat="42.358211036771536" lon="2.745712995529175">
        <ele>419</ele>
      </trkpt>
      <trkpt lat="42.358285970985889" lon="2.745741996914148">
        <ele>422</ele>
      </trkpt>
      <trkpt lat="42.358301980420947" lon="2.745752977207303">
        <ele>422</ele>
      </trkpt>
      <trkpt lat="42.358330981805921" lon="2.745789019390941">
        <ele>423</ele>
      </trkpt>
      <trkpt lat="42.358425026759505" lon="2.745762029662728">
        <ele>426</ele>
      </trkpt>
      <trkpt lat="42.358454028144479" lon="2.745732022449374">
        <ele>427</ele>
      </trkpt>
      <trkpt lat="42.358583025634289" lon="2.745620040223002">
        <ele>429</ele>
      </trkpt>
      <trkpt lat="42.358681010082364" lon="2.745543010532856">
        <ele>431</ele>
      </trkpt>
      <trkpt lat="42.358790980651975" lon="2.745439996942878">
        <ele>433</ele>
      </trkpt>
      <trkpt lat="42.358868010342121" lon="2.74538098834455">
        <ele>435</ele>
      </trkpt>
      <trkpt lat="42.358947973698378" lon="2.745320973917842">
        <ele>437</ele>
      </trkpt>
      <trkpt lat="42.358956020325422" lon="2.745318962261081">
        <ele>437</ele>
      </trkpt>
      <trkpt lat="42.359114019200206" lon="2.745348969474435">
        <ele>439</ele>
      </trkpt>
      <trkpt lat="42.359308982267976" lon="2.745470004156232">
        <ele>440</ele>
      </trkpt>
      <trkpt lat="42.359394980594516" lon="2.745524989441037">
        <ele>440</ele>
      </trkpt>
      <trkpt lat="42.359662028029561" lon="2.745543010532856">
        <ele>441</ele>
      </trkpt>
      <trkpt lat="42.359762024134398" lon="2.745537981390953">
        <ele>441</ele>
      </trkpt>
      <trkpt lat="42.359935026615858" lon="2.745539993047714">
        <ele>440</ele>
      </trkpt>
      <trkpt lat="42.360208025202155" lon="2.745519038289785">
        <ele>439</ele>
      </trkpt>
      <trkpt lat="42.360409023240209" lon="2.745412001386285">
        <ele>436</ele>
      </trkpt>
      <trkpt lat="42.360569033771753" lon="2.745335977524519">
        <ele>434</ele>
      </trkpt>
      <trkpt lat="42.360711023211479" lon="2.745340000838041">
        <ele>434</ele>
      </trkpt>
      <trkpt lat="42.360964994877577" lon="2.745348969474435">
        <ele>433</ele>
      </trkpt>
      <trkpt lat="42.361174961552024" lon="2.745323991402984">
        <ele>431</ele>
      </trkpt>
      <trkpt lat="42.361328015103936" lon="2.745276968926191">
        <ele>430</ele>
      </trkpt>
      <trkpt lat="42.361398003995419" lon="2.74529499001801">
        <ele>427</ele>
      </trkpt>
      <trkpt lat="42.361429017037153" lon="2.745353998616338">
        <ele>427</ele>
      </trkpt>
      <trkpt lat="42.361471010372043" lon="2.745504034683108">
        <ele>427</ele>
      </trkpt>
      <trkpt lat="42.361554997041821" lon="2.74570201523602">
        <ele>427</ele>
      </trkpt>
      <trkpt lat="42.361559020355344" lon="2.745705032721162">
        <ele>427</ele>
      </trkpt>
      <trkpt lat="42.361657004803419" lon="2.745769992470741">
        <ele>429</ele>
      </trkpt>
      <trkpt lat="42.361674020066857" lon="2.745757000520825">
        <ele>429</ele>
      </trkpt>
      <trkpt lat="42.361753983423114" lon="2.745684999972582">
        <ele>430</ele>
      </trkpt>
      <trkpt lat="42.36185397952795" lon="2.745540998876095">
        <ele>431</ele>
      </trkpt>
      <trkpt lat="42.361869988963008" lon="2.745518032461405">
        <ele>431</ele>
      </trkpt>
      <trkpt lat="42.361906031146646" lon="2.745441002771258">
        <ele>431</ele>
      </trkpt>
      <trkpt lat="42.361989011988044" lon="2.745351986959577">
        <ele>433</ele>
      </trkpt>
      <trkpt lat="42.361989011988044" lon="2.745351986959577">
        <ele>433</ele>
      </trkpt>
      <trkpt lat="42.362112980335951" lon="2.745211003348231">
        <ele>434</ele>
      </trkpt>
      <trkpt lat="42.362140975892544" lon="2.74518602527678">
        <ele>434</ele>
      </trkpt>
      <trkpt lat="42.362267961725593" lon="2.745135985314846">
        <ele>435</ele>
      </trkpt>
      <trkpt lat="42.362411040812731" lon="2.745200023055077">
        <ele>436</ele>
      </trkpt>
      <trkpt lat="42.362430989742279" lon="2.745223995298147">
        <ele>437</ele>
      </trkpt>
      <trkpt lat="42.362536014989018" lon="2.745375959202647">
        <ele>438</ele>
      </trkpt>
      <trkpt lat="42.362579014152288" lon="2.74540001526475">
        <ele>439</ele>
      </trkpt>
      <trkpt lat="42.362673981115222" lon="2.745415018871427">
        <ele>440</ele>
      </trkpt>
      <trkpt lat="42.362811025232077" lon="2.745375959202647">
        <ele>441</ele>
      </trkpt>
      <trkpt lat="42.36292501911521" lon="2.745370008051395">
        <ele>442</ele>
      </trkpt>
      <trkpt lat="42.363000959157944" lon="2.745395991951227">
        <ele>442</ele>
      </trkpt>
      <trkpt lat="42.363174967467785" lon="2.745393980294466">
        <ele>443</ele>
      </trkpt>
      <trkpt lat="42.363303964957595" lon="2.745393980294466">
        <ele>445</ele>
      </trkpt>
      <trkpt lat="42.363438997417688" lon="2.74561601690948">
        <ele>446</ele>
      </trkpt>
      <trkpt lat="42.363446038216352" lon="2.745863031595945">
        <ele>447</ele>
      </trkpt>
      <trkpt lat="42.363433968275785" lon="2.745948024094105">
        <ele>447</ele>
      </trkpt>
      <trkpt lat="42.363434974104166" lon="2.74595900438726">
        <ele>447</ele>
      </trkpt>
      <trkpt lat="42.363412007689476" lon="2.74611096829176">
        <ele>448</ele>
      </trkpt>
      <trkpt lat="42.363404966890812" lon="2.746194032952189">
        <ele>449</ele>
      </trkpt>
      <trkpt lat="42.363403039053082" lon="2.746222028508782">
        <ele>449</ele>
      </trkpt>
      <trkpt lat="42.363392980769277" lon="2.746450016275048">
        <ele>449</ele>
      </trkpt>
      <trkpt lat="42.363387029618025" lon="2.746746987104416">
        <ele>451</ele>
      </trkpt>
      <trkpt lat="42.363359034061432" lon="2.747009005397558">
        <ele>452</ele>
      </trkpt>
      <trkpt lat="42.363331960514188" lon="2.747144959867001">
        <ele>452</ele>
      </trkpt>
      <trkpt lat="42.363293990492821" lon="2.747491970658302">
        <ele>452</ele>
      </trkpt>
      <trkpt lat="42.363284016028047" lon="2.747759018093348">
        <ele>452</ele>
      </trkpt>
      <trkpt lat="42.363277981057763" lon="2.747953981161118">
        <ele>452</ele>
      </trkpt>
      <trkpt lat="42.363323997706175" lon="2.74821599945426">
        <ele>449</ele>
      </trkpt>
      <trkpt lat="42.363336989656091" lon="2.748326975852251">
        <ele>448</ele>
      </trkpt>
      <trkpt lat="42.363344030454755" lon="2.748397970572114">
        <ele>448</ele>
      </trkpt>
      <trkpt lat="42.363417036831379" lon="2.748625036329031">
        <ele>447</ele>
      </trkpt>
      <trkpt lat="42.36344201490283" lon="2.748657977208495">
        <ele>446</ele>
      </trkpt>
      <trkpt lat="42.363563971593976" lon="2.748845983296633">
        <ele>444</ele>
      </trkpt>
      <trkpt lat="42.363668996840715" lon="2.748999958857894">
        <ele>443</ele>
      </trkpt>
      <trkpt lat="42.363676959648728" lon="2.749029966071248">
        <ele>443</ele>
      </trkpt>
      <trkpt lat="42.363787014037371" lon="2.749242028221488">
        <ele>441</ele>
      </trkpt>
      <trkpt lat="42.363844010978937" lon="2.749525001272559">
        <ele>438</ele>
      </trkpt>
      <trkpt lat="42.363846022635698" lon="2.749722981825471">
        <ele>436</ele>
      </trkpt>
      <trkpt lat="42.363789025694132" lon="2.7499770373106">
        <ele>433</ele>
      </trkpt>
      <trkpt lat="42.36372297629714" lon="2.750179041177034">
        <ele>430</ele>
      </trkpt>
      <trkpt lat="42.363663967698812" lon="2.750308038666844">
        <ele>429</ele>
      </trkpt>
      <trkpt lat="42.363604959100485" lon="2.750434018671513">
        <ele>428</ele>
      </trkpt>
      <trkpt lat="42.36357101239264" lon="2.750519011169672">
        <ele>427</ele>
      </trkpt>
      <trkpt lat="42.363488031551242" lon="2.750725038349628">
        <ele>425</ele>
      </trkpt>
      <trkpt lat="42.363424999639392" lon="2.750931987538934">
        <ele>423</ele>
      </trkpt>
      <trkpt lat="42.363368002697825" lon="2.751128040254116">
        <ele>421</ele>
      </trkpt>
      <trkpt lat="42.36329298466444" lon="2.751359967514873">
        <ele>418</ele>
      </trkpt>
      <trkpt lat="42.363214027136564" lon="2.751665990799666">
        <ele>416</ele>
      </trkpt>
      <trkpt lat="42.363125011324883" lon="2.75191199965775">
        <ele>415</ele>
      </trkpt>
      <trkpt lat="42.363050999119878" lon="2.752136969938874">
        <ele>414</ele>
      </trkpt>
      <trkpt lat="42.362941028550267" lon="2.752365041524172">
        <ele>413</ele>
      </trkpt>
      <trkpt lat="42.362859975546598" lon="2.752585988491774">
        <ele>412</ele>
      </trkpt>
      <trkpt lat="42.362767020240426" lon="2.752780029550195">
        <ele>411</ele>
      </trkpt>
      <trkpt lat="42.362640034407377" lon="2.752959989011288">
        <ele>408</ele>
      </trkpt>
      <trkpt lat="42.362477006390691" lon="2.753126034513116">
        <ele>406</ele>
      </trkpt>
      <trkpt lat="42.362462002784014" lon="2.753170961514115">
        <ele>405</ele>
      </trkpt>
      <trkpt lat="42.362556969746947" lon="2.753207003697753">
        <ele>404</ele>
      </trkpt>
      <trkpt lat="42.362629976123571" lon="2.753268023952842">
        <ele>404</ele>
      </trkpt>
      <trkpt lat="42.362688984721899" lon="2.753357039764524">
        <ele>403</ele>
      </trkpt>
      <trkpt lat="42.362782023847103" lon="2.753570023924112">
        <ele>401</ele>
      </trkpt>
      <trkpt lat="42.362850001081824" lon="2.753791976720095">
        <ele>399</ele>
      </trkpt>
      <trkpt lat="42.362916972488165" lon="2.754023987799883">
        <ele>397</ele>
      </trkpt>
      <trkpt lat="42.362963994964957" lon="2.754177041351795">
        <ele>395</ele>
      </trkpt>
      <trkpt lat="42.362977992743254" lon="2.754204031080008">
        <ele>395</ele>
      </trkpt>
      <trkpt lat="42.363052004948258" lon="2.754488009959459">
        <ele>393</ele>
      </trkpt>
      <trkpt lat="42.363117970526218" lon="2.754710968583822">
        <ele>391</ele>
      </trkpt>
      <trkpt lat="42.363159041851759" lon="2.754799984395504">
        <ele>390</ele>
      </trkpt>
      <trkpt lat="42.363342018797994" lon="2.754863016307354">
        <ele>389</ele>
      </trkpt>
      <trkpt lat="42.363432040438056" lon="2.754779029637575">
        <ele>388</ele>
      </trkpt>
      <trkpt lat="42.36348400823772" lon="2.754679033532739">
        <ele>388</ele>
      </trkpt>
      <trkpt lat="42.363490965217352" lon="2.754420032724738">
        <ele>385</ele>
      </trkpt>
      <trkpt lat="42.363498006016016" lon="2.754243006929755">
        <ele>384</ele>
      </trkpt>
      <trkpt lat="42.363503035157919" lon="2.754044020548463">
        <ele>382</ele>
      </trkpt>
      <trkpt lat="42.363509992137551" lon="2.753950981423259">
        <ele>382</ele>
      </trkpt>
      <trkpt lat="42.363546034321189" lon="2.753749983385205">
        <ele>380</ele>
      </trkpt>
      <trkpt lat="42.36357101239264" lon="2.753735985606909">
        <ele>380</ele>
      </trkpt>
      <trkpt lat="42.363578975200653" lon="2.753736991435289">
        <ele>380</ele>
      </trkpt>
      <trkpt lat="42.363734962418675" lon="2.753808991983533">
        <ele>380</ele>
      </trkpt>
      <trkpt lat="42.363924980163574" lon="2.753944024443626">
        <ele>381</ele>
      </trkpt>
      <trkpt lat="42.364105023443699" lon="2.75401602499187">
        <ele>381</ele>
      </trkpt>
      <trkpt lat="42.364300992339849" lon="2.754062041640282">
        <ele>382</ele>
      </trkpt>
      <trkpt lat="42.364454967901111" lon="2.754062041640282">
        <ele>383</ele>
      </trkpt>
      <trkpt lat="42.364637022837996" lon="2.754062041640282">
        <ele>384</ele>
      </trkpt>
      <trkpt lat="42.364786975085735" lon="2.754113003611565">
        <ele>386</ele>
      </trkpt>
      <trkpt lat="42.364851012825966" lon="2.754214005544782">
        <ele>386</ele>
      </trkpt>
      <trkpt lat="42.364859981462359" lon="2.754314001649618">
        <ele>387</ele>
      </trkpt>
      <trkpt lat="42.364843972027302" lon="2.754548024386168">
        <ele>387</ele>
      </trkpt>
      <trkpt lat="42.364923013374209" lon="2.754856981337071">
        <ele>387</ele>
      </trkpt>
      <trkpt lat="42.365000965073705" lon="2.754936022683978">
        <ele>387</ele>
      </trkpt>
      <trkpt lat="42.365059973672032" lon="2.754982961341739">
        <ele>387</ele>
      </trkpt>
      <trkpt lat="42.365143038332462" lon="2.755026966333389">
        <ele>386</ele>
      </trkpt>
      <trkpt lat="42.365154018625617" lon="2.755028977990151">
        <ele>386</ele>
      </trkpt>
      <trkpt lat="42.365356022492051" lon="2.755057979375124">
        <ele>384</ele>
      </trkpt>
      <trkpt lat="42.365603959187865" lon="2.755023026838899">
        <ele>383</ele>
      </trkpt>
      <trkpt lat="42.365644024685025" lon="2.755003999918699">
        <ele>383</ele>
      </trkpt>
      <trkpt lat="42.365728011354804" lon="2.75492001324892">
        <ele>382</ele>
      </trkpt>
      <trkpt lat="42.365863965824246" lon="2.754637962207198">
        <ele>380</ele>
      </trkpt>
      <trkpt lat="42.366067981347442" lon="2.754600998014212">
        <ele>379</ele>
      </trkpt>
      <trkpt lat="42.366183986887336" lon="2.754807025194168">
        <ele>379</ele>
      </trkpt>
      <trkpt lat="42.366187004372478" lon="2.755095027387142">
        <ele>379</ele>
      </trkpt>
      <trkpt lat="42.36619496718049" lon="2.755407001823187">
        <ele>378</ele>
      </trkpt>
      <trkpt lat="42.366227991878986" lon="2.755660973489285">
        <ele>377</ele>
      </trkpt>
      <trkpt lat="42.366264034062624" lon="2.755877980962396">
        <ele>376</ele>
      </trkpt>
      <trkpt lat="42.366317007690668" lon="2.75616598315537">
        <ele>374</ele>
      </trkpt>
      <trkpt lat="42.366346009075642" lon="2.756363041698933">
        <ele>373</ele>
      </trkpt>
      <trkpt lat="42.366329999640584" lon="2.756634028628469">
        <ele>371</ele>
      </trkpt>
      <trkpt lat="42.366309966892004" lon="2.756872996687889">
        <ele>369</ele>
      </trkpt>
      <trkpt lat="42.366322036832571" lon="2.75708899833262">
        <ele>367</ele>
      </trkpt>
      <trkpt lat="42.366369981318712" lon="2.75736702606082">
        <ele>365</ele>
      </trkpt>
      <trkpt lat="42.366421027109027" lon="2.757661985233426">
        <ele>363</ele>
      </trkpt>
      <trkpt lat="42.366423038765788" lon="2.757921991869807">
        <ele>362</ele>
      </trkpt>
      <trkpt lat="42.366396971046925" lon="2.758177975192666">
        <ele>360</ele>
      </trkpt>
      <trkpt lat="42.366371992975473" lon="2.758462959900498">
        <ele>358</ele>
      </trkpt>
      <trkpt lat="42.366270991042256" lon="2.758697988465428">
        <ele>356</ele>
      </trkpt>
      <trkpt lat="42.366147022694349" lon="2.758903009817004">
        <ele>355</ele>
      </trkpt>
      <trkpt lat="42.36599899828434" lon="2.75910995900631">
        <ele>353</ele>
      </trkpt>
      <trkpt lat="42.365881986916065" lon="2.759296959266067">
        <ele>351</ele>
      </trkpt>
      <trkpt lat="42.365765981376171" lon="2.759508015587926">
        <ele>350</ele>
      </trkpt>
      <trkpt lat="42.365618040785193" lon="2.759730974212289">
        <ele>348</ele>
      </trkpt>
      <trkpt lat="42.365471022203565" lon="2.759940018877387">
        <ele>346</ele>
      </trkpt>
      <trkpt lat="42.365343030542135" lon="2.760155014693737">
        <ele>345</ele>
      </trkpt>
      <trkpt lat="42.365327021107078" lon="2.760254004970193">
        <ele>344</ele>
      </trkpt>
      <trkpt lat="42.365349987521768" lon="2.760536978021264">
        <ele>342</ele>
      </trkpt>
      <trkpt lat="42.365388041362166" lon="2.760798996314406">
        <ele>340</ele>
      </trkpt>
      <trkpt lat="42.36544000916183" lon="2.761070989072323">
        <ele>336</ele>
      </trkpt>
      <trkpt lat="42.365466998890042" lon="2.761148018762469">
        <ele>336</ele>
      </trkpt>
      <trkpt lat="42.365559032186866" lon="2.761338958516717">
        <ele>333</ele>
      </trkpt>
      <trkpt lat="42.365716025233269" lon="2.76140802539885">
        <ele>330</ele>
      </trkpt>
      <trkpt lat="42.365886010229588" lon="2.761554960161448">
        <ele>327</ele>
      </trkpt>
      <trkpt lat="42.365905037149787" lon="2.761593014001846">
        <ele>326</ele>
      </trkpt>
      <trkpt lat="42.365963961929083" lon="2.761864000931382">
        <ele>324</ele>
      </trkpt>
      <trkpt lat="42.366065969690681" lon="2.762099029496312">
        <ele>321</ele>
      </trkpt>
      <trkpt lat="42.36615096218884" lon="2.762279994785786">
        <ele>320</ele>
      </trkpt>
      <trkpt lat="42.366183986887336" lon="2.762316958978772">
        <ele>319</ele>
      </trkpt>
      <trkpt lat="42.366271996870637" lon="2.762436987832189">
        <ele>318</ele>
      </trkpt>
      <trkpt lat="42.366318013519049" lon="2.762484010308981">
        <ele>318</ele>
      </trkpt>
      <trkpt lat="42.366427984088659" lon="2.762661958113313">
        <ele>316</ele>
      </trkpt>
      <trkpt lat="42.366460002958775" lon="2.762732030823827">
        <ele>315</ele>
      </trkpt>
      <trkpt lat="42.366461008787155" lon="2.762949960306287">
        <ele>311</ele>
      </trkpt>
      <trkpt lat="42.366457991302013" lon="2.76304199360311">
        <ele>308</ele>
      </trkpt>
      <trkpt lat="42.366447011008859" lon="2.763209966942668">
        <ele>306</ele>
      </trkpt>
      <trkpt lat="42.366395965218544" lon="2.763430997729302">
        <ele>306</ele>
      </trkpt>
      <trkpt lat="42.366381967440248" lon="2.763662002980709">
        <ele>303</ele>
      </trkpt>
      <trkpt lat="42.366374004632235" lon="2.763892002403736">
        <ele>301</ele>
      </trkpt>
      <trkpt lat="42.366371992975473" lon="2.763918992131949">
        <ele>300</ele>
      </trkpt>
      <trkpt lat="42.366347014904022" lon="2.764237001538277">
        <ele>297</ele>
      </trkpt>
      <trkpt lat="42.366337040439248" lon="2.764327023178339">
        <ele>296</ele>
      </trkpt>
      <trkpt lat="42.366293035447598" lon="2.764425007626414">
        <ele>295</ele>
      </trkpt>
      <trkpt lat="42.366173006594181" lon="2.764611002057791">
        <ele>291</ele>
      </trkpt>
      <trkpt lat="42.366139981895685" lon="2.764670010656118">
        <ele>290</ele>
      </trkpt>
      <trkpt lat="42.366010984405875" lon="2.764863967895508">
        <ele>287</ele>
      </trkpt>
      <trkpt lat="42.365922974422574" lon="2.765121040865779">
        <ele>284</ele>
      </trkpt>
      <trkpt lat="42.365973014384508" lon="2.765338970348239">
        <ele>282</ele>
      </trkpt>
      <trkpt lat="42.365992963314056" lon="2.765429997816682">
        <ele>281</ele>
      </trkpt>
      <trkpt lat="42.366038979962468" lon="2.765638958662748">
        <ele>279</ele>
      </trkpt>
      <trkpt lat="42.36608499661088" lon="2.765905000269413">
        <ele>276</ele>
      </trkpt>
      <trkpt lat="42.366087008267641" lon="2.765915980562568">
        <ele>277</ele>
      </trkpt>
      <trkpt lat="42.366109974682331" lon="2.766060987487435">
        <ele>275</ele>
      </trkpt>
      <trkpt lat="42.366131013259292" lon="2.766335997730494">
        <ele>271</ele>
      </trkpt>
      <trkpt lat="42.366183986887336" lon="2.766608996316791">
        <ele>268</ele>
      </trkpt>
      <trkpt lat="42.366248024627566" lon="2.766829021275044">
        <ele>266</ele>
      </trkpt>
      <trkpt lat="42.366224974393845" lon="2.767090033739805">
        <ele>264</ele>
      </trkpt>
      <trkpt lat="42.366218017414212" lon="2.767345011234283">
        <ele>261</ele>
      </trkpt>
      <trkpt lat="42.366283982992172" lon="2.767526982352138">
        <ele>258</ele>
      </trkpt>
      <trkpt lat="42.36632103100419" lon="2.76763703674078">
        <ele>257</ele>
      </trkpt>
      <trkpt lat="42.366319019347429" lon="2.767927972599864">
        <ele>253</ele>
      </trkpt>
      <trkpt lat="42.366302004083991" lon="2.767984969541431">
        <ele>252</ele>
      </trkpt>
      <trkpt lat="42.36623696051538" lon="2.768244976177812">
        <ele>249</ele>
      </trkpt>
      <trkpt lat="42.366225980222225" lon="2.768337009474635">
        <ele>248</ele>
      </trkpt>
      <trkpt lat="42.366325976327062" lon="2.768515041097999">
        <ele>245</ele>
      </trkpt>
      <trkpt lat="42.366353971883655" lon="2.768502971157432">
        <ele>245</ele>
      </trkpt>
      <trkpt lat="42.366464026272297" lon="2.768345978111029">
        <ele>242</ele>
      </trkpt>
      <trkpt lat="42.366570979356766" lon="2.768222009763122">
        <ele>240</ele>
      </trkpt>
      <trkpt lat="42.36673098988831" lon="2.768121007829905">
        <ele>238</ele>
      </trkpt>
      <trkpt lat="42.366904998198152" lon="2.767997039481998">
        <ele>235</ele>
      </trkpt>
      <trkpt lat="42.367111025378108" lon="2.767829988151789">
        <ele>232</ele>
      </trkpt>
      <trkpt lat="42.367186965420842" lon="2.76770300231874">
        <ele>230</ele>
      </trkpt>
      <trkpt lat="42.367306994274259" lon="2.767437966540456">
        <ele>229</ele>
      </trkpt>
      <trkpt lat="42.367313029244542" lon="2.767422962933779">
        <ele>228</ele>
      </trkpt>
      <trkpt lat="42.367343958467245" lon="2.767372000962496">
        <ele>228</ele>
      </trkpt>
      <trkpt lat="42.367467004805803" lon="2.767160022631288">
        <ele>228</ele>
      </trkpt>
      <trkpt lat="42.36750103533268" lon="2.767140995711088">
        <ele>228</ele>
      </trkpt>
      <trkpt lat="42.367537999525666" lon="2.767097996547818">
        <ele>227</ele>
      </trkpt>
      <trkpt lat="42.367606982588768" lon="2.767121968790889">
        <ele>227</ele>
      </trkpt>
      <trkpt lat="42.367637995630503" lon="2.767105959355831">
        <ele>227</ele>
      </trkpt>
      <trkpt lat="42.367790965363383" lon="2.767091961577535">
        <ele>228</ele>
      </trkpt>
      <trkpt lat="42.367857014760375" lon="2.767073018476367">
        <ele>229</ele>
      </trkpt>
      <trkpt lat="42.367904037237167" lon="2.767072012647986">
        <ele>230</ele>
      </trkpt>
      <trkpt lat="42.367946030572057" lon="2.767089027911425">
        <ele>231</ele>
      </trkpt>
      <trkpt lat="42.368038985878229" lon="2.767128003761172">
        <ele>228</ele>
      </trkpt>
      <trkpt lat="42.36814996227622" lon="2.767205033451319">
        <ele>228</ele>
      </trkpt>
      <trkpt lat="42.368159014731646" lon="2.767368983477354">
        <ele>228</ele>
      </trkpt>
      <trkpt lat="42.368112998083234" lon="2.767447018995881">
        <ele>228</ele>
      </trkpt>
      <trkpt lat="42.36806103028357" lon="2.767554977908731">
        <ele>229</ele>
      </trkpt>
      <trkpt lat="42.368119033053517" lon="2.767623960971832">
        <ele>229</ele>
      </trkpt>
      <trkpt lat="42.368171000853181" lon="2.767721023410559">
        <ele>232</ele>
      </trkpt>
      <trkpt lat="42.368240989744663" lon="2.767802998423576">
        <ele>233</ele>
      </trkpt>
      <trkpt lat="42.368251970037818" lon="2.767812972888351">
        <ele>233</ele>
      </trkpt>
      <trkpt lat="42.368310978636146" lon="2.767946999520063">
        <ele>234</ele>
      </trkpt>
      <trkpt lat="42.368380967527628" lon="2.768026040866971">
        <ele>235</ele>
      </trkpt>
      <trkpt lat="42.368399994447827" lon="2.768114972859621">
        <ele>237</ele>
      </trkpt>
      <trkpt lat="42.368435030803084" lon="2.768189990893006">
        <ele>239</ele>
      </trkpt>
      <trkpt lat="42.36847098916769" lon="2.768267020583153">
        <ele>241</ele>
      </trkpt>
      <trkpt lat="42.368565034121275" lon="2.768307002261281">
        <ele>242</ele>
      </trkpt>
      <trkpt lat="42.368634017184377" lon="2.768293004482985">
        <ele>244</ele>
      </trkpt>
      <trkpt lat="42.368696965277195" lon="2.768297027796507">
        <ele>245</ele>
      </trkpt>
      <trkpt lat="42.3687709774822" lon="2.768303984776139">
        <ele>247</ele>
      </trkpt>
      <trkpt lat="42.368845995515585" lon="2.768327035009861">
        <ele>249</ele>
      </trkpt>
      <trkpt lat="42.368894023820758" lon="2.768366010859609">
        <ele>250</ele>
      </trkpt>
      <trkpt lat="42.368980022147298" lon="2.76837196201086">
        <ele>252</ele>
      </trkpt>
      <trkpt lat="42.369040958583355" lon="2.768382020294666">
        <ele>253</ele>
      </trkpt>
      <trkpt lat="42.369089992716908" lon="2.768377996981144">
        <ele>255</ele>
      </trkpt>
      <trkpt lat="42.369152018800378" lon="2.768382020294666">
        <ele>257</ele>
      </trkpt>
      <trkpt lat="42.369189988821745" lon="2.76841102167964">
        <ele>259</ele>
      </trkpt>
      <trkpt lat="42.369240028783679" lon="2.768465001136065">
        <ele>261</ele>
      </trkpt>
      <trkpt lat="42.369291996583343" lon="2.76850095950067">
        <ele>263</ele>
      </trkpt>
      <trkpt lat="42.369346981868148" lon="2.768544964492321">
        <ele>265</ele>
      </trkpt>
      <trkpt lat="42.369395010173321" lon="2.768567008897662">
        <ele>266</ele>
      </trkpt>
      <trkpt lat="42.369471034035087" lon="2.768609002232552">
        <ele>268</ele>
      </trkpt>
      <trkpt lat="42.369546974077821" lon="2.768624005839229">
        <ele>271</ele>
      </trkpt>
      <trkpt lat="42.369597014039755" lon="2.768663987517357">
        <ele>272</ele>
      </trkpt>
      <trkpt lat="42.369646970182657" lon="2.768679996952415">
        <ele>274</ele>
      </trkpt>
      <trkpt lat="42.36971796490252" lon="2.768701035529375">
        <ele>276</ele>
      </trkpt>
      <trkpt lat="42.369740009307861" lon="2.768702963367105">
        <ele>277</ele>
      </trkpt>
      <trkpt lat="42.369747972115874" lon="2.768716961145401">
        <ele>278</ele>
      </trkpt>
      <trkpt lat="42.369747972115874" lon="2.768716961145401">
        <ele>279</ele>
      </trkpt>
      <trkpt lat="42.369836987927556" lon="2.768818968906999">
        <ele>280</ele>
      </trkpt>
      <trkpt lat="42.36993296071887" lon="2.768917037174106">
        <ele>281</ele>
      </trkpt>
      <trkpt lat="42.370030023157597" lon="2.768960958346725">
        <ele>281</ele>
      </trkpt>
      <trkpt lat="42.37014502286911" lon="2.769032036885619">
        <ele>281</ele>
      </trkpt>
      <trkpt lat="42.370203025639057" lon="2.769049974158406">
        <ele>281</ele>
      </trkpt>
      <trkpt lat="42.370266979560256" lon="2.769139995798469">
        <ele>282</ele>
      </trkpt>
      <trkpt lat="42.370330011472106" lon="2.769188024103642">
        <ele>284</ele>
      </trkpt>
      <trkpt lat="42.370377033948898" lon="2.769216019660235">
        <ele>285</ele>
      </trkpt>
      <trkpt lat="42.37038298510015" lon="2.769219959154725">
        <ele>285</ele>
      </trkpt>
      <trkpt lat="42.370397988706827" lon="2.769214008003473">
        <ele>286</ele>
      </trkpt>
      <trkpt lat="42.370431013405323" lon="2.769211996346712">
        <ele>286</ele>
      </trkpt>
      <trkpt lat="42.370520029217005" lon="2.769245021045208">
        <ele>287</ele>
      </trkpt>
      <trkpt lat="42.370605021715164" lon="2.769308974966407">
        <ele>289</ele>
      </trkpt>
      <trkpt lat="42.370653972029686" lon="2.769429003819823">
        <ele>289</ele>
      </trkpt>
      <trkpt lat="42.370677022263408" lon="2.769576022401452">
        <ele>290</ele>
      </trkpt>
      <trkpt lat="42.370753968134522" lon="2.769669983536005">
        <ele>290</ele>
      </trkpt>
      <trkpt lat="42.370824040845037" lon="2.769778026267886">
        <ele>291</ele>
      </trkpt>
      <trkpt lat="42.370895035564899" lon="2.769867964088917">
        <ele>292</ele>
      </trkpt>
      <trkpt lat="42.370983967557549" lon="2.769957985728979">
        <ele>294</ele>
      </trkpt>
      <trkpt lat="42.371045993641019" lon="2.769992016255856">
        <ele>295</ele>
      </trkpt>
      <trkpt lat="42.371132997795939" lon="2.77006602846086">
        <ele>297</ele>
      </trkpt>
      <trkpt lat="42.371206004172564" lon="2.770137023180723">
        <ele>299</ele>
      </trkpt>
      <trkpt lat="42.37128596752882" lon="2.770232995972037">
        <ele>301</ele>
      </trkpt>
      <trkpt lat="42.371333995833993" lon="2.770245987921953">
        <ele>301</ele>
      </trkpt>
      <trkpt lat="42.371404990553856" lon="2.770294016227126">
        <ele>303</ele>
      </trkpt>
      <trkpt lat="42.371473973616958" lon="2.770330980420113">
        <ele>303</ele>
      </trkpt>
      <trkpt lat="42.371575981378555" lon="2.770397029817104">
        <ele>304</ele>
      </trkpt>
      <trkpt lat="42.371682012453675" lon="2.770428964868188">
        <ele>305</ele>
      </trkpt>
      <trkpt lat="42.371758036315441" lon="2.770486967638135">
        <ele>307</ele>
      </trkpt>
      <trkpt lat="42.371791983023286" lon="2.770503982901573">
        <ele>308</ele>
      </trkpt>
      <trkpt lat="42.371914023533463" lon="2.77060498483479">
        <ele>309</ele>
      </trkpt>
      <trkpt lat="42.372017959132791" lon="2.770713027566671">
        <ele>311</ele>
      </trkpt>
      <trkpt lat="42.372089959681034" lon="2.770783016458154">
        <ele>312</ele>
      </trkpt>
      <trkpt lat="42.372131031006575" lon="2.770787039771676">
        <ele>313</ele>
      </trkpt>
      <trkpt lat="42.372163971886039" lon="2.770785028114915">
        <ele>313</ele>
      </trkpt>
      <trkpt lat="42.372227003797889" lon="2.77086197398603">
        <ele>315</ele>
      </trkpt>
      <trkpt lat="42.372275032103062" lon="2.770931962877512">
        <ele>317</ele>
      </trkpt>
      <trkpt lat="42.372313002124429" lon="2.771001029759646">
        <ele>318</ele>
      </trkpt>
      <trkpt lat="42.372372010722756" lon="2.771063977852464">
        <ele>320</ele>
      </trkpt>
      <trkpt lat="42.372387014329433" lon="2.771063977852464">
        <ele>321</ele>
      </trkpt>
      <trkpt lat="42.372491033747792" lon="2.771146958693862">
        <ele>322</ele>
      </trkpt>
      <trkpt lat="42.372582983225584" lon="2.771294983103871">
        <ele>323</ele>
      </trkpt>
      <trkpt lat="42.372644003480673" lon="2.771403025835753">
        <ele>323</ele>
      </trkpt>
      <trkpt lat="42.372675016522408" lon="2.771479971706867">
        <ele>323</ele>
      </trkpt>
      <trkpt lat="42.372695971280336" lon="2.771518025547266">
        <ele>323</ele>
      </trkpt>
      <trkpt lat="42.372786998748779" lon="2.771654985845089">
        <ele>323</ele>
      </trkpt>
      <trkpt lat="42.372849024832249" lon="2.77176302857697">
        <ele>323</ele>
      </trkpt>
      <trkpt lat="42.372901998460293" lon="2.77189495973289">
        <ele>323</ele>
      </trkpt>
      <trkpt lat="42.372938962653279" lon="2.771981963887811">
        <ele>323</ele>
      </trkpt>
      <trkpt lat="42.373013980686665" lon="2.77210702188313">
        <ele>324</ele>
      </trkpt>
      <trkpt lat="42.373093022033572" lon="2.772220009937882">
        <ele>324</ele>
      </trkpt>
      <trkpt lat="42.373139960691333" lon="2.77221498079598">
        <ele>324</ele>
      </trkpt>
      <trkpt lat="42.373292008414865" lon="2.772221015766263">
        <ele>324</ele>
      </trkpt>
      <trkpt lat="42.373297959566116" lon="2.772224033251405">
        <ele>325</ele>
      </trkpt>
      <trkpt lat="42.373427962884307" lon="2.772224033251405">
        <ele>325</ele>
      </trkpt>
      <trkpt lat="42.373533993959427" lon="2.772243982180953">
        <ele>326</ele>
      </trkpt>
      <trkpt lat="42.373644970357418" lon="2.772270971909165">
        <ele>328</ele>
      </trkpt>
      <trkpt lat="42.373785031959414" lon="2.77230097912252">
        <ele>329</ele>
      </trkpt>
      <trkpt lat="42.373914029449224" lon="2.772331992164254">
        <ele>330</ele>
      </trkpt>
      <trkpt lat="42.374037997797132" lon="2.772348001599312">
        <ele>330</ele>
      </trkpt>
      <trkpt lat="42.374113015830517" lon="2.772358981892467">
        <ele>330</ele>
      </trkpt>
      <trkpt lat="42.374287024140358" lon="2.772291004657745">
        <ele>328</ele>
      </trkpt>
      <trkpt lat="42.374333962798119" lon="2.772283041849732">
        <ele>328</ele>
      </trkpt>
      <trkpt lat="42.37444301135838" lon="2.772202994674444">
        <ele>328</ele>
      </trkpt>
      <trkpt lat="42.374586006626487" lon="2.772123031318188">
        <ele>328</ele>
      </trkpt>
      <trkpt lat="42.374694971367717" lon="2.772027980536223">
        <ele>328</ele>
      </trkpt>
      <trkpt lat="42.374844001606107" lon="2.771882973611355">
        <ele>330</ele>
      </trkpt>
      <trkpt lat="42.374991020187736" lon="2.771746013313532">
        <ele>331</ele>
      </trkpt>
      <trkpt lat="42.375095961615443" lon="2.771648028865457">
        <ele>331</ele>
      </trkpt>
      <trkpt lat="42.375211967155337" lon="2.771476032212377">
        <ele>332</ele>
      </trkpt>
      <trkpt lat="42.37525999546051" lon="2.771381987258792">
        <ele>332</ele>
      </trkpt>
      <trkpt lat="42.375281034037471" lon="2.771333958953619">
        <ele>332</ele>
      </trkpt>
      <trkpt lat="42.375403996556997" lon="2.7711830008775">
        <ele>332</ele>
      </trkpt>
      <trkpt lat="42.375514972954988" lon="2.770974040031433">
        <ele>332</ele>
      </trkpt>
      <trkpt lat="42.375549003481865" lon="2.770914025604725">
        <ele>332</ele>
      </trkpt>
      <trkpt lat="42.375632990151644" lon="2.770792990922928">
        <ele>332</ele>
      </trkpt>
      <trkpt lat="42.375747989863157" lon="2.770652007311583">
        <ele>331</ele>
      </trkpt>
      <trkpt lat="42.375826025381684" lon="2.770532984286547">
        <ele>330</ele>
      </trkpt>
      <trkpt lat="42.375950999557972" lon="2.770354030653834">
        <ele>330</ele>
      </trkpt>
      <trkpt lat="42.376007996499538" lon="2.770273983478546">
        <ele>330</ele>
      </trkpt>
      <trkpt lat="42.376175969839096" lon="2.770050019025803">
        <ele>329</ele>
      </trkpt>
      <trkpt lat="42.376216035336256" lon="2.769990004599094">
        <ele>329</ele>
      </trkpt>
      <trkpt lat="42.37629197537899" lon="2.769921021535993">
        <ele>328</ele>
      </trkpt>
      <trkpt lat="42.376400018110871" lon="2.769811972975731">
        <ele>328</ele>
      </trkpt>
      <trkpt lat="42.376539995893836" lon="2.769651040434837">
        <ele>328</ele>
      </trkpt>
      <trkpt lat="42.376687014475465" lon="2.769477032124996">
        <ele>327</ele>
      </trkpt>
      <trkpt lat="42.376822968944907" lon="2.76931400410831">
        <ele>326</ele>
      </trkpt>
      <trkpt lat="42.376862028613687" lon="2.769267987459898">
        <ele>326</ele>
      </trkpt>
      <trkpt lat="42.376893041655421" lon="2.76920897886157">
        <ele>326</ele>
      </trkpt>
      <trkpt lat="42.376921959221363" lon="2.769153993576765">
        <ele>326</ele>
      </trkpt>
      <trkpt lat="42.377047017216682" lon="2.769032958894968">
        <ele>325</ele>
      </trkpt>
      <trkpt lat="42.377155981957912" lon="2.768868003040552">
        <ele>324</ele>
      </trkpt>
      <trkpt lat="42.377208033576608" lon="2.768816035240889">
        <ele>324</ele>
      </trkpt>
      <trkpt lat="42.377332001924515" lon="2.768661975860596">
        <ele>324</ele>
      </trkpt>
      <trkpt lat="42.377421017736197" lon="2.768525015562773">
        <ele>323</ele>
      </trkpt>
      <trkpt lat="42.377465022727847" lon="2.768440023064613">
        <ele>323</ele>
      </trkpt>
      <trkpt lat="42.377621009945869" lon="2.76821999810636">
        <ele>323</ele>
      </trkpt>
      <trkpt lat="42.377766016870737" lon="2.768098963424563">
        <ele>323</ele>
      </trkpt>
      <trkpt lat="42.37788001075387" lon="2.767965020611882">
        <ele>323</ele>
      </trkpt>
      <trkpt lat="42.378033986315131" lon="2.767770979553461">
        <ele>322</ele>
      </trkpt>
      <trkpt lat="42.378152003511786" lon="2.767623960971832">
        <ele>322</ele>
      </trkpt>
      <trkpt lat="42.378306984901428" lon="2.767496975138784">
        <ele>322</ele>
      </trkpt>
      <trkpt lat="42.378346966579556" lon="2.76748800650239">
        <ele>321</ele>
      </trkpt>
      <trkpt lat="42.378447968512774" lon="2.767439978197217">
        <ele>321</ele>
      </trkpt>
      <trkpt lat="42.378476969897747" lon="2.767410976812244">
        <ele>321</ele>
      </trkpt>
      <trkpt lat="42.378650978207588" lon="2.767298994585872">
        <ele>321</ele>
      </trkpt>
      <trkpt lat="42.378780981525779" lon="2.767186006531119">
        <ele>320</ele>
      </trkpt>
      <trkpt lat="42.378859017044306" lon="2.767005963250995">
        <ele>320</ele>
      </trkpt>
      <trkpt lat="42.378928000107408" lon="2.766863973811269">
        <ele>320</ele>
      </trkpt>
      <trkpt lat="42.378935962915421" lon="2.766845030710101">
        <ele>320</ele>
      </trkpt>
      <trkpt lat="42.378944009542465" lon="2.766828015446663">
        <ele>320</ele>
      </trkpt>
      <trkpt lat="42.378972005099058" lon="2.766558034345508">
        <ele>319</ele>
      </trkpt>
      <trkpt lat="42.3789750225842" lon="2.766458038240671">
        <ele>319</ele>
      </trkpt>
      <trkpt lat="42.378982985392213" lon="2.76641596108675">
        <ele>319</ele>
      </trkpt>
      <trkpt lat="42.379011986777186" lon="2.766228960826993">
        <ele>319</ele>
      </trkpt>
      <trkpt lat="42.378980973735452" lon="2.765989992767572">
        <ele>318</ele>
      </trkpt>
      <trkpt lat="42.378991032019258" lon="2.765939030796289">
        <ele>318</ele>
      </trkpt>
      <trkpt lat="42.378990026190877" lon="2.765737026929855">
        <ele>318</ele>
      </trkpt>
      <trkpt lat="42.37906102091074" lon="2.765455981716514">
        <ele>317</ele>
      </trkpt>
      <trkpt lat="42.379065966233611" lon="2.765193041414022">
        <ele>316</ele>
      </trkpt>
      <trkpt lat="42.379110977053642" lon="2.765112994238734">
        <ele>316</ele>
      </trkpt>
      <trkpt lat="42.379189012572169" lon="2.764893975108862">
        <ele>316</ele>
      </trkpt>
      <trkpt lat="42.379218013957143" lon="2.764803031459451">
        <ele>316</ele>
      </trkpt>
      <trkpt lat="42.379217008128762" lon="2.764763971790671">
        <ele>316</ele>
      </trkpt>
      <trkpt lat="42.379251038655639" lon="2.764450991526246">
        <ele>316</ele>
      </trkpt>
      <trkpt lat="42.379306023940444" lon="2.76424203068018">
        <ele>316</ele>
      </trkpt>
      <trkpt lat="42.379322033375502" lon="2.764144968241453">
        <ele>316</ele>
      </trkpt>
      <trkpt lat="42.379381963983178" lon="2.763970037922263">
        <ele>316</ele>
      </trkpt>
      <trkpt lat="42.379418006166816" lon="2.763832993805409">
        <ele>316</ele>
      </trkpt>
      <trkpt lat="42.379506016150117" lon="2.763595031574369">
        <ele>317</ele>
      </trkpt>
      <trkpt lat="42.379551026970148" lon="2.763500986620784">
        <ele>317</ele>
      </trkpt>
      <trkpt lat="42.379596037790179" lon="2.763397973030806">
        <ele>318</ele>
      </trkpt>
      <trkpt lat="42.37966300919652" lon="2.763235028833151">
        <ele>319</ele>
      </trkpt>
      <trkpt lat="42.379666026681662" lon="2.763193035498262">
        <ele>319</ele>
      </trkpt>
      <trkpt lat="42.379722017794847" lon="2.763072000816464">
        <ele>320</ele>
      </trkpt>
      <trkpt lat="42.379791000857949" lon="2.762920036911964">
        <ele>321</ele>
      </trkpt>
      <trkpt lat="42.379854032769799" lon="2.762807970866561">
        <ele>322</ele>
      </trkpt>
      <trkpt lat="42.379864007234573" lon="2.762794978916645">
        <ele>322</ele>
      </trkpt>
      <trkpt lat="42.379890996962786" lon="2.762716021388769">
        <ele>323</ele>
      </trkpt>
      <trkpt lat="42.379950005561113" lon="2.76259096339345">
        <ele>323</ele>
      </trkpt>
      <trkpt lat="42.380002979189157" lon="2.762422990053892">
        <ele>325</ele>
      </trkpt>
      <trkpt lat="42.380058970302343" lon="2.762250993400812">
        <ele>326</ele>
      </trkpt>
      <trkpt lat="42.380124013870955" lon="2.762119984254241">
        <ele>326</ele>
      </trkpt>
      <trkpt lat="42.38020196557045" lon="2.761976988986135">
        <ele>327</ele>
      </trkpt>
      <trkpt lat="42.380204983055592" lon="2.761943964287639">
        <ele>328</ele>
      </trkpt>
      <trkpt lat="42.380259968340397" lon="2.761783031746745">
        <ele>328</ele>
      </trkpt>
      <trkpt lat="42.380301961675286" lon="2.761743972077966">
        <ele>329</ele>
      </trkpt>
      <trkpt lat="42.380420984700322" lon="2.761643975973129">
        <ele>330</ele>
      </trkpt>
      <trkpt lat="42.380447974428535" lon="2.7616230212152">
        <ele>330</ele>
      </trkpt>
      <trkpt lat="42.38048099912703" lon="2.761585973203182">
        <ele>330</ele>
      </trkpt>
      <trkpt lat="42.380504971370101" lon="2.761541968211532">
        <ele>331</ele>
      </trkpt>
      <trkpt lat="42.380602033808827" lon="2.761443983763456">
        <ele>331</ele>
      </trkpt>
      <trkpt lat="42.380647966638207" lon="2.761383969336748">
        <ele>331</ele>
      </trkpt>
      <trkpt lat="42.38073899410665" lon="2.76119202375412">
        <ele>332</ele>
      </trkpt>
      <trkpt lat="42.380786016583443" lon="2.761030001565814">
        <ele>333</ele>
      </trkpt>
      <trkpt lat="42.380800014361739" lon="2.760924976319075">
        <ele>334</ele>
      </trkpt>
      <trkpt lat="42.380822980776429" lon="2.760834032669663">
        <ele>334</ele>
      </trkpt>
      <trkpt lat="42.380835972726345" lon="2.7608079649508">
        <ele>334</ele>
      </trkpt>
      <trkpt lat="42.38088701851666" lon="2.760700006037951">
        <ele>335</ele>
      </trkpt>
      <trkpt lat="42.380905039608479" lon="2.760687014088035">
        <ele>335</ele>
      </trkpt>
      <trkpt lat="42.380988020449877" lon="2.760591041296721">
        <ele>336</ele>
      </trkpt>
      <trkpt lat="42.381051974371076" lon="2.760553993284702">
        <ele>336</ele>
      </trkpt>
      <trkpt lat="42.381207039579749" lon="2.760495990514755">
        <ele>337</ele>
      </trkpt>
      <trkpt lat="42.381321033462882" lon="2.760424995794892">
        <ele>338</ele>
      </trkpt>
      <trkpt lat="42.38142698071897" lon="2.760378979146481">
        <ele>339</ele>
      </trkpt>
      <trkpt lat="42.3815549723804" lon="2.760357018560171">
        <ele>340</ele>
      </trkpt>
      <trkpt lat="42.381690004840493" lon="2.760352995246649">
        <ele>341</ele>
      </trkpt>
      <trkpt lat="42.381883962079883" lon="2.760408986359835">
        <ele>341</ele>
      </trkpt>
      <trkpt lat="42.382030980661511" lon="2.760485010221601">
        <ele>342</ele>
      </trkpt>
      <trkpt lat="42.382151009514928" lon="2.760566985234618">
        <ele>344</ele>
      </trkpt>
      <trkpt lat="42.382190991193056" lon="2.760579977184534">
        <ele>344</ele>
      </trkpt>
      <trkpt lat="42.382247988134623" lon="2.760591041296721">
        <ele>344</ele>
      </trkpt>
      <trkpt lat="42.382318982854486" lon="2.760579977184534">
        <ele>344</ele>
      </trkpt>
      <trkpt lat="42.382419984787703" lon="2.760380990803242">
        <ele>344</ele>
      </trkpt>
      <trkpt lat="42.382430965080857" lon="2.760303961113095">
        <ele>344</ele>
      </trkpt>
      <trkpt lat="42.38243599422276" lon="2.760137999430299">
        <ele>344</ele>
      </trkpt>
      <trkpt lat="42.382439011707902" lon="2.760012019425631">
        <ele>344</ele>
      </trkpt>
      <trkpt lat="42.382468013092875" lon="2.759800041094422">
        <ele>345</ele>
      </trkpt>
      <trkpt lat="42.382502965629101" lon="2.75958102196455">
        <ele>346</ele>
      </trkpt>
      <trkpt lat="42.382514029741287" lon="2.759429980069399">
        <ele>346</ele>
      </trkpt>
      <trkpt lat="42.382514029741287" lon="2.759253038093448">
        <ele>347</ele>
      </trkpt>
      <trkpt lat="42.382551999762654" lon="2.759077018126845">
        <ele>347</ele>
      </trkpt>
      <trkpt lat="42.382586030289531" lon="2.75902203284204">
        <ele>347</ele>
      </trkpt>
      <trkpt lat="42.382659036666155" lon="2.75880703702569">
        <ele>345</ele>
      </trkpt>
      <trkpt lat="42.382664987817407" lon="2.758686002343893">
        <ele>345</ele>
      </trkpt>
      <trkpt lat="42.382740005850792" lon="2.758564967662096">
        <ele>343</ele>
      </trkpt>
      <trkpt lat="42.382942009717226" lon="2.758438987657428">
        <ele>342</ele>
      </trkpt>
      <trkpt lat="42.383181983605027" lon="2.758315019309521">
        <ele>341</ele>
      </trkpt>
      <trkpt lat="42.383409971371293" lon="2.758169006556273">
        <ele>341</ele>
      </trkpt>
      <trkpt lat="42.383590014651418" lon="2.757889972999692">
        <ele>340</ele>
      </trkpt>
      <trkpt lat="42.383715994656086" lon="2.757613034918904">
        <ele>340</ele>
      </trkpt>
      <trkpt lat="42.383790006861091" lon="2.757418993860483">
        <ele>339</ele>
      </trkpt>
      <trkpt lat="42.383879022672772" lon="2.757193017750979">
        <ele>338</ele>
      </trkpt>
      <trkpt lat="42.383966026827693" lon="2.756948014721274">
        <ele>338</ele>
      </trkpt>
      <trkpt lat="42.383968960493803" lon="2.756936028599739">
        <ele>337</ele>
      </trkpt>
      <trkpt lat="42.384056970477104" lon="2.756710974499583">
        <ele>337</ele>
      </trkpt>
      <trkpt lat="42.384164007380605" lon="2.756461026147008">
        <ele>336</ele>
      </trkpt>
      <trkpt lat="42.384246988222003" lon="2.75631601922214">
        <ele>336</ele>
      </trkpt>
      <trkpt lat="42.384308008477092" lon="2.756217028945684">
        <ele>336</ele>
      </trkpt>
      <trkpt lat="42.384367017075419" lon="2.75610001757741">
        <ele>336</ele>
      </trkpt>
      <trkpt lat="42.384431976824999" lon="2.755999015644193">
        <ele>336</ele>
      </trkpt>
      <trkpt lat="42.384520992636681" lon="2.75584596209228">
        <ele>335</ele>
      </trkpt>
      <trkpt lat="42.384556028991938" lon="2.755806986242533">
        <ele>335</ele>
      </trkpt>
      <trkpt lat="42.384582012891769" lon="2.755759041756392">
        <ele>335</ele>
      </trkpt>
      <trkpt lat="42.384745040908456" lon="2.755517978221178">
        <ele>334</ele>
      </trkpt>
      <trkpt lat="42.384886024519801" lon="2.755309017375112">
        <ele>334</ele>
      </trkpt>
      <trkpt lat="42.384908990934491" lon="2.755275992676616">
        <ele>334</ele>
      </trkpt>
      <trkpt lat="42.384932041168213" lon="2.755212038755417">
        <ele>334</ele>
      </trkpt>
      <trkpt lat="42.384998006746173" lon="2.755030989646912">
        <ele>334</ele>
      </trkpt>
      <trkpt lat="42.385098002851009" lon="2.754887994378805">
        <ele>334</ele>
      </trkpt>
      <trkpt lat="42.385157011449337" lon="2.754767965525389">
        <ele>334</ele>
      </trkpt>
      <trkpt lat="42.385299000889063" lon="2.754577025771141">
        <ele>335</ele>
      </trkpt>
      <trkpt lat="42.385424980893731" lon="2.754430007189512">
        <ele>336</ele>
      </trkpt>
      <trkpt lat="42.385523971170187" lon="2.754263961687684">
        <ele>336</ele>
      </trkpt>
      <trkpt lat="42.385610975325108" lon="2.754123983904719">
        <ele>338</ele>
      </trkpt>
      <trkpt lat="42.385666966438293" lon="2.753988029435277">
        <ele>339</ele>
      </trkpt>
      <trkpt lat="42.385750031098723" lon="2.753870012238622">
        <ele>340</ele>
      </trkpt>
      <trkpt lat="42.385793030261993" lon="2.75382399559021">
        <ele>341</ele>
      </trkpt>
      <trkpt lat="42.385887997224927" lon="2.753922985866666">
        <ele>347</ele>
      </trkpt>
      <trkpt lat="42.385954968631268" lon="2.754134964197874">
        <ele>347</ele>
      </trkpt>
      <trkpt lat="42.386013977229595" lon="2.754370998591185">
        <ele>347</ele>
      </trkpt>
      <trkpt lat="42.386015988886356" lon="2.754378961399198">
        <ele>347</ele>
      </trkpt>
      <trkpt lat="42.38602596335113" lon="2.754430007189512">
        <ele>347</ele>
      </trkpt>
      <trkpt lat="42.386070974171162" lon="2.754674004390836">
        <ele>347</ele>
      </trkpt>
      <trkpt lat="42.386143980547786" lon="2.754910960793495">
        <ele>347</ele>
      </trkpt>
      <trkpt lat="42.386163007467985" lon="2.754978016018868">
        <ele>347</ele>
      </trkpt>
      <trkpt lat="42.386244982481003" lon="2.755293007940054">
        <ele>347</ele>
      </trkpt>
      <trkpt lat="42.38630399107933" lon="2.75554203428328">
        <ele>347</ele>
      </trkpt>
      <trkpt lat="42.386322012171149" lon="2.755600037053227">
        <ele>347</ele>
      </trkpt>
      <trkpt lat="42.386402981355786" lon="2.755859959870577">
        <ele>347</ele>
      </trkpt>
      <trkpt lat="42.386484034359455" lon="2.75614301674068">
        <ele>347</ele>
      </trkpt>
      <trkpt lat="42.38653801381588" lon="2.756375027820468">
        <ele>347</ele>
      </trkpt>
      <trkpt lat="42.386610014364123" lon="2.75663604028523">
        <ele>347</ele>
      </trkpt>
      <trkpt lat="42.386685032397509" lon="2.75691800750792">
        <ele>347</ele>
      </trkpt>
      <trkpt lat="42.386748986318707" lon="2.757113976404071">
        <ele>347</ele>
      </trkpt>
      <trkpt lat="42.386802965775132" lon="2.757382029667497">
        <ele>347</ele>
      </trkpt>
      <trkpt lat="42.386881001293659" lon="2.75762896053493">
        <ele>347</ele>
      </trkpt>
      <trkpt lat="42.386945961043239" lon="2.757867006585002">
        <ele>347</ele>
      </trkpt>
      <trkpt lat="42.38703103736043" lon="2.758076973259449">
        <ele>347</ele>
      </trkpt>
      <trkpt lat="42.387056015431881" lon="2.758193984627724">
        <ele>347</ele>
      </trkpt>
      <trkpt lat="42.387126004323363" lon="2.75850897654891">
        <ele>347</ele>
      </trkpt>
      <trkpt lat="42.387181995436549" lon="2.758730007335544">
        <ele>347</ele>
      </trkpt>
      <trkpt lat="42.387341000139713" lon="2.75902396067977">
        <ele>347</ele>
      </trkpt>
      <trkpt lat="42.387502016499639" lon="2.759149018675089">
        <ele>347</ele>
      </trkpt>
      <trkpt lat="42.387592038139701" lon="2.759225964546204">
        <ele>347</ele>
      </trkpt>
      <trkpt lat="42.387626990675926" lon="2.759248008951545">
        <ele>347</ele>
      </trkpt>
      <trkpt lat="42.387841986492276" lon="2.759470967575908">
        <ele>347</ele>
      </trkpt>
      <trkpt lat="42.387950029224157" lon="2.759800963103771">
        <ele>346</ele>
      </trkpt>
      <trkpt lat="42.38806301727891" lon="2.759960973635316">
        <ele>346</ele>
      </trkpt>
      <trkpt lat="42.388144992291927" lon="2.76009701192379">
        <ele>346</ele>
      </trkpt>
      <trkpt lat="42.388250017538667" lon="2.760239001363516">
        <ele>347</ele>
      </trkpt>
      <trkpt lat="42.388379015028477" lon="2.760410998016596">
        <ele>348</ele>
      </trkpt>
      <trkpt lat="42.388466019183397" lon="2.760553993284702">
        <ele>349</ele>
      </trkpt>
      <trkpt lat="42.388618988916278" lon="2.760908966884017">
        <ele>352</ele>
      </trkpt>
      <trkpt lat="42.388625023886561" lon="2.760920030996203">
        <ele>352</ele>
      </trkpt>
      <trkpt lat="42.388695012778044" lon="2.761122034862638">
        <ele>353</ele>
      </trkpt>
      <trkpt lat="42.388676991686225" lon="2.761325966566801">
        <ele>355</ele>
      </trkpt>
      <trkpt lat="42.388680009171367" lon="2.761382041499019">
        <ele>355</ele>
      </trkpt>
      <trkpt lat="42.388697024434805" lon="2.761440966278315">
        <ele>356</ele>
      </trkpt>
      <trkpt lat="42.38870800472796" lon="2.761503998190165">
        <ele>356</ele>
      </trkpt>
      <trkpt lat="42.388729965314269" lon="2.761545991525054">
        <ele>357</ele>
      </trkpt>
      <trkpt lat="42.388748992234468" lon="2.7617749851197">
        <ele>357</ele>
      </trkpt>
      <trkpt lat="42.388766007497907" lon="2.761938013136387">
        <ele>358</ele>
      </trkpt>
      <trkpt lat="42.38881797529757" lon="2.762072961777449">
        <ele>359</ele>
      </trkpt>
      <trkpt lat="42.388848988339305" lon="2.762101963162422">
        <ele>359</ele>
      </trkpt>
      <trkpt lat="42.388985026627779" lon="2.762174969539046">
        <ele>360</ele>
      </trkpt>
      <trkpt lat="42.389120981097221" lon="2.762218974530697">
        <ele>361</ele>
      </trkpt>
      <trkpt lat="42.389230029657483" lon="2.762244958430529">
        <ele>362</ele>
      </trkpt>
      <trkpt lat="42.389361960813403" lon="2.762249987572432">
        <ele>363</ele>
      </trkpt>
      <trkpt lat="42.389500010758638" lon="2.762270020321012">
        <ele>364</ele>
      </trkpt>
      <trkpt lat="42.38954602740705" lon="2.762296004220843">
        <ele>364</ele>
      </trkpt>
      <trkpt lat="42.389704026281834" lon="2.762417960911989">
        <ele>364</ele>
      </trkpt>
      <trkpt lat="42.389797987416387" lon="2.762513011693955">
        <ele>364</ele>
      </trkpt>
      <trkpt lat="42.389920027926564" lon="2.762531032785773">
        <ele>365</ele>
      </trkpt>
      <trkpt lat="42.389979958534241" lon="2.762544024735689">
        <ele>365</ele>
      </trkpt>
      <trkpt lat="42.390086995437741" lon="2.762623988091946">
        <ele>365</ele>
      </trkpt>
      <trkpt lat="42.390123959630728" lon="2.762668998911977">
        <ele>362</ele>
      </trkpt>
      <trkpt lat="42.39012697711587" lon="2.762688025832176">
        <ele>361</ele>
      </trkpt>
      <trkpt lat="42.390129994601011" lon="2.76271702721715">
        <ele>360</ele>
      </trkpt>
      <trkpt lat="42.390160001814365" lon="2.762791961431503">
        <ele>358</ele>
      </trkpt>
      <trkpt lat="42.390207024291158" lon="2.762865973636508">
        <ele>355</ele>
      </trkpt>
      <trkpt lat="42.390253040939569" lon="2.762939985841513">
        <ele>353</ele>
      </trkpt>
      <trkpt lat="42.390253040939569" lon="2.762939985841513">
        <ele>353</ele>
      </trkpt>
      <trkpt lat="42.390318000689149" lon="2.763000000268221">
        <ele>352</ele>
      </trkpt>
      <trkpt lat="42.390330992639065" lon="2.763007963076234">
        <ele>351</ele>
      </trkpt>
      <trkpt lat="42.390399975702167" lon="2.76304098777473">
        <ele>349</ele>
      </trkpt>
      <trkpt lat="42.390470970422029" lon="2.76302196085453">
        <ele>349</ele>
      </trkpt>
      <trkpt lat="42.390698036178946" lon="2.762981979176402">
        <ele>347</ele>
      </trkpt>
      <trkpt lat="42.390782022848725" lon="2.762966975569725">
        <ele>346</ele>
      </trkpt>
      <trkpt lat="42.390783028677106" lon="2.762973010540009">
        <ele>343</ele>
      </trkpt>
      <trkpt lat="42.390780011191964" lon="2.762967981398106">
        <ele>341</ele>
      </trkpt>
      <trkpt lat="42.390871960669756" lon="2.76302196085453">
        <ele>340</ele>
      </trkpt>
      <trkpt lat="42.390997018665075" lon="2.763226982206106">
        <ele>339</ele>
      </trkpt>
      <trkpt lat="42.39115702919662" lon="2.763483971357346">
        <ele>338</ele>
      </trkpt>
      <trkpt lat="42.391181001439691" lon="2.763631995767355">
        <ele>338</ele>
      </trkpt>
      <trkpt lat="42.391232969239354" lon="2.763703996315599">
        <ele>336</ele>
      </trkpt>
      <trkpt lat="42.391241015866399" lon="2.7637729793787">
        <ele>335</ele>
      </trkpt>
      <trkpt lat="42.391241015866399" lon="2.76385897770524">
        <ele>332</ele>
      </trkpt>
      <trkpt lat="42.391333971172571" lon="2.764026029035449">
        <ele>331</ele>
      </trkpt>
      <trkpt lat="42.391370013356209" lon="2.764151003211737">
        <ele>332</ele>
      </trkpt>
      <trkpt lat="42.391362972557545" lon="2.764255022630096">
        <ele>335</ele>
      </trkpt>
      <trkpt lat="42.391337994486094" lon="2.764397012069821">
        <ele>336</ele>
      </trkpt>
      <trkpt lat="42.391325002536178" lon="2.764464989304543">
        <ele>337</ele>
      </trkpt>
      <trkpt lat="42.391347968950868" lon="2.764674033969641">
        <ele>338</ele>
      </trkpt>
      <trkpt lat="42.391403960064054" lon="2.764807976782322">
        <ele>338</ele>
      </trkpt>
      <trkpt lat="42.391475038602948" lon="2.764928005635738">
        <ele>336</ele>
      </trkpt>
      <trkpt lat="42.391553996130824" lon="2.765050968155265">
        <ele>335</ele>
      </trkpt>
      <trkpt lat="42.391724986955523" lon="2.764891041442752">
        <ele>336</ele>
      </trkpt>
      <trkpt lat="42.391783995553851" lon="2.764776963740587">
        <ele>337</ele>
      </trkpt>
      <trkpt lat="42.391797993332148" lon="2.764747040346265">
        <ele>337</ele>
      </trkpt>
      <trkpt lat="42.391860019415617" lon="2.764627011492848">
        <ele>338</ele>
      </trkpt>
      <trkpt lat="42.391918022185564" lon="2.764594992622733">
        <ele>338</ele>
      </trkpt>
      <trkpt lat="42.39206001162529" lon="2.764519974589348">
        <ele>339</ele>
      </trkpt>
      <trkpt lat="42.392087001353502" lon="2.764549981802702">
        <ele>341</ele>
      </trkpt>
      <trkpt lat="42.392213987186551" lon="2.764631034806371">
        <ele>344</ele>
      </trkpt>
      <trkpt lat="42.392209963873029" lon="2.764787022024393">
        <ele>345</ele>
      </trkpt>
      <trkpt lat="42.392225973308086" lon="2.764977961778641">
        <ele>346</ele>
      </trkpt>
      <trkpt lat="42.392256986349821" lon="2.765158005058765">
        <ele>347</ele>
      </trkpt>
      <trkpt lat="42.392199989408255" lon="2.765305023640394">
        <ele>348</ele>
      </trkpt>
      <trkpt lat="42.392130000516772" lon="2.765536028891802">
        <ele>349</ele>
      </trkpt>
      <trkpt lat="42.392108039930463" lon="2.765700984746218">
        <ele>349</ele>
      </trkpt>
      <trkpt lat="42.392038973048329" lon="2.765897959470749">
        <ele>350</ele>
      </trkpt>
      <trkpt lat="42.391950963065028" lon="2.766056964173913">
        <ele>350</ele>
      </trkpt>
      <trkpt lat="42.391922967508435" lon="2.766193002462387">
        <ele>348</ele>
      </trkpt>
      <trkpt lat="42.391909975558519" lon="2.766407998278737">
        <ele>348</ele>
      </trkpt>
      <trkpt lat="42.391920033842325" lon="2.766572032123804">
        <ele>348</ele>
      </trkpt>
      <trkpt lat="42.391936965286732" lon="2.766709998250008">
        <ele>349</ele>
      </trkpt>
      <trkpt lat="42.391978036612272" lon="2.766883000731468">
        <ele>351</ele>
      </trkpt>
      <trkpt lat="42.392002008855343" lon="2.767048962414265">
        <ele>353</ele>
      </trkpt>
      <trkpt lat="42.392008965834975" lon="2.767148036509752">
        <ele>354</ele>
      </trkpt>
      <trkpt lat="42.392026986926794" lon="2.767211990430951">
        <ele>355</ele>
      </trkpt>
      <trkpt lat="42.392065962776542" lon="2.767407037317753">
        <ele>356</ele>
      </trkpt>
      <trkpt lat="42.392078032717109" lon="2.767546009272337">
        <ele>358</ele>
      </trkpt>
      <trkpt lat="42.392041990533471" lon="2.767767962068319">
        <ele>360</ele>
      </trkpt>
      <trkpt lat="42.392011983320117" lon="2.767886985093355">
        <ele>361</ele>
      </trkpt>
      <trkpt lat="42.391949035227299" lon="2.768083037808538">
        <ele>362</ele>
      </trkpt>
      <trkpt lat="42.391882985830307" lon="2.768030986189842">
        <ele>364</ele>
      </trkpt>
      <trkpt lat="42.391775026917458" lon="2.768054036423564">
        <ele>364</ele>
      </trkpt>
      <trkpt lat="42.391731021925807" lon="2.768034003674984">
        <ele>364</ele>
      </trkpt>
      <trkpt lat="42.391662038862705" lon="2.768001984804869">
        <ele>364</ele>
      </trkpt>
      <trkpt lat="42.39152398891747" lon="2.76796099729836">
        <ele>364</ele>
      </trkpt>
      <trkpt lat="42.391296001151204" lon="2.767872987315059">
        <ele>364</ele>
      </trkpt>
      <trkpt lat="42.391107995063066" lon="2.767864018678665">
        <ele>364</ele>
      </trkpt>
      <trkpt lat="42.39094496704638" lon="2.767813978716731">
        <ele>364</ele>
      </trkpt>
      <trkpt lat="42.390794008970261" lon="2.767849015071988">
        <ele>364</ele>
      </trkpt>
      <trkpt lat="42.390695018693805" lon="2.767863012850285">
        <ele>364</ele>
      </trkpt>
      <trkpt lat="42.390540037304163" lon="2.767989998683333">
        <ele>364</ele>
      </trkpt>
      <trkpt lat="42.39044900983572" lon="2.768223015591502">
        <ele>365</ele>
      </trkpt>
      <trkpt lat="42.390400981530547" lon="2.768291998654604">
        <ele>365</ele>
      </trkpt>
      <trkpt lat="42.390367034822702" lon="2.768374979496002">
        <ele>365</ele>
      </trkpt>
      <trkpt lat="42.390358988195658" lon="2.768419990316033">
        <ele>366</ele>
      </trkpt>
      <trkpt lat="42.390351025387645" lon="2.768439017236233">
        <ele>366</ele>
      </trkpt>
      <trkpt lat="42.390348007902503" lon="2.768444968387485">
        <ele>366</ele>
      </trkpt>
      <trkpt lat="42.390281036496162" lon="2.768486961722374">
        <ele>366</ele>
      </trkpt>
      <trkpt lat="42.390157990157604" lon="2.768531972542405">
        <ele>366</ele>
      </trkpt>
      <trkpt lat="42.390049025416374" lon="2.768611013889313">
        <ele>365</ele>
      </trkpt>
      <trkpt lat="42.389937965199351" lon="2.768656024709344">
        <ele>365</ele>
      </trkpt>
      <trkpt lat="42.389796981588006" lon="2.768730958923698">
        <ele>365</ele>
      </trkpt>
      <trkpt lat="42.389702014625072" lon="2.768769012764096">
        <ele>366</ele>
      </trkpt>
      <trkpt lat="42.389579974114895" lon="2.768835984170437">
        <ele>367</ele>
      </trkpt>
      <trkpt lat="42.389509985223413" lon="2.768893986940384">
        <ele>368</ele>
      </trkpt>
      <trkpt lat="42.389433039352298" lon="2.769052991643548">
        <ele>369</ele>
      </trkpt>
      <trkpt lat="42.389418035745621" lon="2.769090961664915">
        <ele>369</ele>
      </trkpt>
      <trkpt lat="42.38926699385047" lon="2.769264969974756">
        <ele>371</ele>
      </trkpt>
      <trkpt lat="42.38920203410089" lon="2.769386004656553">
        <ele>372</ele>
      </trkpt>
      <trkpt lat="42.389193987473845" lon="2.76946697384119">
        <ele>373</ele>
      </trkpt>
      <trkpt lat="42.38933396525681" lon="2.769584991037846">
        <ele>374</ele>
      </trkpt>
      <trkpt lat="42.3894829954952" lon="2.769624972715974">
        <ele>375</ele>
      </trkpt>
      <trkpt lat="42.389597995206714" lon="2.769652968272567">
        <ele>377</ele>
      </trkpt>
      <trkpt lat="42.389620961621404" lon="2.76970099657774">
        <ele>377</ele>
      </trkpt>
      <trkpt lat="42.38956798799336" lon="2.769838040694594">
        <ele>377</ele>
      </trkpt>
      <trkpt lat="42.389554996043444" lon="2.769860001280904">
        <ele>377</ele>
      </trkpt>
      <trkpt lat="42.389552984386683" lon="2.769963014870882">
        <ele>377</ele>
      </trkpt>
      <trkpt lat="42.389559019356966" lon="2.769995033740997">
        <ele>377</ele>
      </trkpt>
      <trkpt lat="42.38954896107316" lon="2.77013098821044">
        <ele>376</ele>
      </trkpt>
      <trkpt lat="42.389537980780005" lon="2.770209023728967">
        <ele>375</ele>
      </trkpt>
      <trkpt lat="42.389444019645452" lon="2.770354030653834">
        <ele>374</ele>
      </trkpt>
      <trkpt lat="42.389390040189028" lon="2.770468024536967">
        <ele>372</ele>
      </trkpt>
      <trkpt lat="42.389369001612067" lon="2.770497025921941">
        <ele>371</ele>
      </trkpt>
      <trkpt lat="42.389217037707567" lon="2.770591992884874">
        <ele>370</ele>
      </trkpt>
      <trkpt lat="42.389063984155655" lon="2.770716967061162">
        <ele>369</ele>
      </trkpt>
      <trkpt lat="42.388887964189053" lon="2.770767007023096">
        <ele>367</ele>
      </trkpt>
      <trkpt lat="42.388743041083217" lon="2.770828027278185">
        <ele>365</ele>
      </trkpt>
      <trkpt lat="42.388595016673207" lon="2.770878989249468">
        <ele>362</ele>
      </trkpt>
      <trkpt lat="42.388426959514618" lon="2.77094797231257">
        <ele>361</ele>
      </trkpt>
      <trkpt lat="42.388280024752021" lon="2.771109994500876">
        <ele>360</ele>
      </trkpt>
      <trkpt lat="42.38817298784852" lon="2.771192975342274">
        <ele>358</ele>
      </trkpt>
      <trkpt lat="42.388153960928321" lon="2.77120403945446">
        <ele>357</ele>
      </trkpt>
      <trkpt lat="42.388006020337343" lon="2.771257013082504">
        <ele>356</ele>
      </trkpt>
      <trkpt lat="42.387926978990436" lon="2.77146203443408">
        <ele>355</ele>
      </trkpt>
      <trkpt lat="42.387902000918984" lon="2.771535962820053">
        <ele>354</ele>
      </trkpt>
      <trkpt lat="42.387867970392108" lon="2.771797981113195">
        <ele>353</ele>
      </trkpt>
      <trkpt lat="42.387881968170404" lon="2.77184802107513">
        <ele>352</ele>
      </trkpt>
      <trkpt lat="42.3879149928689" lon="2.771974001079798">
        <ele>352</ele>
      </trkpt>
      <trkpt lat="42.388007026165724" lon="2.772163012996316">
        <ele>351</ele>
      </trkpt>
      <trkpt lat="42.388061005622149" lon="2.772243982180953">
        <ele>351</ele>
      </trkpt>
      <trkpt lat="42.388185979798436" lon="2.772356970235705">
        <ele>349</ele>
      </trkpt>
      <trkpt lat="42.388308020308614" lon="2.772476999089122">
        <ele>347</ele>
      </trkpt>
      <trkpt lat="42.388403993099928" lon="2.772538019344211">
        <ele>346</ele>
      </trkpt>
      <trkpt lat="42.38847398199141" lon="2.772609014064074">
        <ele>343</ele>
      </trkpt>
      <trkpt lat="42.388519998639822" lon="2.772657964378595">
        <ele>342</ele>
      </trkpt>
      <trkpt lat="42.388613037765026" lon="2.772839013487101">
        <ele>340</ele>
      </trkpt>
      <trkpt lat="42.38862200640142" lon="2.772863991558552">
        <ele>339</ele>
      </trkpt>
      <trkpt lat="42.388542965054512" lon="2.772916965186596">
        <ele>339</ele>
      </trkpt>
      <trkpt lat="42.388514969497919" lon="2.772914031520486">
        <ele>338</ele>
      </trkpt>
      <trkpt lat="42.388432994484901" lon="2.772910008206964">
        <ele>338</ele>
      </trkpt>
      <trkpt lat="42.388373985886574" lon="2.772910008206964">
        <ele>337</ele>
      </trkpt>
      <trkpt lat="42.388253035023808" lon="2.772945966571569">
        <ele>336</ele>
      </trkpt>
      <trkpt lat="42.38812998868525" lon="2.773022996261716">
        <ele>335</ele>
      </trkpt>
      <trkpt lat="42.387991016730666" lon="2.773076975718141">
        <ele>334</ele>
      </trkpt>
      <trkpt lat="42.387868976220489" lon="2.773128021508455">
        <ele>333</ele>
      </trkpt>
      <trkpt lat="42.387738972902298" lon="2.773254001513124">
        <ele>331</ele>
      </trkpt>
      <trkpt lat="42.38763403147459" lon="2.773492969572544">
        <ele>330</ele>
      </trkpt>
      <trkpt lat="42.387577034533024" lon="2.773607969284058">
        <ele>330</ele>
      </trkpt>
      <trkpt lat="42.387491958215833" lon="2.773824976757169">
        <ele>329</ele>
      </trkpt>
      <trkpt lat="42.387426998466253" lon="2.774060005322099">
        <ele>328</ele>
      </trkpt>
      <trkpt lat="42.387314010411501" lon="2.774187996983528">
        <ele>327</ele>
      </trkpt>
      <trkpt lat="42.387287020683289" lon="2.774313976988196">
        <ele>326</ele>
      </trkpt>
      <trkpt lat="42.387279979884624" lon="2.774458983913064">
        <ele>325</ele>
      </trkpt>
      <trkpt lat="42.387272017076612" lon="2.77449200861156">
        <ele>325</ele>
      </trkpt>
      <trkpt lat="42.387274028733373" lon="2.7747299708426">
        <ele>324</ele>
      </trkpt>
      <trkpt lat="42.387278974056244" lon="2.774768024682999">
        <ele>324</ele>
      </trkpt>
      <trkpt lat="42.387324990704656" lon="2.775000035762787">
        <ele>323</ele>
      </trkpt>
      <trkpt lat="42.387341000139713" lon="2.775015961378813">
        <ele>323</ele>
      </trkpt>
      <trkpt lat="42.387407971546054" lon="2.774885036051273">
        <ele>323</ele>
      </trkpt>
      <trkpt lat="42.387417024001479" lon="2.77485896833241">
        <ele>323</ele>
      </trkpt>
      <trkpt lat="42.387477960437536" lon="2.774662999436259">
        <ele>323</ele>
      </trkpt>
      <trkpt lat="42.387578040361404" lon="2.774566020816565">
        <ele>323</ele>
      </trkpt>
      <trkpt lat="42.387685999274254" lon="2.774570966139436">
        <ele>322</ele>
      </trkpt>
      <trkpt lat="42.387840980663896" lon="2.774631986394525">
        <ele>322</ele>
      </trkpt>
      <trkpt lat="42.38795799203217" lon="2.774719996377826">
        <ele>321</ele>
      </trkpt>
      <trkpt lat="42.388039967045188" lon="2.774725025519729">
        <ele>321</ele>
      </trkpt>
      <trkpt lat="42.388199977576733" lon="2.774678003042936">
        <ele>321</ele>
      </trkpt>
      <trkpt lat="42.388335010036826" lon="2.774644978344441">
        <ele>321</ele>
      </trkpt>
      <trkpt lat="42.388401981443167" lon="2.774675991386175">
        <ele>321</ele>
      </trkpt>
      <trkpt lat="42.388530978932977" lon="2.774830972775817">
        <ele>321</ele>
      </trkpt>
      <trkpt lat="42.388570960611105" lon="2.774852011352778">
        <ele>321</ele>
      </trkpt>
      <trkpt lat="42.388674980029464" lon="2.774877995252609">
        <ele>321</ele>
      </trkpt>
      <trkpt lat="42.388757960870862" lon="2.774895010516048">
        <ele>322</ele>
      </trkpt>
      <trkpt lat="42.38892400637269" lon="2.774927029386163">
        <ele>323</ele>
      </trkpt>
      <trkpt lat="42.389028025791049" lon="2.774971034377813">
        <ele>325</ele>
      </trkpt>
      <trkpt lat="42.389127016067505" lon="2.775016967207193">
        <ele>327</ele>
      </trkpt>
      <trkpt lat="42.389242015779018" lon="2.775060972198844">
        <ele>328</ele>
      </trkpt>
      <trkpt lat="42.389390040189028" lon="2.775131966918707">
        <ele>329</ele>
      </trkpt>
      <trkpt lat="42.38946002908051" lon="2.775175971910358">
        <ele>330</ele>
      </trkpt>
      <trkpt lat="42.389557007700205" lon="2.775264987722039">
        <ele>331</ele>
      </trkpt>
      <trkpt lat="42.389566982164979" lon="2.775453999638557">
        <ele>332</ele>
      </trkpt>
      <trkpt lat="42.389600006863475" lon="2.775514014065266">
        <ele>332</ele>
      </trkpt>
      <trkpt lat="42.389716012403369" lon="2.775552989915013">
        <ele>329</ele>
      </trkpt>
      <trkpt lat="42.389836963266134" lon="2.775599006563425">
        <ele>328</ele>
      </trkpt>
      <trkpt lat="42.390008959919214" lon="2.775676036253572">
        <ele>325</ele>
      </trkpt>
      <trkpt lat="42.390094036236405" lon="2.775675030425191">
        <ele>324</ele>
      </trkpt>
      <trkpt lat="42.390237031504512" lon="2.775735966861248">
        <ele>322</ele>
      </trkpt>
      <trkpt lat="42.390353959053755" lon="2.775795981287956">
        <ele>320</ele>
      </trkpt>
      <trkpt lat="42.390362005680799" lon="2.775839986279607">
        <ele>319</ele>
      </trkpt>
      <trkpt lat="42.39032001234591" lon="2.775860019028187">
        <ele>318</ele>
      </trkpt>
      <trkpt lat="42.390178022906184" lon="2.775964038446546">
        <ele>317</ele>
      </trkpt>
      <trkpt lat="42.390079032629728" lon="2.776057999581099">
        <ele>316</ele>
      </trkpt>
      <trkpt lat="42.390046007931232" lon="2.776240976527333">
        <ele>314</ele>
      </trkpt>
      <trkpt lat="42.390071991831064" lon="2.776355976238847">
        <ele>312</ele>
      </trkpt>
      <trkpt lat="42.390066040679812" lon="2.776389000937343">
        <ele>309</ele>
      </trkpt>
      <trkpt lat="42.390066040679812" lon="2.776501988992095">
        <ele>307</ele>
      </trkpt>
      <trkpt lat="42.390014994889498" lon="2.776666022837162">
        <ele>303</ele>
      </trkpt>
      <trkpt lat="42.389956992119551" lon="2.776874983683229">
        <ele>301</ele>
      </trkpt>
      <trkpt lat="42.389944000169635" lon="2.77696299366653">
        <ele>299</ele>
      </trkpt>
      <trkpt lat="42.389946011826396" lon="2.777144964784384">
        <ele>297</ele>
      </trkpt>
      <trkpt lat="42.389965038746595" lon="2.777331965044141">
        <ele>294</ele>
      </trkpt>
      <trkpt lat="42.389999991282821" lon="2.777403965592384">
        <ele>291</ele>
      </trkpt>
      <trkpt lat="42.390005020424724" lon="2.777490969747305">
        <ele>289</ele>
      </trkpt>
      <trkpt lat="42.389963027089834" lon="2.7777140121907">
        <ele>287</ele>
      </trkpt>
      <trkpt lat="42.389957997947931" lon="2.777850972488523">
        <ele>285</ele>
      </trkpt>
      <trkpt lat="42.390076015144587" lon="2.777944011613727">
        <ele>283</ele>
      </trkpt>
      <trkpt lat="42.390219010412693" lon="2.77810100466013">
        <ele>282</ele>
      </trkpt>
      <trkpt lat="42.390323029831052" lon="2.77825003489852">
        <ele>282</ele>
      </trkpt>
      <trkpt lat="42.390446998178959" lon="2.778419014066458">
        <ele>280</ele>
      </trkpt>
      <trkpt lat="42.390474993735552" lon="2.778476011008024">
        <ele>280</ele>
      </trkpt>
      <trkpt lat="42.390488991513848" lon="2.778521021828055">
        <ele>280</ele>
      </trkpt>
      <trkpt lat="42.390546994283795" lon="2.778696035966277">
        <ele>278</ele>
      </trkpt>
      <trkpt lat="42.390596028417349" lon="2.778797037899494">
        <ele>277</ele>
      </trkpt>
      <trkpt lat="42.390656964853406" lon="2.778834002092481">
        <ele>277</ele>
      </trkpt>
      <trkpt lat="42.390765007585287" lon="2.778955958783627">
        <ele>276</ele>
      </trkpt>
      <trkpt lat="42.390804989263415" lon="2.779086967930198">
        <ele>275</ele>
      </trkpt>
      <trkpt lat="42.390785962343216" lon="2.779159974306822">
        <ele>275</ele>
      </trkpt>
      <trkpt lat="42.390742041170597" lon="2.779353009536862">
        <ele>274</ele>
      </trkpt>
      <trkpt lat="42.390740029513836" lon="2.779370024800301">
        <ele>274</ele>
      </trkpt>
      <trkpt lat="42.390563003718853" lon="2.779565993696451">
        <ele>271</ele>
      </trkpt>
      <trkpt lat="42.390430988743901" lon="2.779572028666735">
        <ele>269</ele>
      </trkpt>
      <trkpt lat="42.390357982367277" lon="2.779579991474748">
        <ele>269</ele>
      </trkpt>
      <trkpt lat="42.390216998755932" lon="2.779647968709469">
        <ele>267</ele>
      </trkpt>
      <trkpt lat="42.390109961852431" lon="2.779703037813306">
        <ele>266</ele>
      </trkpt>
      <trkpt lat="42.390067968517542" lon="2.779689962044358">
        <ele>266</ele>
      </trkpt>
      <trkpt lat="42.389966966584325" lon="2.779776966199279">
        <ele>265</ele>
      </trkpt>
      <trkpt lat="42.389934025704861" lon="2.780005959793925">
        <ele>263</ele>
      </trkpt>
      <trkpt lat="42.389905024319887" lon="2.780020041391254">
        <ele>263</ele>
      </trkpt>
      <trkpt lat="42.389774015173316" lon="2.780016018077731">
        <ele>262</ele>
      </trkpt>
      <trkpt lat="42.389624984934926" lon="2.780112996697426">
        <ele>260</ele>
      </trkpt>
      <trkpt lat="42.389590032398701" lon="2.780118025839329">
        <ele>260</ele>
      </trkpt>
      <trkpt lat="42.389528006315231" lon="2.780064968392253">
        <ele>259</ele>
      </trkpt>
      <trkpt lat="42.389445025473833" lon="2.779996991157532">
        <ele>259</ele>
      </trkpt>
      <trkpt lat="42.389314016327262" lon="2.779975030571222">
        <ele>258</ele>
      </trkpt>
      <trkpt lat="42.389206979423761" lon="2.780112996697426">
        <ele>258</ele>
      </trkpt>
      <trkpt lat="42.389091979712248" lon="2.780347019433975">
        <ele>258</ele>
      </trkpt>
      <trkpt lat="42.389061972498894" lon="2.780393036082387">
        <ele>258</ele>
      </trkpt>
      <trkpt lat="42.389016961678863" lon="2.780432011932135">
        <ele>258</ele>
      </trkpt>
      <trkpt lat="42.388990977779031" lon="2.780561009421945">
        <ele>258</ele>
      </trkpt>
      <trkpt lat="42.389122992753983" lon="2.7806790266186">
        <ele>258</ele>
      </trkpt>
      <trkpt lat="42.38916096277535" lon="2.780845994129777">
        <ele>258</ele>
      </trkpt>
      <trkpt lat="42.389166997745633" lon="2.780998963862658">
        <ele>258</ele>
      </trkpt>
      <trkpt lat="42.389166997745633" lon="2.780998963862658">
        <ele>258</ele>
      </trkpt>
      <trkpt lat="42.389170015230775" lon="2.781183030456305">
        <ele>258</ele>
      </trkpt>
      <trkpt lat="42.389177978038788" lon="2.781459968537092">
        <ele>258</ele>
      </trkpt>
      <trkpt lat="42.389133973047137" lon="2.781527023762465">
        <ele>258</ele>
      </trkpt>
      <trkpt lat="42.389044035226107" lon="2.781603969633579">
        <ele>258</ele>
      </trkpt>
      <trkpt lat="42.388885030522943" lon="2.781651997938752">
        <ele>258</ele>
      </trkpt>
      <trkpt lat="42.38875200971961" lon="2.781698014587164">
        <ele>257</ele>
      </trkpt>
      <trkpt lat="42.388646984472871" lon="2.781800022348762">
        <ele>257</ele>
      </trkpt>
      <trkpt lat="42.388662993907928" lon="2.781826006248593">
        <ele>257</ele>
      </trkpt>
      <trkpt lat="42.388759972527623" lon="2.781806979328394">
        <ele>257</ele>
      </trkpt>
      <trkpt lat="42.388890981674194" lon="2.781798010692">
        <ele>259</ele>
      </trkpt>
      <trkpt lat="42.389030959457159" lon="2.78177697211504">
        <ele>260</ele>
      </trkpt>
      <trkpt lat="42.389183007180691" lon="2.781752999871969">
        <ele>263</ele>
      </trkpt>
      <trkpt lat="42.389279985800385" lon="2.781705977395177">
        <ele>265</ele>
      </trkpt>
      <trkpt lat="42.389425998553634" lon="2.781634982675314">
        <ele>266</ele>
      </trkpt>
      <trkpt lat="42.389527000486851" lon="2.781608998775482">
        <ele>267</ele>
      </trkpt>
      <trkpt lat="42.389594977721572" lon="2.781640011817217">
        <ele>269</ele>
      </trkpt>
      <trkpt lat="42.3896349593997" lon="2.781685022637248">
        <ele>271</ele>
      </trkpt>
      <trkpt lat="42.389686005190015" lon="2.781747970730066">
        <ele>274</ele>
      </trkpt>
      <trkpt lat="42.389688016846776" lon="2.781814020127058">
        <ele>275</ele>
      </trkpt>
      <trkpt lat="42.389689022675157" lon="2.781918039545417">
        <ele>277</ele>
      </trkpt>
      <trkpt lat="42.389754988253117" lon="2.781932037323713">
        <ele>279</ele>
      </trkpt>
      <trkpt lat="42.38980301655829" lon="2.782002026215196">
        <ele>281</ele>
      </trkpt>
      <trkpt lat="42.389871999621391" lon="2.782076960429549">
        <ele>283</ele>
      </trkpt>
      <trkpt lat="42.38995598629117" lon="2.782123982906342">
        <ele>285</ele>
      </trkpt>
      <trkpt lat="42.39001901820302" lon="2.782102022320032">
        <ele>287</ele>
      </trkpt>
      <trkpt lat="42.390096969902515" lon="2.782067991793156">
        <ele>288</ele>
      </trkpt>
      <trkpt lat="42.390163019299507" lon="2.782037984579802">
        <ele>290</ele>
      </trkpt>
      <trkpt lat="42.390235019847751" lon="2.781918039545417">
        <ele>291</ele>
      </trkpt>
      <trkpt lat="42.390315989032388" lon="2.781823994591832">
        <ele>291</ele>
      </trkpt>
      <trkpt lat="42.390425959601998" lon="2.781743025407195">
        <ele>291</ele>
      </trkpt>
      <trkpt lat="42.390503995120525" lon="2.781758029013872">
        <ele>292</ele>
      </trkpt>
      <trkpt lat="42.390612959861755" lon="2.78171100653708">
        <ele>293</ele>
      </trkpt>
      <trkpt lat="42.390702981501818" lon="2.781675970181823">
        <ele>294</ele>
      </trkpt>
      <trkpt lat="42.390785962343216" lon="2.781630959361792">
        <ele>296</ele>
      </trkpt>
      <trkpt lat="42.390850000083447" lon="2.781662978231907">
        <ele>297</ele>
      </trkpt>
      <trkpt lat="42.390951002016664" lon="2.781769009307027">
        <ele>298</ele>
      </trkpt>
      <trkpt lat="42.391044041141868" lon="2.781762974336743">
        <ele>299</ele>
      </trkpt>
      <trkpt lat="42.391119981184602" lon="2.781665995717049">
        <ele>301</ele>
      </trkpt>
      <trkpt lat="42.391131967306137" lon="2.781655015423894">
        <ele>301</ele>
      </trkpt>
      <trkpt lat="42.391155017539859" lon="2.781621990725398">
        <ele>302</ele>
      </trkpt>
      <trkpt lat="42.391187958419323" lon="2.781563987955451">
        <ele>302</ele>
      </trkpt>
      <trkpt lat="42.391217965632677" lon="2.781521994620562">
        <ele>303</ele>
      </trkpt>
      <trkpt lat="42.391260964795947" lon="2.78149701654911">
        <ele>303</ele>
      </trkpt>
      <trkpt lat="42.391332965344191" lon="2.781466003507376">
        <ele>304</ele>
      </trkpt>
      <trkpt lat="42.391462968662381" lon="2.781377993524075">
        <ele>305</ele>
      </trkpt>
      <trkpt lat="42.391526000574231" lon="2.781358966603875">
        <ele>306</ele>
      </trkpt>
      <trkpt lat="42.391590960323811" lon="2.781369024887681">
        <ele>308</ele>
      </trkpt>
      <trkpt lat="42.391674024984241" lon="2.781285960227251">
        <ele>310</ele>
      </trkpt>
      <trkpt lat="42.391737978905439" lon="2.781208008527756">
        <ele>311</ele>
      </trkpt>
      <trkpt lat="42.391779972240329" lon="2.781162997707725">
        <ele>312</ele>
      </trkpt>
      <trkpt lat="42.39182498306036" lon="2.781155034899712">
        <ele>314</ele>
      </trkpt>
      <trkpt lat="42.391896983608603" lon="2.781130978837609">
        <ele>316</ele>
      </trkpt>
      <trkpt lat="42.391964038833976" lon="2.781084962189198">
        <ele>317</ele>
      </trkpt>
      <trkpt lat="42.392045008018613" lon="2.781050009652972">
        <ele>319</ele>
      </trkpt>
      <trkpt lat="42.392116002738476" lon="2.781022014096379">
        <ele>321</ele>
      </trkpt>
      <trkpt lat="42.392199989408255" lon="2.780986977741122">
        <ele>323</ele>
      </trkpt>
      <trkpt lat="42.392277019098401" lon="2.780932998284698">
        <ele>325</ele>
      </trkpt>
      <trkpt lat="42.392284981906414" lon="2.780925035476685">
        <ele>325</ele>
      </trkpt>
      <trkpt lat="42.392392018809915" lon="2.780848005786538">
        <ele>325</ele>
      </trkpt>
      <trkpt lat="42.392464019358158" lon="2.780811041593552">
        <ele>326</ele>
      </trkpt>
      <trkpt lat="42.392511963844299" lon="2.780806012451649">
        <ele>326</ele>
      </trkpt>
      <trkpt lat="42.392607014626265" lon="2.780794026330113">
        <ele>327</ele>
      </trkpt>
      <trkpt lat="42.392678009346128" lon="2.780779022723436">
        <ele>329</ele>
      </trkpt>
      <trkpt lat="42.392739029601216" lon="2.780759995803237">
        <ele>331</ele>
      </trkpt>
      <trkpt lat="42.392845982685685" lon="2.780715990811586">
        <ele>333</ele>
      </trkpt>
      <trkpt lat="42.392871966585517" lon="2.780742980539799">
        <ele>335</ele>
      </trkpt>
      <trkpt lat="42.392852017655969" lon="2.780793020501733">
        <ele>337</ele>
      </trkpt>
      <trkpt lat="42.392860986292362" lon="2.780845994129777">
        <ele>339</ele>
      </trkpt>
      <trkpt lat="42.392883030697703" lon="2.780887987464666">
        <ele>341</ele>
      </trkpt>
      <trkpt lat="42.392891999334097" lon="2.780949007719755">
        <ele>343</ele>
      </trkpt>
      <trkpt lat="42.39292100071907" lon="2.78102402575314">
        <ele>344</ele>
      </trkpt>
      <trkpt lat="42.392937010154128" lon="2.781101977452636">
        <ele>346</ele>
      </trkpt>
      <trkpt lat="42.392927035689354" lon="2.781128967180848">
        <ele>347</ele>
      </trkpt>
      <trkpt lat="42.39289996214211" lon="2.781187975779176">
        <ele>349</ele>
      </trkpt>
      <trkpt lat="42.392891999334097" lon="2.781199039891362">
        <ele>351</ele>
      </trkpt>
      <trkpt lat="42.392888981848955" lon="2.781199039891362">
        <ele>351</ele>
      </trkpt>
      <trkpt lat="42.392869032919407" lon="2.781256958842278">
        <ele>352</ele>
      </trkpt>
      <trkpt lat="42.392795020714402" lon="2.78134698048234">
        <ele>354</ele>
      </trkpt>
      <trkpt lat="42.392721008509398" lon="2.781421998515725">
        <ele>357</ele>
      </trkpt>
      <trkpt lat="42.392643978819251" lon="2.781521994620562">
        <ele>359</ele>
      </trkpt>
      <trkpt lat="42.392613971605897" lon="2.781591983512044">
        <ele>361</ele>
      </trkpt>
      <trkpt lat="42.392582036554813" lon="2.781632971018553">
        <ele>362</ele>
      </trkpt>
      <trkpt lat="42.392550017684698" lon="2.781680999323726">
        <ele>365</ele>
      </trkpt>
      <trkpt lat="42.392482040449977" lon="2.78177403844893">
        <ele>367</ele>
      </trkpt>
      <trkpt lat="42.39244700409472" lon="2.781835980713368">
        <ele>368</ele>
      </trkpt>
      <trkpt lat="42.39240501075983" lon="2.781953997910023">
        <ele>370</ele>
      </trkpt>
      <trkpt lat="42.392343990504742" lon="2.78201200067997">
        <ele>372</ele>
      </trkpt>
      <trkpt lat="42.392272995784879" lon="2.782108979299665">
        <ele>374</ele>
      </trkpt>
      <trkpt lat="42.392234019935131" lon="2.782191038131714">
        <ele>375</ele>
      </trkpt>
      <trkpt lat="42.392169982194901" lon="2.782329004257917">
        <ele>377</ele>
      </trkpt>
      <trkpt lat="42.392108039930463" lon="2.78242003172636">
        <ele>379</ele>
      </trkpt>
      <trkpt lat="42.392007960006595" lon="2.782568978145719">
        <ele>379</ele>
      </trkpt>
      <trkpt lat="42.391929002478719" lon="2.782735023647547">
        <ele>381</ele>
      </trkpt>
      <trkpt lat="42.391852978616953" lon="2.782897967845202">
        <ele>384</ele>
      </trkpt>
      <trkpt lat="42.391870999708772" lon="2.782998969778419">
        <ele>387</ele>
      </trkpt>
      <trkpt lat="42.391853984445333" lon="2.783073987811804">
        <ele>390</ele>
      </trkpt>
      <trkpt lat="42.391874017193913" lon="2.783140037208796">
        <ele>392</ele>
      </trkpt>
      <trkpt lat="42.391868988052011" lon="2.783198961988092">
        <ele>394</ele>
      </trkpt>
      <trkpt lat="42.391848033294082" lon="2.783252019435167">
        <ele>396</ele>
      </trkpt>
      <trkpt lat="42.391820959746838" lon="2.783328965306282">
        <ele>401</ele>
      </trkpt>
      <trkpt lat="42.39180201664567" lon="2.783433990553021">
        <ele>403</ele>
      </trkpt>
      <trkpt lat="42.391775026917458" lon="2.78347497805953">
        <ele>405</ele>
      </trkpt>
      <trkpt lat="42.391758011654019" lon="2.783504985272884">
        <ele>407</ele>
      </trkpt>
      <trkpt lat="42.391740996390581" lon="2.783534992486239">
        <ele>408</ele>
      </trkpt>
      <trkpt lat="42.391707971692085" lon="2.783574974164367">
        <ele>410</ele>
      </trkpt>
      <trkpt lat="42.391619039699435" lon="2.783676981925964">
        <ele>413</ele>
      </trkpt>
      <trkpt lat="42.391559025272727" lon="2.783738002181053">
        <ele>414</ele>
      </trkpt>
      <trkpt lat="42.391510996967554" lon="2.783789969980717">
        <ele>417</ele>
      </trkpt>
      <trkpt lat="42.391504961997271" lon="2.783797010779381">
        <ele>418</ele>
      </trkpt>
      <trkpt lat="42.391488030552864" lon="2.783826012164354">
        <ele>420</ele>
      </trkpt>
      <trkpt lat="42.391466991975904" lon="2.783874962478876">
        <ele>423</ele>
      </trkpt>
      <trkpt lat="42.391443019732833" lon="2.783922990784049">
        <ele>425</ele>
      </trkpt>
      <trkpt lat="42.391401026397943" lon="2.783989040181041">
        <ele>427</ele>
      </trkpt>
      <trkpt lat="42.391379987820983" lon="2.784056011587381">
        <ele>430</ele>
      </trkpt>
      <trkpt lat="42.391373030841351" lon="2.784136980772018">
        <ele>431</ele>
      </trkpt>
      <trkpt lat="42.391385016962886" lon="2.784227002412081">
        <ele>434</ele>
      </trkpt>
      <trkpt lat="42.391402032226324" lon="2.784299002960324">
        <ele>436</ele>
      </trkpt>
      <trkpt lat="42.391402032226324" lon="2.784299002960324">
        <ele>438</ele>
      </trkpt>
      <trkpt lat="42.391395997256041" lon="2.784339990466833">
        <ele>440</ele>
      </trkpt>
      <trkpt lat="42.391379987820983" lon="2.784419031813741">
        <ele>441</ele>
      </trkpt>
      <trkpt lat="42.391355009749532" lon="2.784581976011396">
        <ele>442</ele>
      </trkpt>
      <trkpt lat="42.391297006979585" lon="2.784694964066148">
        <ele>443</ele>
      </trkpt>
      <trkpt lat="42.39124302752316" lon="2.784833014011383">
        <ele>445</ele>
      </trkpt>
      <trkpt lat="42.391176978126168" lon="2.784908032044768">
        <ele>448</ele>
      </trkpt>
      <trkpt lat="42.391169015318155" lon="2.784949019551277">
        <ele>448</ele>
      </trkpt>
      <trkpt lat="42.391178989782929" lon="2.785010961815715">
        <ele>449</ele>
      </trkpt>
      <trkpt lat="42.391205979511142" lon="2.785145994275808">
        <ele>451</ele>
      </trkpt>
      <trkpt lat="42.391212014481425" lon="2.785179018974304">
        <ele>451</ele>
      </trkpt>
      <trkpt lat="42.391231963410974" lon="2.785254959017038">
        <ele>452</ele>
      </trkpt>
      <trkpt lat="42.39124302752316" lon="2.785273985937238">
        <ele>452</ele>
      </trkpt>
      <trkpt lat="42.391261970624328" lon="2.785373982042074">
        <ele>454</ele>
      </trkpt>
      <trkpt lat="42.391293989494443" lon="2.785487975925207">
        <ele>456</ele>
      </trkpt>
      <trkpt lat="42.391322990879416" lon="2.785528041422367">
        <ele>457</ele>
      </trkpt>
      <trkpt lat="42.391354003921151" lon="2.785637006163597">
        <ele>459</ele>
      </trkpt>
      <trkpt lat="42.391413012519479" lon="2.785782013088465">
        <ele>460</ele>
      </trkpt>
      <trkpt lat="42.391470009461045" lon="2.785868011415005">
        <ele>461</ele>
      </trkpt>
      <trkpt lat="42.391564976423979" lon="2.78590195812285">
        <ele>462</ele>
      </trkpt>
      <trkpt lat="42.391642006114125" lon="2.785919979214668">
        <ele>464</ele>
      </trkpt>
      <trkpt lat="42.391705038025975" lon="2.785887038335204">
        <ele>465</ele>
      </trkpt>
      <trkpt lat="42.391794975847006" lon="2.785861976444721">
        <ele>467</ele>
      </trkpt>
      <trkpt lat="42.391907963901758" lon="2.785801962018013">
        <ele>468</ele>
      </trkpt>
      <trkpt lat="42.391926990821958" lon="2.785797016695142">
        <ele>469</ele>
      </trkpt>
      <trkpt lat="42.391993040218949" lon="2.785776983946562">
        <ele>470</ele>
      </trkpt>
      <trkpt lat="42.392041990533471" lon="2.785823000594974">
        <ele>470</ele>
      </trkpt>
      <trkpt lat="42.392175011336803" lon="2.785955015569925">
        <ele>470</ele>
      </trkpt>
      <trkpt lat="42.392287999391556" lon="2.786078983917832">
        <ele>468</ele>
      </trkpt>
      <trkpt lat="42.39231901243329" lon="2.786102034151554">
        <ele>467</ele>
      </trkpt>
      <trkpt lat="42.39242403768003" lon="2.786186020821333">
        <ele>467</ele>
      </trkpt>
      <trkpt lat="42.392557980492711" lon="2.786291968077421">
        <ele>467</ele>
      </trkpt>
      <trkpt lat="42.392760990187526" lon="2.786372015252709">
        <ele>467</ele>
      </trkpt>
      <trkpt lat="42.392902979627252" lon="2.786384001374245">
        <ele>467</ele>
      </trkpt>
      <trkpt lat="42.393047986552119" lon="2.786376960575581">
        <ele>467</ele>
      </trkpt>
      <trkpt lat="42.393073970451951" lon="2.786379978060722">
        <ele>467</ele>
      </trkpt>
      <trkpt lat="42.393269017338753" lon="2.786404034122825">
        <ele>467</ele>
      </trkpt>
      <trkpt lat="42.39328796043992" lon="2.786414008587599">
        <ele>467</ele>
      </trkpt>
      <trkpt lat="42.393407989293337" lon="2.786508975550532">
        <ele>467</ele>
      </trkpt>
      <trkpt lat="42.393484013155103" lon="2.786635961383581">
        <ele>467</ele>
      </trkpt>
      <trkpt lat="42.393526006489992" lon="2.786798989400268">
        <ele>469</ele>
      </trkpt>
      <trkpt lat="42.393555007874966" lon="2.786929998546839">
        <ele>469</ele>
      </trkpt>
      <trkpt lat="42.393555007874966" lon="2.786929998546839">
        <ele>469</ele>
      </trkpt>
      <trkpt lat="42.39365198649466" lon="2.786891022697091">
        <ele>470</ele>
      </trkpt>
      <trkpt lat="42.39369498565793" lon="2.786867972463369">
        <ele>470</ele>
      </trkpt>
      <trkpt lat="42.393791964277625" lon="2.786842994391918">
        <ele>472</ele>
      </trkpt>
      <trkpt lat="42.393838986754417" lon="2.786845006048679">
        <ele>472</ele>
      </trkpt>
      <trkpt lat="42.393921967595816" lon="2.786821033805609">
        <ele>472</ele>
      </trkpt>
      <trkpt lat="42.394133023917675" lon="2.786817010492086">
        <ele>472</ele>
      </trkpt>
      <trkpt lat="42.394271995872259" lon="2.786856992170215">
        <ele>472</ele>
      </trkpt>
      <trkpt lat="42.394350031390786" lon="2.786898985505104">
        <ele>472</ele>
      </trkpt>
      <trkpt lat="42.394495960325003" lon="2.787044998258352">
        <ele>473</ele>
      </trkpt>
      <trkpt lat="42.394610038027167" lon="2.787149017676711">
        <ele>474</ele>
      </trkpt>
      <trkpt lat="42.394658988341689" lon="2.787223029881716">
        <ele>475</ele>
      </trkpt>
      <trkpt lat="42.394707016646862" lon="2.787266029044986">
        <ele>475</ele>
      </trkpt>
      <trkpt lat="42.394734006375074" lon="2.787302993237972">
        <ele>476</ele>
      </trkpt>
      <trkpt lat="42.394854035228491" lon="2.78742503374815">
        <ele>477</ele>
      </trkpt>
      <trkpt lat="42.39493902772665" lon="2.787536010146141">
        <ele>478</ele>
      </trkpt>
      <trkpt lat="42.395023014396429" lon="2.787675987929106">
        <ele>480</ele>
      </trkpt>
      <trkpt lat="42.395094009116292" lon="2.787823006510735">
        <ele>482</ele>
      </trkpt>
      <trkpt lat="42.39517598412931" lon="2.787959966808558">
        <ele>483</ele>
      </trkpt>
      <trkpt lat="42.395184030756354" lon="2.787972036749125">
        <ele>484</ele>
      </trkpt>
      <trkpt lat="42.395306993275881" lon="2.788104973733425">
        <ele>484</ele>
      </trkpt>
      <trkpt lat="42.395395003259182" lon="2.788226008415222">
        <ele>485</ele>
      </trkpt>
      <trkpt lat="42.395446971058846" lon="2.788240006193519">
        <ele>485</ele>
      </trkpt>
      <trkpt lat="42.395525006577373" lon="2.788197007030249">
        <ele>485</ele>
      </trkpt>
      <trkpt lat="42.395543027669191" lon="2.788068009540439">
        <ele>484</ele>
      </trkpt>
      <trkpt lat="42.395535986870527" lon="2.788025010377169">
        <ele>484</ele>
      </trkpt>
      <trkpt lat="42.395535986870527" lon="2.787767015397549">
        <ele>484</ele>
      </trkpt>
      <trkpt lat="42.395528024062514" lon="2.787573980167508">
        <ele>483</ele>
      </trkpt>
      <trkpt lat="42.395534981042147" lon="2.787442971020937">
        <ele>485</ele>
      </trkpt>
      <trkpt lat="42.39554001018405" lon="2.787374993786216">
        <ele>485</ele>
      </trkpt>
      <trkpt lat="42.395575968548656" lon="2.787148011848331">
        <ele>485</ele>
      </trkpt>
      <trkpt lat="42.395618967711926" lon="2.787036029621959">
        <ele>485</ele>
      </trkpt>
      <trkpt lat="42.395676970481873" lon="2.786856992170215">
        <ele>485</ele>
      </trkpt>
      <trkpt lat="42.395726004615426" lon="2.786791026592255">
        <ele>485</ele>
      </trkpt>
      <trkpt lat="42.39582197740674" lon="2.786582987755537">
        <ele>484</ele>
      </trkpt>
      <trkpt lat="42.395957009866834" lon="2.786469999700785">
        <ele>483</ele>
      </trkpt>
      <trkpt lat="42.396091958507895" lon="2.786447033286095">
        <ele>482</ele>
      </trkpt>
      <trkpt lat="42.396264960989356" lon="2.786442004144192">
        <ele>482</ele>
      </trkpt>
      <trkpt lat="42.396413991227746" lon="2.786431023851037">
        <ele>482</ele>
      </trkpt>
      <trkpt lat="42.396576013416052" lon="2.786474023014307">
        <ele>482</ele>
      </trkpt>
      <trkpt lat="42.396599985659122" lon="2.786476034671068">
        <ele>482</ele>
      </trkpt>
      <trkpt lat="42.396770976483822" lon="2.786516016349196">
        <ele>483</ele>
      </trkpt>
      <trkpt lat="42.396801989525557" lon="2.786518028005958">
        <ele>483</ele>
      </trkpt>
      <trkpt lat="42.396934004500508" lon="2.786560021340847">
        <ele>484</ele>
      </trkpt>
      <trkpt lat="42.397124022245407" lon="2.786682983860374">
        <ele>485</ele>
      </trkpt>
      <trkpt lat="42.397297024726868" lon="2.786806030198932">
        <ele>487</ele>
      </trkpt>
      <trkpt lat="42.397455023601651" lon="2.786912983283401">
        <ele>487</ele>
      </trkpt>
      <trkpt lat="42.397501040250063" lon="2.786955982446671">
        <ele>487</ele>
      </trkpt>
      <trkpt lat="42.397658033296466" lon="2.787012979388237">
        <ele>487</ele>
      </trkpt>
      <trkpt lat="42.397677982226014" lon="2.787017002701759">
        <ele>487</ele>
      </trkpt>
      <trkpt lat="42.397830029949546" lon="2.787091014906764">
        <ele>486</ele>
      </trkpt>
      <trkpt lat="42.397993979975581" lon="2.787153962999582">
        <ele>484</ele>
      </trkpt>
      <trkpt lat="42.398043014109135" lon="2.787127979099751">
        <ele>483</ele>
      </trkpt>
      <trkpt lat="42.398162037134171" lon="2.786969980224967">
        <ele>483</ele>
      </trkpt>
      <trkpt lat="42.39820403046906" lon="2.786810975521803">
        <ele>483</ele>
      </trkpt>
      <trkpt lat="42.398218028247356" lon="2.786725983023644">
        <ele>483</ele>
      </trkpt>
      <trkpt lat="42.398268990218639" lon="2.786551974713802">
        <ele>485</ele>
      </trkpt>
      <trkpt lat="42.398298997431993" lon="2.786385007202625">
        <ele>487</ele>
      </trkpt>
      <trkpt lat="42.398302014917135" lon="2.786372015252709">
        <ele>487</ele>
      </trkpt>
      <trkpt lat="42.398320036008954" lon="2.786277970299125">
        <ele>488</ele>
      </trkpt>
      <trkpt lat="42.398336967453361" lon="2.78615802526474">
        <ele>489</ele>
      </trkpt>
      <trkpt lat="42.398369992151856" lon="2.786027016118169">
        <ele>490</ele>
      </trkpt>
      <trkpt lat="42.398406034335494" lon="2.785919979214668">
        <ele>491</ele>
      </trkpt>
      <trkpt lat="42.398445010185242" lon="2.785800034180284">
        <ele>493</ele>
      </trkpt>
      <trkpt lat="42.398511981591582" lon="2.78566500172019">
        <ele>495</ele>
      </trkpt>
      <trkpt lat="42.398523967713118" lon="2.785615967586637">
        <ele>496</ele>
      </trkpt>
      <trkpt lat="42.398551041260362" lon="2.785551007837057">
        <ele>497</ele>
      </trkpt>
      <trkpt lat="42.398573001846671" lon="2.785345986485481">
        <ele>499</ele>
      </trkpt>
      <trkpt lat="42.398582976311445" lon="2.78532100841403">
        <ele>499</ele>
      </trkpt>
      <trkpt lat="42.398639973253012" lon="2.785115987062454">
        <ele>500</ele>
      </trkpt>
      <trkpt lat="42.398648019880056" lon="2.785013979300857">
        <ele>500</ele>
      </trkpt>
      <trkpt lat="42.398659000173211" lon="2.784924041479826">
        <ele>501</ele>
      </trkpt>
      <trkpt lat="42.39869998767972" lon="2.784706028178334">
        <ele>503</ele>
      </trkpt>
      <trkpt lat="42.398718008771539" lon="2.784644002094865">
        <ele>503</ele>
      </trkpt>
      <trkpt lat="42.398741981014609" lon="2.784623969346285">
        <ele>503</ele>
      </trkpt>
      <trkpt lat="42.398820016533136" lon="2.784649031236768">
        <ele>504</ele>
      </trkpt>
      <trkpt lat="42.398843988776207" lon="2.784683983772993">
        <ele>505</ele>
      </trkpt>
      <trkpt lat="42.398883970454335" lon="2.784736035391688">
        <ele>505</ele>
      </trkpt>
      <trkpt lat="42.398934010416269" lon="2.784886993467808">
        <ele>507</ele>
      </trkpt>
      <trkpt lat="42.399026965722442" lon="2.784980032593012">
        <ele>508</ele>
      </trkpt>
      <trkpt lat="42.399146994575858" lon="2.785082962363958">
        <ele>509</ele>
      </trkpt>
      <trkpt lat="42.399254031479359" lon="2.785197040066123">
        <ele>510</ele>
      </trkpt>
      <trkpt lat="42.399296024814248" lon="2.785245990380645">
        <ele>511</ele>
      </trkpt>
      <trkpt lat="42.39934204146266" lon="2.785291001200676">
        <ele>512</ele>
      </trkpt>
      <trkpt lat="42.399405995383859" lon="2.785394014790654">
        <ele>513</ele>
      </trkpt>
      <trkpt lat="42.399530969560146" lon="2.78555897064507">
        <ele>515</ele>
      </trkpt>
      <trkpt lat="42.399604981765151" lon="2.785649998113513">
        <ele>515</ele>
      </trkpt>
      <trkpt lat="42.39970900118351" lon="2.785783018916845">
        <ele>516</ele>
      </trkpt>
      <trkpt lat="42.399786030873656" lon="2.785938000306487">
        <ele>517</ele>
      </trkpt>
      <trkpt lat="42.399916034191847" lon="2.786069009453058">
        <ele>517</ele>
      </trkpt>
      <trkpt lat="42.399931959807873" lon="2.786092981696129">
        <ele>517</ele>
      </trkpt>
      <trkpt lat="42.399974958971143" lon="2.786163976415992">
        <ele>517</ele>
      </trkpt>
      <trkpt lat="42.400003960356116" lon="2.786198006942868">
        <ele>517</ele>
      </trkpt>
      <trkpt lat="42.400084007531404" lon="2.786270007491112">
        <ele>517</ele>
      </trkpt>
      <trkpt lat="42.400376033037901" lon="2.786374026909471">
        <ele>517</ele>
      </trkpt>
      <trkpt lat="42.400466976687312" lon="2.786381989717484">
        <ele>517</ele>
      </trkpt>
      <trkpt lat="42.40054601803422" lon="2.786360029131174">
        <ele>517</ele>
      </trkpt>
      <trkpt lat="42.400613995268941" lon="2.786322981119156">
        <ele>518</ele>
      </trkpt>
      <trkpt lat="42.400772999972105" lon="2.786333961412311">
        <ele>518</ele>
      </trkpt>
      <trkpt lat="42.400919012725353" lon="2.786425994709134">
        <ele>519</ele>
      </trkpt>
      <trkpt lat="42.400971986353397" lon="2.786487014964223">
        <ele>520</ele>
      </trkpt>
      <trkpt lat="42.401065025478601" lon="2.786601008847356">
        <ele>523</ele>
      </trkpt>
      <trkpt lat="42.401164015755057" lon="2.786704022437334">
        <ele>524</ele>
      </trkpt>
      <trkpt lat="42.401293013244867" lon="2.786777028813958">
        <ele>526</ele>
      </trkpt>
      <trkpt lat="42.401309022679925" lon="2.786777028813958">
        <ele>526</ele>
      </trkpt>
      <trkpt lat="42.401454029604793" lon="2.786758001893759">
        <ele>527</ele>
      </trkpt>
      <trkpt lat="42.40147003903985" lon="2.786753978580236">
        <ele>528</ele>
      </trkpt>
      <trkpt lat="42.40155503153801" lon="2.786721959710121">
        <ele>528</ele>
      </trkpt>
      <trkpt lat="42.401632983237505" lon="2.786689018830657">
        <ele>529</ele>
      </trkpt>
      <trkpt lat="42.40173096768558" lon="2.786664040759206">
        <ele>529</ele>
      </trkpt>
      <trkpt lat="42.401781007647514" lon="2.786644008010626">
        <ele>529</ele>
      </trkpt>
      <trkpt lat="42.401818977668881" lon="2.78663101606071">
        <ele>529</ele>
      </trkpt>
      <trkpt lat="42.401932971552014" lon="2.786619029939175">
        <ele>529</ele>
      </trkpt>
      <trkpt lat="42.402053000405431" lon="2.786591034382582">
        <ele>530</ele>
      </trkpt>
      <trkpt lat="42.402148973196745" lon="2.786605032160878">
        <ele>531</ele>
      </trkpt>
      <trkpt lat="42.402288028970361" lon="2.786643002182245">
        <ele>533</ele>
      </trkpt>
      <trkpt lat="42.402392970398068" lon="2.786688013002276">
        <ele>534</ele>
      </trkpt>
      <trkpt lat="42.402440998703241" lon="2.78671701438725">
        <ele>534</ele>
      </trkpt>
      <trkpt lat="42.402577036991715" lon="2.786809969693422">
        <ele>535</ele>
      </trkpt>
      <trkpt lat="42.402698993682861" lon="2.786908037960529">
        <ele>537</ele>
      </trkpt>
      <trkpt lat="42.402795972302556" lon="2.786999987438321">
        <ele>537</ele>
      </trkpt>
      <trkpt lat="42.402892028912902" lon="2.787068970501423">
        <ele>538</ele>
      </trkpt>
      <trkpt lat="42.40303703583777" lon="2.787137031555176">
        <ele>539</ele>
      </trkpt>
      <trkpt lat="42.40312303416431" lon="2.787225041538477">
        <ele>539</ele>
      </trkpt>
      <trkpt lat="42.403187993913889" lon="2.787437019869685">
        <ele>541</ele>
      </trkpt>
      <trkpt lat="42.403198974207044" lon="2.787532992660999">
        <ele>541</ele>
      </trkpt>
      <trkpt lat="42.403227975592017" lon="2.787691997364163">
        <ele>542</ele>
      </trkpt>
      <trkpt lat="42.403245996683836" lon="2.787867011502385">
        <ele>543</ele>
      </trkpt>
      <trkpt lat="42.403273992240429" lon="2.788015035912395">
        <ele>544</ele>
      </trkpt>
      <trkpt lat="42.403279021382332" lon="2.78802702203393">
        <ele>544</ele>
      </trkpt>
      <trkpt lat="42.40338203497231" lon="2.788158031180501">
        <ele>545</ele>
      </trkpt>
      <trkpt lat="42.40349099971354" lon="2.788260960951448">
        <ele>546</ele>
      </trkpt>
      <trkpt lat="42.403494017198682" lon="2.788270013406873">
        <ele>546</ele>
      </trkpt>
      <trkpt lat="42.403624020516872" lon="2.788407979533076">
        <ele>547</ele>
      </trkpt>
      <trkpt lat="42.403636006638408" lon="2.788429018110037">
        <ele>547</ele>
      </trkpt>
      <trkpt lat="42.403679005801678" lon="2.788521973416209">
        <ele>548</ele>
      </trkpt>
      <trkpt lat="42.403708007186651" lon="2.788628004491329">
        <ele>548</ele>
      </trkpt>
      <trkpt lat="42.403691997751594" lon="2.788850041106343">
        <ele>549</ele>
      </trkpt>
      <trkpt lat="42.403694009408355" lon="2.788862027227879">
        <ele>549</ele>
      </trkpt>
      <trkpt lat="42.403685040771961" lon="2.789104012772441">
        <ele>550</ele>
      </trkpt>
      <trkpt lat="42.403578003868461" lon="2.78933702968061">
        <ele>550</ele>
      </trkpt>
      <trkpt lat="42.40342696197331" lon="2.789557976648212">
        <ele>550</ele>
      </trkpt>
      <trkpt lat="42.403331995010376" lon="2.789712036028504">
        <ele>550</ele>
      </trkpt>
      <trkpt lat="42.403288995847106" lon="2.789784036576748">
        <ele>551</ele>
      </trkpt>
      <trkpt lat="42.403155975043774" lon="2.789988974109292">
        <ele>551</ele>
      </trkpt>
      <trkpt lat="42.40301800891757" lon="2.790186032652855">
        <ele>552</ele>
      </trkpt>
      <trkpt lat="42.402897980064154" lon="2.790363980457187">
        <ele>553</ele>
      </trkpt>
      <trkpt lat="42.402773005887866" lon="2.790561961010099">
        <ele>553</ele>
      </trkpt>
      <trkpt lat="42.40265398286283" lon="2.790751978754997">
        <ele>554</ele>
      </trkpt>
      <trkpt lat="42.4025450181216" lon="2.790983989834786">
        <ele>554</ele>
      </trkpt>
      <trkpt lat="42.402465976774693" lon="2.791237961500883">
        <ele>554</ele>
      </trkpt>
      <trkpt lat="42.402408979833126" lon="2.791510038077831">
        <ele>554</ele>
      </trkpt>
      <trkpt lat="42.402333961799741" lon="2.791758980602026">
        <ele>554</ele>
      </trkpt>
      <trkpt lat="42.402277970686555" lon="2.792036002501845">
        <ele>555</ele>
      </trkpt>
      <trkpt lat="42.402275037020445" lon="2.792114038020372">
        <ele>555</ele>
      </trkpt>
      <trkpt lat="42.402278976514935" lon="2.792164999991655">
        <ele>555</ele>
      </trkpt>
      <trkpt lat="42.402272019535303" lon="2.792424000799656">
        <ele>555</ele>
      </trkpt>
      <trkpt lat="42.402291968464851" lon="2.792715020477772">
        <ele>555</ele>
      </trkpt>
      <trkpt lat="42.402307977899909" lon="2.793016014620662">
        <ele>555</ele>
      </trkpt>
      <trkpt lat="42.402323987334967" lon="2.793255988508463">
        <ele>556</ele>
      </trkpt>
      <trkpt lat="42.402360029518604" lon="2.793523035943508">
        <ele>556</ele>
      </trkpt>
      <trkpt lat="42.402374027296901" lon="2.793748006224632">
        <ele>557</ele>
      </trkpt>
      <trkpt lat="42.402359023690224" lon="2.793986974284053">
        <ele>557</ele>
      </trkpt>
      <trkpt lat="42.402377966791391" lon="2.794262990355492">
        <ele>557</ele>
      </trkpt>
      <trkpt lat="42.40245901979506" lon="2.794551998376846">
        <ele>557</ele>
      </trkpt>
      <trkpt lat="42.402506964281201" lon="2.794682001695037">
        <ele>556</ele>
      </trkpt>
      <trkpt lat="42.40252397954464" lon="2.79477696865797">
        <ele>556</ele>
      </trkpt>
      <trkpt lat="42.402472011744976" lon="2.795028006657958">
        <ele>556</ele>
      </trkpt>
      <trkpt lat="42.402405040338635" lon="2.795318020507693">
        <ele>556</ele>
      </trkpt>
      <trkpt lat="42.402334967628121" lon="2.795615997165442">
        <ele>556</ele>
      </trkpt>
      <trkpt lat="42.402251986786723" lon="2.795855971053243">
        <ele>556</ele>
      </trkpt>
      <trkpt lat="42.402221979573369" lon="2.795984968543053">
        <ele>556</ele>
      </trkpt>
      <trkpt lat="42.402175962924957" lon="2.796237012371421">
        <ele>556</ele>
      </trkpt>
      <trkpt lat="42.402190966531634" lon="2.796324016526341">
        <ele>556</ele>
      </trkpt>
      <trkpt lat="42.40224402397871" lon="2.796672033146024">
        <ele>556</ele>
      </trkpt>
      <trkpt lat="42.402324993163347" lon="2.79692399315536">
        <ele>556</ele>
      </trkpt>
      <trkpt lat="42.402418032288551" lon="2.797106970101595">
        <ele>556</ele>
      </trkpt>
      <trkpt lat="42.402552980929613" lon="2.797306962311268">
        <ele>556</ele>
      </trkpt>
      <trkpt lat="42.402669992297888" lon="2.797477031126618">
        <ele>555</ele>
      </trkpt>
      <trkpt lat="42.402830002829432" lon="2.797669982537627">
        <ele>554</ele>
      </trkpt>
      <trkpt lat="42.402989007532597" lon="2.797797974199057">
        <ele>553</ele>
      </trkpt>
      <trkpt lat="42.403181958943605" lon="2.797972988337278">
        <ele>552</ele>
      </trkpt>
      <trkpt lat="42.403288995847106" lon="2.797982040792704">
        <ele>551</ele>
      </trkpt>
      <trkpt lat="42.403488988056779" lon="2.79793200083077">
        <ele>550</ele>
      </trkpt>
      <trkpt lat="42.4036830291152" lon="2.797811971977353">
        <ele>549</ele>
      </trkpt>
      <trkpt lat="42.403717981651425" lon="2.797789005562663">
        <ele>548</ele>
      </trkpt>
      <trkpt lat="42.403886960819364" lon="2.797978017479181">
        <ele>547</ele>
      </trkpt>
      <trkpt lat="42.403896013274789" lon="2.798270964995027">
        <ele>545</ele>
      </trkpt>
      <trkpt lat="42.403958039358258" lon="2.798467017710209">
        <ele>543</ele>
      </trkpt>
      <trkpt lat="42.403991986066103" lon="2.798788966611028">
        <ele>542</ele>
      </trkpt>
      <trkpt lat="42.404002966359258" lon="2.798972027376294">
        <ele>541</ele>
      </trkpt>
    </trkseg>
  </trk>

</gpx>