<?xml version="1.0" encoding="utf-8"?><gpx creator="Garmin Desktop App" version="1.1" xsi:schemaLocation="http://www.topografix.com/GPX/1/1 http://www.topografix.com/GPX/1/1/gpx.xsd http://www.garmin.com/xmlschemas/WaypointExtension/v1 http://www8.garmin.com/xmlschemas/WaypointExtensionv1.xsd http://www.garmin.com/xmlschemas/TrackPointExtension/v1 http://www.garmin.com/xmlschemas/TrackPointExtensionv1.xsd http://www.garmin.com/xmlschemas/GpxExtensions/v3 http://www8.garmin.com/xmlschemas/GpxExtensionsv3.xsd http://www.garmin.com/xmlschemas/ActivityExtension/v1 http://www8.garmin.com/xmlschemas/ActivityExtensionv1.xsd http://www.garmin.com/xmlschemas/AdventuresExtensions/v1 http://www8.garmin.com/xmlschemas/AdventuresExtensionv1.xsd http://www.garmin.com/xmlschemas/PressureExtension/v1 http://www.garmin.com/xmlschemas/PressureExtensionv1.xsd http://www.garmin.com/xmlschemas/TripExtensions/v1 http://www.garmin.com/xmlschemas/TripExtensionsv1.xsd http://www.garmin.com/xmlschemas/TripMetaDataExtensions/v1 http://www.garmin.com/xmlschemas/TripMetaDataExtensionsv1.xsd http://www.garmin.com/xmlschemas/ViaPointTransportationModeExtensions/v1 http://www.garmin.com/xmlschemas/ViaPointTransportationModeExtensionsv1.xsd http://www.garmin.com/xmlschemas/CreationTimeExtension/v1 http://www.garmin.com/xmlschemas/CreationTimeExtensionsv1.xsd http://www.garmin.com/xmlschemas/AccelerationExtension/v1 http://www.garmin.com/xmlschemas/AccelerationExtensionv1.xsd http://www.garmin.com/xmlschemas/PowerExtension/v1 http://www.garmin.com/xmlschemas/PowerExtensionv1.xsd http://www.garmin.com/xmlschemas/VideoExtension/v1 http://www.garmin.com/xmlschemas/VideoExtensionv1.xsd" xmlns="http://www.topografix.com/GPX/1/1" xmlns:xsi="http://www.w3.org/2001/XMLSchema-instance" xmlns:wptx1="http://www.garmin.com/xmlschemas/WaypointExtension/v1" xmlns:gpxtrx="http://www.garmin.com/xmlschemas/GpxExtensions/v3" xmlns:gpxtpx="http://www.garmin.com/xmlschemas/TrackPointExtension/v1" xmlns:gpxx="http://www.garmin.com/xmlschemas/GpxExtensions/v3" xmlns:trp="http://www.garmin.com/xmlschemas/TripExtensions/v1" xmlns:adv="http://www.garmin.com/xmlschemas/AdventuresExtensions/v1" xmlns:prs="http://www.garmin.com/xmlschemas/PressureExtension/v1" xmlns:tmd="http://www.garmin.com/xmlschemas/TripMetaDataExtensions/v1" xmlns:vptm="http://www.garmin.com/xmlschemas/ViaPointTransportationModeExtensions/v1" xmlns:ctx="http://www.garmin.com/xmlschemas/CreationTimeExtension/v1" xmlns:gpxacc="http://www.garmin.com/xmlschemas/AccelerationExtension/v1" xmlns:gpxpx="http://www.garmin.com/xmlschemas/PowerExtension/v1" xmlns:vidx1="http://www.garmin.com/xmlschemas/VideoExtension/v1">

  <metadata>
    <link href="http://www.garmin.com">
      <text>Garmin International</text>
    </link>
    <time>2026-05-10T12:50:40Z</time>
    <bounds maxlat="42.451159972697496" maxlon="2.939712982624769" minlat="42.403738014400005" minlon="2.797766961157322" />
  </metadata>

  <trk>
    <name>GR11_43_LaVajol-Requesens</name>
    <extensions>
      <gpxx:TrackExtension>
        <gpxx:DisplayColor>Blue</gpxx:DisplayColor>
      </gpxx:TrackExtension>
    </extensions>
    <trkseg>
      <trkpt lat="42.404174041002989" lon="2.799414005130529">
        <ele>559</ele>
      </trkpt>
      <trkpt lat="42.404246963560581" lon="2.799449041485786">
        <ele>562</ele>
      </trkpt>
      <trkpt lat="42.404391970485449" lon="2.799438983201981">
        <ele>565</ele>
      </trkpt>
      <trkpt lat="42.404536977410316" lon="2.799546020105481">
        <ele>568</ele>
      </trkpt>
      <trkpt lat="42.404553992673755" lon="2.799573009833694">
        <ele>568</ele>
      </trkpt>
      <trkpt lat="42.404561033472419" lon="2.799795968458056">
        <ele>568</ele>
      </trkpt>
      <trkpt lat="42.404560027644038" lon="2.799851959571242">
        <ele>568</ele>
      </trkpt>
      <trkpt lat="42.404507976025343" lon="2.800066033378243">
        <ele>568</ele>
      </trkpt>
      <trkpt lat="42.404504958540201" lon="2.800174998119474">
        <ele>568</ele>
      </trkpt>
      <trkpt lat="42.404438992962241" lon="2.800314975902438">
        <ele>567</ele>
      </trkpt>
      <trkpt lat="42.404427006840706" lon="2.800389993935823">
        <ele>567</ele>
      </trkpt>
      <trkpt lat="42.404399011284113" lon="2.800598032772541">
        <ele>566</ele>
      </trkpt>
      <trkpt lat="42.404348971322179" lon="2.800714038312435">
        <ele>565</ele>
      </trkpt>
      <trkpt lat="42.404286023229361" lon="2.800844041630626">
        <ele>564</ele>
      </trkpt>
      <trkpt lat="42.404277976602316" lon="2.8008540160954">
        <ele>563</ele>
      </trkpt>
      <trkpt lat="42.40422198548913" lon="2.800887962803245">
        <ele>563</ele>
      </trkpt>
      <trkpt lat="42.40417898632586" lon="2.800914030522108">
        <ele>563</ele>
      </trkpt>
      <trkpt lat="42.404129030182958" lon="2.800933979451656">
        <ele>563</ele>
      </trkpt>
      <trkpt lat="42.403986034914851" lon="2.800902966409922">
        <ele>561</ele>
      </trkpt>
      <trkpt lat="42.403986034914851" lon="2.800902966409922">
        <ele>560</ele>
      </trkpt>
      <trkpt lat="42.403972959145904" lon="2.800903972238302">
        <ele>560</ele>
      </trkpt>
      <trkpt lat="42.403926020488143" lon="2.800888968631625">
        <ele>560</ele>
      </trkpt>
      <trkpt lat="42.403901964426041" lon="2.800877988338471">
        <ele>560</ele>
      </trkpt>
      <trkpt lat="42.403788976371288" lon="2.800861978903413">
        <ele>560</ele>
      </trkpt>
      <trkpt lat="42.403765004128218" lon="2.800868013873696">
        <ele>560</ele>
      </trkpt>
      <trkpt lat="42.403738014400005" lon="2.800929034128785">
        <ele>559</ele>
      </trkpt>
      <trkpt lat="42.403851002454758" lon="2.801127014681697">
        <ele>555</ele>
      </trkpt>
      <trkpt lat="42.403890984132886" lon="2.801164984703064">
        <ele>554</ele>
      </trkpt>
      <trkpt lat="42.403890984132886" lon="2.801164984703064">
        <ele>554</ele>
      </trkpt>
      <trkpt lat="42.404015958309174" lon="2.801157021895051">
        <ele>553</ele>
      </trkpt>
      <trkpt lat="42.404147973284125" lon="2.801152998581529">
        <ele>552</ele>
      </trkpt>
      <trkpt lat="42.404192984104156" lon="2.801186023280025">
        <ele>552</ele>
      </trkpt>
      <trkpt lat="42.404288034886122" lon="2.801151992753148">
        <ele>551</ele>
      </trkpt>
      <trkpt lat="42.404579976573586" lon="2.801086027175188">
        <ele>549</ele>
      </trkpt>
      <trkpt lat="42.404845012351871" lon="2.800963986665011">
        <ele>547</ele>
      </trkpt>
      <trkpt lat="42.404959006235003" lon="2.800907995551825">
        <ele>547</ele>
      </trkpt>
      <trkpt lat="42.404987001791596" lon="2.800858039408922">
        <ele>546</ele>
      </trkpt>
      <trkpt lat="42.405178025364876" lon="2.800752008333802">
        <ele>544</ele>
      </trkpt>
      <trkpt lat="42.40535999648273" lon="2.800676990300417">
        <ele>543</ele>
      </trkpt>
      <trkpt lat="42.40535999648273" lon="2.800676990300417">
        <ele>542</ele>
      </trkpt>
      <trkpt lat="42.40535999648273" lon="2.800680007785559">
        <ele>542</ele>
      </trkpt>
      <trkpt lat="42.405429985374212" lon="2.800641031935811">
        <ele>542</ele>
      </trkpt>
      <trkpt lat="42.40548999980092" lon="2.800601972267032">
        <ele>541</ele>
      </trkpt>
      <trkpt lat="42.405695021152496" lon="2.800494013354182">
        <ele>540</ele>
      </trkpt>
      <trkpt lat="42.405887972563505" lon="2.800314975902438">
        <ele>538</ele>
      </trkpt>
      <trkpt lat="42.405949998646975" lon="2.800227971747518">
        <ele>537</ele>
      </trkpt>
      <trkpt lat="42.406070027500391" lon="2.799971988424659">
        <ele>535</ele>
      </trkpt>
      <trkpt lat="42.406183015555143" lon="2.799808960407972">
        <ele>534</ele>
      </trkpt>
      <trkpt lat="42.406345037743449" lon="2.799703013151884">
        <ele>533</ele>
      </trkpt>
      <trkpt lat="42.406433969736099" lon="2.799617014825344">
        <ele>532</ele>
      </trkpt>
      <trkpt lat="42.406528014689684" lon="2.799408975988627">
        <ele>530</ele>
      </trkpt>
      <trkpt lat="42.406527008861303" lon="2.799241002649069">
        <ele>529</ele>
      </trkpt>
      <trkpt lat="42.406503958627582" lon="2.799017038196325">
        <ele>527</ele>
      </trkpt>
      <trkpt lat="42.406575959175825" lon="2.798801036551595">
        <ele>526</ele>
      </trkpt>
      <trkpt lat="42.40664703771472" lon="2.798658963292837">
        <ele>525</ele>
      </trkpt>
      <trkpt lat="42.406703028827906" lon="2.798614036291838">
        <ele>525</ele>
      </trkpt>
      <trkpt lat="42.406829008832574" lon="2.798398034647107">
        <ele>523</ele>
      </trkpt>
      <trkpt lat="42.406918024644256" lon="2.798151019960642">
        <ele>521</ele>
      </trkpt>
      <trkpt lat="42.407007962465286" lon="2.79793300665915">
        <ele>520</ele>
      </trkpt>
      <trkpt lat="42.407136037945747" lon="2.797766961157322">
        <ele>519</ele>
      </trkpt>
      <trkpt lat="42.407168978825212" lon="2.797786993905902">
        <ele>518</ele>
      </trkpt>
      <trkpt lat="42.407366037368774" lon="2.798042977228761">
        <ele>518</ele>
      </trkpt>
      <trkpt lat="42.407519007101655" lon="2.798208016902208">
        <ele>516</ele>
      </trkpt>
      <trkpt lat="42.407538034021854" lon="2.798226960003376">
        <ele>516</ele>
      </trkpt>
      <trkpt lat="42.407599976286292" lon="2.798244981095195">
        <ele>516</ele>
      </trkpt>
      <trkpt lat="42.407784964889288" lon="2.79821296222508">
        <ele>514</ele>
      </trkpt>
      <trkpt lat="42.407984035089612" lon="2.798140961676836">
        <ele>514</ele>
      </trkpt>
      <trkpt lat="42.408172963187099" lon="2.79818999581039">
        <ele>512</ele>
      </trkpt>
      <trkpt lat="42.40826197899878" lon="2.798308013007045">
        <ele>511</ele>
      </trkpt>
      <trkpt lat="42.40828201174736" lon="2.798375990241766">
        <ele>511</ele>
      </trkpt>
      <trkpt lat="42.408289974555373" lon="2.798477998003364">
        <ele>510</ele>
      </trkpt>
      <trkpt lat="42.408300032839179" lon="2.798546981066465">
        <ele>510</ele>
      </trkpt>
      <trkpt lat="42.40823901258409" lon="2.798742027953267">
        <ele>508</ele>
      </trkpt>
      <trkpt lat="42.408104985952377" lon="2.798824002966285">
        <ele>506</ele>
      </trkpt>
      <trkpt lat="42.407884960994124" lon="2.798832971602678">
        <ele>505</ele>
      </trkpt>
      <trkpt lat="42.407816983759403" lon="2.798817967996001">
        <ele>505</ele>
      </trkpt>
      <trkpt lat="42.407588995993137" lon="2.798811011016369">
        <ele>503</ele>
      </trkpt>
      <trkpt lat="42.407545996829867" lon="2.798819979652762">
        <ele>502</ele>
      </trkpt>
      <trkpt lat="42.407513977959752" lon="2.798827020451427">
        <ele>501</ele>
      </trkpt>
      <trkpt lat="42.407377017661929" lon="2.798955012112856">
        <ele>500</ele>
      </trkpt>
      <trkpt lat="42.40733502432704" lon="2.799246031790972">
        <ele>499</ele>
      </trkpt>
      <trkpt lat="42.407343992963433" lon="2.79932901263237">
        <ele>498</ele>
      </trkpt>
      <trkpt lat="42.407343992963433" lon="2.799549959599972">
        <ele>496</ele>
      </trkpt>
      <trkpt lat="42.407350027933717" lon="2.799907028675079">
        <ele>494</ele>
      </trkpt>
      <trkpt lat="42.407409036532044" lon="2.800205005332828">
        <ele>492</ele>
      </trkpt>
      <trkpt lat="42.407469972968102" lon="2.800451014190912">
        <ele>491</ele>
      </trkpt>
      <trkpt lat="42.407481959089637" lon="2.80051002278924">
        <ele>490</ele>
      </trkpt>
      <trkpt lat="42.407502997666597" lon="2.800889974460006">
        <ele>489</ele>
      </trkpt>
      <trkpt lat="42.407488999888301" lon="2.801151992753148">
        <ele>487</ele>
      </trkpt>
      <trkpt lat="42.407392021268606" lon="2.801356008276343">
        <ele>486</ele>
      </trkpt>
      <trkpt lat="42.407262017950416" lon="2.80152196995914">
        <ele>484</ele>
      </trkpt>
      <trkpt lat="42.407125979661942" lon="2.801774013787508">
        <ele>482</ele>
      </trkpt>
      <trkpt lat="42.407118016853929" lon="2.802007030695677">
        <ele>480</ele>
      </trkpt>
      <trkpt lat="42.407192029058933" lon="2.802204005420208">
        <ele>478</ele>
      </trkpt>
      <trkpt lat="42.407234022393823" lon="2.802277011796832">
        <ele>478</ele>
      </trkpt>
      <trkpt lat="42.407253971323371" lon="2.802322022616863">
        <ele>477</ele>
      </trkpt>
      <trkpt lat="42.407290013507009" lon="2.802372984588146">
        <ele>477</ele>
      </trkpt>
      <trkpt lat="42.407351033762097" lon="2.802542969584465">
        <ele>476</ele>
      </trkpt>
      <trkpt lat="42.407356984913349" lon="2.802666015923023">
        <ele>476</ele>
      </trkpt>
      <trkpt lat="42.407282972708344" lon="2.802962986752391">
        <ele>473</ele>
      </trkpt>
      <trkpt lat="42.407180964946747" lon="2.803189968690276">
        <ele>472</ele>
      </trkpt>
      <trkpt lat="42.4071229621768" lon="2.80332500115037">
        <ele>470</ele>
      </trkpt>
      <trkpt lat="42.407033024355769" lon="2.803527005016804">
        <ele>469</ele>
      </trkpt>
      <trkpt lat="42.406978961080313" lon="2.803703024983406">
        <ele>468</ele>
      </trkpt>
      <trkpt lat="42.406914001330733" lon="2.803836967796087">
        <ele>466</ele>
      </trkpt>
      <trkpt lat="42.406882988288999" lon="2.803908968344331">
        <ele>466</ele>
      </trkpt>
      <trkpt lat="42.406855998560786" lon="2.804104015231133">
        <ele>464</ele>
      </trkpt>
      <trkpt lat="42.406880976632237" lon="2.804226977750659">
        <ele>463</ele>
      </trkpt>
      <trkpt lat="42.40688600577414" lon="2.804243993014097">
        <ele>463</ele>
      </trkpt>
      <trkpt lat="42.406875025480986" lon="2.804393023252487">
        <ele>463</ele>
      </trkpt>
      <trkpt lat="42.406906960532069" lon="2.804779009893537">
        <ele>461</ele>
      </trkpt>
      <trkpt lat="42.406979966908693" lon="2.80504496768117">
        <ele>460</ele>
      </trkpt>
      <trkpt lat="42.407054984942079" lon="2.805235991254449">
        <ele>458</ele>
      </trkpt>
      <trkpt lat="42.407061019912362" lon="2.805484011769295">
        <ele>457</ele>
      </trkpt>
      <trkpt lat="42.407005028799176" lon="2.80577402561903">
        <ele>455</ele>
      </trkpt>
      <trkpt lat="42.40694903768599" lon="2.805952979251742">
        <ele>454</ele>
      </trkpt>
      <trkpt lat="42.406811993569136" lon="2.806216003373265">
        <ele>452</ele>
      </trkpt>
      <trkpt lat="42.406690958887339" lon="2.806414989754558">
        <ele>451</ele>
      </trkpt>
      <trkpt lat="42.406575037166476" lon="2.806682959198952">
        <ele>449</ele>
      </trkpt>
      <trkpt lat="42.406484009698033" lon="2.806861996650696">
        <ele>448</ele>
      </trkpt>
      <trkpt lat="42.40639298222959" lon="2.806927040219307">
        <ele>447</ele>
      </trkpt>
      <trkpt lat="42.4063700158149" lon="2.806954029947519">
        <ele>447</ele>
      </trkpt>
      <trkpt lat="42.406259039416909" lon="2.807297017425299">
        <ele>445</ele>
      </trkpt>
      <trkpt lat="42.406246969476342" lon="2.807575967162848">
        <ele>443</ele>
      </trkpt>
      <trkpt lat="42.406253004446626" lon="2.807733966037631">
        <ele>442</ele>
      </trkpt>
      <trkpt lat="42.406249986961484" lon="2.807804038748145">
        <ele>442</ele>
      </trkpt>
      <trkpt lat="42.406256021931767" lon="2.807863969355822">
        <ele>441</ele>
      </trkpt>
      <trkpt lat="42.406239006668329" lon="2.807970000430942">
        <ele>441</ele>
      </trkpt>
      <trkpt lat="42.406215034425259" lon="2.808215003460646">
        <ele>439</ele>
      </trkpt>
      <trkpt lat="42.406201036646962" lon="2.808333020657301">
        <ele>439</ele>
      </trkpt>
      <trkpt lat="42.406188966706395" lon="2.808447014540434">
        <ele>438</ele>
      </trkpt>
      <trkpt lat="42.406187960878015" lon="2.808584980666637">
        <ele>438</ele>
      </trkpt>
      <trkpt lat="42.406185027211905" lon="2.80878103338182">
        <ele>436</ele>
      </trkpt>
      <trkpt lat="42.406170023605227" lon="2.809006003662944">
        <ele>435</ele>
      </trkpt>
      <trkpt lat="42.406185027211905" lon="2.809269027784467">
        <ele>433</ele>
      </trkpt>
      <trkpt lat="42.406265996396542" lon="2.809453010559082">
        <ele>432</ele>
      </trkpt>
      <trkpt lat="42.406393988057971" lon="2.809547977522016">
        <ele>430</ele>
      </trkpt>
      <trkpt lat="42.40660797804594" lon="2.809800021350384">
        <ele>429</ele>
      </trkpt>
      <trkpt lat="42.406684001907706" lon="2.81009397469461">
        <ele>428</ele>
      </trkpt>
      <trkpt lat="42.406696993857622" lon="2.810288015753031">
        <ele>426</ele>
      </trkpt>
      <trkpt lat="42.406706968322396" lon="2.81056403182447">
        <ele>424</ele>
      </trkpt>
      <trkpt lat="42.406700011342764" lon="2.810796964913607">
        <ele>422</ele>
      </trkpt>
      <trkpt lat="42.406699005514383" lon="2.811099970713258">
        <ele>421</ele>
      </trkpt>
      <trkpt lat="42.406680984422565" lon="2.811260987073183">
        <ele>420</ele>
      </trkpt>
      <trkpt lat="42.406676961109042" lon="2.811325024813414">
        <ele>419</ele>
      </trkpt>
      <trkpt lat="42.406653994694352" lon="2.81159701757133">
        <ele>418</ele>
      </trkpt>
      <trkpt lat="42.406592974439263" lon="2.811869010329247">
        <ele>417</ele>
      </trkpt>
      <trkpt lat="42.406474035233259" lon="2.812147038057447">
        <ele>415</ele>
      </trkpt>
      <trkpt lat="42.406398011371493" lon="2.812355998903513">
        <ele>413</ele>
      </trkpt>
      <trkpt lat="42.406274965032935" lon="2.812674008309841">
        <ele>412</ele>
      </trkpt>
      <trkpt lat="42.406255016103387" lon="2.812839969992638">
        <ele>411</ele>
      </trkpt>
      <trkpt lat="42.406265996396542" lon="2.813149010762572">
        <ele>409</ele>
      </trkpt>
      <trkpt lat="42.406275970861316" lon="2.813381021842361">
        <ele>408</ele>
      </trkpt>
      <trkpt lat="42.406271025538445" lon="2.813665000721812">
        <ele>406</ele>
      </trkpt>
      <trkpt lat="42.406264990568161" lon="2.813977980986238">
        <ele>403</ele>
      </trkpt>
      <trkpt lat="42.406340008601546" lon="2.814275035634637">
        <ele>401</ele>
      </trkpt>
      <trkpt lat="42.40639298222959" lon="2.814333960413933">
        <ele>400</ele>
      </trkpt>
      <trkpt lat="42.40660697221756" lon="2.814488019794226">
        <ele>398</ele>
      </trkpt>
      <trkpt lat="42.406782992184162" lon="2.814619028940797">
        <ele>398</ele>
      </trkpt>
      <trkpt lat="42.406969992443919" lon="2.814725982025266">
        <ele>398</ele>
      </trkpt>
      <trkpt lat="42.407204015180469" lon="2.814933015033603">
        <ele>398</ele>
      </trkpt>
      <trkpt lat="42.407261012122035" lon="2.814972996711731">
        <ele>397</ele>
      </trkpt>
      <trkpt lat="42.40729596465826" lon="2.815018007531762">
        <ele>397</ele>
      </trkpt>
      <trkpt lat="42.407451029866934" lon="2.81527197919786">
        <ele>398</ele>
      </trkpt>
      <trkpt lat="42.407586984336376" lon="2.815472977235913">
        <ele>396</ele>
      </trkpt>
      <trkpt lat="42.407655967399478" lon="2.815628964453936">
        <ele>395</ele>
      </trkpt>
      <trkpt lat="42.40774498321116" lon="2.81580900773406">
        <ele>394</ele>
      </trkpt>
      <trkpt lat="42.407732997089624" lon="2.81615199521184">
        <ele>392</ele>
      </trkpt>
      <trkpt lat="42.407643981277943" lon="2.81638702377677">
        <ele>390</ele>
      </trkpt>
      <trkpt lat="42.407512972131371" lon="2.816522978246212">
        <ele>389</ele>
      </trkpt>
      <trkpt lat="42.407305017113686" lon="2.816738979890943">
        <ele>386</ele>
      </trkpt>
      <trkpt lat="42.40729596465826" lon="2.81675398349762">
        <ele>386</ele>
      </trkpt>
      <trkpt lat="42.4072490260005" lon="2.816914999857545">
        <ele>385</ele>
      </trkpt>
      <trkpt lat="42.407251037657261" lon="2.816908964887261">
        <ele>385</ele>
      </trkpt>
      <trkpt lat="42.40725003182888" lon="2.817086996510625">
        <ele>384</ele>
      </trkpt>
      <trkpt lat="42.407248020172119" lon="2.817121027037501">
        <ele>384</ele>
      </trkpt>
      <trkpt lat="42.407262017950416" lon="2.817242983728647">
        <ele>384</ele>
      </trkpt>
      <trkpt lat="42.407267969101667" lon="2.817280031740665">
        <ele>384</ele>
      </trkpt>
      <trkpt lat="42.40735799074173" lon="2.817558981478214">
        <ele>381</ele>
      </trkpt>
      <trkpt lat="42.407449018210173" lon="2.817667024210095">
        <ele>380</ele>
      </trkpt>
      <trkpt lat="42.407463015988469" lon="2.817693008109927">
        <ele>379</ele>
      </trkpt>
      <trkpt lat="42.407598970457911" lon="2.817819993942976">
        <ele>378</ele>
      </trkpt>
      <trkpt lat="42.407729979604483" lon="2.818031972274184">
        <ele>376</ele>
      </trkpt>
      <trkpt lat="42.407769039273262" lon="2.818345036357641">
        <ele>374</ele>
      </trkpt>
      <trkpt lat="42.407688992097974" lon="2.81862298026681">
        <ele>373</ele>
      </trkpt>
      <trkpt lat="42.407526969909668" lon="2.818836970254779">
        <ele>370</ele>
      </trkpt>
      <trkpt lat="42.407349022105336" lon="2.819017013534904">
        <ele>368</ele>
      </trkpt>
      <trkpt lat="42.407162021845579" lon="2.819136958569288">
        <ele>367</ele>
      </trkpt>
      <trkpt lat="42.40697200410068" lon="2.819222034886479">
        <ele>365</ele>
      </trkpt>
      <trkpt lat="42.406772011891007" lon="2.819308033213019">
        <ele>364</ele>
      </trkpt>
      <trkpt lat="42.406618958339095" lon="2.819383973255754">
        <ele>363</ele>
      </trkpt>
      <trkpt lat="42.406473029404879" lon="2.819533003494144">
        <ele>362</ele>
      </trkpt>
      <trkpt lat="42.406335985288024" lon="2.819818994030356">
        <ele>360</ele>
      </trkpt>
      <trkpt lat="42.406181003898382" lon="2.81995402649045">
        <ele>358</ele>
      </trkpt>
      <trkpt lat="42.405956033617258" lon="2.820037007331848">
        <ele>356</ele>
      </trkpt>
      <trkpt lat="42.405920997262001" lon="2.820056034252048">
        <ele>356</ele>
      </trkpt>
      <trkpt lat="42.405729973688722" lon="2.820195006206632">
        <ele>354</ele>
      </trkpt>
      <trkpt lat="42.405554037541151" lon="2.820498012006283">
        <ele>353</ele>
      </trkpt>
      <trkpt lat="42.405367959290743" lon="2.820796994492412">
        <ele>351</ele>
      </trkpt>
      <trkpt lat="42.40520803257823" lon="2.820985000580549">
        <ele>350</ele>
      </trkpt>
      <trkpt lat="42.405177019536495" lon="2.821031017228961">
        <ele>349</ele>
      </trkpt>
      <trkpt lat="42.405146006494761" lon="2.821054989472032">
        <ele>348</ele>
      </trkpt>
      <trkpt lat="42.405067970976233" lon="2.821090025827289">
        <ele>348</ele>
      </trkpt>
      <trkpt lat="42.404981972649693" lon="2.821109974756837">
        <ele>348</ele>
      </trkpt>
      <trkpt lat="42.404714003205299" lon="2.821064963936806">
        <ele>346</ele>
      </trkpt>
      <trkpt lat="42.404533037915826" lon="2.821193039417267">
        <ele>344</ele>
      </trkpt>
      <trkpt lat="42.404501019045711" lon="2.82126797363162">
        <ele>344</ele>
      </trkpt>
      <trkpt lat="42.404495989903808" lon="2.821538960561156">
        <ele>343</ele>
      </trkpt>
      <trkpt lat="42.404493978247046" lon="2.821571985259652">
        <ele>342</ele>
      </trkpt>
      <trkpt lat="42.404532032087445" lon="2.821768959984183">
        <ele>341</ele>
      </trkpt>
      <trkpt lat="42.404593974351883" lon="2.821966018527746">
        <ele>340</ele>
      </trkpt>
      <trkpt lat="42.404638985171914" lon="2.822294002398849">
        <ele>338</ele>
      </trkpt>
      <trkpt lat="42.404695982113481" lon="2.822570018470287">
        <ele>336</ele>
      </trkpt>
      <trkpt lat="42.404709979891777" lon="2.822832958772779">
        <ele>334</ele>
      </trkpt>
      <trkpt lat="42.404692964628339" lon="2.82304996624589">
        <ele>333</ele>
      </trkpt>
      <trkpt lat="42.404696987941861" lon="2.823189022019506">
        <ele>332</ele>
      </trkpt>
      <trkpt lat="42.404680978506804" lon="2.823339980095625">
        <ele>332</ele>
      </trkpt>
      <trkpt lat="42.404623981565237" lon="2.823663018643856">
        <ele>329</ele>
      </trkpt>
      <trkpt lat="42.404624987393618" lon="2.823925036936998">
        <ele>328</ele>
      </trkpt>
      <trkpt lat="42.404574025422335" lon="2.824326027184725">
        <ele>325</ele>
      </trkpt>
      <trkpt lat="42.4045430123806" lon="2.824621992185712">
        <ele>324</ele>
      </trkpt>
      <trkpt lat="42.404524991288781" lon="2.824755012989044">
        <ele>323</ele>
      </trkpt>
      <trkpt lat="42.404510993510485" lon="2.824937989935279">
        <ele>322</ele>
      </trkpt>
      <trkpt lat="42.404421977698803" lon="2.825200008228421">
        <ele>320</ele>
      </trkpt>
      <trkpt lat="42.404315024614334" lon="2.825423972681165">
        <ele>319</ele>
      </trkpt>
      <trkpt lat="42.404274037107825" lon="2.825540984049439">
        <ele>317</ele>
      </trkpt>
      <trkpt lat="42.404365986585617" lon="2.825517011806369">
        <ele>316</ele>
      </trkpt>
      <trkpt lat="42.404499007388949" lon="2.825423972681165">
        <ele>316</ele>
      </trkpt>
      <trkpt lat="42.404562961310148" lon="2.825387008488178">
        <ele>316</ele>
      </trkpt>
      <trkpt lat="42.404717020690441" lon="2.82526102848351">
        <ele>316</ele>
      </trkpt>
      <trkpt lat="42.404962023720145" lon="2.825109986588359">
        <ele>315</ele>
      </trkpt>
      <trkpt lat="42.405089009553194" lon="2.824904965236783">
        <ele>315</ele>
      </trkpt>
      <trkpt lat="42.405138965696096" lon="2.824632972478867">
        <ele>315</ele>
      </trkpt>
      <trkpt lat="42.40514500066638" lon="2.824382018297911">
        <ele>316</ele>
      </trkpt>
      <trkpt lat="42.405147012323141" lon="2.824300965294242">
        <ele>316</ele>
      </trkpt>
      <trkpt lat="42.405148018151522" lon="2.824256960302591">
        <ele>316</ele>
      </trkpt>
      <trkpt lat="42.405131002888083" lon="2.824089992791414">
        <ele>317</ele>
      </trkpt>
      <trkpt lat="42.40512304008007" lon="2.824010029435158">
        <ele>318</ele>
      </trkpt>
      <trkpt lat="42.40512304008007" lon="2.823936017230153">
        <ele>318</ele>
      </trkpt>
      <trkpt lat="42.405114993453026" lon="2.82373895868659">
        <ele>320</ele>
      </trkpt>
      <trkpt lat="42.405112981796265" lon="2.823593029752374">
        <ele>321</ele>
      </trkpt>
      <trkpt lat="42.405090015381575" lon="2.823340985924006">
        <ele>321</ele>
      </trkpt>
      <trkpt lat="42.405067970976233" lon="2.823108974844217">
        <ele>321</ele>
      </trkpt>
      <trkpt lat="42.405061013996601" lon="2.822902025654912">
        <ele>322</ele>
      </trkpt>
      <trkpt lat="42.405076017603278" lon="2.822800017893314">
        <ele>322</ele>
      </trkpt>
      <trkpt lat="42.405163021758199" lon="2.822625003755093">
        <ele>322</ele>
      </trkpt>
      <trkpt lat="42.405249020084739" lon="2.822559038177133">
        <ele>322</ele>
      </trkpt>
      <trkpt lat="42.40531800314784" lon="2.822520984336734">
        <ele>322</ele>
      </trkpt>
      <trkpt lat="42.40546896122396" lon="2.822521990165114">
        <ele>322</ele>
      </trkpt>
      <trkpt lat="42.405543979257345" lon="2.822527019307017">
        <ele>322</ele>
      </trkpt>
      <trkpt lat="42.405670965090394" lon="2.822504974901676">
        <ele>322</ele>
      </trkpt>
      <trkpt lat="42.405877998098731" lon="2.82236298546195">
        <ele>322</ele>
      </trkpt>
      <trkpt lat="42.406023005023599" lon="2.822294002398849">
        <ele>322</ele>
      </trkpt>
      <trkpt lat="42.406249986961484" lon="2.822243040427566">
        <ele>323</ele>
      </trkpt>
      <trkpt lat="42.406444028019905" lon="2.82212401740253">
        <ele>323</ele>
      </trkpt>
      <trkpt lat="42.406599009409547" lon="2.822003988549113">
        <ele>324</ele>
      </trkpt>
      <trkpt lat="42.40673697553575" lon="2.821856969967485">
        <ele>325</ele>
      </trkpt>
      <trkpt lat="42.406835965812206" lon="2.821739036589861">
        <ele>325</ele>
      </trkpt>
      <trkpt lat="42.406960017979145" lon="2.821580031886697">
        <ele>326</ele>
      </trkpt>
      <trkpt lat="42.406982984393835" lon="2.821563016623259">
        <ele>326</ele>
      </trkpt>
      <trkpt lat="42.407114999368787" lon="2.821389008313417">
        <ele>327</ele>
      </trkpt>
      <trkpt lat="42.4072490260005" lon="2.821254981681705">
        <ele>328</ele>
      </trkpt>
      <trkpt lat="42.407372994348407" lon="2.821110980585218">
        <ele>328</ele>
      </trkpt>
      <trkpt lat="42.407399984076619" lon="2.821070998907089">
        <ele>329</ele>
      </trkpt>
      <trkpt lat="42.407558988779783" lon="2.820894978940487">
        <ele>329</ele>
      </trkpt>
      <trkpt lat="42.407695027068257" lon="2.820724993944168">
        <ele>329</ele>
      </trkpt>
      <trkpt lat="42.407840033993125" lon="2.820543022826314">
        <ele>329</ele>
      </trkpt>
      <trkpt lat="42.40798001177609" lon="2.820372032001615">
        <ele>329</ele>
      </trkpt>
      <trkpt lat="42.408120995387435" lon="2.820177990943193">
        <ele>329</ele>
      </trkpt>
      <trkpt lat="42.408225014805794" lon="2.819984033703804">
        <ele>329</ele>
      </trkpt>
      <trkpt lat="42.408266002312303" lon="2.819838020950556">
        <ele>329</ele>
      </trkpt>
      <trkpt lat="42.408355018123984" lon="2.819599974900484">
        <ele>329</ele>
      </trkpt>
      <trkpt lat="42.408444033935666" lon="2.819409035146236">
        <ele>329</ele>
      </trkpt>
      <trkpt lat="42.40851896815002" lon="2.819163026288152">
        <ele>329</ele>
      </trkpt>
      <trkpt lat="42.408586023375392" lon="2.818949036300182">
        <ele>329</ele>
      </trkpt>
      <trkpt lat="42.408589962869883" lon="2.818929003551602">
        <ele>329</ele>
      </trkpt>
      <trkpt lat="42.408612007275224" lon="2.818783996626735">
        <ele>329</ele>
      </trkpt>
      <trkpt lat="42.408640002831817" lon="2.818551985546947">
        <ele>328</ele>
      </trkpt>
      <trkpt lat="42.408650983124971" lon="2.818333972245455">
        <ele>327</ele>
      </trkpt>
      <trkpt lat="42.408800013363361" lon="2.818135991692543">
        <ele>327</ele>
      </trkpt>
      <trkpt lat="42.40892699919641" lon="2.8180449642241">
        <ele>326</ele>
      </trkpt>
      <trkpt lat="42.409051973372698" lon="2.817897023633122">
        <ele>326</ele>
      </trkpt>
      <trkpt lat="42.409111987799406" lon="2.817793004214764">
        <ele>326</ele>
      </trkpt>
      <trkpt lat="42.409174013882875" lon="2.817593012005091">
        <ele>326</ele>
      </trkpt>
      <trkpt lat="42.409268980845809" lon="2.81737600453198">
        <ele>327</ele>
      </trkpt>
      <trkpt lat="42.409276021644473" lon="2.817325964570046">
        <ele>327</ele>
      </trkpt>
      <trkpt lat="42.409279961138964" lon="2.817294029518962">
        <ele>327</ele>
      </trkpt>
      <trkpt lat="42.409330001100898" lon="2.817047014832497">
        <ele>327</ele>
      </trkpt>
      <trkpt lat="42.409339975565672" lon="2.816837970167399">
        <ele>327</ele>
      </trkpt>
      <trkpt lat="42.409350033849478" lon="2.816661028191447">
        <ele>328</ele>
      </trkpt>
      <trkpt lat="42.409369982779026" lon="2.816480984911323">
        <ele>327</ele>
      </trkpt>
      <trkpt lat="42.409370988607407" lon="2.816428011283279">
        <ele>328</ele>
      </trkpt>
      <trkpt lat="42.409371994435787" lon="2.816192982718349">
        <ele>328</ele>
      </trkpt>
      <trkpt lat="42.409365959465504" lon="2.816041018813849">
        <ele>328</ele>
      </trkpt>
      <trkpt lat="42.409349028021097" lon="2.815890982747078">
        <ele>328</ele>
      </trkpt>
      <trkpt lat="42.409345004707575" lon="2.815800039097667">
        <ele>328</ele>
      </trkpt>
      <trkpt lat="42.409328995272517" lon="2.815724015235901">
        <ele>328</ele>
      </trkpt>
      <trkpt lat="42.409295970574021" lon="2.815613960847259">
        <ele>328</ele>
      </trkpt>
      <trkpt lat="42.40920502692461" lon="2.815396031364799">
        <ele>328</ele>
      </trkpt>
      <trkpt lat="42.409178037196398" lon="2.815329981967807">
        <ele>328</ele>
      </trkpt>
      <trkpt lat="42.409143000841141" lon="2.81522898003459">
        <ele>329</ele>
      </trkpt>
      <trkpt lat="42.409143000841141" lon="2.815225962549448">
        <ele>329</ele>
      </trkpt>
      <trkpt lat="42.409139983355999" lon="2.815213976427913">
        <ele>329</ele>
      </trkpt>
      <trkpt lat="42.409131014719605" lon="2.815139964222908">
        <ele>329</ele>
      </trkpt>
      <trkpt lat="42.409120034426451" lon="2.815109035000205">
        <ele>329</ele>
      </trkpt>
      <trkpt lat="42.409062031656504" lon="2.814850034192205">
        <ele>330</ele>
      </trkpt>
      <trkpt lat="42.409111987799406" lon="2.814592039212585">
        <ele>328</ele>
      </trkpt>
      <trkpt lat="42.409169990569353" lon="2.814361033961177">
        <ele>326</ele>
      </trkpt>
      <trkpt lat="42.409196980297565" lon="2.8142199665308">
        <ele>326</ele>
      </trkpt>
      <trkpt lat="42.409210978075862" lon="2.814101027324796">
        <ele>326</ele>
      </trkpt>
      <trkpt lat="42.409232016652822" lon="2.814016034826636">
        <ele>326</ele>
      </trkpt>
      <trkpt lat="42.409281972795725" lon="2.813910003751516">
        <ele>326</ele>
      </trkpt>
      <trkpt lat="42.409304017201066" lon="2.813839009031653">
        <ele>326</ele>
      </trkpt>
      <trkpt lat="42.409455981105566" lon="2.813614038750529">
        <ele>325</ele>
      </trkpt>
      <trkpt lat="42.409486994147301" lon="2.813582019880414">
        <ele>325</ele>
      </trkpt>
      <trkpt lat="42.409622026607394" lon="2.813485041260719">
        <ele>327</ele>
      </trkpt>
      <trkpt lat="42.409687992185354" lon="2.813504990190268">
        <ele>327</ele>
      </trkpt>
      <trkpt lat="42.409750018268824" lon="2.813572967424989">
        <ele>328</ele>
      </trkpt>
      <trkpt lat="42.409827969968319" lon="2.813640022650361">
        <ele>328</ele>
      </trkpt>
      <trkpt lat="42.409998038783669" lon="2.813758039847016">
        <ele>329</ele>
      </trkpt>
      <trkpt lat="42.410145979374647" lon="2.813882008194923">
        <ele>330</ele>
      </trkpt>
      <trkpt lat="42.410239018499851" lon="2.813998013734818">
        <ele>332</ele>
      </trkpt>
      <trkpt lat="42.410248992964625" lon="2.814007988199592">
        <ele>332</ele>
      </trkpt>
      <trkpt lat="42.410406991839409" lon="2.814151989296079">
        <ele>333</ele>
      </trkpt>
      <trkpt lat="42.410559961572289" lon="2.814288027584553">
        <ele>334</ele>
      </trkpt>
      <trkpt lat="42.410702034831047" lon="2.814421970397234">
        <ele>334</ele>
      </trkpt>
      <trkpt lat="42.410751990973949" lon="2.814473016187549">
        <ele>335</ele>
      </trkpt>
      <trkpt lat="42.410907978191972" lon="2.814591033384204">
        <ele>336</ele>
      </trkpt>
      <trkpt lat="42.410980984568596" lon="2.81460695900023">
        <ele>337</ele>
      </trkpt>
      <trkpt lat="42.411171002313495" lon="2.81460695900023">
        <ele>338</ele>
      </trkpt>
      <trkpt lat="42.411419022828341" lon="2.81458499841392">
        <ele>339</ele>
      </trkpt>
      <trkpt lat="42.411557994782925" lon="2.814567983150482">
        <ele>339</ele>
      </trkpt>
      <trkpt lat="42.411782965064049" lon="2.814549040049315">
        <ele>339</ele>
      </trkpt>
      <trkpt lat="42.411945993080735" lon="2.814531018957496">
        <ele>339</ele>
      </trkpt>
      <trkpt lat="42.412121007218957" lon="2.814500005915761">
        <ele>340</ele>
      </trkpt>
      <trkpt lat="42.412302978336811" lon="2.814582986757159">
        <ele>340</ele>
      </trkpt>
      <trkpt lat="42.412463994696736" lon="2.814630009233952">
        <ele>340</ele>
      </trkpt>
      <trkpt lat="42.412619981914759" lon="2.81462799757719">
        <ele>340</ele>
      </trkpt>
      <trkpt lat="42.412681002169847" lon="2.814621962606907">
        <ele>340</ele>
      </trkpt>
      <trkpt lat="42.412854004651308" lon="2.814672002568841">
        <ele>342</ele>
      </trkpt>
      <trkpt lat="42.41298601962626" lon="2.814790019765496">
        <ele>343</ele>
      </trkpt>
      <trkpt lat="42.41309599019587" lon="2.814966039732099">
        <ele>344</ele>
      </trkpt>
      <trkpt lat="42.413261029869318" lon="2.81512001529336">
        <ele>344</ele>
      </trkpt>
      <trkpt lat="42.413349039852619" lon="2.815226968377829">
        <ele>344</ele>
      </trkpt>
      <trkpt lat="42.413495974615216" lon="2.815408017486334">
        <ele>343</ele>
      </trkpt>
      <trkpt lat="42.413625977933407" lon="2.815650003030896">
        <ele>342</ele>
      </trkpt>
      <trkpt lat="42.413639975711703" lon="2.815668024122715">
        <ele>342</ele>
      </trkpt>
      <trkpt lat="42.413639975711703" lon="2.815668024122715">
        <ele>342</ele>
      </trkpt>
      <trkpt lat="42.41369403898716" lon="2.815973963588476">
        <ele>342</ele>
      </trkpt>
      <trkpt lat="42.413705019280314" lon="2.81600397080183">
        <ele>342</ele>
      </trkpt>
      <trkpt lat="42.413830999284983" lon="2.816293984651566">
        <ele>341</ele>
      </trkpt>
      <trkpt lat="42.413994027301669" lon="2.816564971581101">
        <ele>341</ele>
      </trkpt>
      <trkpt lat="42.414139034226537" lon="2.816837970167399">
        <ele>340</ele>
      </trkpt>
      <trkpt lat="42.414259985089302" lon="2.817060006782413">
        <ele>340</ele>
      </trkpt>
      <trkpt lat="42.414410021156073" lon="2.817301992326975">
        <ele>340</ele>
      </trkpt>
      <trkpt lat="42.414572965353727" lon="2.81748304143548">
        <ele>339</ele>
      </trkpt>
      <trkpt lat="42.414786033332348" lon="2.817651014775038">
        <ele>337</ele>
      </trkpt>
      <trkpt lat="42.414971021935344" lon="2.817875985056162">
        <ele>334</ele>
      </trkpt>
      <trkpt lat="42.414971021935344" lon="2.81817396171391">
        <ele>332</ele>
      </trkpt>
      <trkpt lat="42.414820985868573" lon="2.818394992500544">
        <ele>329</ele>
      </trkpt>
      <trkpt lat="42.414707997813821" lon="2.818581992760301">
        <ele>327</ele>
      </trkpt>
      <trkpt lat="42.414527032524347" lon="2.818839987739921">
        <ele>325</ele>
      </trkpt>
      <trkpt lat="42.414433993399143" lon="2.819142993539572">
        <ele>322</ele>
      </trkpt>
      <trkpt lat="42.414581011980772" lon="2.819312978535891">
        <ele>319</ele>
      </trkpt>
      <trkpt lat="42.414742028340697" lon="2.819424960762262">
        <ele>317</ele>
      </trkpt>
      <trkpt lat="42.414969010278583" lon="2.819582037627697">
        <ele>315</ele>
      </trkpt>
      <trkpt lat="42.415162967517972" lon="2.819558987393975">
        <ele>314</ele>
      </trkpt>
      <trkpt lat="42.41526497527957" lon="2.819494027644396">
        <ele>312</ele>
      </trkpt>
      <trkpt lat="42.415389027446508" lon="2.819419009611011">
        <ele>311</ele>
      </trkpt>
      <trkpt lat="42.415579967200756" lon="2.819555969908834">
        <ele>310</ele>
      </trkpt>
      <trkpt lat="42.415612991899252" lon="2.819712040945888">
        <ele>310</ele>
      </trkpt>
      <trkpt lat="42.415665965527296" lon="2.819910021498799">
        <ele>311</ele>
      </trkpt>
      <trkpt lat="42.415718017145991" lon="2.820092998445034">
        <ele>312</ele>
      </trkpt>
      <trkpt lat="42.415768979117274" lon="2.820271030068398">
        <ele>314</ele>
      </trkpt>
      <trkpt lat="42.415789011865854" lon="2.820479990914464">
        <ele>315</ele>
      </trkpt>
      <trkpt lat="42.415798986330628" lon="2.820644024759531">
        <ele>316</ele>
      </trkpt>
      <trkpt lat="42.415817007422447" lon="2.820708984509111">
        <ele>316</ele>
      </trkpt>
      <trkpt lat="42.415755987167358" lon="2.820919035002589">
        <ele>316</ele>
      </trkpt>
      <trkpt lat="42.415707036852837" lon="2.820991035550833">
        <ele>316</ele>
      </trkpt>
      <trkpt lat="42.415613997727633" lon="2.821182981133461">
        <ele>317</ele>
      </trkpt>
      <trkpt lat="42.415530011057854" lon="2.821364030241966">
        <ele>318</ele>
      </trkpt>
      <trkpt lat="42.41543697193265" lon="2.821561004966497">
        <ele>320</ele>
      </trkpt>
      <trkpt lat="42.415358014404774" lon="2.821734007447958">
        <ele>321</ele>
      </trkpt>
      <trkpt lat="42.415357008576393" lon="2.821745993569493">
        <ele>321</ele>
      </trkpt>
      <trkpt lat="42.415367988869548" lon="2.821938022971153">
        <ele>322</ele>
      </trkpt>
      <trkpt lat="42.415412999689579" lon="2.82216802239418">
        <ele>324</ele>
      </trkpt>
      <trkpt lat="42.415378969162703" lon="2.82236298546195">
        <ele>326</ele>
      </trkpt>
      <trkpt lat="42.415258018299937" lon="2.822487959638238">
        <ele>326</ele>
      </trkpt>
      <trkpt lat="42.415131032466888" lon="2.822584016248584">
        <ele>326</ele>
      </trkpt>
      <trkpt lat="42.415019972249866" lon="2.822824995964766">
        <ele>326</ele>
      </trkpt>
      <trkpt lat="42.414956018328667" lon="2.823043009266257">
        <ele>327</ele>
      </trkpt>
      <trkpt lat="42.414953000843525" lon="2.82326596789062">
        <ele>327</ele>
      </trkpt>
      <trkpt lat="42.414971021935344" lon="2.823539972305298">
        <ele>327</ele>
      </trkpt>
      <trkpt lat="42.414986025542021" lon="2.823835015296936">
        <ele>328</ele>
      </trkpt>
      <trkpt lat="42.414999017491937" lon="2.824092004448175">
        <ele>328</ele>
      </trkpt>
      <trkpt lat="42.415017960593104" lon="2.82435997389257">
        <ele>328</ele>
      </trkpt>
      <trkpt lat="42.415017038583755" lon="2.824627021327615">
        <ele>328</ele>
      </trkpt>
      <trkpt lat="42.415032964199781" lon="2.824890967458487">
        <ele>330</ele>
      </trkpt>
      <trkpt lat="42.415108988061547" lon="2.825086014345288">
        <ele>330</ele>
      </trkpt>
      <trkpt lat="42.415260029956698" lon="2.825177041813731">
        <ele>331</ele>
      </trkpt>
      <trkpt lat="42.415318032726645" lon="2.825202019885182">
        <ele>331</ele>
      </trkpt>
      <trkpt lat="42.415406964719296" lon="2.825191039592028">
        <ele>336</ele>
      </trkpt>
      <trkpt lat="42.415467984974384" lon="2.825183998793364">
        <ele>334</ele>
      </trkpt>
      <trkpt lat="42.415615003556013" lon="2.82517796382308">
        <ele>335</ele>
      </trkpt>
      <trkpt lat="42.415675017982721" lon="2.825182992964983">
        <ele>335</ele>
      </trkpt>
      <trkpt lat="42.415834022685885" lon="2.82519799657166">
        <ele>335</ele>
      </trkpt>
      <trkpt lat="42.415903005748987" lon="2.825234960764647">
        <ele>335</ele>
      </trkpt>
      <trkpt lat="42.416084976866841" lon="2.825339986011386">
        <ele>335</ele>
      </trkpt>
      <trkpt lat="42.416270971298218" lon="2.825468983501196">
        <ele>336</ele>
      </trkpt>
      <trkpt lat="42.416389994323254" lon="2.825640980154276">
        <ele>336</ele>
      </trkpt>
      <trkpt lat="42.41648999042809" lon="2.825803002342582">
        <ele>336</ele>
      </trkpt>
      <trkpt lat="42.416598033159971" lon="2.825967958196998">
        <ele>337</ele>
      </trkpt>
      <trkpt lat="42.416634997352958" lon="2.826041970402002">
        <ele>337</ele>
      </trkpt>
      <trkpt lat="42.416665004566312" lon="2.826149007305503">
        <ele>338</ele>
      </trkpt>
      <trkpt lat="42.416693000122905" lon="2.826314968988299">
        <ele>339</ele>
      </trkpt>
      <trkpt lat="42.416738010942936" lon="2.826470034196973">
        <ele>340</ele>
      </trkpt>
      <trkpt lat="42.416743040084839" lon="2.826516972854734">
        <ele>340</ele>
      </trkpt>
      <trkpt lat="42.416748991236091" lon="2.826626021414995">
        <ele>342</ele>
      </trkpt>
      <trkpt lat="42.416738010942936" lon="2.826777985319495">
        <ele>343</ele>
      </trkpt>
      <trkpt lat="42.416732981801033" lon="2.826816039159894">
        <ele>343</ele>
      </trkpt>
      <trkpt lat="42.416702974587679" lon="2.826902959495783">
        <ele>343</ele>
      </trkpt>
      <trkpt lat="42.41668201982975" lon="2.826983006671071">
        <ele>343</ele>
      </trkpt>
      <trkpt lat="42.416641032323241" lon="2.827192973345518">
        <ele>343</ele>
      </trkpt>
      <trkpt lat="42.41659602150321" lon="2.827446023002267">
        <ele>344</ele>
      </trkpt>
      <trkpt lat="42.416562996804714" lon="2.827546019107103">
        <ele>344</ele>
      </trkpt>
      <trkpt lat="42.416515974327922" lon="2.827765960246325">
        <ele>345</ele>
      </trkpt>
      <trkpt lat="42.416442967951298" lon="2.827977016568184">
        <ele>346</ele>
      </trkpt>
      <trkpt lat="42.416422013193369" lon="2.82807600684464">
        <ele>347</ele>
      </trkpt>
      <trkpt lat="42.416505999863148" lon="2.828279016539455">
        <ele>348</ele>
      </trkpt>
      <trkpt lat="42.41653298959136" lon="2.828370966017246">
        <ele>349</ele>
      </trkpt>
      <trkpt lat="42.416599038988352" lon="2.828476997092366">
        <ele>351</ele>
      </trkpt>
      <trkpt lat="42.416608007624745" lon="2.828490994870663">
        <ele>351</ele>
      </trkpt>
      <trkpt lat="42.416716972365975" lon="2.828594008460641">
        <ele>352</ele>
      </trkpt>
      <trkpt lat="42.416874971240759" lon="2.829333040863276">
        <ele>350</ele>
      </trkpt>
      <trkpt lat="42.416818980127573" lon="2.829438988119364">
        <ele>349</ele>
      </trkpt>
      <trkpt lat="42.416717978194356" lon="2.829626994207501">
        <ele>348</ele>
      </trkpt>
      <trkpt lat="42.416614964604378" lon="2.829793961718679">
        <ele>346</ele>
      </trkpt>
      <trkpt lat="42.416601972654462" lon="2.829905021935701">
        <ele>345</ele>
      </trkpt>
      <trkpt lat="42.416619993746281" lon="2.830083975568414">
        <ele>344</ele>
      </trkpt>
      <trkpt lat="42.416674979031086" lon="2.83020400442183">
        <ele>343</ele>
      </trkpt>
      <trkpt lat="42.416680008172989" lon="2.830254966393113">
        <ele>342</ele>
      </trkpt>
      <trkpt lat="42.416669027879834" lon="2.830600971356034">
        <ele>340</ele>
      </trkpt>
      <trkpt lat="42.416724013164639" lon="2.830916969105601">
        <ele>338</ele>
      </trkpt>
      <trkpt lat="42.416726024821401" lon="2.83095401711762">
        <ele>338</ele>
      </trkpt>
      <trkpt lat="42.416743962094188" lon="2.831240007653832">
        <ele>335</ele>
      </trkpt>
      <trkpt lat="42.416800959035754" lon="2.831520969048142">
        <ele>334</ele>
      </trkpt>
      <trkpt lat="42.416861979290843" lon="2.831632029265165">
        <ele>333</ele>
      </trkpt>
      <trkpt lat="42.417007992044091" lon="2.831838978454471">
        <ele>332</ele>
      </trkpt>
      <trkpt lat="42.417135983705521" lon="2.83203000202775">
        <ele>332</ele>
      </trkpt>
      <trkpt lat="42.41728400811553" lon="2.83217903226614">
        <ele>332</ele>
      </trkpt>
      <trkpt lat="42.417466985061765" lon="2.832233011722565">
        <ele>332</ele>
      </trkpt>
      <trkpt lat="42.417618026956916" lon="2.832205016165972">
        <ele>332</ele>
      </trkpt>
      <trkpt lat="42.417773008346558" lon="2.832166962325573">
        <ele>332</ele>
      </trkpt>
      <trkpt lat="42.417953973636031" lon="2.832125974819064">
        <ele>332</ele>
      </trkpt>
      <trkpt lat="42.417975012212992" lon="2.832126980647445">
        <ele>332</ele>
      </trkpt>
      <trkpt lat="42.418042989447713" lon="2.83213603310287">
        <ele>332</ele>
      </trkpt>
      <trkpt lat="42.418111972510815" lon="2.83218196593225">
        <ele>332</ele>
      </trkpt>
      <trkpt lat="42.418171986937523" lon="2.832254972308874">
        <ele>332</ele>
      </trkpt>
      <trkpt lat="42.418245999142528" lon="2.832486983388662">
        <ele>332</ele>
      </trkpt>
      <trkpt lat="42.418245999142528" lon="2.832520008087158">
        <ele>332</ele>
      </trkpt>
      <trkpt lat="42.418219009414315" lon="2.832614975050092">
        <ele>332</ele>
      </trkpt>
      <trkpt lat="42.418147008866072" lon="2.832761993631721">
        <ele>332</ele>
      </trkpt>
      <trkpt lat="42.418103003874421" lon="2.832792000845075">
        <ele>332</ele>
      </trkpt>
      <trkpt lat="42.418002001941204" lon="2.832879004999995">
        <ele>331</ele>
      </trkpt>
      <trkpt lat="42.417916003614664" lon="2.833126019686461">
        <ele>329</ele>
      </trkpt>
      <trkpt lat="42.417899994179606" lon="2.83340304158628">
        <ele>329</ele>
      </trkpt>
      <trkpt lat="42.417864035815001" lon="2.833662964403629">
        <ele>329</ele>
      </trkpt>
      <trkpt lat="42.417806033045053" lon="2.833893969655037">
        <ele>328</ele>
      </trkpt>
      <trkpt lat="42.417717017233372" lon="2.834130004048348">
        <ele>328</ele>
      </trkpt>
      <trkpt lat="42.417632024735212" lon="2.834355980157852">
        <ele>328</ele>
      </trkpt>
      <trkpt lat="42.417593970894814" lon="2.83445798791945">
        <ele>329</ele>
      </trkpt>
      <trkpt lat="42.417511995881796" lon="2.834626967087388">
        <ele>329</ele>
      </trkpt>
      <trkpt lat="42.417408982291818" lon="2.83480198122561">
        <ele>330</ele>
      </trkpt>
      <trkpt lat="42.41724100895226" lon="2.834918992593885">
        <ele>330</ele>
      </trkpt>
      <trkpt lat="42.417172025889158" lon="2.834984036162496">
        <ele>330</ele>
      </trkpt>
      <trkpt lat="42.417059959843755" lon="2.835183022543788">
        <ele>329</ele>
      </trkpt>
      <trkpt lat="42.417118968442082" lon="2.835451997816563">
        <ele>329</ele>
      </trkpt>
      <trkpt lat="42.417187029495835" lon="2.835625000298023">
        <ele>329</ele>
      </trkpt>
      <trkpt lat="42.417259030044079" lon="2.835899004712701">
        <ele>328</ele>
      </trkpt>
      <trkpt lat="42.417315021157265" lon="2.836151970550418">
        <ele>328</ele>
      </trkpt>
      <trkpt lat="42.417316026985645" lon="2.836172003298998">
        <ele>327</ele>
      </trkpt>
      <trkpt lat="42.417411999776959" lon="2.836398985236883">
        <ele>327</ele>
      </trkpt>
      <trkpt lat="42.417634036391973" lon="2.836451036855578">
        <ele>326</ele>
      </trkpt>
      <trkpt lat="42.417778959497809" lon="2.836503004655242">
        <ele>326</ele>
      </trkpt>
      <trkpt lat="42.417946010828018" lon="2.836309969425201">
        <ele>326</ele>
      </trkpt>
      <trkpt lat="42.41808095946908" lon="2.836236041039228">
        <ele>325</ele>
      </trkpt>
      <trkpt lat="42.418265026062727" lon="2.83604602329433">
        <ele>323</ele>
      </trkpt>
      <trkpt lat="42.418267959728837" lon="2.83602699637413">
        <ele>323</ele>
      </trkpt>
      <trkpt lat="42.418285980820656" lon="2.835876038298011">
        <ele>321</ele>
      </trkpt>
      <trkpt lat="42.418454959988594" lon="2.835709992796183">
        <ele>320</ele>
      </trkpt>
      <trkpt lat="42.418641960248351" lon="2.835604967549443">
        <ele>320</ele>
      </trkpt>
      <trkpt lat="42.418775986880064" lon="2.835480999201536">
        <ele>320</ele>
      </trkpt>
      <trkpt lat="42.418914958834648" lon="2.835369016975164">
        <ele>319</ele>
      </trkpt>
      <trkpt lat="42.41902400739491" lon="2.835215041413903">
        <ele>317</ele>
      </trkpt>
      <trkpt lat="42.419157028198242" lon="2.835029968991876">
        <ele>316</ele>
      </trkpt>
      <trkpt lat="42.419216958805919" lon="2.834928967058659">
        <ele>316</ele>
      </trkpt>
      <trkpt lat="42.419338999316096" lon="2.834797035902739">
        <ele>314</ele>
      </trkpt>
      <trkpt lat="42.419499009847641" lon="2.834765017032623">
        <ele>314</ele>
      </trkpt>
      <trkpt lat="42.419587019830942" lon="2.834786977618933">
        <ele>314</ele>
      </trkpt>
      <trkpt lat="42.419737977907062" lon="2.834946988150477">
        <ele>316</ele>
      </trkpt>
      <trkpt lat="42.419750969856977" lon="2.834968026727438">
        <ele>316</ele>
      </trkpt>
      <trkpt lat="42.419835962355137" lon="2.835101969540119">
        <ele>316</ele>
      </trkpt>
      <trkpt lat="42.419909974560142" lon="2.835304979234934">
        <ele>316</ele>
      </trkpt>
      <trkpt lat="42.419925983995199" lon="2.835417967289686">
        <ele>316</ele>
      </trkpt>
      <trkpt lat="42.419945010915399" lon="2.83551100641489">
        <ele>316</ele>
      </trkpt>
      <trkpt lat="42.420111978426576" lon="2.835647966712713">
        <ele>317</ele>
      </trkpt>
      <trkpt lat="42.420256985351443" lon="2.835759026929736">
        <ele>317</ele>
      </trkpt>
      <trkpt lat="42.42033401504159" lon="2.835836978629232">
        <ele>316</ele>
      </trkpt>
      <trkpt lat="42.420517997816205" lon="2.83591995947063">
        <ele>316</ele>
      </trkpt>
      <trkpt lat="42.420723019167781" lon="2.835901016369462">
        <ele>316</ele>
      </trkpt>
      <trkpt lat="42.420898033306003" lon="2.835857011377811">
        <ele>315</ele>
      </trkpt>
      <trkpt lat="42.421083021908998" lon="2.835862040519714">
        <ele>315</ele>
      </trkpt>
      <trkpt lat="42.421148987486959" lon="2.835864974185824">
        <ele>315</ele>
      </trkpt>
      <trkpt lat="42.421292988583446" lon="2.835790039971471">
        <ele>315</ele>
      </trkpt>
      <trkpt lat="42.421334981918335" lon="2.835722984746099">
        <ele>315</ele>
      </trkpt>
      <trkpt lat="42.421373035758734" lon="2.835658024996519">
        <ele>315</ele>
      </trkpt>
      <trkpt lat="42.421401031315327" lon="2.835598010569811">
        <ele>315</ele>
      </trkpt>
      <trkpt lat="42.421463979408145" lon="2.83546800725162">
        <ele>316</ele>
      </trkpt>
      <trkpt lat="42.421528017148376" lon="2.835259968414903">
        <ele>317</ele>
      </trkpt>
      <trkpt lat="42.421599011868238" lon="2.83508000895381">
        <ele>318</ele>
      </trkpt>
      <trkpt lat="42.421622984111309" lon="2.835018988698721">
        <ele>318</ele>
      </trkpt>
      <trkpt lat="42.421642011031508" lon="2.834929972887039">
        <ele>319</ele>
      </trkpt>
      <trkpt lat="42.421746030449867" lon="2.834709025919437">
        <ele>320</ele>
      </trkpt>
      <trkpt lat="42.421844014897943" lon="2.83454398624599">
        <ele>321</ele>
      </trkpt>
      <trkpt lat="42.421922972425818" lon="2.834353968501091">
        <ele>322</ele>
      </trkpt>
      <trkpt lat="42.421963037922978" lon="2.83417702652514">
        <ele>322</ele>
      </trkpt>
      <trkpt lat="42.422007964923978" lon="2.834012992680073">
        <ele>323</ele>
      </trkpt>
      <trkpt lat="42.4220310151577" lon="2.833862034603953">
        <ele>323</ele>
      </trkpt>
      <trkpt lat="42.422036966308951" lon="2.833783999085426">
        <ele>324</ele>
      </trkpt>
      <trkpt lat="42.422060016542673" lon="2.833707975223661">
        <ele>325</ele>
      </trkpt>
      <trkpt lat="42.422084994614124" lon="2.833485016599298">
        <ele>326</ele>
      </trkpt>
      <trkpt lat="42.422099998220801" lon="2.833306984975934">
        <ele>326</ele>
      </trkpt>
      <trkpt lat="42.422079965472221" lon="2.833087965846062">
        <ele>327</ele>
      </trkpt>
      <trkpt lat="42.422050964087248" lon="2.832897026091814">
        <ele>327</ele>
      </trkpt>
      <trkpt lat="42.422078959643841" lon="2.83265202306211">
        <ele>328</ele>
      </trkpt>
      <trkpt lat="42.422084994614124" lon="2.832450019195676">
        <ele>328</ele>
      </trkpt>
      <trkpt lat="42.422092035412788" lon="2.832419006153941">
        <ele>328</ele>
      </trkpt>
      <trkpt lat="42.422107961028814" lon="2.832254972308874">
        <ele>328</ele>
      </trkpt>
      <trkpt lat="42.422165041789412" lon="2.832039976492524">
        <ele>328</ele>
      </trkpt>
      <trkpt lat="42.42226897738874" lon="2.83187803812325">
        <ele>327</ele>
      </trkpt>
      <trkpt lat="42.422331003472209" lon="2.831808971241117">
        <ele>326</ele>
      </trkpt>
      <trkpt lat="42.422409961000085" lon="2.831739988178015">
        <ele>326</ele>
      </trkpt>
      <trkpt lat="42.422543987631798" lon="2.831603027880192">
        <ele>325</ele>
      </trkpt>
      <trkpt lat="42.422558991238475" lon="2.831591963768005">
        <ele>324</ele>
      </trkpt>
      <trkpt lat="42.422685977071524" lon="2.831507977098227">
        <ele>324</ele>
      </trkpt>
      <trkpt lat="42.422838024795055" lon="2.831398006528616">
        <ele>323</ele>
      </trkpt>
      <trkpt lat="42.42297699674964" lon="2.831217041239142">
        <ele>321</ele>
      </trkpt>
      <trkpt lat="42.423116974532604" lon="2.831068011000752">
        <ele>319</ele>
      </trkpt>
      <trkpt lat="42.423269022256136" lon="2.83108402043581">
        <ele>319</ele>
      </trkpt>
      <trkpt lat="42.423410005867481" lon="2.83112701959908">
        <ele>319</ele>
      </trkpt>
      <trkpt lat="42.423527017235756" lon="2.831180999055505">
        <ele>319</ele>
      </trkpt>
      <trkpt lat="42.423535985872149" lon="2.831185022369027">
        <ele>319</ele>
      </trkpt>
      <trkpt lat="42.423555012792349" lon="2.831196002662182">
        <ele>319</ele>
      </trkpt>
      <trkpt lat="42.423599017783999" lon="2.83121201209724">
        <ele>319</ele>
      </trkpt>
      <trkpt lat="42.423750981688499" lon="2.83117001876235">
        <ele>320</ele>
      </trkpt>
      <trkpt lat="42.423902023583651" lon="2.831182004883885">
        <ele>322</ele>
      </trkpt>
      <trkpt lat="42.424048958346248" lon="2.831190973520279">
        <ele>323</ele>
      </trkpt>
      <trkpt lat="42.424176027998328" lon="2.831228021532297">
        <ele>325</ele>
      </trkpt>
      <trkpt lat="42.424262026324868" lon="2.831226009875536">
        <ele>326</ele>
      </trkpt>
      <trkpt lat="42.424360010772943" lon="2.831203965470195">
        <ele>328</ele>
      </trkpt>
      <trkpt lat="42.424402004107833" lon="2.831190973520279">
        <ele>328</ele>
      </trkpt>
      <trkpt lat="42.424496971070766" lon="2.831158032640815">
        <ele>330</ele>
      </trkpt>
      <trkpt lat="42.424627980217338" lon="2.831132970750332">
        <ele>332</ele>
      </trkpt>
      <trkpt lat="42.424774998798966" lon="2.831157026812434">
        <ele>334</ele>
      </trkpt>
      <trkpt lat="42.424849011003971" lon="2.831162977963686">
        <ele>334</ele>
      </trkpt>
      <trkpt lat="42.424924029037356" lon="2.831139005720615">
        <ele>336</ele>
      </trkpt>
      <trkpt lat="42.425011033192277" lon="2.831075973808765">
        <ele>338</ele>
      </trkpt>
      <trkpt lat="42.425089990720153" lon="2.831002967432141">
        <ele>340</ele>
      </trkpt>
      <trkpt lat="42.42516802623868" lon="2.830940019339323">
        <ele>342</ele>
      </trkpt>
      <trkpt lat="42.425267016515136" lon="2.83091101795435">
        <ele>344</ele>
      </trkpt>
      <trkpt lat="42.425385033711791" lon="2.830916969105601">
        <ele>346</ele>
      </trkpt>
      <trkpt lat="42.425468014553189" lon="2.830913029611111">
        <ele>349</ele>
      </trkpt>
      <trkpt lat="42.425543032586575" lon="2.830903977155685">
        <ele>351</ele>
      </trkpt>
      <trkpt lat="42.425656020641327" lon="2.830929961055517">
        <ele>353</ele>
      </trkpt>
      <trkpt lat="42.425760962069035" lon="2.830978995189071">
        <ele>356</ele>
      </trkpt>
      <trkpt lat="42.425841009244323" lon="2.831028029322624">
        <ele>358</ele>
      </trkpt>
      <trkpt lat="42.425918960943818" lon="2.831073962152004">
        <ele>360</ele>
      </trkpt>
      <trkpt lat="42.426015017554164" lon="2.831096006557345">
        <ele>362</ele>
      </trkpt>
      <trkpt lat="42.426115013659" lon="2.831142023205757">
        <ele>365</ele>
      </trkpt>
      <trkpt lat="42.426204029470682" lon="2.831203965470195">
        <ele>367</ele>
      </trkpt>
      <trkpt lat="42.426289021968842" lon="2.831262974068523">
        <ele>369</ele>
      </trkpt>
      <trkpt lat="42.426406033337116" lon="2.831301027908921">
        <ele>371</ele>
      </trkpt>
      <trkpt lat="42.426512986421585" lon="2.831297004595399">
        <ele>372</ele>
      </trkpt>
      <trkpt lat="42.42660803720355" lon="2.831282000988722">
        <ele>373</ele>
      </trkpt>
      <trkpt lat="42.426647013053298" lon="2.831303039565682">
        <ele>374</ele>
      </trkpt>
      <trkpt lat="42.426628991961479" lon="2.831400018185377">
        <ele>376</ele>
      </trkpt>
      <trkpt lat="42.426550034433603" lon="2.831517029553652">
        <ele>376</ele>
      </trkpt>
      <trkpt lat="42.426427993923426" lon="2.831657007336617">
        <ele>378</ele>
      </trkpt>
      <trkpt lat="42.426290027797222" lon="2.831763038411737">
        <ele>378</ele>
      </trkpt>
      <trkpt lat="42.426279969513416" lon="2.831766977906227">
        <ele>378</ele>
      </trkpt>
      <trkpt lat="42.426133034750819" lon="2.831811988726258">
        <ele>376</ele>
      </trkpt>
      <trkpt lat="42.425963971763849" lon="2.831881977617741">
        <ele>374</ele>
      </trkpt>
      <trkpt lat="42.425795998424292" lon="2.831969987601042">
        <ele>372</ele>
      </trkpt>
      <trkpt lat="42.425751993432641" lon="2.832006029784679">
        <ele>372</ele>
      </trkpt>
      <trkpt lat="42.425647974014282" lon="2.832192024216056">
        <ele>372</ele>
      </trkpt>
      <trkpt lat="42.425602963194251" lon="2.83233099617064">
        <ele>374</ele>
      </trkpt>
      <trkpt lat="42.4255589582026" lon="2.832445995882154">
        <ele>374</ele>
      </trkpt>
      <trkpt lat="42.425475977361202" lon="2.832574993371964">
        <ele>376</ele>
      </trkpt>
      <trkpt lat="42.425444964319468" lon="2.832745984196663">
        <ele>378</ele>
      </trkpt>
      <trkpt lat="42.425455022603273" lon="2.832894008606672">
        <ele>379</ele>
      </trkpt>
      <trkpt lat="42.425458040088415" lon="2.832919992506504">
        <ele>380</ele>
      </trkpt>
      <trkpt lat="42.425482012331486" lon="2.833105986937881">
        <ele>382</ele>
      </trkpt>
      <trkpt lat="42.425480000674725" lon="2.833317965269089">
        <ele>384</ele>
      </trkpt>
      <trkpt lat="42.425531968474388" lon="2.833470012992621">
        <ele>385</ele>
      </trkpt>
      <trkpt lat="42.425649985671043" lon="2.833473030477762">
        <ele>386</ele>
      </trkpt>
      <trkpt lat="42.425722992047668" lon="2.833437994122505">
        <ele>387</ele>
      </trkpt>
      <trkpt lat="42.425754005089402" lon="2.833420978859067">
        <ele>387</ele>
      </trkpt>
      <trkpt lat="42.425783006474376" lon="2.83340597525239">
        <ele>389</ele>
      </trkpt>
      <trkpt lat="42.425832040607929" lon="2.833377979695797">
        <ele>390</ele>
      </trkpt>
      <trkpt lat="42.425917033106089" lon="2.833322994410992">
        <ele>392</ele>
      </trkpt>
      <trkpt lat="42.425974030047655" lon="2.833291981369257">
        <ele>393</ele>
      </trkpt>
      <trkpt lat="42.426021974533796" lon="2.833267003297806">
        <ele>394</ele>
      </trkpt>
      <trkpt lat="42.426119958981872" lon="2.833209000527859">
        <ele>396</ele>
      </trkpt>
      <trkpt lat="42.42620000615716" lon="2.833160972222686">
        <ele>398</ele>
      </trkpt>
      <trkpt lat="42.426238982006907" lon="2.833159966394305">
        <ele>400</ele>
      </trkpt>
      <trkpt lat="42.426339983940125" lon="2.833105986937881">
        <ele>402</ele>
      </trkpt>
      <trkpt lat="42.426419025287032" lon="2.833048989996314">
        <ele>403</ele>
      </trkpt>
      <trkpt lat="42.426498988643289" lon="2.833001967519522">
        <ele>406</ele>
      </trkpt>
      <trkpt lat="42.426532013341784" lon="2.83297598361969">
        <ele>409</ele>
      </trkpt>
      <trkpt lat="42.426622034981847" lon="2.832927033305168">
        <ele>411</ele>
      </trkpt>
      <trkpt lat="42.426642989739776" lon="2.832916975021362">
        <ele>411</ele>
      </trkpt>
      <trkpt lat="42.426777016371489" lon="2.832877999171615">
        <ele>411</ele>
      </trkpt>
      <trkpt lat="42.426829989999533" lon="2.832891996949911">
        <ele>412</ele>
      </trkpt>
      <trkpt lat="42.426882041618228" lon="2.832917980849743">
        <ele>412</ele>
      </trkpt>
      <trkpt lat="42.427010033279657" lon="2.833015965297818">
        <ele>413</ele>
      </trkpt>
      <trkpt lat="42.427070969715714" lon="2.833069022744894">
        <ele>415</ele>
      </trkpt>
      <trkpt lat="42.427163003012538" lon="2.833166001364589">
        <ele>416</ele>
      </trkpt>
      <trkpt lat="42.427270961925387" lon="2.833204977214336">
        <ele>417</ele>
      </trkpt>
      <trkpt lat="42.427314966917038" lon="2.833220986649394">
        <ele>419</ele>
      </trkpt>
      <trkpt lat="42.427418986335397" lon="2.833247976377606">
        <ele>422</ele>
      </trkpt>
      <trkpt lat="42.427526023238897" lon="2.833244036883116">
        <ele>423</ele>
      </trkpt>
      <trkpt lat="42.427650997415185" lon="2.833224004134536">
        <ele>425</ele>
      </trkpt>
      <trkpt lat="42.427670024335384" lon="2.833212018013001">
        <ele>425</ele>
      </trkpt>
      <trkpt lat="42.427773959934711" lon="2.833135994151235">
        <ele>427</ele>
      </trkpt>
      <trkpt lat="42.42781100794673" lon="2.833130965009332">
        <ele>427</ele>
      </trkpt>
      <trkpt lat="42.427862975746393" lon="2.833183016628027">
        <ele>427</ele>
      </trkpt>
      <trkpt lat="42.427938999608159" lon="2.833313019946218">
        <ele>429</ele>
      </trkpt>
      <trkpt lat="42.428062967956066" lon="2.833364987745881">
        <ele>429</ele>
      </trkpt>
      <trkpt lat="42.428149972110987" lon="2.833390971645713">
        <ele>428</ele>
      </trkpt>
      <trkpt lat="42.428227001801133" lon="2.833452997729182">
        <ele>427</ele>
      </trkpt>
      <trkpt lat="42.428372008726001" lon="2.833425002172589">
        <ele>424</ele>
      </trkpt>
      <trkpt lat="42.428377037867904" lon="2.833413016051054">
        <ele>424</ele>
      </trkpt>
      <trkpt lat="42.428470999002457" lon="2.833216963335872">
        <ele>423</ele>
      </trkpt>
      <trkpt lat="42.428553979843855" lon="2.833070028573275">
        <ele>423</ele>
      </trkpt>
      <trkpt lat="42.428665040060878" lon="2.832953017205">
        <ele>421</ele>
      </trkpt>
      <trkpt lat="42.428727988153696" lon="2.832908006384969">
        <ele>421</ele>
      </trkpt>
      <trkpt lat="42.428862014785409" lon="2.832766016945243">
        <ele>423</ele>
      </trkpt>
      <trkpt lat="42.42886696010828" lon="2.832757970318198">
        <ele>423</ele>
      </trkpt>
      <trkpt lat="42.429012972861528" lon="2.832598965615034">
        <ele>423</ele>
      </trkpt>
      <trkpt lat="42.429114980623126" lon="2.832516990602016">
        <ele>423</ele>
      </trkpt>
      <trkpt lat="42.429254036396742" lon="2.832477008923888">
        <ele>423</ele>
      </trkpt>
      <trkpt lat="42.429366018623114" lon="2.832486983388662">
        <ele>424</ele>
      </trkpt>
      <trkpt lat="42.429412035271525" lon="2.832486983388662">
        <ele>425</ele>
      </trkpt>
      <trkpt lat="42.429502978920937" lon="2.83250299282372">
        <ele>426</ele>
      </trkpt>
      <trkpt lat="42.429647985845804" lon="2.832554038614035">
        <ele>425</ele>
      </trkpt>
      <trkpt lat="42.429772038012743" lon="2.832602988928556">
        <ele>425</ele>
      </trkpt>
      <trkpt lat="42.429889971390367" lon="2.832603994756937">
        <ele>425</ele>
      </trkpt>
      <trkpt lat="42.429990973323584" lon="2.832625033333898">
        <ele>425</ele>
      </trkpt>
      <trkpt lat="42.430098010227084" lon="2.832665015012026">
        <ele>424</ele>
      </trkpt>
      <trkpt lat="42.430285010486841" lon="2.832678006961942">
        <ele>424</ele>
      </trkpt>
      <trkpt lat="42.430379977449775" lon="2.832681024447084">
        <ele>424</ele>
      </trkpt>
      <trkpt lat="42.430530013516545" lon="2.832812033593655">
        <ele>424</ele>
      </trkpt>
      <trkpt lat="42.430559014901519" lon="2.832840029150248">
        <ele>424</ele>
      </trkpt>
      <trkpt lat="42.430623974651098" lon="2.833059970289469">
        <ele>424</ele>
      </trkpt>
      <trkpt lat="42.430661022663116" lon="2.833191985264421">
        <ele>423</ele>
      </trkpt>
      <trkpt lat="42.430748026818037" lon="2.833451991900802">
        <ele>421</ele>
      </trkpt>
      <trkpt lat="42.430713996291161" lon="2.833664976060391">
        <ele>420</ele>
      </trkpt>
      <trkpt lat="42.430719025433064" lon="2.833828004077077">
        <ele>418</ele>
      </trkpt>
      <trkpt lat="42.430721959099174" lon="2.833844013512135">
        <ele>418</ele>
      </trkpt>
      <trkpt lat="42.430741991847754" lon="2.83394300378859">
        <ele>418</ele>
      </trkpt>
      <trkpt lat="42.430781973525882" lon="2.834096979349852">
        <ele>416</ele>
      </trkpt>
      <trkpt lat="42.430789014324546" lon="2.834131009876728">
        <ele>416</ele>
      </trkpt>
      <trkpt lat="42.430848022922873" lon="2.83426302485168">
        <ele>415</ele>
      </trkpt>
      <trkpt lat="42.430902002379298" lon="2.834413982927799">
        <ele>413</ele>
      </trkpt>
      <trkpt lat="42.430936032906175" lon="2.834605006501079">
        <ele>410</ele>
      </trkpt>
      <trkpt lat="42.430918011814356" lon="2.834687987342477">
        <ele>408</ele>
      </trkpt>
      <trkpt lat="42.430886998772621" lon="2.83482301980257">
        <ele>406</ele>
      </trkpt>
      <trkpt lat="42.430885992944241" lon="2.835085038095713">
        <ele>404</ele>
      </trkpt>
      <trkpt lat="42.430910971015692" lon="2.835434982553124">
        <ele>403</ele>
      </trkpt>
      <trkpt lat="42.430995963513851" lon="2.835588036105037">
        <ele>403</ele>
      </trkpt>
      <trkpt lat="42.431008033454418" lon="2.835591975599527">
        <ele>403</ele>
      </trkpt>
      <trkpt lat="42.431109035387635" lon="2.83561896532774">
        <ele>401</ele>
      </trkpt>
      <trkpt lat="42.431262005120516" lon="2.835601028054953">
        <ele>400</ele>
      </trkpt>
      <trkpt lat="42.431355966255069" lon="2.835601028054953">
        <ele>399</ele>
      </trkpt>
      <trkpt lat="42.43137801066041" lon="2.835611002519727">
        <ele>399</ele>
      </trkpt>
      <trkpt lat="42.43150700815022" lon="2.835718961432576">
        <ele>396</ele>
      </trkpt>
      <trkpt lat="42.43157004006207" lon="2.835765983909369">
        <ele>395</ele>
      </trkpt>
      <trkpt lat="42.4316790048033" lon="2.835849970579147">
        <ele>392</ele>
      </trkpt>
      <trkpt lat="42.431667018681765" lon="2.835977962240577">
        <ele>389</ele>
      </trkpt>
      <trkpt lat="42.431653020903468" lon="2.835995983332396">
        <ele>389</ele>
      </trkpt>
      <trkpt lat="42.431498039513826" lon="2.836178038269281">
        <ele>387</ele>
      </trkpt>
      <trkpt lat="42.431340040639043" lon="2.836352968588471">
        <ele>384</ele>
      </trkpt>
      <trkpt lat="42.431258987635374" lon="2.836442990228534">
        <ele>382</ele>
      </trkpt>
      <trkpt lat="42.431287989020348" lon="2.836567964404821">
        <ele>380</ele>
      </trkpt>
      <trkpt lat="42.431359989568591" lon="2.836600989103317">
        <ele>380</ele>
      </trkpt>
      <trkpt lat="42.431424027308822" lon="2.836586991325021">
        <ele>379</ele>
      </trkpt>
      <trkpt lat="42.431576997041702" lon="2.836558995768428">
        <ele>377</ele>
      </trkpt>
      <trkpt lat="42.431633993983269" lon="2.836568970233202">
        <ele>377</ele>
      </trkpt>
      <trkpt lat="42.431660983711481" lon="2.836583973839879">
        <ele>377</ele>
      </trkpt>
      <trkpt lat="42.431794004514813" lon="2.836679024621844">
        <ele>377</ele>
      </trkpt>
      <trkpt lat="42.431812025606632" lon="2.836707020178437">
        <ele>377</ele>
      </trkpt>
      <trkpt lat="42.43189400061965" lon="2.836830988526344">
        <ele>377</ele>
      </trkpt>
      <trkpt lat="42.431944962590933" lon="2.836874993517995">
        <ele>375</ele>
      </trkpt>
      <trkpt lat="42.431986033916473" lon="2.837096024304628">
        <ele>374</ele>
      </trkpt>
      <trkpt lat="42.431948985904455" lon="2.837284030392766">
        <ele>374</ele>
      </trkpt>
      <trkpt lat="42.431950997561216" lon="2.837450997903943">
        <ele>373</ele>
      </trkpt>
      <trkpt lat="42.431953009217978" lon="2.8374860342592">
        <ele>372</ele>
      </trkpt>
      <trkpt lat="42.43204303085804" lon="2.837760960683227">
        <ele>369</ele>
      </trkpt>
      <trkpt lat="42.432058034464717" lon="2.837783005088568">
        <ele>369</ele>
      </trkpt>
      <trkpt lat="42.432150989770889" lon="2.837903033941984">
        <ele>368</ele>
      </trkpt>
      <trkpt lat="42.4322609603405" lon="2.838041000068188">
        <ele>365</ele>
      </trkpt>
      <trkpt lat="42.432395992800593" lon="2.838128004223108">
        <ele>362</ele>
      </trkpt>
      <trkpt lat="42.432503029704094" lon="2.838191036134958">
        <ele>360</ele>
      </trkpt>
      <trkpt lat="42.43264895863831" lon="2.838306035846472">
        <ele>358</ele>
      </trkpt>
      <trkpt lat="42.432659016922116" lon="2.838352974504232">
        <ele>358</ele>
      </trkpt>
      <trkpt lat="42.432642001658678" lon="2.838430004194379">
        <ele>356</ele>
      </trkpt>
      <trkpt lat="42.432532031089067" lon="2.838598983362317">
        <ele>354</ele>
      </trkpt>
      <trkpt lat="42.432416025549173" lon="2.838797969743609">
        <ele>353</ele>
      </trkpt>
      <trkpt lat="42.4322609603405" lon="2.83894800581038">
        <ele>351</ele>
      </trkpt>
      <trkpt lat="42.432111008092761" lon="2.838943982496858">
        <ele>350</ele>
      </trkpt>
      <trkpt lat="42.432030960917473" lon="2.838953034952283">
        <ele>349</ele>
      </trkpt>
      <trkpt lat="42.431887965649366" lon="2.83912000246346">
        <ele>347</ele>
      </trkpt>
      <trkpt lat="42.431795010343194" lon="2.839309014379978">
        <ele>344</ele>
      </trkpt>
      <trkpt lat="42.43176500312984" lon="2.839401969686151">
        <ele>343</ele>
      </trkpt>
      <trkpt lat="42.431725021451712" lon="2.839648984372616">
        <ele>340</ele>
      </trkpt>
      <trkpt lat="42.431627037003636" lon="2.839780999347568">
        <ele>339</ele>
      </trkpt>
      <trkpt lat="42.431589988991618" lon="2.839779993519187">
        <ele>337</ele>
      </trkpt>
      <trkpt lat="42.431391002610326" lon="2.839760966598988">
        <ele>335</ele>
      </trkpt>
      <trkpt lat="42.431326964870095" lon="2.839756021276116">
        <ele>334</ele>
      </trkpt>
      <trkpt lat="42.431240966543555" lon="2.839771024882793">
        <ele>332</ele>
      </trkpt>
      <trkpt lat="42.431129990145564" lon="2.839772030711174">
        <ele>331</ele>
      </trkpt>
      <trkpt lat="42.431085985153913" lon="2.839773958548904">
        <ele>330</ele>
      </trkpt>
      <trkpt lat="42.430939972400665" lon="2.839916031807661">
        <ele>328</ele>
      </trkpt>
      <trkpt lat="42.430847017094493" lon="2.840106971561909">
        <ele>327</ele>
      </trkpt>
      <trkpt lat="42.430751966312528" lon="2.840375024825335">
        <ele>325</ele>
      </trkpt>
      <trkpt lat="42.430736962705851" lon="2.840540986508131">
        <ele>324</ele>
      </trkpt>
      <trkpt lat="42.430783985182643" lon="2.840779032558203">
        <ele>324</ele>
      </trkpt>
      <trkpt lat="42.430827990174294" lon="2.841019006446004">
        <ele>324</ele>
      </trkpt>
      <trkpt lat="42.430840982124209" lon="2.841140041127801">
        <ele>324</ele>
      </trkpt>
      <trkpt lat="42.430852968245745" lon="2.841327041387558">
        <ele>323</ele>
      </trkpt>
      <trkpt lat="42.430830001831055" lon="2.841580007225275">
        <ele>320</ele>
      </trkpt>
      <trkpt lat="42.430767975747585" lon="2.841793997213244">
        <ele>317</ele>
      </trkpt>
      <trkpt lat="42.430694969370961" lon="2.841945961117744">
        <ele>316</ele>
      </trkpt>
      <trkpt lat="42.430555997416377" lon="2.842101026326418">
        <ele>315</ele>
      </trkpt>
      <trkpt lat="42.430372014641762" lon="2.842142013832927">
        <ele>315</ele>
      </trkpt>
      <trkpt lat="42.430298002436757" lon="2.842146959155798">
        <ele>315</ele>
      </trkpt>
      <trkpt lat="42.430276041850448" lon="2.842155005782843">
        <ele>315</ele>
      </trkpt>
      <trkpt lat="42.430103039368987" lon="2.842164980247617">
        <ele>315</ele>
      </trkpt>
      <trkpt lat="42.430078983306885" lon="2.842151988297701">
        <ele>315</ele>
      </trkpt>
      <trkpt lat="42.430031960830092" lon="2.842130027711391">
        <ele>315</ele>
      </trkpt>
      <trkpt lat="42.429983010515571" lon="2.842121981084347">
        <ele>315</ele>
      </trkpt>
      <trkpt lat="42.429816965013742" lon="2.842131033539772">
        <ele>315</ele>
      </trkpt>
      <trkpt lat="42.429675981402397" lon="2.842284003272653">
        <ele>316</ele>
      </trkpt>
      <trkpt lat="42.429611021652818" lon="2.842500004917383">
        <ele>316</ele>
      </trkpt>
      <trkpt lat="42.429602975025773" lon="2.842627996578813">
        <ele>314</ele>
      </trkpt>
      <trkpt lat="42.429496021941304" lon="2.84283896908164">
        <ele>313</ele>
      </trkpt>
      <trkpt lat="42.429394014179707" lon="2.843043990433216">
        <ele>310</ele>
      </trkpt>
      <trkpt lat="42.429324025288224" lon="2.843289999291301">
        <ele>309</ele>
      </trkpt>
      <trkpt lat="42.429270967841148" lon="2.84350298345089">
        <ele>307</ele>
      </trkpt>
      <trkpt lat="42.429267028346658" lon="2.843536008149386">
        <ele>307</ele>
      </trkpt>
      <trkpt lat="42.429253030568361" lon="2.843743041157723">
        <ele>305</ele>
      </trkpt>
      <trkpt lat="42.429239032790065" lon="2.843985026702285">
        <ele>304</ele>
      </trkpt>
      <trkpt lat="42.429221011698246" lon="2.844199016690254">
        <ele>303</ele>
      </trkpt>
      <trkpt lat="42.429220005869865" lon="2.844347963109613">
        <ele>303</ele>
      </trkpt>
      <trkpt lat="42.429149011150002" lon="2.844585003331304">
        <ele>301</ele>
      </trkpt>
      <trkpt lat="42.429047003388405" lon="2.844792036339641">
        <ele>299</ele>
      </trkpt>
      <trkpt lat="42.428959999233484" lon="2.845036033540964">
        <ele>296</ele>
      </trkpt>
      <trkpt lat="42.42888598702848" lon="2.845220016315579">
        <ele>295</ele>
      </trkpt>
      <trkpt lat="42.428783979266882" lon="2.845440041273832">
        <ele>292</ele>
      </trkpt>
      <trkpt lat="42.428655987605453" lon="2.845674986019731">
        <ele>291</ele>
      </trkpt>
      <trkpt lat="42.42856303229928" lon="2.845934992656112">
        <ele>290</ele>
      </trkpt>
      <trkpt lat="42.428458007052541" lon="2.846203967928886">
        <ele>287</ele>
      </trkpt>
      <trkpt lat="42.428418025374413" lon="2.846271023154259">
        <ele>286</ele>
      </trkpt>
      <trkpt lat="42.428368991240859" lon="2.846317961812019">
        <ele>286</ele>
      </trkpt>
      <trkpt lat="42.42817503400147" lon="2.846440002322197">
        <ele>283</ele>
      </trkpt>
      <trkpt lat="42.428012005984783" lon="2.846535975113511">
        <ele>283</ele>
      </trkpt>
      <trkpt lat="42.427921984344721" lon="2.846624990925193">
        <ele>282</ele>
      </trkpt>
      <trkpt lat="42.427807990461588" lon="2.846826994791627">
        <ele>282</ele>
      </trkpt>
      <trkpt lat="42.427764991298318" lon="2.847058000043035">
        <ele>282</ele>
      </trkpt>
      <trkpt lat="42.427743030712008" lon="2.847315995022655">
        <ele>281</ele>
      </trkpt>
      <trkpt lat="42.427684022113681" lon="2.847570972517133">
        <ele>279</ele>
      </trkpt>
      <trkpt lat="42.427609004080296" lon="2.847812036052346">
        <ele>277</ele>
      </trkpt>
      <trkpt lat="42.427600035443902" lon="2.847838019952178">
        <ele>277</ele>
      </trkpt>
      <trkpt lat="42.427473971620202" lon="2.8480130340904">
        <ele>274</ele>
      </trkpt>
      <trkpt lat="42.427324019372463" lon="2.848244039341807">
        <ele>270</ele>
      </trkpt>
      <trkpt lat="42.427241960540414" lon="2.848485019057989">
        <ele>268</ele>
      </trkpt>
      <trkpt lat="42.427259981632233" lon="2.848609993234277">
        <ele>267</ele>
      </trkpt>
      <trkpt lat="42.427386967465281" lon="2.848777966573834">
        <ele>265</ele>
      </trkpt>
      <trkpt lat="42.427442958578467" lon="2.848824989050627">
        <ele>264</ele>
      </trkpt>
      <trkpt lat="42.427629036828876" lon="2.848998997360468">
        <ele>262</ele>
      </trkpt>
      <trkpt lat="42.42763901129365" lon="2.849009977653623">
        <ele>262</ele>
      </trkpt>
      <trkpt lat="42.427644962444901" lon="2.849204018712044">
        <ele>258</ele>
      </trkpt>
      <trkpt lat="42.427566004917026" lon="2.849288005381823">
        <ele>257</ele>
      </trkpt>
      <trkpt lat="42.427426027134061" lon="2.84943301230669">
        <ele>255</ele>
      </trkpt>
      <trkpt lat="42.427365006878972" lon="2.849567960947752">
        <ele>253</ele>
      </trkpt>
      <trkpt lat="42.427488975226879" lon="2.849716991186142">
        <ele>251</ele>
      </trkpt>
      <trkpt lat="42.427506996318698" lon="2.84973400644958">
        <ele>249</ele>
      </trkpt>
      <trkpt lat="42.42755301296711" lon="2.849812963977456">
        <ele>249</ele>
      </trkpt>
      <trkpt lat="42.427563993260264" lon="2.84982000477612">
        <ele>248</ele>
      </trkpt>
      <trkpt lat="42.427670024335384" lon="2.84994900226593">
        <ele>248</ele>
      </trkpt>
      <trkpt lat="42.427772032096982" lon="2.850151006132364">
        <ele>246</ele>
      </trkpt>
      <trkpt lat="42.427826011553407" lon="2.850387962535024">
        <ele>245</ele>
      </trkpt>
      <trkpt lat="42.427863981574774" lon="2.850459963083267">
        <ele>245</ele>
      </trkpt>
      <trkpt lat="42.427902035415173" lon="2.850711001083255">
        <ele>244</ele>
      </trkpt>
      <trkpt lat="42.427903963252902" lon="2.850793981924653">
        <ele>243</ele>
      </trkpt>
      <trkpt lat="42.427937993779778" lon="2.850973019376397">
        <ele>242</ele>
      </trkpt>
      <trkpt lat="42.428014017641544" lon="2.851163959130645">
        <ele>241</ele>
      </trkpt>
      <trkpt lat="42.428058022633195" lon="2.851262027397752">
        <ele>241</ele>
      </trkpt>
      <trkpt lat="42.428074032068253" lon="2.851330004632473">
        <ele>241</ele>
      </trkpt>
      <trkpt lat="42.428189031779766" lon="2.851565033197403">
        <ele>239</ele>
      </trkpt>
      <trkpt lat="42.428321968764067" lon="2.85179503262043">
        <ele>238</ele>
      </trkpt>
      <trkpt lat="42.428352981805801" lon="2.851868961006403">
        <ele>237</ele>
      </trkpt>
      <trkpt lat="42.42839396931231" lon="2.851951019838452">
        <ele>237</ele>
      </trkpt>
      <trkpt lat="42.428424982354045" lon="2.852298030629754">
        <ele>235</ele>
      </trkpt>
      <trkpt lat="42.428424982354045" lon="2.852546973153949">
        <ele>234</ele>
      </trkpt>
      <trkpt lat="42.428458007052541" lon="2.852658033370972">
        <ele>233</ele>
      </trkpt>
      <trkpt lat="42.428526990115643" lon="2.852777978405356">
        <ele>232</ele>
      </trkpt>
      <trkpt lat="42.428550962358713" lon="2.852840004488826">
        <ele>232</ele>
      </trkpt>
      <trkpt lat="42.428645007312298" lon="2.853061035275459">
        <ele>231</ele>
      </trkpt>
      <trkpt lat="42.428742991760373" lon="2.853245018050075">
        <ele>230</ele>
      </trkpt>
      <trkpt lat="42.428767969831824" lon="2.853305032476783">
        <ele>229</ele>
      </trkpt>
      <trkpt lat="42.428809041157365" lon="2.853393964469433">
        <ele>229</ele>
      </trkpt>
      <trkpt lat="42.428846005350351" lon="2.853531008586288">
        <ele>229</ele>
      </trkpt>
      <trkpt lat="42.428872995078564" lon="2.85370803438127">
        <ele>228</ele>
      </trkpt>
      <trkpt lat="42.428894033655524" lon="2.853805013000965">
        <ele>227</ele>
      </trkpt>
      <trkpt lat="42.428915994241834" lon="2.853867039084435">
        <ele>227</ele>
      </trkpt>
      <trkpt lat="42.42895295843482" lon="2.854142971336842">
        <ele>225</ele>
      </trkpt>
      <trkpt lat="42.42886302061379" lon="2.854362996295095">
        <ele>223</ele>
      </trkpt>
      <trkpt lat="42.428703010082245" lon="2.854534992948175">
        <ele>221</ele>
      </trkpt>
      <trkpt lat="42.42856496013701" lon="2.854755017906427">
        <ele>219</ele>
      </trkpt>
      <trkpt lat="42.428409978747368" lon="2.854916034266353">
        <ele>217</ele>
      </trkpt>
      <trkpt lat="42.428295984864235" lon="2.855088030919433">
        <ele>216</ele>
      </trkpt>
      <trkpt lat="42.42821903899312" lon="2.85536396317184">
        <ele>214</ele>
      </trkpt>
      <trkpt lat="42.42821803316474" lon="2.855419032275677">
        <ele>214</ele>
      </trkpt>
      <trkpt lat="42.42821803316474" lon="2.855573007836938">
        <ele>213</ele>
      </trkpt>
      <trkpt lat="42.428047964349389" lon="2.85568599589169">
        <ele>212</ele>
      </trkpt>
      <trkpt lat="42.428014017641544" lon="2.855687001720071">
        <ele>211</ele>
      </trkpt>
      <trkpt lat="42.427870016545057" lon="2.855836031958461">
        <ele>208</ele>
      </trkpt>
      <trkpt lat="42.427856018766761" lon="2.855882970616221">
        <ele>207</ele>
      </trkpt>
      <trkpt lat="42.4278349801898" lon="2.855946002528071">
        <ele>207</ele>
      </trkpt>
      <trkpt lat="42.427774965763092" lon="2.856174996122718">
        <ele>203</ele>
      </trkpt>
      <trkpt lat="42.427696008235216" lon="2.856326038017869">
        <ele>200</ele>
      </trkpt>
      <trkpt lat="42.427578996866941" lon="2.856585960835218">
        <ele>198</ele>
      </trkpt>
      <trkpt lat="42.427569022402167" lon="2.856761980801821">
        <ele>196</ele>
      </trkpt>
      <trkpt lat="42.427573967725039" lon="2.856816966086626">
        <ele>194</ele>
      </trkpt>
      <trkpt lat="42.427583020180464" lon="2.856831969693303">
        <ele>194</ele>
      </trkpt>
      <trkpt lat="42.427688967436552" lon="2.857065992429853">
        <ele>192</ele>
      </trkpt>
      <trkpt lat="42.427749987691641" lon="2.857207981869578">
        <ele>190</ele>
      </trkpt>
      <trkpt lat="42.427744036540389" lon="2.857269002124667">
        <ele>189</ele>
      </trkpt>
      <trkpt lat="42.427700031548738" lon="2.85733999684453">
        <ele>188</ele>
      </trkpt>
      <trkpt lat="42.427500961348414" lon="2.857505036517978">
        <ele>187</ele>
      </trkpt>
      <trkpt lat="42.427326031029224" lon="2.857651971280575">
        <ele>186</ele>
      </trkpt>
      <trkpt lat="42.427198039367795" lon="2.857779962942004">
        <ele>185</ele>
      </trkpt>
      <trkpt lat="42.427165014669299" lon="2.857814999297261">
        <ele>184</ele>
      </trkpt>
      <trkpt lat="42.427085973322392" lon="2.857862021774054">
        <ele>183</ele>
      </trkpt>
      <trkpt lat="42.426942978054285" lon="2.858078023418784">
        <ele>181</ele>
      </trkpt>
      <trkpt lat="42.426834013313055" lon="2.858316991478205">
        <ele>180</ele>
      </trkpt>
      <trkpt lat="42.426703004166484" lon="2.858421010896564">
        <ele>180</ele>
      </trkpt>
      <trkpt lat="42.426525978371501" lon="2.858557971194387">
        <ele>179</ele>
      </trkpt>
      <trkpt lat="42.426364040002227" lon="2.858656039461494">
        <ele>178</ele>
      </trkpt>
      <trkpt lat="42.426186008378863" lon="2.858762992545962">
        <ele>178</ele>
      </trkpt>
      <trkpt lat="42.426021974533796" lon="2.858906993642449">
        <ele>177</ele>
      </trkpt>
      <trkpt lat="42.425902029499412" lon="2.859089970588684">
        <ele>177</ele>
      </trkpt>
      <trkpt lat="42.425785018131137" lon="2.859252998605371">
        <ele>176</ele>
      </trkpt>
      <trkpt lat="42.425646968185902" lon="2.859452990815043">
        <ele>175</ele>
      </trkpt>
      <trkpt lat="42.425522999837995" lon="2.859634039923549">
        <ele>175</ele>
      </trkpt>
      <trkpt lat="42.425377992913127" lon="2.859752979129553">
        <ele>174</ele>
      </trkpt>
      <trkpt lat="42.425236003473401" lon="2.859883988276124">
        <ele>173</ele>
      </trkpt>
      <trkpt lat="42.425250001251698" lon="2.860039975494146">
        <ele>172</ele>
      </trkpt>
      <trkpt lat="42.425375981256366" lon="2.860323032364249">
        <ele>169</ele>
      </trkpt>
      <trkpt lat="42.425378998741508" lon="2.860339041799307">
        <ele>169</ele>
      </trkpt>
      <trkpt lat="42.425418980419636" lon="2.860612962394953">
        <ele>167</ele>
      </trkpt>
      <trkpt lat="42.425461979582906" lon="2.860911022871733">
        <ele>167</ele>
      </trkpt>
      <trkpt lat="42.425527023151517" lon="2.86114496178925">
        <ele>166</ele>
      </trkpt>
      <trkpt lat="42.425546972081065" lon="2.861493984237313">
        <ele>166</ele>
      </trkpt>
      <trkpt lat="42.4255589582026" lon="2.861810987815261">
        <ele>165</ele>
      </trkpt>
      <trkpt lat="42.425568010658026" lon="2.862117011100054">
        <ele>165</ele>
      </trkpt>
      <trkpt lat="42.425582008436322" lon="2.862360002472997">
        <ele>166</ele>
      </trkpt>
      <trkpt lat="42.425533980131149" lon="2.862565023824573">
        <ele>168</ele>
      </trkpt>
      <trkpt lat="42.425370030105114" lon="2.862711036577821">
        <ele>168</ele>
      </trkpt>
      <trkpt lat="42.425214964896441" lon="2.862812960520387">
        <ele>166</ele>
      </trkpt>
      <trkpt lat="42.425011033192277" lon="2.862944975495338">
        <ele>165</ele>
      </trkpt>
      <trkpt lat="42.42484699934721" lon="2.863088976591826">
        <ele>162</ele>
      </trkpt>
      <trkpt lat="42.424853034317493" lon="2.863189978525043">
        <ele>161</ele>
      </trkpt>
      <trkpt lat="42.424925034865737" lon="2.863479992374778">
        <ele>159</ele>
      </trkpt>
      <trkpt lat="42.424926040694118" lon="2.86371803842485">
        <ele>158</ele>
      </trkpt>
      <trkpt lat="42.42491003125906" lon="2.863815017044544">
        <ele>157</ele>
      </trkpt>
      <trkpt lat="42.424897961318493" lon="2.863884000107646">
        <ele>157</ele>
      </trkpt>
      <trkpt lat="42.424751026555896" lon="2.864046022295952">
        <ele>154</ele>
      </trkpt>
      <trkpt lat="42.42465203627944" lon="2.864119028672576">
        <ele>152</ele>
      </trkpt>
      <trkpt lat="42.424601996317506" lon="2.864153981208801">
        <ele>148</ele>
      </trkpt>
      <trkpt lat="42.424477022141218" lon="2.864373000338674">
        <ele>147</ele>
      </trkpt>
      <trkpt lat="42.424462018534541" lon="2.864463021978736">
        <ele>147</ele>
      </trkpt>
      <trkpt lat="42.424451960250735" lon="2.864495040848851">
        <ele>147</ele>
      </trkpt>
      <trkpt lat="42.424562014639378" lon="2.864874992519617">
        <ele>147</ele>
      </trkpt>
      <trkpt lat="42.424556985497475" lon="2.864954033866525">
        <ele>147</ele>
      </trkpt>
      <trkpt lat="42.424536030739546" lon="2.865265002474189">
        <ele>146</ele>
      </trkpt>
      <trkpt lat="42.424484984949231" lon="2.865382013842464">
        <ele>145</ele>
      </trkpt>
      <trkpt lat="42.424436034634709" lon="2.865466000512242">
        <ele>144</ele>
      </trkpt>
      <trkpt lat="42.424399992451072" lon="2.865508999675512">
        <ele>144</ele>
      </trkpt>
      <trkpt lat="42.424280969426036" lon="2.865655012428761">
        <ele>141</ele>
      </trkpt>
      <trkpt lat="42.424137974157929" lon="2.865832038223743">
        <ele>140</ele>
      </trkpt>
      <trkpt lat="42.424020962789655" lon="2.866039993241429">
        <ele>138</ele>
      </trkpt>
      <trkpt lat="42.423995984718204" lon="2.866082992404699">
        <ele>137</ele>
      </trkpt>
      <trkpt lat="42.423891965299845" lon="2.866206960752606">
        <ele>135</ele>
      </trkpt>
      <trkpt lat="42.423861036077142" lon="2.866210984066129">
        <ele>134</ele>
      </trkpt>
      <trkpt lat="42.423810996115208" lon="2.866182988509536">
        <ele>133</ele>
      </trkpt>
      <trkpt lat="42.423692978918552" lon="2.866356996819377">
        <ele>131</ele>
      </trkpt>
      <trkpt lat="42.423676969483495" lon="2.866401001811028">
        <ele>131</ele>
      </trkpt>
      <trkpt lat="42.423617038875818" lon="2.866639969870448">
        <ele>129</ele>
      </trkpt>
      <trkpt lat="42.423592982813716" lon="2.866804003715515">
        <ele>128</ele>
      </trkpt>
      <trkpt lat="42.423592982813716" lon="2.866845997050405">
        <ele>128</ele>
      </trkpt>
      <trkpt lat="42.423498015850782" lon="2.866980023682118">
        <ele>127</ele>
      </trkpt>
      <trkpt lat="42.423475971445441" lon="2.867013970389962">
        <ele>127</ele>
      </trkpt>
      <trkpt lat="42.423440013080835" lon="2.867154031991959">
        <ele>127</ele>
      </trkpt>
      <trkpt lat="42.423425009474158" lon="2.86722301505506">
        <ele>127</ele>
      </trkpt>
      <trkpt lat="42.423424003645778" lon="2.867247993126512">
        <ele>127</ele>
      </trkpt>
      <trkpt lat="42.423419980332255" lon="2.867295015603304">
        <ele>127</ele>
      </trkpt>
      <trkpt lat="42.423397013917565" lon="2.867357963696122">
        <ele>127</ele>
      </trkpt>
      <trkpt lat="42.423291988670826" lon="2.867424013093114">
        <ele>127</ele>
      </trkpt>
      <trkpt lat="42.423272039741278" lon="2.867429964244366">
        <ele>127</ele>
      </trkpt>
      <trkpt lat="42.423165002837777" lon="2.867486961185932">
        <ele>127</ele>
      </trkpt>
      <trkpt lat="42.423157040029764" lon="2.867490984499455">
        <ele>127</ele>
      </trkpt>
      <trkpt lat="42.423007003962994" lon="2.867555022239685">
        <ele>129</ele>
      </trkpt>
      <trkpt lat="42.422872977331281" lon="2.867614030838013">
        <ele>129</ele>
      </trkpt>
      <trkpt lat="42.422735011205077" lon="2.867685025557876">
        <ele>130</ele>
      </trkpt>
      <trkpt lat="42.422595033422112" lon="2.867773035541177">
        <ele>130</ele>
      </trkpt>
      <trkpt lat="42.422535018995404" lon="2.867827014997602">
        <ele>131</ele>
      </trkpt>
      <trkpt lat="42.422464024275541" lon="2.86795400083065">
        <ele>131</ele>
      </trkpt>
      <trkpt lat="42.422477016225457" lon="2.8681880235672">
        <ele>132</ele>
      </trkpt>
      <trkpt lat="42.42246201261878" lon="2.868369994685054">
        <ele>132</ele>
      </trkpt>
      <trkpt lat="42.42243804037571" lon="2.868422968313098">
        <ele>133</ele>
      </trkpt>
      <trkpt lat="42.42239797487855" lon="2.86846898496151">
        <ele>133</ele>
      </trkpt>
      <trkpt lat="42.4221829790622" lon="2.868590019643307">
        <ele>133</ele>
      </trkpt>
      <trkpt lat="42.4220310151577" lon="2.868634024634957">
        <ele>133</ele>
      </trkpt>
      <trkpt lat="42.421880979090929" lon="2.868694039061666">
        <ele>133</ele>
      </trkpt>
      <trkpt lat="42.421719962731004" lon="2.868762016296387">
        <ele>133</ele>
      </trkpt>
      <trkpt lat="42.421493986621499" lon="2.868823036551476">
        <ele>131</ele>
      </trkpt>
      <trkpt lat="42.421321989968419" lon="2.868897970765829">
        <ele>130</ele>
      </trkpt>
      <trkpt lat="42.421205984428525" lon="2.869079019874334">
        <ele>129</ele>
      </trkpt>
      <trkpt lat="42.421090984717011" lon="2.86928404122591">
        <ele>128</ele>
      </trkpt>
      <trkpt lat="42.42095704190433" lon="2.869517980143428">
        <ele>127</ele>
      </trkpt>
      <trkpt lat="42.420821003615856" lon="2.8697369992733">
        <ele>126</ele>
      </trkpt>
      <trkpt lat="42.420687982812524" lon="2.869935985654593">
        <ele>125</ele>
      </trkpt>
      <trkpt lat="42.42055001668632" lon="2.870078980922699">
        <ele>124</ele>
      </trkpt>
      <trkpt lat="42.420337032526731" lon="2.870191968977451">
        <ele>123</ele>
      </trkpt>
      <trkpt lat="42.420166041702032" lon="2.870246032252908">
        <ele>121</ele>
      </trkpt>
      <trkpt lat="42.41997099481523" lon="2.870281990617514">
        <ele>121</ele>
      </trkpt>
      <trkpt lat="42.419900000095367" lon="2.870291965082288">
        <ele>120</ele>
      </trkpt>
      <trkpt lat="42.41988399066031" lon="2.87031501531601">
        <ele>120</ele>
      </trkpt>
      <trkpt lat="42.419865969568491" lon="2.870360026136041">
        <ele>120</ele>
      </trkpt>
      <trkpt lat="42.419803021475673" lon="2.870471002534032">
        <ele>119</ele>
      </trkpt>
      <trkpt lat="42.419639993458986" lon="2.871430981904268">
        <ele>118</ele>
      </trkpt>
      <trkpt lat="42.419691039249301" lon="2.871321011334658">
        <ele>117</ele>
      </trkpt>
      <trkpt lat="42.419726997613907" lon="2.871299972757697">
        <ele>117</ele>
      </trkpt>
      <trkpt lat="42.419728003442287" lon="2.871281029656529">
        <ele>118</ele>
      </trkpt>
      <trkpt lat="42.419788017868996" lon="2.871318999677897">
        <ele>118</ele>
      </trkpt>
      <trkpt lat="42.419896982610226" lon="2.87147699855268">
        <ele>118</ele>
      </trkpt>
      <trkpt lat="42.419890025630593" lon="2.871641032397747">
        <ele>118</ele>
      </trkpt>
      <trkpt lat="42.419886002317071" lon="2.871799031272531">
        <ele>118</ele>
      </trkpt>
      <trkpt lat="42.419900000095367" lon="2.871825015172362">
        <ele>118</ele>
      </trkpt>
      <trkpt lat="42.41992799565196" lon="2.871964992955327">
        <ele>118</ele>
      </trkpt>
      <trkpt lat="42.419939981773496" lon="2.872156016528606">
        <ele>118</ele>
      </trkpt>
      <trkpt lat="42.419954985380173" lon="2.872332036495209">
        <ele>118</ele>
      </trkpt>
      <trkpt lat="42.419959008693695" lon="2.872445024549961">
        <ele>118</ele>
      </trkpt>
      <trkpt lat="42.419959008693695" lon="2.872445024549961">
        <ele>118</ele>
      </trkpt>
      <trkpt lat="42.419887008145452" lon="2.872491963207722">
        <ele>119</ele>
      </trkpt>
      <trkpt lat="42.419697996228933" lon="2.872632024809718">
        <ele>119</ele>
      </trkpt>
      <trkpt lat="42.419420974329114" lon="2.872535968199372">
        <ele>119</ele>
      </trkpt>
      <trkpt lat="42.41926004178822" lon="2.872721962630749">
        <ele>119</ele>
      </trkpt>
      <trkpt lat="42.419106988236308" lon="2.872827993705869">
        <ele>119</ele>
      </trkpt>
      <trkpt lat="42.419069018214941" lon="2.872821036726236">
        <ele>119</ele>
      </trkpt>
      <trkpt lat="42.419048985466361" lon="2.872819025069475">
        <ele>119</ele>
      </trkpt>
      <trkpt lat="42.419002968817949" lon="2.872824976220727">
        <ele>119</ele>
      </trkpt>
      <trkpt lat="42.418908001855016" lon="2.872838973999023">
        <ele>119</ele>
      </trkpt>
      <trkpt lat="42.418900039047003" lon="2.872837968170643">
        <ele>119</ele>
      </trkpt>
      <trkpt lat="42.418776992708445" lon="2.872835034504533">
        <ele>119</ele>
      </trkpt>
      <trkpt lat="42.418732987716794" lon="2.872849032282829">
        <ele>118</ele>
      </trkpt>
      <trkpt lat="42.418621005490422" lon="2.87289597094059">
        <ele>117</ele>
      </trkpt>
      <trkpt lat="42.418578006327152" lon="2.872907035052776">
        <ele>116</ele>
      </trkpt>
      <trkpt lat="42.418489996343851" lon="2.872910974547267">
        <ele>106</ele>
      </trkpt>
      <trkpt lat="42.418011976405978" lon="2.87302203476429">
        <ele>102</ele>
      </trkpt>
      <trkpt lat="42.417875016108155" lon="2.87306603975594">
        <ele>102</ele>
      </trkpt>
      <trkpt lat="42.417840985581279" lon="2.873058998957276">
        <ele>104</ele>
      </trkpt>
      <trkpt lat="42.417740989476442" lon="2.873098980635405">
        <ele>104</ele>
      </trkpt>
      <trkpt lat="42.417707964777946" lon="2.87310903891921">
        <ele>104</ele>
      </trkpt>
      <trkpt lat="42.417637975886464" lon="2.873144997283816">
        <ele>104</ele>
      </trkpt>
      <trkpt lat="42.417629007250071" lon="2.873161006718874">
        <ele>104</ele>
      </trkpt>
      <trkpt lat="42.417517025023699" lon="2.87328103557229">
        <ele>104</ele>
      </trkpt>
      <trkpt lat="42.417503027245402" lon="2.873266031965613">
        <ele>104</ele>
      </trkpt>
      <trkpt lat="42.417375035583973" lon="2.873232001438737">
        <ele>103</ele>
      </trkpt>
      <trkpt lat="42.417347962036729" lon="2.873253962025046">
        <ele>103</ele>
      </trkpt>
      <trkpt lat="42.41730697453022" lon="2.87332302890718">
        <ele>103</ele>
      </trkpt>
      <trkpt lat="42.417249977588654" lon="2.873330991715193">
        <ele>103</ele>
      </trkpt>
      <trkpt lat="42.417061971500516" lon="2.873569959774613">
        <ele>103</ele>
      </trkpt>
      <trkpt lat="42.416960969567299" lon="2.873597033321858">
        <ele>102</ele>
      </trkpt>
      <trkpt lat="42.416800037026405" lon="2.873589992523193">
        <ele>102</ele>
      </trkpt>
      <trkpt lat="42.416732981801033" lon="2.873601978644729">
        <ele>103</ele>
      </trkpt>
      <trkpt lat="42.416643965989351" lon="2.87368998862803">
        <ele>103</ele>
      </trkpt>
      <trkpt lat="42.416497031226754" lon="2.873837007209659">
        <ele>103</ele>
      </trkpt>
      <trkpt lat="42.416412960737944" lon="2.873899033293128">
        <ele>103</ele>
      </trkpt>
      <trkpt lat="42.416354035958648" lon="2.874092990532517">
        <ele>111</ele>
      </trkpt>
      <trkpt lat="42.416361998766661" lon="2.874188963323832">
        <ele>111</ele>
      </trkpt>
      <trkpt lat="42.416472975164652" lon="2.874386021867394">
        <ele>111</ele>
      </trkpt>
      <trkpt lat="42.416493007913232" lon="2.874424997717142">
        <ele>112</ele>
      </trkpt>
      <trkpt lat="42.416552016511559" lon="2.874587019905448">
        <ele>112</ele>
      </trkpt>
      <trkpt lat="42.416571965441108" lon="2.874647034332156">
        <ele>112</ele>
      </trkpt>
      <trkpt lat="42.416657963767648" lon="2.874907040968537">
        <ele>113</ele>
      </trkpt>
      <trkpt lat="42.416662992909551" lon="2.874919027090073">
        <ele>113</ele>
      </trkpt>
      <trkpt lat="42.416746979579329" lon="2.875111978501082">
        <ele>114</ele>
      </trkpt>
      <trkpt lat="42.416820991784334" lon="2.875298978760839">
        <ele>115</ele>
      </trkpt>
      <trkpt lat="42.416868014261127" lon="2.875363016501069">
        <ele>116</ele>
      </trkpt>
      <trkpt lat="42.416901038959622" lon="2.875399980694056">
        <ele>117</ele>
      </trkpt>
      <trkpt lat="42.416968010365963" lon="2.87553601898253">
        <ele>118</ele>
      </trkpt>
      <trkpt lat="42.417031964287162" lon="2.875653030350804">
        <ele>119</ele>
      </trkpt>
      <trkpt lat="42.417031964287162" lon="2.875653030350804">
        <ele>121</ele>
      </trkpt>
      <trkpt lat="42.417033975943923" lon="2.87568898871541">
        <ele>121</ele>
      </trkpt>
      <trkpt lat="42.417094996199012" lon="2.875885041430593">
        <ele>122</ele>
      </trkpt>
      <trkpt lat="42.417088961228728" lon="2.876086039468646">
        <ele>124</ele>
      </trkpt>
      <trkpt lat="42.417063983157277" lon="2.876302041113377">
        <ele>124</ele>
      </trkpt>
      <trkpt lat="42.416968010365963" lon="2.876465991139412">
        <ele>124</ele>
      </trkpt>
      <trkpt lat="42.416883017867804" lon="2.876565987244248">
        <ele>126</ele>
      </trkpt>
      <trkpt lat="42.416805988177657" lon="2.876706970855594">
        <ele>127</ele>
      </trkpt>
      <trkpt lat="42.416810011491179" lon="2.87689003162086">
        <ele>129</ele>
      </trkpt>
      <trkpt lat="42.41681101731956" lon="2.876901011914015">
        <ele>129</ele>
      </trkpt>
      <trkpt lat="42.41683398373425" lon="2.877099998295307">
        <ele>130</ele>
      </trkpt>
      <trkpt lat="42.416861979290843" lon="2.87725598551333">
        <ele>132</ele>
      </trkpt>
      <trkpt lat="42.416883017867804" lon="2.877420019358397">
        <ele>133</ele>
      </trkpt>
      <trkpt lat="42.416864996775985" lon="2.877570977434516">
        <ele>135</ele>
      </trkpt>
      <trkpt lat="42.416861979290843" lon="2.877582041546702">
        <ele>135</ele>
      </trkpt>
      <trkpt lat="42.416844964027405" lon="2.877679020166397">
        <ele>136</ele>
      </trkpt>
      <trkpt lat="42.416797019541264" lon="2.877831989899278">
        <ele>138</ele>
      </trkpt>
      <trkpt lat="42.416771035641432" lon="2.877970039844513">
        <ele>139</ele>
      </trkpt>
      <trkpt lat="42.416756032034755" lon="2.878062995150685">
        <ele>141</ele>
      </trkpt>
      <trkpt lat="42.416715966537595" lon="2.878184029832482">
        <ele>142</ele>
      </trkpt>
      <trkpt lat="42.416640026494861" lon="2.878364995121956">
        <ele>143</ele>
      </trkpt>
      <trkpt lat="42.416565008461475" lon="2.878533974289894">
        <ele>144</ele>
      </trkpt>
      <trkpt lat="42.416476998478174" lon="2.878693984821439">
        <ele>145</ele>
      </trkpt>
      <trkpt lat="42.416313970461488" lon="2.878749975934625">
        <ele>146</ele>
      </trkpt>
      <trkpt lat="42.416212968528271" lon="2.878808984532952">
        <ele>146</ele>
      </trkpt>
      <trkpt lat="42.416152032092214" lon="2.878919960930944">
        <ele>147</ele>
      </trkpt>
      <trkpt lat="42.416053963825107" lon="2.879014005884528">
        <ele>149</ele>
      </trkpt>
      <trkpt lat="42.41599696688354" lon="2.879077959805727">
        <ele>151</ele>
      </trkpt>
      <trkpt lat="42.416018005460501" lon="2.87927501834929">
        <ele>158</ele>
      </trkpt>
      <trkpt lat="42.416005013510585" lon="2.879325980320573">
        <ele>157</ele>
      </trkpt>
      <trkpt lat="42.416011970490217" lon="2.879441985860467">
        <ele>159</ele>
      </trkpt>
      <trkpt lat="42.415983974933624" lon="2.879529995843768">
        <ele>162</ele>
      </trkpt>
      <trkpt lat="42.415978023782372" lon="2.87961901165545">
        <ele>165</ele>
      </trkpt>
      <trkpt lat="42.415938964113593" lon="2.879671985283494">
        <ele>168</ele>
      </trkpt>
      <trkpt lat="42.415925972163677" lon="2.879731999710202">
        <ele>172</ele>
      </trkpt>
      <trkpt lat="42.415958996862173" lon="2.879879018291831">
        <ele>172</ele>
      </trkpt>
      <trkpt lat="42.415915997698903" lon="2.879970967769623">
        <ele>173</ele>
      </trkpt>
      <trkpt lat="42.415912980213761" lon="2.879980020225048">
        <ele>173</ele>
      </trkpt>
      <trkpt lat="42.415946004912257" lon="2.880059983581305">
        <ele>175</ele>
      </trkpt>
      <trkpt lat="42.415975006297231" lon="2.880080016329885">
        <ele>175</ele>
      </trkpt>
      <trkpt lat="42.416024962440133" lon="2.880102982744575">
        <ele>177</ele>
      </trkpt>
      <trkpt lat="42.416076008230448" lon="2.880187975242734">
        <ele>179</ele>
      </trkpt>
      <trkpt lat="42.416081037372351" lon="2.880185041576624">
        <ele>179</ele>
      </trkpt>
      <trkpt lat="42.416119007393718" lon="2.880257964134216">
        <ele>182</ele>
      </trkpt>
      <trkpt lat="42.416194025427103" lon="2.880312027409673">
        <ele>184</ele>
      </trkpt>
      <trkpt lat="42.416220009326935" lon="2.880332982167602">
        <ele>185</ele>
      </trkpt>
      <trkpt lat="42.416329979896545" lon="2.880419986322522">
        <ele>186</ele>
      </trkpt>
      <trkpt lat="42.416386976838112" lon="2.880463991314173">
        <ele>187</ele>
      </trkpt>
      <trkpt lat="42.416440034285188" lon="2.880511013790965">
        <ele>188</ele>
      </trkpt>
      <trkpt lat="42.416527038440108" lon="2.880593994632363">
        <ele>189</ele>
      </trkpt>
      <trkpt lat="42.416545981541276" lon="2.88063095882535">
        <ele>190</ele>
      </trkpt>
      <trkpt lat="42.41659602150321" lon="2.880678987130523">
        <ele>191</ele>
      </trkpt>
      <trkpt lat="42.416613958775997" lon="2.880686027929187">
        <ele>191</ele>
      </trkpt>
      <trkpt lat="42.416643965989351" lon="2.880706982687116">
        <ele>191</ele>
      </trkpt>
      <trkpt lat="42.416730970144272" lon="2.880782000720501">
        <ele>193</ele>
      </trkpt>
      <trkpt lat="42.416783021762967" lon="2.880880990996957">
        <ele>195</ele>
      </trkpt>
      <trkpt lat="42.416817974299192" lon="2.881025997921825">
        <ele>196</ele>
      </trkpt>
      <trkpt lat="42.416852004826069" lon="2.881171004846692">
        <ele>198</ele>
      </trkpt>
      <trkpt lat="42.416878994554281" lon="2.881277035921812">
        <ele>199</ele>
      </trkpt>
      <trkpt lat="42.416859967634082" lon="2.881421959027648">
        <ele>200</ele>
      </trkpt>
      <trkpt lat="42.416823003441095" lon="2.881535030901432">
        <ele>203</ele>
      </trkpt>
      <trkpt lat="42.416760977357626" lon="2.881619017571211">
        <ele>204</ele>
      </trkpt>
      <trkpt lat="42.416731975972652" lon="2.881662016734481">
        <ele>205</ele>
      </trkpt>
      <trkpt lat="42.416625022888184" lon="2.881820015609264">
        <ele>206</ele>
      </trkpt>
      <trkpt lat="42.416529972106218" lon="2.881972985342145">
        <ele>207</ele>
      </trkpt>
      <trkpt lat="42.416435005143285" lon="2.882099971175194">
        <ele>209</ele>
      </trkpt>
      <trkpt lat="42.416331991553307" lon="2.882247995585203">
        <ele>209</ele>
      </trkpt>
      <trkpt lat="42.416222020983696" lon="2.882424015551806">
        <ele>210</ele>
      </trkpt>
      <trkpt lat="42.416155971586704" lon="2.882599029690027">
        <ele>210</ele>
      </trkpt>
      <trkpt lat="42.416149014607072" lon="2.882731966674328">
        <ele>211</ele>
      </trkpt>
      <trkpt lat="42.416238030418754" lon="2.882972024381161">
        <ele>212</ele>
      </trkpt>
      <trkpt lat="42.416310030966997" lon="2.883066991344094">
        <ele>212</ele>
      </trkpt>
      <trkpt lat="42.41640399210155" lon="2.883158018812537">
        <ele>214</ele>
      </trkpt>
      <trkpt lat="42.416421007364988" lon="2.88318500854075">
        <ele>214</ele>
      </trkpt>
      <trkpt lat="42.416455037891865" lon="2.883236976340413">
        <ele>214</ele>
      </trkpt>
      <trkpt lat="42.416556039825082" lon="2.883386006578803">
        <ele>215</ele>
      </trkpt>
      <trkpt lat="42.416608007624745" lon="2.883548028767109">
        <ele>216</ele>
      </trkpt>
      <trkpt lat="42.416613958775997" lon="2.883556997403503">
        <ele>216</ele>
      </trkpt>
      <trkpt lat="42.416636003181338" lon="2.883603014051914">
        <ele>216</ele>
      </trkpt>
      <trkpt lat="42.416757037863135" lon="2.883650958538055">
        <ele>217</ele>
      </trkpt>
      <trkpt lat="42.416783021762967" lon="2.88365799933672">
        <ele>217</ele>
      </trkpt>
      <trkpt lat="42.416832977905869" lon="2.883679959923029">
        <ele>218</ele>
      </trkpt>
      <trkpt lat="42.4168970156461" lon="2.883740980178118">
        <ele>219</ele>
      </trkpt>
      <trkpt lat="42.416985025629401" lon="2.88380996324122">
        <ele>222</ele>
      </trkpt>
      <trkpt lat="42.417002962902188" lon="2.883844999596477">
        <ele>222</ele>
      </trkpt>
      <trkpt lat="42.417059959843755" lon="2.883984977379441">
        <ele>223</ele>
      </trkpt>
      <trkpt lat="42.417067000642419" lon="2.884005010128021">
        <ele>224</ele>
      </trkpt>
      <trkpt lat="42.417150987312198" lon="2.884125038981438">
        <ele>224</ele>
      </trkpt>
      <trkpt lat="42.417160961776972" lon="2.884128978475928">
        <ele>224</ele>
      </trkpt>
      <trkpt lat="42.417207984253764" lon="2.884169965982437">
        <ele>225</ele>
      </trkpt>
      <trkpt lat="42.417276967316866" lon="2.884271973744035">
        <ele>227</ele>
      </trkpt>
      <trkpt lat="42.417353997007012" lon="2.884364007040858">
        <ele>228</ele>
      </trkpt>
      <trkpt lat="42.417385010048747" lon="2.884402982890606">
        <ele>229</ele>
      </trkpt>
      <trkpt lat="42.417449969798326" lon="2.884456962347031">
        <ele>230</ele>
      </trkpt>
      <trkpt lat="42.417463967576623" lon="2.884484035894275">
        <ele>231</ele>
      </trkpt>
      <trkpt lat="42.417491041123867" lon="2.884613033384085">
        <ele>233</ele>
      </trkpt>
      <trkpt lat="42.417612997815013" lon="2.88471101783216">
        <ele>234</ele>
      </trkpt>
      <trkpt lat="42.417700001969934" lon="2.884752005338669">
        <ele>234</ele>
      </trkpt>
      <trkpt lat="42.417819024994969" lon="2.884815037250519">
        <ele>236</ele>
      </trkpt>
      <trkpt lat="42.417919021099806" lon="2.884920984506607">
        <ele>236</ele>
      </trkpt>
      <trkpt lat="42.418053969740868" lon="2.885061968117952">
        <ele>236</ele>
      </trkpt>
      <trkpt lat="42.418152960017323" lon="2.885202029719949">
        <ele>237</ele>
      </trkpt>
      <trkpt lat="42.418256979435682" lon="2.885347958654165">
        <ele>238</ele>
      </trkpt>
      <trkpt lat="42.418267037719488" lon="2.885359022766352">
        <ele>238</ele>
      </trkpt>
      <trkpt lat="42.418314982205629" lon="2.885457007214427">
        <ele>239</ele>
      </trkpt>
      <trkpt lat="42.418362004682422" lon="2.885664040222764">
        <ele>240</ele>
      </trkpt>
      <trkpt lat="42.418342977762222" lon="2.885834025219083">
        <ele>242</ele>
      </trkpt>
      <trkpt lat="42.418342977762222" lon="2.885845005512238">
        <ele>242</ele>
      </trkpt>
      <trkpt lat="42.418320011347532" lon="2.885998981073499">
        <ele>243</ele>
      </trkpt>
      <trkpt lat="42.41835898719728" lon="2.886161003261805">
        <ele>244</ele>
      </trkpt>
      <trkpt lat="42.418372984975576" lon="2.886300981044769">
        <ele>247</ele>
      </trkpt>
      <trkpt lat="42.418354041874409" lon="2.886439030990005">
        <ele>249</ele>
      </trkpt>
      <trkpt lat="42.418273994699121" lon="2.886535003781319">
        <ele>251</ele>
      </trkpt>
      <trkpt lat="42.418228983879089" lon="2.886582026258111">
        <ele>252</ele>
      </trkpt>
      <trkpt lat="42.418197970837355" lon="2.886700965464115">
        <ele>252</ele>
      </trkpt>
      <trkpt lat="42.418195037171245" lon="2.886894000694156">
        <ele>254</ele>
      </trkpt>
      <trkpt lat="42.418256979435682" lon="2.88703003898263">
        <ele>256</ele>
      </trkpt>
      <trkpt lat="42.418314982205629" lon="2.887134980410337">
        <ele>258</ele>
      </trkpt>
      <trkpt lat="42.418363010510802" lon="2.887255009263754">
        <ele>259</ele>
      </trkpt>
      <trkpt lat="42.418376002460718" lon="2.887302031740546">
        <ele>260</ele>
      </trkpt>
      <trkpt lat="42.418402992188931" lon="2.887459024786949">
        <ele>262</ele>
      </trkpt>
      <trkpt lat="42.418419001623988" lon="2.88761199451983">
        <ele>263</ele>
      </trkpt>
      <trkpt lat="42.418406009674072" lon="2.887658011168242">
        <ele>264</ele>
      </trkpt>
      <trkpt lat="42.418382037431002" lon="2.88780402392149">
        <ele>265</ele>
      </trkpt>
      <trkpt lat="42.418432999402285" lon="2.88799898698926">
        <ele>266</ele>
      </trkpt>
      <trkpt lat="42.418479016050696" lon="2.888066964223981">
        <ele>266</ele>
      </trkpt>
      <trkpt lat="42.418528972193599" lon="2.888162015005946">
        <ele>267</ele>
      </trkpt>
      <trkpt lat="42.418635003268719" lon="2.888280032202601">
        <ele>269</ele>
      </trkpt>
      <trkpt lat="42.418688982725143" lon="2.888282965868712">
        <ele>270</ele>
      </trkpt>
      <trkpt lat="42.418762994930148" lon="2.888249019160867">
        <ele>270</ele>
      </trkpt>
      <trkpt lat="42.418910013511777" lon="2.888143993914127">
        <ele>272</ele>
      </trkpt>
      <trkpt lat="42.418974973261356" lon="2.88812798447907">
        <ele>273</ele>
      </trkpt>
      <trkpt lat="42.418991988524795" lon="2.888139970600605">
        <ele>274</ele>
      </trkpt>
      <trkpt lat="42.419002968817949" lon="2.888157991692424">
        <ele>274</ele>
      </trkpt>
      <trkpt lat="42.419052002951503" lon="2.888224963098764">
        <ele>274</ele>
      </trkpt>
      <trkpt lat="42.419122997671366" lon="2.888422021642327">
        <ele>276</ele>
      </trkpt>
      <trkpt lat="42.419182006269693" lon="2.888584965839982">
        <ele>276</ele>
      </trkpt>
      <trkpt lat="42.419208995997906" lon="2.888645986095071">
        <ele>277</ele>
      </trkpt>
      <trkpt lat="42.419253000989556" lon="2.888711029663682">
        <ele>277</ele>
      </trkpt>
      <trkpt lat="42.419322989881039" lon="2.888797027990222">
        <ele>278</ele>
      </trkpt>
      <trkpt lat="42.419384010136127" lon="2.888938011601567">
        <ele>279</ele>
      </trkpt>
      <trkpt lat="42.41938903927803" lon="2.88915996439755">
        <ele>279</ele>
      </trkpt>
      <trkpt lat="42.419413011521101" lon="2.889377977699041">
        <ele>279</ele>
      </trkpt>
      <trkpt lat="42.419536979869008" lon="2.889528013765812">
        <ele>280</ele>
      </trkpt>
      <trkpt lat="42.419675029814243" lon="2.88967402651906">
        <ele>280</ele>
      </trkpt>
      <trkpt lat="42.419824982061982" lon="2.889773016795516">
        <ele>281</ele>
      </trkpt>
      <trkpt lat="42.419981975108385" lon="2.889734040945768">
        <ele>282</ele>
      </trkpt>
      <trkpt lat="42.420161012560129" lon="2.889688024297357">
        <ele>282</ele>
      </trkpt>
      <trkpt lat="42.420361004769802" lon="2.889709984883666">
        <ele>282</ele>
      </trkpt>
      <trkpt lat="42.420555967837572" lon="2.889720965176821">
        <ele>281</ele>
      </trkpt>
      <trkpt lat="42.420730981975794" lon="2.889691041782498">
        <ele>280</ele>
      </trkpt>
      <trkpt lat="42.420865008607507" lon="2.889637984335423">
        <ele>280</ele>
      </trkpt>
      <trkpt lat="42.420902978628874" lon="2.889697998762131">
        <ele>280</ele>
      </trkpt>
      <trkpt lat="42.420899961143732" lon="2.889907965436578">
        <ele>282</ele>
      </trkpt>
      <trkpt lat="42.420945977792144" lon="2.890102006494999">
        <ele>283</ele>
      </trkpt>
      <trkpt lat="42.420977996662259" lon="2.890247013419867">
        <ele>283</ele>
      </trkpt>
      <trkpt lat="42.421011021360755" lon="2.89029504172504">
        <ele>283</ele>
      </trkpt>
      <trkpt lat="42.421146975830197" lon="2.890408029779792">
        <ele>284</ele>
      </trkpt>
      <trkpt lat="42.421232974156737" lon="2.890468966215849">
        <ele>285</ele>
      </trkpt>
      <trkpt lat="42.421326013281941" lon="2.890547001734376">
        <ele>287</ele>
      </trkpt>
      <trkpt lat="42.421353003010154" lon="2.890582960098982">
        <ele>288</ele>
      </trkpt>
      <trkpt lat="42.421377981081605" lon="2.890603998675942">
        <ele>288</ele>
      </trkpt>
      <trkpt lat="42.421417040750384" lon="2.890638029202819">
        <ele>288</ele>
      </trkpt>
      <trkpt lat="42.421501027420163" lon="2.890736013650894">
        <ele>289</ele>
      </trkpt>
      <trkpt lat="42.421601023525" lon="2.890864005312324">
        <ele>290</ele>
      </trkpt>
      <trkpt lat="42.421689033508301" lon="2.890972970053554">
        <ele>291</ele>
      </trkpt>
      <trkpt lat="42.421719040721655" lon="2.891013035550714">
        <ele>292</ele>
      </trkpt>
      <trkpt lat="42.421764973551035" lon="2.891096016392112">
        <ele>293</ele>
      </trkpt>
      <trkpt lat="42.421860024333" lon="2.891238005831838">
        <ele>295</ele>
      </trkpt>
      <trkpt lat="42.421885002404451" lon="2.891253009438515">
        <ele>295</ele>
      </trkpt>
      <trkpt lat="42.422024980187416" lon="2.891313023865223">
        <ele>297</ele>
      </trkpt>
      <trkpt lat="42.422121036797762" lon="2.891443027183414">
        <ele>299</ele>
      </trkpt>
      <trkpt lat="42.422142997384071" lon="2.891508992761374">
        <ele>299</ele>
      </trkpt>
      <trkpt lat="42.422250034287572" lon="2.891643019393086">
        <ele>301</ele>
      </trkpt>
      <trkpt lat="42.422378025949001" lon="2.891686018556356">
        <ele>303</ele>
      </trkpt>
      <trkpt lat="42.422507023438811" lon="2.891719965264201">
        <ele>305</ele>
      </trkpt>
      <trkpt lat="42.422578018158674" lon="2.891750978305936">
        <ele>306</ele>
      </trkpt>
      <trkpt lat="42.422601990401745" lon="2.891778973862529">
        <ele>307</ele>
      </trkpt>
      <trkpt lat="42.422627974301577" lon="2.891853991895914">
        <ele>308</ele>
      </trkpt>
      <trkpt lat="42.422648007050157" lon="2.891920041292906">
        <ele>308</ele>
      </trkpt>
      <trkpt lat="42.422752026468515" lon="2.892006961628795">
        <ele>308</ele>
      </trkpt>
      <trkpt lat="42.422821009531617" lon="2.892117016017437">
        <ele>309</ele>
      </trkpt>
      <trkpt lat="42.422886975109577" lon="2.892255987972021">
        <ele>309</ele>
      </trkpt>
      <trkpt lat="42.422907007858157" lon="2.892345003783703">
        <ele>311</ele>
      </trkpt>
      <trkpt lat="42.422972973436117" lon="2.892436031252146">
        <ele>312</ele>
      </trkpt>
      <trkpt lat="42.422984037548304" lon="2.892533009871841">
        <ele>314</ele>
      </trkpt>
      <trkpt lat="42.423027036711574" lon="2.892678016796708">
        <ele>315</ele>
      </trkpt>
      <trkpt lat="42.423056038096547" lon="2.892708024010062">
        <ele>316</ele>
      </trkpt>
      <trkpt lat="42.423071963712573" lon="2.892695032060146">
        <ele>317</ele>
      </trkpt>
      <trkpt lat="42.423117980360985" lon="2.892594030126929">
        <ele>317</ele>
      </trkpt>
      <trkpt lat="42.423186041414738" lon="2.892482969909906">
        <ele>318</ele>
      </trkpt>
      <trkpt lat="42.423201967030764" lon="2.892493028193712">
        <ele>319</ele>
      </trkpt>
      <trkpt lat="42.42325896397233" lon="2.892593024298549">
        <ele>321</ele>
      </trkpt>
      <trkpt lat="42.423270028084517" lon="2.892625965178013">
        <ele>321</ele>
      </trkpt>
      <trkpt lat="42.423316966742277" lon="2.89268396794796">
        <ele>322</ele>
      </trkpt>
      <trkpt lat="42.423378992825747" lon="2.892763009294868">
        <ele>323</ele>
      </trkpt>
      <trkpt lat="42.423416962847114" lon="2.892773989588022">
        <ele>323</ele>
      </trkpt>
      <trkpt lat="42.42345099337399" lon="2.89285303093493">
        <ele>324</ele>
      </trkpt>
      <trkpt lat="42.423519976437092" lon="2.892949003726244">
        <ele>326</ele>
      </trkpt>
      <trkpt lat="42.423592982813716" lon="2.89304899983108">
        <ele>327</ele>
      </trkpt>
      <trkpt lat="42.423654003068805" lon="2.893099961802363">
        <ele>328</ele>
      </trkpt>
      <trkpt lat="42.423745030537248" lon="2.893189983442426">
        <ele>328</ele>
      </trkpt>
      <trkpt lat="42.42381501942873" lon="2.893210016191006">
        <ele>329</ele>
      </trkpt>
      <trkpt lat="42.423916021361947" lon="2.893319986760616">
        <ele>331</ele>
      </trkpt>
      <trkpt lat="42.423928007483482" lon="2.893321998417378">
        <ele>331</ele>
      </trkpt>
      <trkpt lat="42.424021968618035" lon="2.893292997032404">
        <ele>331</ele>
      </trkpt>
      <trkpt lat="42.424100004136562" lon="2.893163999542594">
        <ele>334</ele>
      </trkpt>
      <trkpt lat="42.424137974157929" lon="2.893037013709545">
        <ele>335</ele>
      </trkpt>
      <trkpt lat="42.424162030220032" lon="2.89293902926147">
        <ele>337</ele>
      </trkpt>
      <trkpt lat="42.42418197914958" lon="2.892922013998032">
        <ele>337</ele>
      </trkpt>
      <trkpt lat="42.424212992191315" lon="2.892908016219735">
        <ele>338</ele>
      </trkpt>
      <trkpt lat="42.424265965819359" lon="2.892952021211386">
        <ele>340</ele>
      </trkpt>
      <trkpt lat="42.424265965819359" lon="2.892952021211386">
        <ele>341</ele>
      </trkpt>
      <trkpt lat="42.424268983304501" lon="2.892953027039766">
        <ele>341</ele>
      </trkpt>
      <trkpt lat="42.424306031316519" lon="2.893013041466475">
        <ele>341</ele>
      </trkpt>
      <trkpt lat="42.424403009936213" lon="2.893170034512878">
        <ele>344</ele>
      </trkpt>
      <trkpt lat="42.424442991614342" lon="2.893252009525895">
        <ele>348</ele>
      </trkpt>
      <trkpt lat="42.424466963857412" lon="2.893291991204023">
        <ele>347</ele>
      </trkpt>
      <trkpt lat="42.42452597245574" lon="2.893418977037072">
        <ele>348</ele>
      </trkpt>
      <trkpt lat="42.424581963568926" lon="2.893502963706851">
        <ele>350</ele>
      </trkpt>
      <trkpt lat="42.424642983824015" lon="2.893419982865453">
        <ele>352</ele>
      </trkpt>
      <trkpt lat="42.42465203627944" lon="2.893399028107524">
        <ele>353</ele>
      </trkpt>
      <trkpt lat="42.424698974937201" lon="2.89324102923274">
        <ele>355</ele>
      </trkpt>
      <trkpt lat="42.424722025170922" lon="2.893070038408041">
        <ele>356</ele>
      </trkpt>
      <trkpt lat="42.424729987978935" lon="2.893014969304204">
        <ele>356</ele>
      </trkpt>
      <trkpt lat="42.424748009070754" lon="2.892937017604709">
        <ele>357</ele>
      </trkpt>
      <trkpt lat="42.424765024334192" lon="2.892795028164983">
        <ele>359</ele>
      </trkpt>
      <trkpt lat="42.424773992970586" lon="2.892637029290199">
        <ele>361</ele>
      </trkpt>
      <trkpt lat="42.42478103376925" lon="2.892481964081526">
        <ele>363</ele>
      </trkpt>
      <trkpt lat="42.42478103376925" lon="2.892449023202062">
        <ele>363</ele>
      </trkpt>
      <trkpt lat="42.424790002405643" lon="2.892394037917256">
        <ele>365</ele>
      </trkpt>
      <trkpt lat="42.42482696659863" lon="2.892308039590716">
        <ele>366</ele>
      </trkpt>
      <trkpt lat="42.424871977418661" lon="2.892215000465512">
        <ele>368</ele>
      </trkpt>
      <trkpt lat="42.424896033480763" lon="2.892169989645481">
        <ele>368</ele>
      </trkpt>
      <trkpt lat="42.424929980188608" lon="2.892144005745649">
        <ele>369</ele>
      </trkpt>
      <trkpt lat="42.425004998221993" lon="2.892150962725282">
        <ele>370</ele>
      </trkpt>
      <trkpt lat="42.425098959356546" lon="2.892252970486879">
        <ele>372</ele>
      </trkpt>
      <trkpt lat="42.425200967118144" lon="2.892370987683535">
        <ele>374</ele>
      </trkpt>
      <trkpt lat="42.425259975716472" lon="2.8924660384655">
        <ele>376</ele>
      </trkpt>
      <trkpt lat="42.425339017063379" lon="2.89263803511858">
        <ele>378</ele>
      </trkpt>
      <trkpt lat="42.42540598846972" lon="2.892738031223416">
        <ele>380</ele>
      </trkpt>
      <trkpt lat="42.425482012331486" lon="2.892835009843111">
        <ele>382</ele>
      </trkpt>
      <trkpt lat="42.425499027594924" lon="2.892858982086182">
        <ele>382</ele>
      </trkpt>
      <trkpt lat="42.42564202286303" lon="2.892930982634425">
        <ele>385</ele>
      </trkpt>
      <trkpt lat="42.425719974562526" lon="2.892906004562974">
        <ele>385</ele>
      </trkpt>
      <trkpt lat="42.425752999261022" lon="2.89296199567616">
        <ele>386</ele>
      </trkpt>
      <trkpt lat="42.425832962617278" lon="2.893017986789346">
        <ele>386</ele>
      </trkpt>
      <trkpt lat="42.425982998684049" lon="2.893099039793015">
        <ele>386</ele>
      </trkpt>
      <trkpt lat="42.426046030595899" lon="2.893191995099187">
        <ele>387</ele>
      </trkpt>
      <trkpt lat="42.426159018650651" lon="2.893281010910869">
        <ele>388</ele>
      </trkpt>
      <trkpt lat="42.426214003935456" lon="2.893324010074139">
        <ele>389</ele>
      </trkpt>
      <trkpt lat="42.426251973956823" lon="2.893368015065789">
        <ele>391</ele>
      </trkpt>
      <trkpt lat="42.426343001425266" lon="2.893431968986988">
        <ele>393</ele>
      </trkpt>
      <trkpt lat="42.426419025287032" lon="2.893458036705852">
        <ele>393</ele>
      </trkpt>
      <trkpt lat="42.426485996693373" lon="2.893483014777303">
        <ele>394</ele>
      </trkpt>
      <trkpt lat="42.426614994183183" lon="2.893487960100174">
        <ele>394</ele>
      </trkpt>
      <trkpt lat="42.42665296420455" lon="2.893543029204011">
        <ele>395</ele>
      </trkpt>
      <trkpt lat="42.426701998338103" lon="2.893620980903506">
        <ele>396</ele>
      </trkpt>
      <trkpt lat="42.426832001656294" lon="2.893725000321865">
        <ele>398</ele>
      </trkpt>
      <trkpt lat="42.426856979727745" lon="2.893535988405347">
        <ele>398</ele>
      </trkpt>
      <trkpt lat="42.426902996376157" lon="2.893490977585316">
        <ele>399</ele>
      </trkpt>
      <trkpt lat="42.426902996376157" lon="2.893490977585316">
        <ele>400</ele>
      </trkpt>
      <trkpt lat="42.426928980275989" lon="2.893462982028723">
        <ele>401</ele>
      </trkpt>
      <trkpt lat="42.427001986652613" lon="2.893415037542582">
        <ele>402</ele>
      </trkpt>
      <trkpt lat="42.427064012736082" lon="2.893474968150258">
        <ele>429</ele>
      </trkpt>
      <trkpt lat="42.427085973322392" lon="2.893616035580635">
        <ele>430</ele>
      </trkpt>
      <trkpt lat="42.427083039656281" lon="2.893744027242065">
        <ele>431</ele>
      </trkpt>
      <trkpt lat="42.427083039656281" lon="2.893744027242065">
        <ele>431</ele>
      </trkpt>
      <trkpt lat="42.427111035212874" lon="2.893892973661423">
        <ele>432</ele>
      </trkpt>
      <trkpt lat="42.427135007455945" lon="2.893967991694808">
        <ele>432</ele>
      </trkpt>
      <trkpt lat="42.427187981083989" lon="2.893720977008343">
        <ele>431</ele>
      </trkpt>
      <trkpt lat="42.427303986623883" lon="2.893593991175294">
        <ele>430</ele>
      </trkpt>
      <trkpt lat="42.427313961088657" lon="2.893565995618701">
        <ele>430</ele>
      </trkpt>
      <trkpt lat="42.42733801715076" lon="2.893526013940573">
        <ele>430</ele>
      </trkpt>
      <trkpt lat="42.427362995222211" lon="2.893516961485148">
        <ele>431</ele>
      </trkpt>
      <trkpt lat="42.427428960800171" lon="2.893489971756935">
        <ele>432</ele>
      </trkpt>
      <trkpt lat="42.427454022690654" lon="2.893481003120542">
        <ele>432</ele>
      </trkpt>
      <trkpt lat="42.427495010197163" lon="2.893400033935905">
        <ele>433</ele>
      </trkpt>
      <trkpt lat="42.427515964955091" lon="2.893397016450763">
        <ele>435</ele>
      </trkpt>
      <trkpt lat="42.427541026845574" lon="2.893345970660448">
        <ele>436</ele>
      </trkpt>
      <trkpt lat="42.427521999925375" lon="2.893214039504528">
        <ele>437</ele>
      </trkpt>
      <trkpt lat="42.42751101963222" lon="2.893185038119555">
        <ele>438</ele>
      </trkpt>
      <trkpt lat="42.427484029904008" lon="2.89313499815762">
        <ele>438</ele>
      </trkpt>
      <trkpt lat="42.427438013255596" lon="2.893076995387673">
        <ele>439</ele>
      </trkpt>
      <trkpt lat="42.427436001598835" lon="2.892954032868147">
        <ele>440</ele>
      </trkpt>
      <trkpt lat="42.427442036569118" lon="2.892922013998032">
        <ele>441</ele>
      </trkpt>
      <trkpt lat="42.427481012418866" lon="2.892819000408053">
        <ele>442</ele>
      </trkpt>
      <trkpt lat="42.427488975226879" lon="2.892803996801376">
        <ele>442</ele>
      </trkpt>
      <trkpt lat="42.427541026845574" lon="2.892690002918243">
        <ele>444</ele>
      </trkpt>
      <trkpt lat="42.427540021017194" lon="2.892656978219748">
        <ele>445</ele>
      </trkpt>
      <trkpt lat="42.427558964118361" lon="2.892593024298549">
        <ele>446</ele>
      </trkpt>
      <trkpt lat="42.427587965503335" lon="2.892514988780022">
        <ele>446</ele>
      </trkpt>
      <trkpt lat="42.427652003243566" lon="2.892357995733619">
        <ele>448</ele>
      </trkpt>
      <trkpt lat="42.427712017670274" lon="2.89225397631526">
        <ele>449</ele>
      </trkpt>
      <trkpt lat="42.427763985469937" lon="2.892170995473862">
        <ele>451</ele>
      </trkpt>
      <trkpt lat="42.427831962704659" lon="2.892080973833799">
        <ele>453</ele>
      </trkpt>
      <trkpt lat="42.427899017930031" lon="2.892000004649162">
        <ele>455</ele>
      </trkpt>
      <trkpt lat="42.427917961031199" lon="2.891981983557344">
        <ele>456</ele>
      </trkpt>
      <trkpt lat="42.427955009043217" lon="2.891903026029468">
        <ele>458</ele>
      </trkpt>
      <trkpt lat="42.428021980449557" lon="2.891829013824463">
        <ele>459</ele>
      </trkpt>
      <trkpt lat="42.428075959905982" lon="2.891749972477555">
        <ele>460</ele>
      </trkpt>
      <trkpt lat="42.428123988211155" lon="2.891699010506272">
        <ele>462</ele>
      </trkpt>
      <trkpt lat="42.428161958232522" lon="2.89162902161479">
        <ele>463</ele>
      </trkpt>
      <trkpt lat="42.428192971274257" lon="2.891574958339334">
        <ele>464</ele>
      </trkpt>
      <trkpt lat="42.42822096683085" lon="2.891527013853192">
        <ele>465</ele>
      </trkpt>
      <trkpt lat="42.428233036771417" lon="2.891491977497935">
        <ele>465</ele>
      </trkpt>
      <trkpt lat="42.428313000127673" lon="2.891359040513635">
        <ele>466</ele>
      </trkpt>
      <trkpt lat="42.42836999706924" lon="2.891256026923657">
        <ele>467</ele>
      </trkpt>
      <trkpt lat="42.428432023152709" lon="2.891207998618484">
        <ele>468</ele>
      </trkpt>
      <trkpt lat="42.42851902730763" lon="2.891127029433847">
        <ele>469</ele>
      </trkpt>
      <trkpt lat="42.428544005379081" lon="2.891091993078589">
        <ele>470</ele>
      </trkpt>
      <trkpt lat="42.428636038675904" lon="2.890998031944037">
        <ele>470</ele>
      </trkpt>
      <trkpt lat="42.428753972053528" lon="2.890884038060904">
        <ele>471</ele>
      </trkpt>
      <trkpt lat="42.428811974823475" lon="2.89083500392735">
        <ele>471</ele>
      </trkpt>
      <trkpt lat="42.42890601977706" lon="2.890745988115668">
        <ele>472</ele>
      </trkpt>
      <trkpt lat="42.428979026153684" lon="2.890691002830863">
        <ele>472</ele>
      </trkpt>
      <trkpt lat="42.429031999781728" lon="2.890586983412504">
        <ele>474</ele>
      </trkpt>
      <trkpt lat="42.429064018651843" lon="2.890543984249234">
        <ele>474</ele>
      </trkpt>
      <trkpt lat="42.429111963137984" lon="2.890530992299318">
        <ele>475</ele>
      </trkpt>
      <trkpt lat="42.42912101559341" lon="2.89055697619915">
        <ele>476</ele>
      </trkpt>
      <trkpt lat="42.429135013371706" lon="2.890628976747394">
        <ele>477</ele>
      </trkpt>
      <trkpt lat="42.429188992828131" lon="2.890629982575774">
        <ele>478</ele>
      </trkpt>
      <trkpt lat="42.429241966456175" lon="2.890614978969097">
        <ele>479</ele>
      </trkpt>
      <trkpt lat="42.429252024739981" lon="2.890610033646226">
        <ele>481</ele>
      </trkpt>
      <trkpt lat="42.429295023903251" lon="2.890584971755743">
        <ele>483</ele>
      </trkpt>
      <trkpt lat="42.429355960339308" lon="2.890597963705659">
        <ele>484</ele>
      </trkpt>
      <trkpt lat="42.42942301556468" lon="2.89059997536242">
        <ele>486</ele>
      </trkpt>
      <trkpt lat="42.429461991414428" lon="2.890584971755743">
        <ele>488</ele>
      </trkpt>
      <trkpt lat="42.429489986971021" lon="2.890545995905995">
        <ele>489</ele>
      </trkpt>
      <trkpt lat="42.429524017497897" lon="2.890519006177783">
        <ele>490</ele>
      </trkpt>
      <trkpt lat="42.429541032761335" lon="2.890504002571106">
        <ele>491</ele>
      </trkpt>
      <trkpt lat="42.429626025259495" lon="2.890464020892978">
        <ele>493</ele>
      </trkpt>
      <trkpt lat="42.429665001109242" lon="2.890516994521022">
        <ele>495</ele>
      </trkpt>
      <trkpt lat="42.429696014150977" lon="2.890516994521022">
        <ele>497</ele>
      </trkpt>
      <trkpt lat="42.42976700887084" lon="2.890472989529371">
        <ele>499</ele>
      </trkpt>
      <trkpt lat="42.429828029125929" lon="2.890438959002495">
        <ele>500</ele>
      </trkpt>
      <trkpt lat="42.429898018017411" lon="2.890432002022862">
        <ele>501</ele>
      </trkpt>
      <trkpt lat="42.429949985817075" lon="2.890464020892978">
        <ele>503</ele>
      </trkpt>
      <trkpt lat="42.429985022172332" lon="2.890492016449571">
        <ele>504</ele>
      </trkpt>
      <trkpt lat="42.430045958608389" lon="2.890505008399487">
        <ele>506</ele>
      </trkpt>
      <trkpt lat="42.430103961378336" lon="2.890584971755743">
        <ele>508</ele>
      </trkpt>
      <trkpt lat="42.43013103492558" lon="2.890634005889297">
        <ele>510</ele>
      </trkpt>
      <trkpt lat="42.430181996896863" lon="2.890645992010832">
        <ele>511</ele>
      </trkpt>
      <trkpt lat="42.430189037695527" lon="2.890629982575774">
        <ele>512</ele>
      </trkpt>
      <trkpt lat="42.430253997445107" lon="2.890627970919013">
        <ele>514</ele>
      </trkpt>
      <trkpt lat="42.430304037407041" lon="2.890625037252903">
        <ele>515</ele>
      </trkpt>
      <trkpt lat="42.430330021306872" lon="2.890613973140717">
        <ele>517</ele>
      </trkpt>
      <trkpt lat="42.430381989106536" lon="2.890638029202819">
        <ele>518</ele>
      </trkpt>
      <trkpt lat="42.430448038503528" lon="2.890666024759412">
        <ele>519</ele>
      </trkpt>
      <trkpt lat="42.430503023788333" lon="2.890712041407824">
        <ele>521</ele>
      </trkpt>
      <trkpt lat="42.430545017123222" lon="2.890726961195469">
        <ele>523</ele>
      </trkpt>
      <trkpt lat="42.430607965216041" lon="2.890736013650894">
        <ele>524</ele>
      </trkpt>
      <trkpt lat="42.430654987692833" lon="2.890831986442208">
        <ele>525</ele>
      </trkpt>
      <trkpt lat="42.430701004341245" lon="2.890918990597129">
        <ele>527</ele>
      </trkpt>
      <trkpt lat="42.430727994069457" lon="2.890989985316992">
        <ele>528</ele>
      </trkpt>
      <trkpt lat="42.430778034031391" lon="2.891083024442196">
        <ele>530</ele>
      </trkpt>
      <trkpt lat="42.430812986567616" lon="2.891122000291944">
        <ele>531</ele>
      </trkpt>
      <trkpt lat="42.430890016257763" lon="2.891089981421828">
        <ele>533</ele>
      </trkpt>
      <trkpt lat="42.430938966572285" lon="2.891102973371744">
        <ele>535</ele>
      </trkpt>
      <trkpt lat="42.431010967120528" lon="2.891060980036855">
        <ele>537</ele>
      </trkpt>
      <trkpt lat="42.431024964898825" lon="2.891043964773417">
        <ele>537</ele>
      </trkpt>
      <trkpt lat="42.431072993203998" lon="2.891000965610147">
        <ele>538</ele>
      </trkpt>
      <trkpt lat="42.431161003187299" lon="2.890982022508979">
        <ele>539</ele>
      </trkpt>
      <trkpt lat="42.431254964321852" lon="2.890968024730682">
        <ele>539</ele>
      </trkpt>
      <trkpt lat="42.431305004283786" lon="2.890982022508979">
        <ele>540</ele>
      </trkpt>
      <trkpt lat="42.431348003447056" lon="2.891005994752049">
        <ele>540</ele>
      </trkpt>
      <trkpt lat="42.431388990953565" lon="2.89102896116674">
        <ele>540</ele>
      </trkpt>
      <trkpt lat="42.431463003158569" lon="2.891122000291944">
        <ele>542</ele>
      </trkpt>
      <trkpt lat="42.43155101314187" lon="2.891197018325329">
        <ele>543</ele>
      </trkpt>
      <trkpt lat="42.431601975113153" lon="2.891263989731669">
        <ele>544</ele>
      </trkpt>
      <trkpt lat="42.431661989539862" lon="2.891334984451532">
        <ele>545</ele>
      </trkpt>
      <trkpt lat="42.43178796954453" lon="2.891421988606453">
        <ele>546</ele>
      </trkpt>
      <trkpt lat="42.43182904087007" lon="2.891462976112962">
        <ele>546</ele>
      </trkpt>
      <trkpt lat="42.431946974247694" lon="2.891512010246515">
        <ele>548</ele>
      </trkpt>
      <trkpt lat="42.432048982009292" lon="2.891538999974728">
        <ele>548</ele>
      </trkpt>
      <trkpt lat="42.43206599727273" lon="2.891540005803108">
        <ele>549</ele>
      </trkpt>
      <trkpt lat="42.4320899695158" lon="2.891545034945011">
        <ele>549</ele>
      </trkpt>
      <trkpt lat="42.432163981720805" lon="2.891621980816126">
        <ele>550</ele>
      </trkpt>
      <trkpt lat="42.432203963398933" lon="2.891730023548007">
        <ele>551</ele>
      </trkpt>
      <trkpt lat="42.43219499476254" lon="2.891788026317954">
        <ele>552</ele>
      </trkpt>
      <trkpt lat="42.432249980047345" lon="2.891862960532308">
        <ele>553</ele>
      </trkpt>
      <trkpt lat="42.432286022230983" lon="2.891910988837481">
        <ele>554</ele>
      </trkpt>
      <trkpt lat="42.43234503082931" lon="2.891942001879215">
        <ele>556</ele>
      </trkpt>
      <trkpt lat="42.432367997244" lon="2.892020037397742">
        <ele>557</ele>
      </trkpt>
      <trkpt lat="42.4323870241642" lon="2.892101006582379">
        <ele>558</ele>
      </trkpt>
      <trkpt lat="42.43243102915585" lon="2.892146017402411">
        <ele>560</ele>
      </trkpt>
      <trkpt lat="42.432468999177217" lon="2.892208965495229">
        <ele>562</ele>
      </trkpt>
      <trkpt lat="42.432519039139152" lon="2.892320025712252">
        <ele>564</ele>
      </trkpt>
      <trkpt lat="42.432540999725461" lon="2.892399989068508">
        <ele>565</ele>
      </trkpt>
      <trkpt lat="42.432566983625293" lon="2.892523035407066">
        <ele>566</ele>
      </trkpt>
      <trkpt lat="42.432568995282054" lon="2.892527980729938">
        <ele>566</ele>
      </trkpt>
      <trkpt lat="42.432590033859015" lon="2.892568968236446">
        <ele>567</ele>
      </trkpt>
      <trkpt lat="42.432629009708762" lon="2.892714980989695">
        <ele>569</ele>
      </trkpt>
      <trkpt lat="42.432648036628962" lon="2.892837021499872">
        <ele>570</ele>
      </trkpt>
      <trkpt lat="42.432658011093736" lon="2.892955960705876">
        <ele>571</ele>
      </trkpt>
      <trkpt lat="42.432675026357174" lon="2.892985967919231">
        <ele>573</ele>
      </trkpt>
      <trkpt lat="42.432675026357174" lon="2.892985967919231">
        <ele>573</ele>
      </trkpt>
      <trkpt lat="42.432703021913767" lon="2.893102979287505">
        <ele>574</ele>
      </trkpt>
      <trkpt lat="42.432733029127121" lon="2.893161987885833">
        <ele>575</ele>
      </trkpt>
      <trkpt lat="42.432726994156837" lon="2.893252009525895">
        <ele>576</ele>
      </trkpt>
      <trkpt lat="42.432729005813599" lon="2.893281010910869">
        <ele>578</ele>
      </trkpt>
      <trkpt lat="42.432740991935134" lon="2.893362985923886">
        <ele>580</ele>
      </trkpt>
      <trkpt lat="42.432745015248656" lon="2.893401039764285">
        <ele>579</ele>
      </trkpt>
      <trkpt lat="42.432792959734797" lon="2.893500030040741">
        <ele>582</ele>
      </trkpt>
      <trkpt lat="42.43283998221159" lon="2.893590973690152">
        <ele>582</ele>
      </trkpt>
      <trkpt lat="42.432858003303409" lon="2.893621986731887">
        <ele>583</ele>
      </trkpt>
      <trkpt lat="42.432852974161506" lon="2.893647970631719">
        <ele>584</ele>
      </trkpt>
      <trkpt lat="42.432849034667015" lon="2.893727011978626">
        <ele>584</ele>
      </trkpt>
      <trkpt lat="42.43283998221159" lon="2.893791971728206">
        <ele>586</ele>
      </trkpt>
      <trkpt lat="42.432833025231957" lon="2.893813010305166">
        <ele>589</ele>
      </trkpt>
      <trkpt lat="42.432800000533462" lon="2.893851986154914">
        <ele>589</ele>
      </trkpt>
      <trkpt lat="42.432762030512094" lon="2.893915018066764">
        <ele>590</ele>
      </trkpt>
      <trkpt lat="42.43275498971343" lon="2.893947036936879">
        <ele>592</ele>
      </trkpt>
      <trkpt lat="42.432760018855333" lon="2.894034963101149">
        <ele>594</ele>
      </trkpt>
      <trkpt lat="42.432788014411926" lon="2.894191034138203">
        <ele>596</ele>
      </trkpt>
      <trkpt lat="42.432807963341475" lon="2.894282983615995">
        <ele>598</ele>
      </trkpt>
      <trkpt lat="42.432848028838634" lon="2.894393960013986">
        <ele>599</ele>
      </trkpt>
      <trkpt lat="42.432811986654997" lon="2.894496973603964">
        <ele>600</ele>
      </trkpt>
      <trkpt lat="42.432810980826616" lon="2.894590012729168">
        <ele>601</ele>
      </trkpt>
      <trkpt lat="42.432813998311758" lon="2.894599987193942">
        <ele>602</ele>
      </trkpt>
      <trkpt lat="42.432803018018603" lon="2.894666958600283">
        <ele>603</ele>
      </trkpt>
      <trkpt lat="42.432761024683714" lon="2.894718004390597">
        <ele>605</ele>
      </trkpt>
      <trkpt lat="42.432746021077037" lon="2.8947679605335">
        <ele>606</ele>
      </trkpt>
      <trkpt lat="42.432724982500076" lon="2.894825041294098">
        <ele>608</ele>
      </trkpt>
      <trkpt lat="42.432716013863683" lon="2.894891006872058">
        <ele>610</ele>
      </trkpt>
      <trkpt lat="42.432737974449992" lon="2.894928976893425">
        <ele>610</ele>
      </trkpt>
      <trkpt lat="42.432758007198572" lon="2.894948003813624">
        <ele>610</ele>
      </trkpt>
      <trkpt lat="42.432837970554829" lon="2.895065015181899">
        <ele>612</ele>
      </trkpt>
      <trkpt lat="42.432825984433293" lon="2.895150007680059">
        <ele>614</ele>
      </trkpt>
      <trkpt lat="42.432781979441643" lon="2.895190995186567">
        <ele>615</ele>
      </trkpt>
      <trkpt lat="42.432752978056669" lon="2.895240029320121">
        <ele>617</ele>
      </trkpt>
      <trkpt lat="42.432704027742147" lon="2.895246986299753">
        <ele>618</ele>
      </trkpt>
      <trkpt lat="42.432649964466691" lon="2.895269030705094">
        <ele>619</ele>
      </trkpt>
      <trkpt lat="42.432553991675377" lon="2.895297026261687">
        <ele>620</ele>
      </trkpt>
      <trkpt lat="42.432528007775545" lon="2.895356034860015">
        <ele>621</ele>
      </trkpt>
      <trkpt lat="42.432533036917448" lon="2.895444966852665">
        <ele>623</ele>
      </trkpt>
      <trkpt lat="42.432587016373873" lon="2.89551897905767">
        <ele>625</ele>
      </trkpt>
      <trkpt lat="42.432630015537143" lon="2.895616963505745">
        <ele>626</ele>
      </trkpt>
      <trkpt lat="42.432673014700413" lon="2.895682007074356">
        <ele>627</ele>
      </trkpt>
      <trkpt lat="42.432738980278373" lon="2.895778985694051">
        <ele>630</ele>
      </trkpt>
      <trkpt lat="42.432793965563178" lon="2.89584101177752">
        <ele>631</ele>
      </trkpt>
      <trkpt lat="42.432867977768183" lon="2.895904965698719">
        <ele>633</ele>
      </trkpt>
      <trkpt lat="42.43288298137486" lon="2.895915023982525">
        <ele>633</ele>
      </trkpt>
      <trkpt lat="42.432920029386878" lon="2.895942013710737">
        <ele>634</ele>
      </trkpt>
      <trkpt lat="42.432983983308077" lon="2.896033963188529">
        <ele>634</ele>
      </trkpt>
      <trkpt lat="42.433057995513082" lon="2.896176036447287">
        <ele>636</ele>
      </trkpt>
      <trkpt lat="42.433080961927772" lon="2.896195985376835">
        <ele>636</ele>
      </trkpt>
      <trkpt lat="42.433153968304396" lon="2.896274020895362">
        <ele>637</ele>
      </trkpt>
      <trkpt lat="42.433195961639285" lon="2.896341998130083">
        <ele>639</ele>
      </trkpt>
      <trkpt lat="42.433223035186529" lon="2.896425984799862">
        <ele>640</ele>
      </trkpt>
      <trkpt lat="42.433275002986193" lon="2.896487005054951">
        <ele>642</ele>
      </trkpt>
      <trkpt lat="42.433314984664321" lon="2.896547019481659">
        <ele>644</ele>
      </trkpt>
      <trkpt lat="42.433382039889693" lon="2.896582977846265">
        <ele>646</ele>
      </trkpt>
      <trkpt lat="42.433435013517737" lon="2.896600998938084">
        <ele>647</ele>
      </trkpt>
      <trkpt lat="42.433457979932427" lon="2.896610973402858">
        <ele>648</ele>
      </trkpt>
      <trkpt lat="42.433494022116065" lon="2.896617008373141">
        <ele>650</ele>
      </trkpt>
      <trkpt lat="42.433546995744109" lon="2.896709041669965">
        <ele>650</ele>
      </trkpt>
      <trkpt lat="42.433623019605875" lon="2.896818006411195">
        <ele>652</ele>
      </trkpt>
      <trkpt lat="42.433694014325738" lon="2.896904004737735">
        <ele>653</ele>
      </trkpt>
      <trkpt lat="42.433823011815548" lon="2.896959995850921">
        <ele>654</ele>
      </trkpt>
      <trkpt lat="42.43393499404192" lon="2.896939963102341">
        <ele>654</ele>
      </trkpt>
      <trkpt lat="42.434017974883318" lon="2.896897969767451">
        <ele>655</ele>
      </trkpt>
      <trkpt lat="42.434048987925053" lon="2.896855976432562">
        <ele>655</ele>
      </trkpt>
      <trkpt lat="42.434092992916703" lon="2.896817000582814">
        <ele>655</ele>
      </trkpt>
      <trkpt lat="42.434130040928721" lon="2.896774001419544">
        <ele>655</ele>
      </trkpt>
      <trkpt lat="42.434175973758101" lon="2.89676402695477">
        <ele>655</ele>
      </trkpt>
      <trkpt lat="42.43430295959115" lon="2.896790010854602">
        <ele>656</ele>
      </trkpt>
      <trkpt lat="42.434330033138394" lon="2.89676402695477">
        <ele>656</ele>
      </trkpt>
      <trkpt lat="42.434366997331381" lon="2.896751035004854">
        <ele>657</ele>
      </trkpt>
      <trkpt lat="42.434400022029877" lon="2.896723039448261">
        <ele>657</ele>
      </trkpt>
      <trkpt lat="42.434487026184797" lon="2.896671993657947">
        <ele>658</ele>
      </trkpt>
      <trkpt lat="42.434510998427868" lon="2.896670987829566">
        <ele>659</ele>
      </trkpt>
      <trkpt lat="42.434591967612505" lon="2.896628994494677">
        <ele>660</ele>
      </trkpt>
      <trkpt lat="42.434630021452904" lon="2.896631006151438">
        <ele>660</ele>
      </trkpt>
      <trkpt lat="42.434684000909328" lon="2.896638968959451">
        <ele>662</ele>
      </trkpt>
      <trkpt lat="42.43470897898078" lon="2.896645003929734">
        <ele>663</ele>
      </trkpt>
      <trkpt lat="42.43472901172936" lon="2.896652966737747">
        <ele>663</ele>
      </trkpt>
      <trkpt lat="42.434803023934364" lon="2.896689008921385">
        <ele>663</ele>
      </trkpt>
      <trkpt lat="42.434916011989117" lon="2.896705018356443">
        <ele>664</ele>
      </trkpt>
      <trkpt lat="42.434993041679263" lon="2.896726978942752">
        <ele>665</ele>
      </trkpt>
      <trkpt lat="42.435078034177423" lon="2.896750029176474">
        <ele>667</ele>
      </trkpt>
      <trkpt lat="42.435164032503963" lon="2.896736031398177">
        <ele>669</ele>
      </trkpt>
      <trkpt lat="42.435240978375077" lon="2.896769978106022">
        <ele>670</ele>
      </trkpt>
      <trkpt lat="42.435263022780418" lon="2.896751035004854">
        <ele>670</ele>
      </trkpt>
      <trkpt lat="42.43528800085187" lon="2.896734019741416">
        <ele>671</ele>
      </trkpt>
      <trkpt lat="42.435309961438179" lon="2.896719016134739">
        <ele>671</ele>
      </trkpt>
      <trkpt lat="42.435327982529998" lon="2.896709041669965">
        <ele>671</ele>
      </trkpt>
      <trkpt lat="42.435357989743352" lon="2.89669998921454">
        <ele>673</ele>
      </trkpt>
      <trkpt lat="42.435412975028157" lon="2.896663025021553">
        <ele>673</ele>
      </trkpt>
      <trkpt lat="42.43546100333333" lon="2.896666964516044">
        <ele>674</ele>
      </trkpt>
      <trkpt lat="42.435498973354697" lon="2.896674005314708">
        <ele>675</ele>
      </trkpt>
      <trkpt lat="42.43560902774334" lon="2.896651960909367">
        <ele>676</ele>
      </trkpt>
      <trkpt lat="42.435684967786074" lon="2.896713986992836">
        <ele>678</ele>
      </trkpt>
      <trkpt lat="42.435693014413118" lon="2.896770983934403">
        <ele>679</ele>
      </trkpt>
      <trkpt lat="42.435703994706273" lon="2.896812977269292">
        <ele>680</ele>
      </trkpt>
      <trkpt lat="42.435763003304601" lon="2.896851031109691">
        <ele>681</ele>
      </trkpt>
      <trkpt lat="42.43578496389091" lon="2.896869974210858">
        <ele>682</ele>
      </trkpt>
      <trkpt lat="42.435826035216451" lon="2.896953038871288">
        <ele>684</ele>
      </trkpt>
      <trkpt lat="42.435838021337986" lon="2.896964019164443">
        <ele>684</ele>
      </trkpt>
      <trkpt lat="42.43586702272296" lon="2.896996038034558">
        <ele>684</ele>
      </trkpt>
      <trkpt lat="42.435913039371371" lon="2.897080024704337">
        <ele>686</ele>
      </trkpt>
      <trkpt lat="42.435927959159017" lon="2.897179014980793">
        <ele>687</ele>
      </trkpt>
      <trkpt lat="42.436003983020782" lon="2.897241963073611">
        <ele>688</ele>
      </trkpt>
      <trkpt lat="42.436023009940982" lon="2.89727901108563">
        <ele>689</ele>
      </trkpt>
      <trkpt lat="42.436071960255504" lon="2.897337013855577">
        <ele>691</ele>
      </trkpt>
      <trkpt lat="42.436090987175703" lon="2.897378001362085">
        <ele>691</ele>
      </trkpt>
      <trkpt lat="42.436141027137637" lon="2.897442039102316">
        <ele>692</ele>
      </trkpt>
      <trkpt lat="42.436171034350991" lon="2.897471962496638">
        <ele>692</ele>
      </trkpt>
      <trkpt lat="42.436203975230455" lon="2.897577993571758">
        <ele>693</ele>
      </trkpt>
      <trkpt lat="42.436228031292558" lon="2.897687964141369">
        <ele>694</ele>
      </trkpt>
      <trkpt lat="42.43623398244381" lon="2.897707996889949">
        <ele>694</ele>
      </trkpt>
      <trkpt lat="42.436242029070854" lon="2.89779600687325">
        <ele>695</ele>
      </trkpt>
      <trkpt lat="42.436229959130287" lon="2.897857027128339">
        <ele>695</ele>
      </trkpt>
      <trkpt lat="42.436254015192389" lon="2.897934978827834">
        <ele>695</ele>
      </trkpt>
      <trkpt lat="42.436309000477195" lon="2.898062970489264">
        <ele>696</ele>
      </trkpt>
      <trkpt lat="42.436313023790717" lon="2.89807403460145">
        <ele>696</ele>
      </trkpt>
      <trkpt lat="42.436390975490212" lon="2.898173024877906">
        <ele>697</ele>
      </trkpt>
      <trkpt lat="42.436463981866837" lon="2.898256005719304">
        <ele>697</ele>
      </trkpt>
      <trkpt lat="42.436530031263828" lon="2.898309985175729">
        <ele>699</ele>
      </trkpt>
      <trkpt lat="42.436528019607067" lon="2.89831199683249">
        <ele>700</ele>
      </trkpt>
      <trkpt lat="42.436541011556983" lon="2.898362036794424">
        <ele>700</ele>
      </trkpt>
      <trkpt lat="42.436542017385364" lon="2.898457003757358">
        <ele>701</ele>
      </trkpt>
      <trkpt lat="42.436537994071841" lon="2.898494973778725">
        <ele>701</ele>
      </trkpt>
      <trkpt lat="42.436537994071841" lon="2.898494973778725">
        <ele>701</ele>
      </trkpt>
      <trkpt lat="42.436522990465164" lon="2.898579966276884">
        <ele>701</ele>
      </trkpt>
      <trkpt lat="42.436520978808403" lon="2.898606033995748">
        <ele>701</ele>
      </trkpt>
      <trkpt lat="42.436546040698886" lon="2.898761015385389">
        <ele>703</ele>
      </trkpt>
      <trkpt lat="42.436545034870505" lon="2.89882798679173">
        <ele>703</ele>
      </trkpt>
      <trkpt lat="42.436552997678518" lon="2.898909961804748">
        <ele>703</ele>
      </trkpt>
      <trkpt lat="42.436570012941957" lon="2.899070978164673">
        <ele>704</ele>
      </trkpt>
      <trkpt lat="42.436574958264828" lon="2.899080030620098">
        <ele>704</ele>
      </trkpt>
      <trkpt lat="42.436638996005058" lon="2.899181032553315">
        <ele>705</ele>
      </trkpt>
      <trkpt lat="42.436636984348297" lon="2.899191007018089">
        <ele>705</ele>
      </trkpt>
      <trkpt lat="42.436631033197045" lon="2.899211961776018">
        <ele>706</ele>
      </trkpt>
      <trkpt lat="42.436626004055142" lon="2.899253033101559">
        <ele>707</ele>
      </trkpt>
      <trkpt lat="42.436630027368665" lon="2.899281028658152">
        <ele>707</ele>
      </trkpt>
      <trkpt lat="42.436659028753638" lon="2.899365015327931">
        <ele>708</ele>
      </trkpt>
      <trkpt lat="42.436666991561651" lon="2.899372978135943">
        <ele>708</ele>
      </trkpt>
      <trkpt lat="42.436675038188696" lon="2.899399967864156">
        <ele>709</ele>
      </trkpt>
      <trkpt lat="42.436705967411399" lon="2.899482026696205">
        <ele>711</ele>
      </trkpt>
      <trkpt lat="42.436755001544952" lon="2.899570036679506">
        <ele>712</ele>
      </trkpt>
      <trkpt lat="42.436733040958643" lon="2.899628039449453">
        <ele>713</ele>
      </trkpt>
      <trkpt lat="42.436744021251798" lon="2.89973197504878">
        <ele>715</ele>
      </trkpt>
      <trkpt lat="42.43675097823143" lon="2.89975100196898">
        <ele>715</ele>
      </trkpt>
      <trkpt lat="42.436761958524585" lon="2.899785032495856">
        <ele>715</ele>
      </trkpt>
      <trkpt lat="42.436767993494868" lon="2.899845968931913">
        <ele>716</ele>
      </trkpt>
      <trkpt lat="42.436789032071829" lon="2.899913024157286">
        <ele>717</ele>
      </trkpt>
      <trkpt lat="42.436790959909558" lon="2.899973038583994">
        <ele>718</ele>
      </trkpt>
      <trkpt lat="42.436786014586687" lon="2.900050990283489">
        <ele>719</ele>
      </trkpt>
      <trkpt lat="42.436804035678506" lon="2.900103963911533">
        <ele>720</ele>
      </trkpt>
      <trkpt lat="42.436809986829758" lon="2.90015802718699">
        <ele>720</ele>
      </trkpt>
      <trkpt lat="42.436799006536603" lon="2.90024503134191">
        <ele>722</ele>
      </trkpt>
      <trkpt lat="42.436830019578338" lon="2.900298004969955">
        <ele>723</ele>
      </trkpt>
      <trkpt lat="42.436817027628422" lon="2.900372017174959">
        <ele>724</ele>
      </trkpt>
      <trkpt lat="42.436824990436435" lon="2.900470001623035">
        <ele>726</ele>
      </trkpt>
      <trkpt lat="42.436811998486519" lon="2.900487016886473">
        <ele>726</ele>
      </trkpt>
      <trkpt lat="42.436802024021745" lon="2.900518029928207">
        <ele>726</ele>
      </trkpt>
      <trkpt lat="42.436790959909558" lon="2.900538984686136">
        <ele>726</ele>
      </trkpt>
      <trkpt lat="42.436761958524585" lon="2.900561029091477">
        <ele>727</ele>
      </trkpt>
      <trkpt lat="42.436729017645121" lon="2.900625988841057">
        <ele>727</ele>
      </trkpt>
      <trkpt lat="42.436713008210063" lon="2.900649039074779">
        <ele>728</ele>
      </trkpt>
      <trkpt lat="42.436690041795373" lon="2.900715004652739">
        <ele>729</ele>
      </trkpt>
      <trkpt lat="42.436692975461483" lon="2.900738976895809">
        <ele>730</ele>
      </trkpt>
      <trkpt lat="42.436693981289864" lon="2.900844002142549">
        <ele>731</ele>
      </trkpt>
      <trkpt lat="42.436683000996709" lon="2.900937041267753">
        <ele>733</ele>
      </trkpt>
      <trkpt lat="42.436652993783355" lon="2.901009041815996">
        <ele>733</ele>
      </trkpt>
      <trkpt lat="42.436624998226762" lon="2.901097973808646">
        <ele>735</ele>
      </trkpt>
      <trkpt lat="42.436620974913239" lon="2.901130998507142">
        <ele>736</ele>
      </trkpt>
      <trkpt lat="42.436593985185027" lon="2.901240969076753">
        <ele>738</ele>
      </trkpt>
      <trkpt lat="42.436594991013408" lon="2.901278017088771">
        <ele>738</ele>
      </trkpt>
      <trkpt lat="42.436605971306562" lon="2.901340965181589">
        <ele>739</ele>
      </trkpt>
      <trkpt lat="42.436603037640452" lon="2.901446996256709">
        <ele>741</ele>
      </trkpt>
      <trkpt lat="42.436609994620085" lon="2.90149200707674">
        <ele>741</ele>
      </trkpt>
      <trkpt lat="42.436638996005058" lon="2.901580017060041">
        <ele>743</ele>
      </trkpt>
      <trkpt lat="42.436700016260147" lon="2.901681018993259">
        <ele>744</ele>
      </trkpt>
      <trkpt lat="42.436790037900209" lon="2.901790989562869">
        <ele>744</ele>
      </trkpt>
      <trkpt lat="42.436806969344616" lon="2.90181202813983">
        <ele>744</ele>
      </trkpt>
      <trkpt lat="42.436816021800041" lon="2.901820996776223">
        <ele>744</ele>
      </trkpt>
      <trkpt lat="42.436863966286182" lon="2.901844969019294">
        <ele>744</ele>
      </trkpt>
      <trkpt lat="42.436876036226749" lon="2.901848992332816">
        <ele>744</ele>
      </trkpt>
      <trkpt lat="42.436905959621072" lon="2.901867013424635">
        <ele>744</ele>
      </trkpt>
      <trkpt lat="42.436916017904878" lon="2.901874976232648">
        <ele>744</ele>
      </trkpt>
      <trkpt lat="42.436916017904878" lon="2.901874976232648">
        <ele>745</ele>
      </trkpt>
      <trkpt lat="42.436974020674825" lon="2.901881011202931">
        <ele>745</ele>
      </trkpt>
      <trkpt lat="42.437063036486506" lon="2.901895008981228">
        <ele>746</ele>
      </trkpt>
      <trkpt lat="42.437087008729577" lon="2.901873970404267">
        <ele>746</ele>
      </trkpt>
      <trkpt lat="42.437218017876148" lon="2.90190096013248">
        <ele>747</ele>
      </trkpt>
      <trkpt lat="42.437271997332573" lon="2.901915041729808">
        <ele>748</ele>
      </trkpt>
      <trkpt lat="42.437326982617378" lon="2.901951000094414">
        <ele>748</ele>
      </trkpt>
      <trkpt lat="42.437400994822383" lon="2.90198695845902">
        <ele>749</ele>
      </trkpt>
      <trkpt lat="42.437433013692498" lon="2.901988970115781">
        <ele>749</ele>
      </trkpt>
      <trkpt lat="42.437457991763949" lon="2.902010008692741">
        <ele>749</ele>
      </trkpt>
      <trkpt lat="42.437515994533896" lon="2.902038004249334">
        <ele>750</ele>
      </trkpt>
      <trkpt lat="42.437537033110857" lon="2.902031969279051">
        <ele>750</ele>
      </trkpt>
      <trkpt lat="42.437567040324211" lon="2.902011014521122">
        <ele>750</ele>
      </trkpt>
      <trkpt lat="42.437585983425379" lon="2.902001040056348">
        <ele>751</ele>
      </trkpt>
      <trkpt lat="42.437659995630383" lon="2.902030041441321">
        <ele>752</ele>
      </trkpt>
      <trkpt lat="42.437725039198995" lon="2.902081003412604">
        <ele>754</ele>
      </trkpt>
      <trkpt lat="42.437760997563601" lon="2.902096007019281">
        <ele>755</ele>
      </trkpt>
      <trkpt lat="42.437825035303831" lon="2.902110004797578">
        <ele>756</ele>
      </trkpt>
      <trkpt lat="42.437825035303831" lon="2.902110004797578">
        <ele>756</ele>
      </trkpt>
      <trkpt lat="42.43784599006176" lon="2.9021140281111">
        <ele>757</ele>
      </trkpt>
      <trkpt lat="42.437870968133211" lon="2.902128025889397">
        <ele>757</ele>
      </trkpt>
      <trkpt lat="42.437898041680455" lon="2.902142023667693">
        <ele>757</ele>
      </trkpt>
      <trkpt lat="42.437967024743557" lon="2.902165995910764">
        <ele>758</ele>
      </trkpt>
      <trkpt lat="42.437998959794641" lon="2.902194997295737">
        <ele>758</ele>
      </trkpt>
      <trkpt lat="42.438027039170265" lon="2.902226010337472">
        <ele>759</ele>
      </trkpt>
      <trkpt lat="42.438112031668425" lon="2.902293987572193">
        <ele>761</ele>
      </trkpt>
      <trkpt lat="42.438170034438372" lon="2.902317959815264">
        <ele>762</ele>
      </trkpt>
      <trkpt lat="42.4382100161165" lon="2.902327012270689">
        <ele>763</ele>
      </trkpt>
      <trkpt lat="42.438246980309486" lon="2.902355007827282">
        <ele>763</ele>
      </trkpt>
      <trkpt lat="42.438329961150885" lon="2.902344027534127">
        <ele>764</ele>
      </trkpt>
      <trkpt lat="42.438386036083102" lon="2.902301028370857">
        <ele>764</ele>
      </trkpt>
      <trkpt lat="42.438444038853049" lon="2.902275966480374">
        <ele>764</ele>
      </trkpt>
      <trkpt lat="42.43859700858593" lon="2.902342015877366">
        <ele>764</ele>
      </trkpt>
      <trkpt lat="42.43870697915554" lon="2.902429020032287">
        <ele>766</ele>
      </trkpt>
      <trkpt lat="42.438718965277076" lon="2.90243798866868">
        <ele>766</ele>
      </trkpt>
      <trkpt lat="42.438747966662049" lon="2.902456009760499">
        <ele>766</ele>
      </trkpt>
      <trkpt lat="42.438805969431996" lon="2.902494985610247">
        <ele>766</ele>
      </trkpt>
      <trkpt lat="42.438943013548851" lon="2.90245802141726">
        <ele>767</ele>
      </trkpt>
      <trkpt lat="42.438974026590586" lon="2.902441006153822">
        <ele>767</ele>
      </trkpt>
      <trkpt lat="42.439043009653687" lon="2.902417033910751">
        <ele>767</ele>
      </trkpt>
      <trkpt lat="42.439183993265033" lon="2.902389960363507">
        <ele>766</ele>
      </trkpt>
      <trkpt lat="42.4392219632864" lon="2.902399012818933">
        <ele>765</ele>
      </trkpt>
      <trkpt lat="42.439225986599922" lon="2.902397001162171">
        <ele>765</ele>
      </trkpt>
      <trkpt lat="42.439250964671373" lon="2.902397001162171">
        <ele>765</ele>
      </trkpt>
      <trkpt lat="42.439358001574874" lon="2.90243798866868">
        <ele>765</ele>
      </trkpt>
      <trkpt lat="42.439402006566525" lon="2.902445029467344">
        <ele>765</ele>
      </trkpt>
      <trkpt lat="42.439509965479374" lon="2.902431031689048">
        <ele>766</ele>
      </trkpt>
      <trkpt lat="42.439601998776197" lon="2.902465984225273">
        <ele>767</ele>
      </trkpt>
      <trkpt lat="42.439656984061003" lon="2.902490040287376">
        <ele>767</ele>
      </trkpt>
      <trkpt lat="42.439729990437627" lon="2.902517030015588">
        <ele>768</ele>
      </trkpt>
      <trkpt lat="42.439783969894052" lon="2.902547959238291">
        <ele>768</ele>
      </trkpt>
      <trkpt lat="42.439917996525764" lon="2.902498003095388">
        <ele>766</ele>
      </trkpt>
      <trkpt lat="42.43999301455915" lon="2.902547959238291">
        <ele>763</ele>
      </trkpt>
      <trkpt lat="42.440054034814239" lon="2.902645021677017">
        <ele>761</ele>
      </trkpt>
      <trkpt lat="42.440096028149128" lon="2.902677040547133">
        <ele>759</ele>
      </trkpt>
      <trkpt lat="42.440138021484017" lon="2.902717022225261">
        <ele>758</ele>
      </trkpt>
      <trkpt lat="42.44018797762692" lon="2.902718028053641">
        <ele>758</ele>
      </trkpt>
      <trkpt lat="42.440280010923743" lon="2.902691038325429">
        <ele>757</ele>
      </trkpt>
      <trkpt lat="42.440366009250283" lon="2.902736971154809">
        <ele>755</ele>
      </trkpt>
      <trkpt lat="42.440391993150115" lon="2.902839984744787">
        <ele>753</ele>
      </trkpt>
      <trkpt lat="42.440392998978496" lon="2.902850965037942">
        <ele>753</ele>
      </trkpt>
      <trkpt lat="42.440428035333753" lon="2.902918020263314">
        <ele>752</ele>
      </trkpt>
      <trkpt lat="42.440491989254951" lon="2.902941992506385">
        <ele>751</ele>
      </trkpt>
      <trkpt lat="42.440578993409872" lon="2.902921959757805">
        <ele>749</ele>
      </trkpt>
      <trkpt lat="42.44070103392005" lon="2.902903016656637">
        <ele>748</ele>
      </trkpt>
      <trkpt lat="42.440814021974802" lon="2.902847025543451">
        <ele>747</ele>
      </trkpt>
      <trkpt lat="42.440844029188156" lon="2.902792040258646">
        <ele>747</ele>
      </trkpt>
      <trkpt lat="42.440924998372793" lon="2.902829004451633">
        <ele>746</ele>
      </trkpt>
      <trkpt lat="42.440934972837567" lon="2.902827998623252">
        <ele>745</ele>
      </trkpt>
      <trkpt lat="42.441033041104674" lon="2.902834033593535">
        <ele>744</ele>
      </trkpt>
      <trkpt lat="42.441052990034223" lon="2.902840990573168">
        <ele>743</ele>
      </trkpt>
      <trkpt lat="42.441072016954422" lon="2.902849959209561">
        <ele>743</ele>
      </trkpt>
      <trkpt lat="42.441219035536051" lon="2.902882983908057">
        <ele>742</ele>
      </trkpt>
      <trkpt lat="42.441366976127028" lon="2.902933023869991">
        <ele>741</ele>
      </trkpt>
      <trkpt lat="42.441477030515671" lon="2.902947021648288">
        <ele>741</ele>
      </trkpt>
      <trkpt lat="42.441559005528688" lon="2.902951966971159">
        <ele>741</ele>
      </trkpt>
      <trkpt lat="42.441624971106648" lon="2.903076019138098">
        <ele>741</ele>
      </trkpt>
      <trkpt lat="42.441708035767078" lon="2.903193030506373">
        <ele>741</ele>
      </trkpt>
      <trkpt lat="42.441719016060233" lon="2.903207028284669">
        <ele>741</ele>
      </trkpt>
      <trkpt lat="42.441754974424839" lon="2.903295960277319">
        <ele>743</ele>
      </trkpt>
      <trkpt lat="42.441789004951715" lon="2.903366032987833">
        <ele>744</ele>
      </trkpt>
      <trkpt lat="42.441861005499959" lon="2.903479021042585">
        <ele>744</ele>
      </trkpt>
      <trkpt lat="42.441934011876583" lon="2.903599971905351">
        <ele>743</ele>
      </trkpt>
      <trkpt lat="42.441943986341357" lon="2.903602989390492">
        <ele>742</ele>
      </trkpt>
      <trkpt lat="42.441981034353375" lon="2.903677001595497">
        <ele>741</ele>
      </trkpt>
      <trkpt lat="42.442041970789433" lon="2.903669038787484">
        <ele>739</ele>
      </trkpt>
      <trkpt lat="42.442093016579747" lon="2.903692005202174">
        <ele>737</ele>
      </trkpt>
      <trkpt lat="42.442111037671566" lon="2.90370399132371">
        <ele>736</ele>
      </trkpt>
      <trkpt lat="42.442084969952703" lon="2.903735004365444">
        <ele>735</ele>
      </trkpt>
      <trkpt lat="42.442101985216141" lon="2.903816979378462">
        <ele>735</ele>
      </trkpt>
      <trkpt lat="42.442111959680915" lon="2.903887974098325">
        <ele>734</ele>
      </trkpt>
      <trkpt lat="42.442159987986088" lon="2.903950000181794">
        <ele>731</ele>
      </trkpt>
      <trkpt lat="42.442195024341345" lon="2.903957962989807">
        <ele>730</ele>
      </trkpt>
      <trkpt lat="42.442255960777402" lon="2.90394295938313">
        <ele>727</ele>
      </trkpt>
      <trkpt lat="42.44226903654635" lon="2.903984030708671">
        <ele>724</ele>
      </trkpt>
      <trkpt lat="42.442281022667885" lon="2.904009008780122">
        <ele>723</ele>
      </trkpt>
      <trkpt lat="42.442354029044509" lon="2.90402602404356">
        <ele>724</ele>
      </trkpt>
      <trkpt lat="42.442419994622469" lon="2.904039015993476">
        <ele>723</ele>
      </trkpt>
      <trkpt lat="42.442459976300597" lon="2.904066005721688">
        <ele>723</ele>
      </trkpt>
      <trkpt lat="42.442509010434151" lon="2.90417798794806">
        <ele>720</ele>
      </trkpt>
      <trkpt lat="42.442514961585402" lon="2.904190979897976">
        <ele>720</ele>
      </trkpt>
      <trkpt lat="42.442563995718956" lon="2.904283013194799">
        <ele>719</ele>
      </trkpt>
      <trkpt lat="42.442600959911942" lon="2.904343027621508">
        <ele>717</ele>
      </trkpt>
      <trkpt lat="42.442605989053845" lon="2.904532039538026">
        <ele>716</ele>
      </trkpt>
      <trkpt lat="42.442578999325633" lon="2.904691966250539">
        <ele>715</ele>
      </trkpt>
      <trkpt lat="42.44257003068924" lon="2.904845019802451">
        <ele>713</ele>
      </trkpt>
      <trkpt lat="42.442631972953677" lon="2.904955996200442">
        <ele>712</ele>
      </trkpt>
      <trkpt lat="42.442647982388735" lon="2.904973011463881">
        <ele>712</ele>
      </trkpt>
      <trkpt lat="42.442753007635474" lon="2.905007964000106">
        <ele>711</ele>
      </trkpt>
      <trkpt lat="42.442887034267187" lon="2.905110977590084">
        <ele>709</ele>
      </trkpt>
      <trkpt lat="42.442991975694895" lon="2.905103014782071">
        <ele>709</ele>
      </trkpt>
      <trkpt lat="42.443092977628112" lon="2.905127992853522">
        <ele>707</ele>
      </trkpt>
      <trkpt lat="42.443101024255157" lon="2.905136039480567">
        <ele>707</ele>
      </trkpt>
      <trkpt lat="42.443129019811749" lon="2.905183983966708">
        <ele>706</ele>
      </trkpt>
      <trkpt lat="42.443141005933285" lon="2.905237041413784">
        <ele>706</ele>
      </trkpt>
      <trkpt lat="42.443181993439794" lon="2.90535899810493">
        <ele>705</ele>
      </trkpt>
      <trkpt lat="42.443210994824767" lon="2.905412977561355">
        <ele>704</ele>
      </trkpt>
      <trkpt lat="42.44325902312994" lon="2.905540969222784">
        <ele>703</ele>
      </trkpt>
      <trkpt lat="42.443282995373011" lon="2.905586985871196">
        <ele>703</ele>
      </trkpt>
      <trkpt lat="42.443286012858152" lon="2.905677007511258">
        <ele>702</ele>
      </trkpt>
      <trkpt lat="42.443299004808068" lon="2.905697040259838">
        <ele>701</ele>
      </trkpt>
      <trkpt lat="42.443309985101223" lon="2.905779015272856">
        <ele>701</ele>
      </trkpt>
      <trkpt lat="42.443352984264493" lon="2.905869036912918">
        <ele>700</ele>
      </trkpt>
      <trkpt lat="42.443368993699551" lon="2.905931985005736">
        <ele>699</ele>
      </trkpt>
      <trkpt lat="42.443380979821086" lon="2.906041033565998">
        <ele>697</ele>
      </trkpt>
      <trkpt lat="42.44351701810956" lon="2.906077997758985">
        <ele>695</ele>
      </trkpt>
      <trkpt lat="42.443544007837772" lon="2.906085960566998">
        <ele>695</ele>
      </trkpt>
      <trkpt lat="42.443544007837772" lon="2.906085960566998">
        <ele>695</ele>
      </trkpt>
      <trkpt lat="42.443659007549286" lon="2.906167013570666">
        <ele>695</ele>
      </trkpt>
      <trkpt lat="42.443713992834091" lon="2.906201966106892">
        <ele>695</ele>
      </trkpt>
      <trkpt lat="42.443811977282166" lon="2.906274972483516">
        <ele>695</ele>
      </trkpt>
      <trkpt lat="42.443886995315552" lon="2.906319983303547">
        <ele>695</ele>
      </trkpt>
      <trkpt lat="42.443950027227402" lon="2.90634797886014">
        <ele>695</ele>
      </trkpt>
      <trkpt lat="42.443950027227402" lon="2.90634797886014">
        <ele>696</ele>
      </trkpt>
      <trkpt lat="42.444024039432406" lon="2.90636801160872">
        <ele>696</ele>
      </trkpt>
      <trkpt lat="42.444116994738579" lon="2.90643498301506">
        <ele>697</ele>
      </trkpt>
      <trkpt lat="42.444126969203353" lon="2.906446969136596">
        <ele>698</ele>
      </trkpt>
      <trkpt lat="42.444160999730229" lon="2.906473958864808">
        <ele>699</ele>
      </trkpt>
      <trkpt lat="42.444206010550261" lon="2.906491979956627">
        <ele>700</ele>
      </trkpt>
      <trkpt lat="42.44426803663373" lon="2.906530033797026">
        <ele>701</ele>
      </trkpt>
      <trkpt lat="42.444336013868451" lon="2.906629024073482">
        <ele>702</ele>
      </trkpt>
      <trkpt lat="42.444369038566947" lon="2.906714016571641">
        <ele>703</ele>
      </trkpt>
      <trkpt lat="42.444383036345243" lon="2.906736982986331">
        <ele>704</ele>
      </trkpt>
      <trkpt lat="42.444475991651416" lon="2.906849971041083">
        <ele>704</ele>
      </trkpt>
      <trkpt lat="42.444513039663434" lon="2.90699296630919">
        <ele>705</ele>
      </trkpt>
      <trkpt lat="42.444516979157925" lon="2.907030014321208">
        <ele>706</ele>
      </trkpt>
      <trkpt lat="42.44454899802804" lon="2.907106960192323">
        <ele>706</ele>
      </trkpt>
      <trkpt lat="42.444570036605" lon="2.907167980447412">
        <ele>707</ele>
      </trkpt>
      <trkpt lat="42.444626027718186" lon="2.907341988757253">
        <ele>707</ele>
      </trkpt>
      <trkpt lat="42.444636002182961" lon="2.90746402926743">
        <ele>709</ele>
      </trkpt>
      <trkpt lat="42.444708002731204" lon="2.907558996230364">
        <ele>709</ele>
      </trkpt>
      <trkpt lat="42.444727029651403" lon="2.907643988728523">
        <ele>711</ele>
      </trkpt>
      <trkpt lat="42.44478503242135" lon="2.907792013138533">
        <ele>711</ele>
      </trkpt>
      <trkpt lat="42.444832976907492" lon="2.907837023958564">
        <ele>712</ele>
      </trkpt>
      <trkpt lat="42.444904977455735" lon="2.907977001741529">
        <ele>712</ele>
      </trkpt>
      <trkpt lat="42.444927021861076" lon="2.908015977591276">
        <ele>712</ele>
      </trkpt>
      <trkpt lat="42.444945964962244" lon="2.908039027824998">
        <ele>711</ele>
      </trkpt>
      <trkpt lat="42.444984018802643" lon="2.908069035038352">
        <ele>711</ele>
      </trkpt>
      <trkpt lat="42.445014026015997" lon="2.908102981746197">
        <ele>711</ele>
      </trkpt>
      <trkpt lat="42.445032969117165" lon="2.90813198313117">
        <ele>712</ele>
      </trkpt>
      <trkpt lat="42.445060964673758" lon="2.908168025314808">
        <ele>712</ele>
      </trkpt>
      <trkpt lat="42.445094995200634" lon="2.908185040578246">
        <ele>713</ele>
      </trkpt>
      <trkpt lat="42.445117039605975" lon="2.908199960365892">
        <ele>714</ele>
      </trkpt>
      <trkpt lat="42.445199014618993" lon="2.908322000876069">
        <ele>716</ele>
      </trkpt>
      <trkpt lat="42.445232039317489" lon="2.908417973667383">
        <ele>717</ele>
      </trkpt>
      <trkpt lat="42.445259029045701" lon="2.908519981428981">
        <ele>718</ele>
      </trkpt>
      <trkpt lat="42.445334969088435" lon="2.908640010282397">
        <ele>718</ele>
      </trkpt>
      <trkpt lat="42.445418033748865" lon="2.908708993345499">
        <ele>717</ele>
      </trkpt>
      <trkpt lat="42.445446029305458" lon="2.908765990287066">
        <ele>716</ele>
      </trkpt>
      <trkpt lat="42.445497997105122" lon="2.908851988613606">
        <ele>715</ele>
      </trkpt>
      <trkpt lat="42.445505959913135" lon="2.908888030797243">
        <ele>714</ele>
      </trkpt>
      <trkpt lat="42.445460027083755" lon="2.909094979986548">
        <ele>713</ele>
      </trkpt>
      <trkpt lat="42.445453992113471" lon="2.909120041877031">
        <ele>713</ele>
      </trkpt>
      <trkpt lat="42.445448040962219" lon="2.909150971099734">
        <ele>713</ele>
      </trkpt>
      <trkpt lat="42.445433959364891" lon="2.909191958606243">
        <ele>713</ele>
      </trkpt>
      <trkpt lat="42.445431025698781" lon="2.909219032153487">
        <ele>713</ele>
      </trkpt>
      <trkpt lat="42.445428008213639" lon="2.909307964146137">
        <ele>713</ele>
      </trkpt>
      <trkpt lat="42.445444017648697" lon="2.909509968012571">
        <ele>713</ele>
      </trkpt>
      <trkpt lat="42.445410992950201" lon="2.909674001857638">
        <ele>712</ele>
      </trkpt>
      <trkpt lat="42.445333041250706" lon="2.909895032644272">
        <ele>709</ele>
      </trkpt>
      <trkpt lat="42.445348966866732" lon="2.910113967955113">
        <ele>706</ele>
      </trkpt>
      <trkpt lat="42.445349972695112" lon="2.910145986825228">
        <ele>706</ele>
      </trkpt>
      <trkpt lat="42.445370005443692" lon="2.910399958491325">
        <ele>705</ele>
      </trkpt>
      <trkpt lat="42.445349972695112" lon="2.910497020930052">
        <ele>705</ele>
      </trkpt>
      <trkpt lat="42.445289958268404" lon="2.910702964290977">
        <ele>705</ele>
      </trkpt>
      <trkpt lat="42.445217035710812" lon="2.91094402782619">
        <ele>704</ele>
      </trkpt>
      <trkpt lat="42.445141011849046" lon="2.91113899089396">
        <ele>704</ele>
      </trkpt>
      <trkpt lat="42.445047972723842" lon="2.911348035559058">
        <ele>702</ele>
      </trkpt>
      <trkpt lat="42.444946970790625" lon="2.911542998626828">
        <ele>702</ele>
      </trkpt>
      <trkpt lat="42.444875976070762" lon="2.911699991673231">
        <ele>701</ele>
      </trkpt>
      <trkpt lat="42.444848986342549" lon="2.911803005263209">
        <ele>700</ele>
      </trkpt>
      <trkpt lat="42.444817973300815" lon="2.911940971389413">
        <ele>699</ele>
      </trkpt>
      <trkpt lat="42.444718983024359" lon="2.912144986912608">
        <ele>697</ele>
      </trkpt>
      <trkpt lat="42.444668021053076" lon="2.912310026586056">
        <ele>696</ele>
      </trkpt>
      <trkpt lat="42.444649999961257" lon="2.912352019920945">
        <ele>695</ele>
      </trkpt>
      <trkpt lat="42.44461202993989" lon="2.912411028519273">
        <ele>695</ele>
      </trkpt>
      <trkpt lat="42.444581016898155" lon="2.912466013804078">
        <ele>695</ele>
      </trkpt>
      <trkpt lat="42.44450599886477" lon="2.912677992135286">
        <ele>692</ele>
      </trkpt>
      <trkpt lat="42.44444296695292" lon="2.912804977968335">
        <ele>691</ele>
      </trkpt>
      <trkpt lat="42.444404996931553" lon="2.912872033193708">
        <ele>691</ele>
      </trkpt>
      <trkpt lat="42.444278011098504" lon="2.913069007918239">
        <ele>690</ele>
      </trkpt>
      <trkpt lat="42.444220008328557" lon="2.913292972370982">
        <ele>690</ele>
      </trkpt>
      <trkpt lat="42.444216990843415" lon="2.913403026759625">
        <ele>689</ele>
      </trkpt>
      <trkpt lat="42.444223025813699" lon="2.913629002869129">
        <ele>689</ele>
      </trkpt>
      <trkpt lat="42.444231994450092" lon="2.913707038387656">
        <ele>689</ele>
      </trkpt>
      <trkpt lat="42.44422797113657" lon="2.913838969543576">
        <ele>689</ele>
      </trkpt>
      <trkpt lat="42.444236017763615" lon="2.913907030597329">
        <ele>689</ele>
      </trkpt>
      <trkpt lat="42.444200981408358" lon="2.914120014756918">
        <ele>689</ele>
      </trkpt>
      <trkpt lat="42.444110037758946" lon="2.914313971996307">
        <ele>689</ele>
      </trkpt>
      <trkpt lat="42.444058991968632" lon="2.91451103053987">
        <ele>688</ele>
      </trkpt>
      <trkpt lat="42.444048011675477" lon="2.914559980854392">
        <ele>688</ele>
      </trkpt>
      <trkpt lat="42.44401297532022" lon="2.914703981950879">
        <ele>688</ele>
      </trkpt>
      <trkpt lat="42.444028984755278" lon="2.914973963052034">
        <ele>688</ele>
      </trkpt>
      <trkpt lat="42.444035019725561" lon="2.91498402133584">
        <ele>688</ele>
      </trkpt>
      <trkpt lat="42.444125963374972" lon="2.915084017440677">
        <ele>687</ele>
      </trkpt>
      <trkpt lat="42.444298965856433" lon="2.915145037695766">
        <ele>685</ele>
      </trkpt>
      <trkpt lat="42.444438021630049" lon="2.915143026039004">
        <ele>684</ele>
      </trkpt>
      <trkpt lat="42.444610018283129" lon="2.915142020210624">
        <ele>682</ele>
      </trkpt>
      <trkpt lat="42.44463499635458" lon="2.915145037695766">
        <ele>682</ele>
      </trkpt>
      <trkpt lat="42.444858960807323" lon="2.915116036310792">
        <ele>681</ele>
      </trkpt>
      <trkpt lat="42.445016959682107" lon="2.915130034089088">
        <ele>680</ele>
      </trkpt>
      <trkpt lat="42.445155009627342" lon="2.915216032415628">
        <ele>679</ele>
      </trkpt>
      <trkpt lat="42.445223992690444" lon="2.915262971073389">
        <ele>679</ele>
      </trkpt>
      <trkpt lat="42.445260034874082" lon="2.915318962186575">
        <ele>679</ele>
      </trkpt>
      <trkpt lat="42.445296999067068" lon="2.915346035733819">
        <ele>679</ele>
      </trkpt>
      <trkpt lat="42.44534402154386" lon="2.915385011583567">
        <ele>679</ele>
      </trkpt>
      <trkpt lat="42.445468995720148" lon="2.915507974103093">
        <ele>679</ele>
      </trkpt>
      <trkpt lat="42.44549497961998" lon="2.915525995194912">
        <ele>679</ele>
      </trkpt>
      <trkpt lat="42.445638980716467" lon="2.915540998801589">
        <ele>677</ele>
      </trkpt>
      <trkpt lat="42.445798991248012" lon="2.915580980479717">
        <ele>674</ele>
      </trkpt>
      <trkpt lat="42.445810977369547" lon="2.915595984086394">
        <ele>674</ele>
      </trkpt>
      <trkpt lat="42.445909967646003" lon="2.915767980739474">
        <ele>671</ele>
      </trkpt>
      <trkpt lat="42.44596797041595" lon="2.915966967120767">
        <ele>670</ele>
      </trkpt>
      <trkpt lat="42.445978028699756" lon="2.916198978200555">
        <ele>669</ele>
      </trkpt>
      <trkpt lat="42.445996971800923" lon="2.916353959590197">
        <ele>668</ele>
      </trkpt>
      <trkpt lat="42.445976017042994" lon="2.916655037552118">
        <ele>666</ele>
      </trkpt>
      <trkpt lat="42.44598900899291" lon="2.916858969256282">
        <ele>664</ele>
      </trkpt>
      <trkpt lat="42.445917008444667" lon="2.917119981721044">
        <ele>663</ele>
      </trkpt>
      <trkpt lat="42.445911979302764" lon="2.917327014729381">
        <ele>663</ele>
      </trkpt>
      <trkpt lat="42.445938969030976" lon="2.917394991964102">
        <ele>662</ele>
      </trkpt>
      <trkpt lat="42.446072995662689" lon="2.917506974190474">
        <ele>660</ele>
      </trkpt>
      <trkpt lat="42.446199981495738" lon="2.917632032185793">
        <ele>657</ele>
      </trkpt>
      <trkpt lat="42.446209033951163" lon="2.917635971680284">
        <ele>657</ele>
      </trkpt>
      <trkpt lat="42.446368038654327" lon="2.917629014700651">
        <ele>656</ele>
      </trkpt>
      <trkpt lat="42.446534000337124" lon="2.917725993320346">
        <ele>655</ele>
      </trkpt>
      <trkpt lat="42.446662997826934" lon="2.917849039658904">
        <ele>654</ele>
      </trkpt>
      <trkpt lat="42.446730975061655" lon="2.917920034378767">
        <ele>653</ele>
      </trkpt>
      <trkpt lat="42.446757964789867" lon="2.917989017441869">
        <ele>651</ele>
      </trkpt>
      <trkpt lat="42.446786966174841" lon="2.918026987463236">
        <ele>651</ele>
      </trkpt>
      <trkpt lat="42.446866007521749" lon="2.918194960802794">
        <ele>650</ele>
      </trkpt>
      <trkpt lat="42.44691101834178" lon="2.918391013517976">
        <ele>648</ele>
      </trkpt>
      <trkpt lat="42.446914035826921" lon="2.918407022953033">
        <ele>648</ele>
      </trkpt>
      <trkpt lat="42.44693499058485" lon="2.918583964928985">
        <ele>647</ele>
      </trkpt>
      <trkpt lat="42.44695401750505" lon="2.918827962130308">
        <ele>644</ele>
      </trkpt>
      <trkpt lat="42.446953011676669" lon="2.918917983770371">
        <ele>643</ele>
      </trkpt>
      <trkpt lat="42.447001961991191" lon="2.919075982645154">
        <ele>642</ele>
      </trkpt>
      <trkpt lat="42.447025012224913" lon="2.91912904009223">
        <ele>641</ele>
      </trkpt>
      <trkpt lat="42.447016965597868" lon="2.919332971796393">
        <ele>639</ele>
      </trkpt>
      <trkpt lat="42.44695401750505" lon="2.919462975114584">
        <ele>638</ele>
      </trkpt>
      <trkpt lat="42.446946976706386" lon="2.91947403922677">
        <ele>638</ele>
      </trkpt>
      <trkpt lat="42.446802975609899" lon="2.91964503005147">
        <ele>637</ele>
      </trkpt>
      <trkpt lat="42.44665696285665" lon="2.919790036976337">
        <ele>636</ele>
      </trkpt>
      <trkpt lat="42.44650399312377" lon="2.919938983395696">
        <ele>634</ele>
      </trkpt>
      <trkpt lat="42.446391005069017" lon="2.920095976442099">
        <ele>632</ele>
      </trkpt>
      <trkpt lat="42.44637600146234" lon="2.920307032763958">
        <ele>630</ele>
      </trkpt>
      <trkpt lat="42.446327973157167" lon="2.920427983626723">
        <ele>629</ele>
      </trkpt>
      <trkpt lat="42.446178020909429" lon="2.920594029128552">
        <ele>627</ele>
      </trkpt>
      <trkpt lat="42.446004012599587" lon="2.920703999698162">
        <ele>626</ele>
      </trkpt>
      <trkpt lat="42.445836961269379" lon="2.920783963054419">
        <ele>624</ele>
      </trkpt>
      <trkpt lat="42.445676028728485" lon="2.920841965824366">
        <ele>623</ele>
      </trkpt>
      <trkpt lat="42.445557005703449" lon="2.920916983857751">
        <ele>622</ele>
      </trkpt>
      <trkpt lat="42.445511994883418" lon="2.921147989109159">
        <ele>619</ele>
      </trkpt>
      <trkpt lat="42.445485005155206" lon="2.921375976875424">
        <ele>618</ele>
      </trkpt>
      <trkpt lat="42.445467989891768" lon="2.921569012105465">
        <ele>616</ele>
      </trkpt>
      <trkpt lat="42.445447035133839" lon="2.921722987666726">
        <ele>615</ele>
      </trkpt>
      <trkpt lat="42.445389032363892" lon="2.921836981549859">
        <ele>614</ele>
      </trkpt>
      <trkpt lat="42.445264980196953" lon="2.921971008181572">
        <ele>613</ele>
      </trkpt>
      <trkpt lat="42.445097006857395" lon="2.922083996236324">
        <ele>612</ele>
      </trkpt>
      <trkpt lat="42.444926016032696" lon="2.922153985127807">
        <ele>611</ele>
      </trkpt>
      <trkpt lat="42.444767011329532" lon="2.92222598567605">
        <ele>610</ele>
      </trkpt>
      <trkpt lat="42.444627033546567" lon="2.922364035621285">
        <ele>610</ele>
      </trkpt>
      <trkpt lat="42.444498036056757" lon="2.92252597399056">
        <ele>609</ele>
      </trkpt>
      <trkpt lat="42.444467023015022" lon="2.922779023647308">
        <ele>609</ele>
      </trkpt>
      <trkpt lat="42.444511028006673" lon="2.923029977828264">
        <ele>609</ele>
      </trkpt>
      <trkpt lat="42.444562995806336" lon="2.923237010836601">
        <ele>608</ele>
      </trkpt>
      <trkpt lat="42.444605994969606" lon="2.923473967239261">
        <ele>607</ele>
      </trkpt>
      <trkpt lat="42.444633990526199" lon="2.923715030774474">
        <ele>607</ele>
      </trkpt>
      <trkpt lat="42.444599959999323" lon="2.923971014097333">
        <ele>605</ele>
      </trkpt>
      <trkpt lat="42.444533994421363" lon="2.924230014905334">
        <ele>604</ele>
      </trkpt>
      <trkpt lat="42.444427041336894" lon="2.924401005730033">
        <ele>603</ele>
      </trkpt>
      <trkpt lat="42.444359986111522" lon="2.924483986571431">
        <ele>603</ele>
      </trkpt>
      <trkpt lat="42.444215985015035" lon="2.924614995718002">
        <ele>601</ele>
      </trkpt>
      <trkpt lat="42.444180026650429" lon="2.924635028466582">
        <ele>601</ele>
      </trkpt>
      <trkpt lat="42.444077013060451" lon="2.924670986831188">
        <ele>601</ele>
      </trkpt>
      <trkpt lat="42.443900993093848" lon="2.924709040671587">
        <ele>600</ele>
      </trkpt>
      <trkpt lat="42.443740982562304" lon="2.92469403706491">
        <ele>599</ele>
      </trkpt>
      <trkpt lat="42.443721033632755" lon="2.924695964902639">
        <ele>599</ele>
      </trkpt>
      <trkpt lat="42.443637968972325" lon="2.924690013751388">
        <ele>599</ele>
      </trkpt>
      <trkpt lat="42.443586001172662" lon="2.92469403706491">
        <ele>598</ele>
      </trkpt>
      <trkpt lat="42.443429008126259" lon="2.924701999872923">
        <ele>597</ele>
      </trkpt>
      <trkpt lat="42.443265980109572" lon="2.924731001257896">
        <ele>596</ele>
      </trkpt>
      <trkpt lat="42.443186016753316" lon="2.924758996814489">
        <ele>596</ele>
      </trkpt>
      <trkpt lat="42.443090965971351" lon="2.924807025119662">
        <ele>596</ele>
      </trkpt>
      <trkpt lat="42.442962974309921" lon="2.924918001517654">
        <ele>595</ele>
      </trkpt>
      <trkpt lat="42.442816039547324" lon="2.92508102953434">
        <ele>595</ele>
      </trkpt>
      <trkpt lat="42.442714031785727" lon="2.925226036459208">
        <ele>595</ele>
      </trkpt>
      <trkpt lat="42.442611018195748" lon="2.925489982590079">
        <ele>595</ele>
      </trkpt>
      <trkpt lat="42.442561984062195" lon="2.925650998950005">
        <ele>595</ele>
      </trkpt>
      <trkpt lat="42.442537005990744" lon="2.925871023908258">
        <ele>594</ele>
      </trkpt>
      <trkpt lat="42.44252803735435" lon="2.926130024716258">
        <ele>594</ele>
      </trkpt>
      <trkpt lat="42.442534994333982" lon="2.926319958642125">
        <ele>593</ele>
      </trkpt>
      <trkpt lat="42.442537005990744" lon="2.926332028582692">
        <ele>593</ele>
      </trkpt>
      <trkpt lat="42.442556032910943" lon="2.92641400359571">
        <ele>593</ele>
      </trkpt>
      <trkpt lat="42.442666003480554" lon="2.926572002470493">
        <ele>592</ele>
      </trkpt>
      <trkpt lat="42.442675977945328" lon="2.926578037440777">
        <ele>592</ele>
      </trkpt>
      <trkpt lat="42.442773962393403" lon="2.926633022725582">
        <ele>592</ele>
      </trkpt>
      <trkpt lat="42.442803969606757" lon="2.926663029938936">
        <ele>592</ele>
      </trkpt>
      <trkpt lat="42.442824002355337" lon="2.926641991361976">
        <ele>592</ele>
      </trkpt>
      <trkpt lat="42.442988036200404" lon="2.926620030775666">
        <ele>593</ele>
      </trkpt>
      <trkpt lat="42.443157015368342" lon="2.926623970270157">
        <ele>594</ele>
      </trkpt>
      <trkpt lat="42.443321971222758" lon="2.926621958613396">
        <ele>594</ele>
      </trkpt>
      <trkpt lat="42.443472007289529" lon="2.926656994968653">
        <ele>595</ele>
      </trkpt>
      <trkpt lat="42.443568985909224" lon="2.926682978868485">
        <ele>595</ele>
      </trkpt>
      <trkpt lat="42.443623971194029" lon="2.926699994131923">
        <ele>595</ele>
      </trkpt>
      <trkpt lat="42.443749029189348" lon="2.926745004951954">
        <ele>596</ele>
      </trkpt>
      <trkpt lat="42.443894958123565" lon="2.926863022148609">
        <ele>596</ele>
      </trkpt>
      <trkpt lat="42.443998977541924" lon="2.927056979387999">
        <ele>596</ele>
      </trkpt>
      <trkpt lat="42.444078018888831" lon="2.927311034873128">
        <ele>594</ele>
      </trkpt>
      <trkpt lat="42.444079024717212" lon="2.927326038479805">
        <ele>594</ele>
      </trkpt>
      <trkpt lat="42.444110037758946" lon="2.927498035132885">
        <ele>593</ele>
      </trkpt>
      <trkpt lat="42.444114983081818" lon="2.927537010982633">
        <ele>593</ele>
      </trkpt>
      <trkpt lat="42.444093022495508" lon="2.927738009020686">
        <ele>592</ele>
      </trkpt>
      <trkpt lat="42.444042982533574" lon="2.927960967645049">
        <ele>591</ele>
      </trkpt>
      <trkpt lat="42.443941980600357" lon="2.928223991766572">
        <ele>590</ele>
      </trkpt>
      <trkpt lat="42.443914990872145" lon="2.928387019783258">
        <ele>589</ele>
      </trkpt>
      <trkpt lat="42.443923037499189" lon="2.928515011444688">
        <ele>588</ele>
      </trkpt>
      <trkpt lat="42.443979028612375" lon="2.928724978119135">
        <ele>587</ele>
      </trkpt>
      <trkpt lat="42.444035019725561" lon="2.928954977542162">
        <ele>585</ele>
      </trkpt>
      <trkpt lat="42.444043988361955" lon="2.928983978927136">
        <ele>584</ele>
      </trkpt>
      <trkpt lat="42.444070978090167" lon="2.929104007780552">
        <ele>583</ele>
      </trkpt>
      <trkpt lat="42.444120012223721" lon="2.929238034412265">
        <ele>582</ele>
      </trkpt>
      <trkpt lat="42.444196036085486" lon="2.929435009136796">
        <ele>581</ele>
      </trkpt>
      <trkpt lat="42.444202993065119" lon="2.929452024400234">
        <ele>581</ele>
      </trkpt>
      <trkpt lat="42.444308018311858" lon="2.929598037153482">
        <ele>580</ele>
      </trkpt>
      <trkpt lat="42.444358980283141" lon="2.92965897358954">
        <ele>580</ele>
      </trkpt>
      <trkpt lat="42.444558972492814" lon="2.929862989112735">
        <ele>577</ele>
      </trkpt>
      <trkpt lat="42.444724012166262" lon="2.930012019351125">
        <ele>576</ele>
      </trkpt>
      <trkpt lat="42.44478696025908" lon="2.930079996585846">
        <ele>575</ele>
      </trkpt>
      <trkpt lat="42.444958034902811" lon="2.930243024602532">
        <ele>574</ele>
      </trkpt>
      <trkpt lat="42.445091977715492" lon="2.930369004607201">
        <ele>573</ele>
      </trkpt>
      <trkpt lat="42.445122990757227" lon="2.930401023477316">
        <ele>573</ele>
      </trkpt>
      <trkpt lat="42.445284007117152" lon="2.930522980168462">
        <ele>572</ele>
      </trkpt>
      <trkpt lat="42.445355001837015" lon="2.930576959624887">
        <ele>570</ele>
      </trkpt>
      <trkpt lat="42.445417027920485" lon="2.93064896017313">
        <ele>570</ele>
      </trkpt>
      <trkpt lat="42.445552982389927" lon="2.93077502399683">
        <ele>569</ele>
      </trkpt>
      <trkpt lat="42.445564968511462" lon="2.930787010118365">
        <ele>568</ele>
      </trkpt>
      <trkpt lat="42.445608973503113" lon="2.930844007059932">
        <ele>568</ele>
      </trkpt>
      <trkpt lat="42.445778958499432" lon="2.93099001981318">
        <ele>566</ele>
      </trkpt>
      <trkpt lat="42.44588297791779" lon="2.931135026738048">
        <ele>565</ele>
      </trkpt>
      <trkpt lat="42.445931006222963" lon="2.931221025064588">
        <ele>565</ele>
      </trkpt>
      <trkpt lat="42.446100991219282" lon="2.931410036981106">
        <ele>563</ele>
      </trkpt>
      <trkpt lat="42.446164023131132" lon="2.931425962597132">
        <ele>562</ele>
      </trkpt>
      <trkpt lat="42.446306012570858" lon="2.931310040876269">
        <ele>560</ele>
      </trkpt>
      <trkpt lat="42.446393016725779" lon="2.931182971224189">
        <ele>558</ele>
      </trkpt>
      <trkpt lat="42.446469962596893" lon="2.931084986776114">
        <ele>557</ele>
      </trkpt>
      <trkpt lat="42.44650399312377" lon="2.931022038683295">
        <ele>556</ele>
      </trkpt>
      <trkpt lat="42.446627961471677" lon="2.930874014273286">
        <ele>555</ele>
      </trkpt>
      <trkpt lat="42.446732986718416" lon="2.930741999298334">
        <ele>554</ele>
      </trkpt>
      <trkpt lat="42.446885034441948" lon="2.930561034008861">
        <ele>552</ele>
      </trkpt>
      <trkpt lat="42.446978995576501" lon="2.93036799877882">
        <ele>551</ele>
      </trkpt>
      <trkpt lat="42.447000034153461" lon="2.930312007665634">
        <ele>551</ele>
      </trkpt>
      <trkpt lat="42.447028029710054" lon="2.930244030430913">
        <ele>550</ele>
      </trkpt>
      <trkpt lat="42.447098018601537" lon="2.930073039606214">
        <ele>549</ele>
      </trkpt>
      <trkpt lat="42.447222992777824" lon="2.929870029911399">
        <ele>547</ele>
      </trkpt>
      <trkpt lat="42.447362970560789" lon="2.929753018543124">
        <ele>546</ele>
      </trkpt>
      <trkpt lat="42.447502026334405" lon="2.929673977196217">
        <ele>544</ele>
      </trkpt>
      <trkpt lat="42.447609985247254" lon="2.929572975263">
        <ele>544</ele>
      </trkpt>
      <trkpt lat="42.447761027142406" lon="2.929470967501402">
        <ele>542</ele>
      </trkpt>
      <trkpt lat="42.44783503934741" lon="2.92935797944665">
        <ele>541</ele>
      </trkpt>
      <trkpt lat="42.447862029075623" lon="2.929326966404915">
        <ele>540</ele>
      </trkpt>
      <trkpt lat="42.447950961068273" lon="2.929154969751835">
        <ele>539</ele>
      </trkpt>
      <trkpt lat="42.448090016841888" lon="2.929060002788901">
        <ele>538</ele>
      </trkpt>
      <trkpt lat="42.448228988796473" lon="2.929028989747167">
        <ele>536</ele>
      </trkpt>
      <trkpt lat="42.448298977687955" lon="2.929046005010605">
        <ele>536</ele>
      </trkpt>
      <trkpt lat="42.44841598905623" lon="2.929000994190574">
        <ele>535</ele>
      </trkpt>
      <trkpt lat="42.448575999587774" lon="2.92890896089375">
        <ele>535</ele>
      </trkpt>
      <trkpt lat="42.448710026219487" lon="2.928825980052352">
        <ele>534</ele>
      </trkpt>
      <trkpt lat="42.448853021487594" lon="2.92873696424067">
        <ele>533</ele>
      </trkpt>
      <trkpt lat="42.448911024257541" lon="2.928681978955865">
        <ele>533</ele>
      </trkpt>
      <trkpt lat="42.448962992057204" lon="2.928660018369556">
        <ele>533</ele>
      </trkpt>
      <trkpt lat="42.449088972061872" lon="2.928721038624644">
        <ele>533</ele>
      </trkpt>
      <trkpt lat="42.449135994538665" lon="2.928938968107104">
        <ele>533</ele>
      </trkpt>
      <trkpt lat="42.449070028960705" lon="2.929130997508764">
        <ele>533</ele>
      </trkpt>
      <trkpt lat="42.449008002877235" lon="2.929337024688721">
        <ele>533</ele>
      </trkpt>
      <trkpt lat="42.448939019814134" lon="2.92955000884831">
        <ele>533</ele>
      </trkpt>
      <trkpt lat="42.448940025642514" lon="2.929595019668341">
        <ele>533</ele>
      </trkpt>
      <trkpt lat="42.448926027864218" lon="2.929867012426257">
        <ele>534</ele>
      </trkpt>
      <trkpt lat="42.448919992893934" lon="2.93010899797082">
        <ele>534</ele>
      </trkpt>
      <trkpt lat="42.448926027864218" lon="2.930387025699019">
        <ele>534</ele>
      </trkpt>
      <trkpt lat="42.448938013985753" lon="2.93058299459517">
        <ele>534</ele>
      </trkpt>
      <trkpt lat="42.448933990672231" lon="2.930660024285317">
        <ele>534</ele>
      </trkpt>
      <trkpt lat="42.448911024257541" lon="2.930866973474622">
        <ele>534</ele>
      </trkpt>
      <trkpt lat="42.448896020650864" lon="2.930895974859595">
        <ele>534</ele>
      </trkpt>
      <trkpt lat="42.448813039809465" lon="2.931022960692644">
        <ele>534</ele>
      </trkpt>
      <trkpt lat="42.448726035654545" lon="2.931229993700981">
        <ele>534</ele>
      </trkpt>
      <trkpt lat="42.448684964329004" lon="2.931476002559066">
        <ele>533</ele>
      </trkpt>
      <trkpt lat="42.448635008186102" lon="2.931749001145363">
        <ele>532</ele>
      </trkpt>
      <trkpt lat="42.448586979880929" lon="2.932002972811461">
        <ele>531</ele>
      </trkpt>
      <trkpt lat="42.448583040386438" lon="2.932091988623142">
        <ele>531</ele>
      </trkpt>
      <trkpt lat="42.448583040386438" lon="2.932358030229807">
        <ele>530</ele>
      </trkpt>
      <trkpt lat="42.448581028729677" lon="2.932444028556347">
        <ele>529</ele>
      </trkpt>
      <trkpt lat="42.448566025123" lon="2.932647038251162">
        <ele>528</ele>
      </trkpt>
      <trkpt lat="42.448577005416155" lon="2.93268701992929">
        <ele>528</ele>
      </trkpt>
      <trkpt lat="42.448567030951381" lon="2.932776035740972">
        <ele>528</ele>
      </trkpt>
      <trkpt lat="42.44850198738277" lon="2.932997988536954">
        <ele>527</ele>
      </trkpt>
      <trkpt lat="42.44839402846992" lon="2.93316101655364">
        <ele>527</ele>
      </trkpt>
      <trkpt lat="42.448304006829858" lon="2.933361008763313">
        <ele>527</ele>
      </trkpt>
      <trkpt lat="42.448273999616504" lon="2.933558989316225">
        <ele>528</ele>
      </trkpt>
      <trkpt lat="42.44826695881784" lon="2.933759987354279">
        <ele>529</ele>
      </trkpt>
      <trkpt lat="42.44822203181684" lon="2.934008007869124">
        <ele>530</ele>
      </trkpt>
      <trkpt lat="42.448153970763087" lon="2.93421596288681">
        <ele>531</ele>
      </trkpt>
      <trkpt lat="42.448142990469933" lon="2.934287963435054">
        <ele>531</ele>
      </trkpt>
      <trkpt lat="42.44813796132803" lon="2.934353007003665">
        <ele>531</ele>
      </trkpt>
      <trkpt lat="42.448167968541384" lon="2.934545958414674">
        <ele>532</ele>
      </trkpt>
      <trkpt lat="42.448167968541384" lon="2.934608990326524">
        <ele>532</ele>
      </trkpt>
      <trkpt lat="42.44822102598846" lon="2.934846030548215">
        <ele>532</ele>
      </trkpt>
      <trkpt lat="42.448260001838207" lon="2.935058008879423">
        <ele>531</ele>
      </trkpt>
      <trkpt lat="42.448323033750057" lon="2.935305023565888">
        <ele>531</ele>
      </trkpt>
      <trkpt lat="42.448370978236198" lon="2.935495963320136">
        <ele>531</ele>
      </trkpt>
      <trkpt lat="42.448419006541371" lon="2.935725040733814">
        <ele>531</ele>
      </trkpt>
      <trkpt lat="42.448448007926345" lon="2.935872981324792">
        <ele>531</ele>
      </trkpt>
      <trkpt lat="42.448457982391119" lon="2.935905000194907">
        <ele>531</ele>
      </trkpt>
      <trkpt lat="42.448535012081265" lon="2.936133993789554">
        <ele>531</ele>
      </trkpt>
      <trkpt lat="42.448641965165734" lon="2.936300039291382">
        <ele>531</ele>
      </trkpt>
      <trkpt lat="42.448753025382757" lon="2.936375979334116">
        <ele>531</ele>
      </trkpt>
      <trkpt lat="42.448761994019151" lon="2.936381008476019">
        <ele>531</ele>
      </trkpt>
      <trkpt lat="42.448904989287257" lon="2.936418978497386">
        <ele>531</ele>
      </trkpt>
      <trkpt lat="42.448985036462545" lon="2.936429036781192">
        <ele>531</ele>
      </trkpt>
      <trkpt lat="42.449144963175058" lon="2.936436999589205">
        <ele>531</ele>
      </trkpt>
      <trkpt lat="42.449293993413448" lon="2.936459966003895">
        <ele>531</ele>
      </trkpt>
      <trkpt lat="42.449451992288232" lon="2.936462983489037">
        <ele>531</ele>
      </trkpt>
      <trkpt lat="42.449594987556338" lon="2.936483016237617">
        <ele>531</ele>
      </trkpt>
      <trkpt lat="42.449621977284551" lon="2.936495002359152">
        <ele>530</ele>
      </trkpt>
      <trkpt lat="42.449797997251153" lon="2.936535989865661">
        <ele>529</ele>
      </trkpt>
      <trkpt lat="42.449961025267839" lon="2.936589969322085">
        <ele>528</ele>
      </trkpt>
      <trkpt lat="42.450118018314242" lon="2.936645038425922">
        <ele>527</ele>
      </trkpt>
      <trkpt lat="42.450212985277176" lon="2.936685020104051">
        <ele>526</ele>
      </trkpt>
      <trkpt lat="42.450286997482181" lon="2.936742017045617">
        <ele>526</ele>
      </trkpt>
      <trkpt lat="42.450404008850455" lon="2.936824997887015">
        <ele>525</ele>
      </trkpt>
      <trkpt lat="42.450561001896858" lon="2.936890041455627">
        <ele>523</ele>
      </trkpt>
      <trkpt lat="42.450711959972978" lon="2.936927005648613">
        <ele>522</ele>
      </trkpt>
      <trkpt lat="42.450845986604691" lon="2.936959024518728">
        <ele>522</ele>
      </trkpt>
      <trkpt lat="42.450895020738244" lon="2.936988025903702">
        <ele>522</ele>
      </trkpt>
      <trkpt lat="42.450966015458107" lon="2.937033036723733">
        <ele>522</ele>
      </trkpt>
      <trkpt lat="42.451025024056435" lon="2.937241997569799">
        <ele>522</ele>
      </trkpt>
      <trkpt lat="42.451043967157602" lon="2.937358003109694">
        <ele>522</ele>
      </trkpt>
      <trkpt lat="42.451028963550925" lon="2.937608035281301">
        <ele>522</ele>
      </trkpt>
      <trkpt lat="42.45101697742939" lon="2.937703002244234">
        <ele>522</ele>
      </trkpt>
      <trkpt lat="42.451010020449758" lon="2.937768967822194">
        <ele>521</ele>
      </trkpt>
      <trkpt lat="42.450960986316204" lon="2.937853960320354">
        <ele>521</ele>
      </trkpt>
      <trkpt lat="42.450903989374638" lon="2.938023023307324">
        <ele>521</ele>
      </trkpt>
      <trkpt lat="42.450885968282819" lon="2.93810298666358">
        <ele>520</ele>
      </trkpt>
      <trkpt lat="42.450896026566625" lon="2.938356036320329">
        <ele>518</ele>
      </trkpt>
      <trkpt lat="42.450898038223386" lon="2.938371039927006">
        <ele>518</ele>
      </trkpt>
      <trkpt lat="42.450900971889496" lon="2.938418984413147">
        <ele>518</ele>
      </trkpt>
      <trkpt lat="42.450921004638076" lon="2.938603973016143">
        <ele>516</ele>
      </trkpt>
      <trkpt lat="42.450936008244753" lon="2.938641021028161">
        <ele>514</ele>
      </trkpt>
      <trkpt lat="42.450939025729895" lon="2.938675973564386">
        <ele>513</ele>
      </trkpt>
      <trkpt lat="42.450939025729895" lon="2.938675973564386">
        <ele>513</ele>
      </trkpt>
      <trkpt lat="42.451061988249421" lon="2.938832966610789">
        <ele>513</ele>
      </trkpt>
      <trkpt lat="42.451124014332891" lon="2.938971016556025">
        <ele>512</ele>
      </trkpt>
      <trkpt lat="42.451159972697496" lon="2.939121974632144">
        <ele>511</ele>
      </trkpt>
      <trkpt lat="42.451109010726213" lon="2.939314004033804">
        <ele>510</ele>
      </trkpt>
      <trkpt lat="42.450909018516541" lon="2.93943596072495">
        <ele>507</ele>
      </trkpt>
      <trkpt lat="42.450728975236416" lon="2.939534028992057">
        <ele>505</ele>
      </trkpt>
      <trkpt lat="42.450700979679823" lon="2.939553977921605">
        <ele>504</ele>
      </trkpt>
      <trkpt lat="42.450680024921894" lon="2.939712982624769">
        <ele>503</ele>
      </trkpt>
    </trkseg>
  </trk>

</gpx>